ISO-10303-21;
HEADER;
FILE_DESCRIPTION(('Open CASCADE Model'),'2;1');
FILE_NAME('Open CASCADE Shape Model','2026-09-18T23:36:32',('Author'),(
    'Open CASCADE'),'Open CASCADE STEP processor 7.9','Open CASCADE 7.9'
  ,'Unknown');
FILE_SCHEMA(('AUTOMOTIVE_DESIGN { 1 0 10303 214 1 1 1 1 }'));
ENDSEC;
DATA;
#1 = APPLICATION_PROTOCOL_DEFINITION('international standard',
  'automotive_design',2000,#2);
#2 = APPLICATION_CONTEXT(
  'core data for automotive mechanical design processes');
#3 = SHAPE_DEFINITION_REPRESENTATION(#4,#10);
#4 = PRODUCT_DEFINITION_SHAPE('','',#5);
#5 = PRODUCT_DEFINITION('design','',#6,#9);
#6 = PRODUCT_DEFINITION_FORMATION('','',#7);
#7 = PRODUCT('Open CASCADE STEP translator 7.9 1',
  'Open CASCADE STEP translator 7.9 1','',(#8));
#8 = PRODUCT_CONTEXT('',#2,'mechanical');
#9 = PRODUCT_DEFINITION_CONTEXT('part definition',#2,'design');
#10 = ADVANCED_BREP_SHAPE_REPRESENTATION('',(#11,#15),#10027);
#11 = AXIS2_PLACEMENT_3D('',#12,#13,#14);
#12 = CARTESIAN_POINT('',(0.,0.,0.));
#13 = DIRECTION('',(0.,0.,1.));
#14 = DIRECTION('',(1.,0.,-0.));
#15 = MANIFOLD_SOLID_BREP('',#16);
#16 = CLOSED_SHELL('',(#17,#109,#287,#445,#604,#755,#884,#910,#1020,
    #1047,#1178,#1309,#3006,#3012,#3017,#3152,#3308,#3410,#3534,#3817,
    #4100,#4126,#4338,#4344,#4370,#4567,#4682,#4688,#4803,#6224,#6306,
    #6391,#6395,#6455,#6562,#6668,#6753,#6837,#6841,#6884,#6989,#7016,
    #7066,#7148,#7175,#7202,#7209,#7236,#7243,#7270,#9105,#9439,#9488,
    #9750,#9754,#9781,#9785,#9810,#9835,#9862,#9889,#9916,#9943,#9968,
    #9993,#10000));
#17 = ADVANCED_FACE('',(#18),#31,.F.);
#18 = FACE_BOUND('',#19,.F.);
#19 = EDGE_LOOP('',(#20,#58,#81,#108));
#20 = ORIENTED_EDGE('',*,*,#21,.F.);
#21 = EDGE_CURVE('',#22,#22,#24,.T.);
#22 = VERTEX_POINT('',#23);
#23 = CARTESIAN_POINT('',(1.444091186814,0.,0.));
#24 = SURFACE_CURVE('',#25,(#30,#42),.PCURVE_S1.);
#25 = CIRCLE('',#26,1.35);
#26 = AXIS2_PLACEMENT_3D('',#27,#28,#29);
#27 = CARTESIAN_POINT('',(2.794091186814,-2.22044604925E-16,0.));
#28 = DIRECTION('',(0.,0.,-1.));
#29 = DIRECTION('',(-1.,2.869421650444E-16,0.));
#30 = PCURVE('',#31,#36);
#31 = CYLINDRICAL_SURFACE('',#32,1.35);
#32 = AXIS2_PLACEMENT_3D('',#33,#34,#35);
#33 = CARTESIAN_POINT('',(2.794091186814,0.,3.));
#34 = DIRECTION('',(-0.,-0.,-1.));
#35 = DIRECTION('',(-1.,0.,0.));
#36 = DEFINITIONAL_REPRESENTATION('',(#37),#41);
#37 = LINE('',#38,#39);
#38 = CARTESIAN_POINT('',(2.069455717901E-13,3.));
#39 = VECTOR('',#40,1.);
#40 = DIRECTION('',(1.,-0.));
#41 = ( GEOMETRIC_REPRESENTATION_CONTEXT(2) 
PARAMETRIC_REPRESENTATION_CONTEXT() REPRESENTATION_CONTEXT('2D SPACE',''
  ) );
#42 = PCURVE('',#43,#48);
#43 = PLANE('',#44);
#44 = AXIS2_PLACEMENT_3D('',#45,#46,#47);
#45 = CARTESIAN_POINT('',(-12.20590881318,0.,0.));
#46 = DIRECTION('',(0.,0.,1.));
#47 = DIRECTION('',(1.,0.,-0.));
#48 = DEFINITIONAL_REPRESENTATION('',(#49),#57);
#49 = ( BOUNDED_CURVE() B_SPLINE_CURVE(2,(#50,#51,#52,#53,#54,#55,#56),
.UNSPECIFIED.,.T.,.F.) B_SPLINE_CURVE_WITH_KNOTS((1,2,2,2,2,1),(
    -2.094395102393,0.,2.094395102393,4.188790204786,6.28318530718,
8.377580409573),.UNSPECIFIED.) CURVE() GEOMETRIC_REPRESENTATION_ITEM() 
RATIONAL_B_SPLINE_CURVE((1.,0.5,1.,0.5,1.,0.5,1.)) REPRESENTATION_ITEM(
  '') );
#50 = CARTESIAN_POINT('',(13.649999999994,1.653273178849E-16));
#51 = CARTESIAN_POINT('',(13.649999999994,2.338268590218));
#52 = CARTESIAN_POINT('',(15.674999999994,1.169134295109));
#53 = CARTESIAN_POINT('',(17.699999999994,-6.661338147751E-16));
#54 = CARTESIAN_POINT('',(15.674999999994,-1.169134295109));
#55 = CARTESIAN_POINT('',(13.649999999994,-2.338268590218));
#56 = CARTESIAN_POINT('',(13.649999999994,1.653273178849E-16));
#57 = ( GEOMETRIC_REPRESENTATION_CONTEXT(2) 
PARAMETRIC_REPRESENTATION_CONTEXT() REPRESENTATION_CONTEXT('2D SPACE',''
  ) );
#58 = ORIENTED_EDGE('',*,*,#59,.F.);
#59 = EDGE_CURVE('',#60,#22,#62,.T.);
#60 = VERTEX_POINT('',#61);
#61 = CARTESIAN_POINT('',(1.444091186814,0.,3.));
#62 = SEAM_CURVE('',#63,(#67,#74),.PCURVE_S1.);
#63 = LINE('',#64,#65);
#64 = CARTESIAN_POINT('',(1.444091186814,0.,3.));
#65 = VECTOR('',#66,1.);
#66 = DIRECTION('',(-0.,-0.,-1.));
#67 = PCURVE('',#31,#68);
#68 = DEFINITIONAL_REPRESENTATION('',(#69),#73);
#69 = LINE('',#70,#71);
#70 = CARTESIAN_POINT('',(0.,0.));
#71 = VECTOR('',#72,1.);
#72 = DIRECTION('',(0.,1.));
#73 = ( GEOMETRIC_REPRESENTATION_CONTEXT(2) 
PARAMETRIC_REPRESENTATION_CONTEXT() REPRESENTATION_CONTEXT('2D SPACE',''
  ) );
#74 = PCURVE('',#31,#75);
#75 = DEFINITIONAL_REPRESENTATION('',(#76),#80);
#76 = LINE('',#77,#78);
#77 = CARTESIAN_POINT('',(6.28318530718,0.));
#78 = VECTOR('',#79,1.);
#79 = DIRECTION('',(0.,1.));
#80 = ( GEOMETRIC_REPRESENTATION_CONTEXT(2) 
PARAMETRIC_REPRESENTATION_CONTEXT() REPRESENTATION_CONTEXT('2D SPACE',''
  ) );
#81 = ORIENTED_EDGE('',*,*,#82,.F.);
#82 = EDGE_CURVE('',#60,#60,#83,.T.);
#83 = SURFACE_CURVE('',#84,(#89,#96),.PCURVE_S1.);
#84 = CIRCLE('',#85,1.35);
#85 = AXIS2_PLACEMENT_3D('',#86,#87,#88);
#86 = CARTESIAN_POINT('',(2.794091186814,-5.551115123126E-17,3.));
#87 = DIRECTION('',(0.,0.,1.));
#88 = DIRECTION('',(-1.,1.635840511971E-16,-0.));
#89 = PCURVE('',#31,#90);
#90 = DEFINITIONAL_REPRESENTATION('',(#91),#95);
#91 = LINE('',#92,#93);
#92 = CARTESIAN_POINT('',(6.283185307179,0.));
#93 = VECTOR('',#94,1.);
#94 = DIRECTION('',(-1.,0.));
#95 = ( GEOMETRIC_REPRESENTATION_CONTEXT(2) 
PARAMETRIC_REPRESENTATION_CONTEXT() REPRESENTATION_CONTEXT('2D SPACE',''
  ) );
#96 = PCURVE('',#97,#102);
#97 = PLANE('',#98);
#98 = AXIS2_PLACEMENT_3D('',#99,#100,#101);
#99 = CARTESIAN_POINT('',(-12.20590881318,0.,3.));
#100 = DIRECTION('',(0.,0.,1.));
#101 = DIRECTION('',(1.,0.,-0.));
#102 = DEFINITIONAL_REPRESENTATION('',(#103),#107);
#103 = CIRCLE('',#104,1.35);
#104 = AXIS2_PLACEMENT_2D('',#105,#106);
#105 = CARTESIAN_POINT('',(14.999999999994,-5.551115123126E-17));
#106 = DIRECTION('',(-1.,1.635840511971E-16));
#107 = ( GEOMETRIC_REPRESENTATION_CONTEXT(2) 
PARAMETRIC_REPRESENTATION_CONTEXT() REPRESENTATION_CONTEXT('2D SPACE',''
  ) );
#108 = ORIENTED_EDGE('',*,*,#59,.T.);
#109 = ADVANCED_FACE('',(#110,#253,#284),#43,.F.);
#110 = FACE_BOUND('',#111,.F.);
#111 = EDGE_LOOP('',(#112,#140,#166,#194,#227));
#112 = ORIENTED_EDGE('',*,*,#113,.T.);
#113 = EDGE_CURVE('',#114,#116,#118,.T.);
#114 = VERTEX_POINT('',#115);
#115 = CARTESIAN_POINT('',(8.,-2.5,0.));
#116 = VERTEX_POINT('',#117);
#117 = CARTESIAN_POINT('',(8.,1.656186299215E-11,0.));
#118 = SURFACE_CURVE('',#119,(#123,#129),.PCURVE_S1.);
#119 = LINE('',#120,#121);
#120 = CARTESIAN_POINT('',(8.,-5.,0.));
#121 = VECTOR('',#122,1.);
#122 = DIRECTION('',(0.,1.,0.));
#123 = PCURVE('',#43,#124);
#124 = DEFINITIONAL_REPRESENTATION('',(#125),#128);
#125 = B_SPLINE_CURVE_WITH_KNOTS('',1,(#126,#127),.UNSPECIFIED.,.F.,.F.,
  (2,2),(2.5,7.5),.PIECEWISE_BEZIER_KNOTS.);
#126 = CARTESIAN_POINT('',(20.20590881318,-2.5));
#127 = CARTESIAN_POINT('',(20.20590881318,2.5));
#128 = ( GEOMETRIC_REPRESENTATION_CONTEXT(2) 
PARAMETRIC_REPRESENTATION_CONTEXT() REPRESENTATION_CONTEXT('2D SPACE',''
  ) );
#129 = PCURVE('',#130,#135);
#130 = PLANE('',#131);
#131 = AXIS2_PLACEMENT_3D('',#132,#133,#134);
#132 = CARTESIAN_POINT('',(8.,-10.,-8.5));
#133 = DIRECTION('',(1.,0.,0.));
#134 = DIRECTION('',(0.,0.,1.));
#135 = DEFINITIONAL_REPRESENTATION('',(#136),#139);
#136 = B_SPLINE_CURVE_WITH_KNOTS('',1,(#137,#138),.UNSPECIFIED.,.F.,.F.,
  (2,2),(2.5,7.5),.PIECEWISE_BEZIER_KNOTS.);
#137 = CARTESIAN_POINT('',(8.5,-7.5));
#138 = CARTESIAN_POINT('',(8.5,-12.5));
#139 = ( GEOMETRIC_REPRESENTATION_CONTEXT(2) 
PARAMETRIC_REPRESENTATION_CONTEXT() REPRESENTATION_CONTEXT('2D SPACE',''
  ) );
#140 = ORIENTED_EDGE('',*,*,#141,.T.);
#141 = EDGE_CURVE('',#116,#142,#144,.T.);
#142 = VERTEX_POINT('',#143);
#143 = CARTESIAN_POINT('',(8.,2.5,0.));
#144 = SURFACE_CURVE('',#145,(#149,#155),.PCURVE_S1.);
#145 = LINE('',#146,#147);
#146 = CARTESIAN_POINT('',(8.,-5.,0.));
#147 = VECTOR('',#148,1.);
#148 = DIRECTION('',(0.,1.,0.));
#149 = PCURVE('',#43,#150);
#150 = DEFINITIONAL_REPRESENTATION('',(#151),#154);
#151 = B_SPLINE_CURVE_WITH_KNOTS('',1,(#152,#153),.UNSPECIFIED.,.F.,.F.,
  (2,2),(2.5,7.5),.PIECEWISE_BEZIER_KNOTS.);
#152 = CARTESIAN_POINT('',(20.20590881318,-2.5));
#153 = CARTESIAN_POINT('',(20.20590881318,2.5));
#154 = ( GEOMETRIC_REPRESENTATION_CONTEXT(2) 
PARAMETRIC_REPRESENTATION_CONTEXT() REPRESENTATION_CONTEXT('2D SPACE',''
  ) );
#155 = PCURVE('',#156,#161);
#156 = PLANE('',#157);
#157 = AXIS2_PLACEMENT_3D('',#158,#159,#160);
#158 = CARTESIAN_POINT('',(8.,-10.,-8.5));
#159 = DIRECTION('',(1.,0.,0.));
#160 = DIRECTION('',(0.,0.,1.));
#161 = DEFINITIONAL_REPRESENTATION('',(#162),#165);
#162 = B_SPLINE_CURVE_WITH_KNOTS('',1,(#163,#164),.UNSPECIFIED.,.F.,.F.,
  (2,2),(2.5,7.5),.PIECEWISE_BEZIER_KNOTS.);
#163 = CARTESIAN_POINT('',(8.5,-7.5));
#164 = CARTESIAN_POINT('',(8.5,-12.5));
#165 = ( GEOMETRIC_REPRESENTATION_CONTEXT(2) 
PARAMETRIC_REPRESENTATION_CONTEXT() REPRESENTATION_CONTEXT('2D SPACE',''
  ) );
#166 = ORIENTED_EDGE('',*,*,#167,.T.);
#167 = EDGE_CURVE('',#142,#168,#170,.T.);
#168 = VERTEX_POINT('',#169);
#169 = CARTESIAN_POINT('',(-12.20590881318,2.5,0.));
#170 = SURFACE_CURVE('',#171,(#175,#182),.PCURVE_S1.);
#171 = LINE('',#172,#173);
#172 = CARTESIAN_POINT('',(-12.20590881318,2.5,0.));
#173 = VECTOR('',#174,1.);
#174 = DIRECTION('',(-1.,-9.637352644316E-18,-0.));
#175 = PCURVE('',#43,#176);
#176 = DEFINITIONAL_REPRESENTATION('',(#177),#181);
#177 = LINE('',#178,#179);
#178 = CARTESIAN_POINT('',(0.,2.5));
#179 = VECTOR('',#180,1.);
#180 = DIRECTION('',(-1.,-9.637352644316E-18));
#181 = ( GEOMETRIC_REPRESENTATION_CONTEXT(2) 
PARAMETRIC_REPRESENTATION_CONTEXT() REPRESENTATION_CONTEXT('2D SPACE',''
  ) );
#182 = PCURVE('',#183,#188);
#183 = PLANE('',#184);
#184 = AXIS2_PLACEMENT_3D('',#185,#186,#187);
#185 = CARTESIAN_POINT('',(-12.20590881318,2.5,3.));
#186 = DIRECTION('',(9.637352644316E-18,-1.,0.));
#187 = DIRECTION('',(1.,9.637352644316E-18,0.));
#188 = DEFINITIONAL_REPRESENTATION('',(#189),#193);
#189 = LINE('',#190,#191);
#190 = CARTESIAN_POINT('',(0.,-3.));
#191 = VECTOR('',#192,1.);
#192 = DIRECTION('',(-1.,0.));
#193 = ( GEOMETRIC_REPRESENTATION_CONTEXT(2) 
PARAMETRIC_REPRESENTATION_CONTEXT() REPRESENTATION_CONTEXT('2D SPACE',''
  ) );
#194 = ORIENTED_EDGE('',*,*,#195,.F.);
#195 = EDGE_CURVE('',#196,#168,#198,.T.);
#196 = VERTEX_POINT('',#197);
#197 = CARTESIAN_POINT('',(-12.20590881318,-2.5,0.));
#198 = SURFACE_CURVE('',#199,(#204,#215),.PCURVE_S1.);
#199 = CIRCLE('',#200,2.5);
#200 = AXIS2_PLACEMENT_3D('',#201,#202,#203);
#201 = CARTESIAN_POINT('',(-12.20590881318,0.,0.));
#202 = DIRECTION('',(-0.,-0.,-1.));
#203 = DIRECTION('',(0.,-1.,0.));
#204 = PCURVE('',#43,#205);
#205 = DEFINITIONAL_REPRESENTATION('',(#206),#214);
#206 = ( BOUNDED_CURVE() B_SPLINE_CURVE(2,(#207,#208,#209,#210,#211,#212
,#213),.UNSPECIFIED.,.T.,.F.) B_SPLINE_CURVE_WITH_KNOTS((1,2,2,2,2,1),(
    -2.094395102393,0.,2.094395102393,4.188790204786,6.28318530718,
8.377580409573),.UNSPECIFIED.) CURVE() GEOMETRIC_REPRESENTATION_ITEM() 
RATIONAL_B_SPLINE_CURVE((1.,0.5,1.,0.5,1.,0.5,1.)) REPRESENTATION_ITEM(
  '') );
#207 = CARTESIAN_POINT('',(0.,-2.5));
#208 = CARTESIAN_POINT('',(-4.330127018922,-2.5));
#209 = CARTESIAN_POINT('',(-2.165063509461,1.25));
#210 = CARTESIAN_POINT('',(-6.123233995737E-16,5.));
#211 = CARTESIAN_POINT('',(2.165063509461,1.25));
#212 = CARTESIAN_POINT('',(4.330127018922,-2.5));
#213 = CARTESIAN_POINT('',(0.,-2.5));
#214 = ( GEOMETRIC_REPRESENTATION_CONTEXT(2) 
PARAMETRIC_REPRESENTATION_CONTEXT() REPRESENTATION_CONTEXT('2D SPACE',''
  ) );
#215 = PCURVE('',#216,#221);
#216 = CYLINDRICAL_SURFACE('',#217,2.5);
#217 = AXIS2_PLACEMENT_3D('',#218,#219,#220);
#218 = CARTESIAN_POINT('',(-12.20590881318,0.,3.));
#219 = DIRECTION('',(-0.,-0.,-1.));
#220 = DIRECTION('',(-1.,0.,0.));
#221 = DEFINITIONAL_REPRESENTATION('',(#222),#226);
#222 = LINE('',#223,#224);
#223 = CARTESIAN_POINT('',(4.712388980384,3.));
#224 = VECTOR('',#225,1.);
#225 = DIRECTION('',(1.,-0.));
#226 = ( GEOMETRIC_REPRESENTATION_CONTEXT(2) 
PARAMETRIC_REPRESENTATION_CONTEXT() REPRESENTATION_CONTEXT('2D SPACE',''
  ) );
#227 = ORIENTED_EDGE('',*,*,#228,.T.);
#228 = EDGE_CURVE('',#196,#114,#229,.T.);
#229 = SURFACE_CURVE('',#230,(#234,#241),.PCURVE_S1.);
#230 = LINE('',#231,#232);
#231 = CARTESIAN_POINT('',(-12.20590881318,-2.5,0.));
#232 = VECTOR('',#233,1.);
#233 = DIRECTION('',(1.,2.891205793295E-17,0.));
#234 = PCURVE('',#43,#235);
#235 = DEFINITIONAL_REPRESENTATION('',(#236),#240);
#236 = LINE('',#237,#238);
#237 = CARTESIAN_POINT('',(0.,-2.5));
#238 = VECTOR('',#239,1.);
#239 = DIRECTION('',(1.,2.891205793295E-17));
#240 = ( GEOMETRIC_REPRESENTATION_CONTEXT(2) 
PARAMETRIC_REPRESENTATION_CONTEXT() REPRESENTATION_CONTEXT('2D SPACE',''
  ) );
#241 = PCURVE('',#242,#247);
#242 = PLANE('',#243);
#243 = AXIS2_PLACEMENT_3D('',#244,#245,#246);
#244 = CARTESIAN_POINT('',(-12.20590881318,-2.5,3.));
#245 = DIRECTION('',(-2.891205793295E-17,1.,0.));
#246 = DIRECTION('',(-1.,-2.891205793295E-17,0.));
#247 = DEFINITIONAL_REPRESENTATION('',(#248),#252);
#248 = LINE('',#249,#250);
#249 = CARTESIAN_POINT('',(-0.,-3.));
#250 = VECTOR('',#251,1.);
#251 = DIRECTION('',(-1.,0.));
#252 = ( GEOMETRIC_REPRESENTATION_CONTEXT(2) 
PARAMETRIC_REPRESENTATION_CONTEXT() REPRESENTATION_CONTEXT('2D SPACE',''
  ) );
#253 = FACE_BOUND('',#254,.F.);
#254 = EDGE_LOOP('',(#255));
#255 = ORIENTED_EDGE('',*,*,#256,.F.);
#256 = EDGE_CURVE('',#257,#257,#259,.T.);
#257 = VERTEX_POINT('',#258);
#258 = CARTESIAN_POINT('',(-13.55590881318,0.,0.));
#259 = SURFACE_CURVE('',#260,(#265,#272),.PCURVE_S1.);
#260 = CIRCLE('',#261,1.35);
#261 = AXIS2_PLACEMENT_3D('',#262,#263,#264);
#262 = CARTESIAN_POINT('',(-12.20590881318,-1.276756478319E-15,0.));
#263 = DIRECTION('',(0.,0.,1.));
#264 = DIRECTION('',(-1.,1.06821021941E-15,-0.));
#265 = PCURVE('',#43,#266);
#266 = DEFINITIONAL_REPRESENTATION('',(#267),#271);
#267 = CIRCLE('',#268,1.35);
#268 = AXIS2_PLACEMENT_2D('',#269,#270);
#269 = CARTESIAN_POINT('',(0.,-1.276756478319E-15));
#270 = DIRECTION('',(-1.,1.06821021941E-15));
#271 = ( GEOMETRIC_REPRESENTATION_CONTEXT(2) 
PARAMETRIC_REPRESENTATION_CONTEXT() REPRESENTATION_CONTEXT('2D SPACE',''
  ) );
#272 = PCURVE('',#273,#278);
#273 = CYLINDRICAL_SURFACE('',#274,1.35);
#274 = AXIS2_PLACEMENT_3D('',#275,#276,#277);
#275 = CARTESIAN_POINT('',(-12.20590881318,0.,3.));
#276 = DIRECTION('',(-0.,-0.,-1.));
#277 = DIRECTION('',(-1.,0.,0.));
#278 = DEFINITIONAL_REPRESENTATION('',(#279),#283);
#279 = LINE('',#280,#281);
#280 = CARTESIAN_POINT('',(6.283185307179,3.));
#281 = VECTOR('',#282,1.);
#282 = DIRECTION('',(-1.,0.));
#283 = ( GEOMETRIC_REPRESENTATION_CONTEXT(2) 
PARAMETRIC_REPRESENTATION_CONTEXT() REPRESENTATION_CONTEXT('2D SPACE',''
  ) );
#284 = FACE_BOUND('',#285,.F.);
#285 = EDGE_LOOP('',(#286));
#286 = ORIENTED_EDGE('',*,*,#21,.T.);
#287 = ADVANCED_FACE('',(#288,#412,#442),#97,.T.);
#288 = FACE_BOUND('',#289,.T.);
#289 = EDGE_LOOP('',(#290,#318,#344,#367,#391));
#290 = ORIENTED_EDGE('',*,*,#291,.T.);
#291 = EDGE_CURVE('',#292,#294,#296,.T.);
#292 = VERTEX_POINT('',#293);
#293 = CARTESIAN_POINT('',(8.,-2.5,3.));
#294 = VERTEX_POINT('',#295);
#295 = CARTESIAN_POINT('',(8.,-7.426059767113E-12,3.));
#296 = SURFACE_CURVE('',#297,(#301,#307),.PCURVE_S1.);
#297 = LINE('',#298,#299);
#298 = CARTESIAN_POINT('',(8.,-5.,3.));
#299 = VECTOR('',#300,1.);
#300 = DIRECTION('',(0.,1.,0.));
#301 = PCURVE('',#97,#302);
#302 = DEFINITIONAL_REPRESENTATION('',(#303),#306);
#303 = B_SPLINE_CURVE_WITH_KNOTS('',1,(#304,#305),.UNSPECIFIED.,.F.,.F.,
  (2,2),(2.5,7.5),.PIECEWISE_BEZIER_KNOTS.);
#304 = CARTESIAN_POINT('',(20.20590881318,-2.5));
#305 = CARTESIAN_POINT('',(20.20590881318,2.5));
#306 = ( GEOMETRIC_REPRESENTATION_CONTEXT(2) 
PARAMETRIC_REPRESENTATION_CONTEXT() REPRESENTATION_CONTEXT('2D SPACE',''
  ) );
#307 = PCURVE('',#308,#313);
#308 = PLANE('',#309);
#309 = AXIS2_PLACEMENT_3D('',#310,#311,#312);
#310 = CARTESIAN_POINT('',(8.,-10.,-8.5));
#311 = DIRECTION('',(1.,0.,0.));
#312 = DIRECTION('',(0.,0.,1.));
#313 = DEFINITIONAL_REPRESENTATION('',(#314),#317);
#314 = B_SPLINE_CURVE_WITH_KNOTS('',1,(#315,#316),.UNSPECIFIED.,.F.,.F.,
  (2,2),(2.5,7.5),.PIECEWISE_BEZIER_KNOTS.);
#315 = CARTESIAN_POINT('',(11.5,-7.5));
#316 = CARTESIAN_POINT('',(11.5,-12.5));
#317 = ( GEOMETRIC_REPRESENTATION_CONTEXT(2) 
PARAMETRIC_REPRESENTATION_CONTEXT() REPRESENTATION_CONTEXT('2D SPACE',''
  ) );
#318 = ORIENTED_EDGE('',*,*,#319,.T.);
#319 = EDGE_CURVE('',#294,#320,#322,.T.);
#320 = VERTEX_POINT('',#321);
#321 = CARTESIAN_POINT('',(8.,2.5,3.));
#322 = SURFACE_CURVE('',#323,(#327,#333),.PCURVE_S1.);
#323 = LINE('',#324,#325);
#324 = CARTESIAN_POINT('',(8.,-5.,3.));
#325 = VECTOR('',#326,1.);
#326 = DIRECTION('',(0.,1.,0.));
#327 = PCURVE('',#97,#328);
#328 = DEFINITIONAL_REPRESENTATION('',(#329),#332);
#329 = B_SPLINE_CURVE_WITH_KNOTS('',1,(#330,#331),.UNSPECIFIED.,.F.,.F.,
  (2,2),(2.5,7.5),.PIECEWISE_BEZIER_KNOTS.);
#330 = CARTESIAN_POINT('',(20.20590881318,-2.5));
#331 = CARTESIAN_POINT('',(20.20590881318,2.5));
#332 = ( GEOMETRIC_REPRESENTATION_CONTEXT(2) 
PARAMETRIC_REPRESENTATION_CONTEXT() REPRESENTATION_CONTEXT('2D SPACE',''
  ) );
#333 = PCURVE('',#334,#339);
#334 = PLANE('',#335);
#335 = AXIS2_PLACEMENT_3D('',#336,#337,#338);
#336 = CARTESIAN_POINT('',(8.,-10.,-8.5));
#337 = DIRECTION('',(1.,0.,0.));
#338 = DIRECTION('',(0.,0.,1.));
#339 = DEFINITIONAL_REPRESENTATION('',(#340),#343);
#340 = B_SPLINE_CURVE_WITH_KNOTS('',1,(#341,#342),.UNSPECIFIED.,.F.,.F.,
  (2,2),(2.5,7.5),.PIECEWISE_BEZIER_KNOTS.);
#341 = CARTESIAN_POINT('',(11.5,-7.5));
#342 = CARTESIAN_POINT('',(11.5,-12.5));
#343 = ( GEOMETRIC_REPRESENTATION_CONTEXT(2) 
PARAMETRIC_REPRESENTATION_CONTEXT() REPRESENTATION_CONTEXT('2D SPACE',''
  ) );
#344 = ORIENTED_EDGE('',*,*,#345,.T.);
#345 = EDGE_CURVE('',#320,#346,#348,.T.);
#346 = VERTEX_POINT('',#347);
#347 = CARTESIAN_POINT('',(-12.20590881318,2.5,3.));
#348 = SURFACE_CURVE('',#349,(#353,#360),.PCURVE_S1.);
#349 = LINE('',#350,#351);
#350 = CARTESIAN_POINT('',(32.794091186814,2.5,3.));
#351 = VECTOR('',#352,1.);
#352 = DIRECTION('',(-1.,-0.,-0.));
#353 = PCURVE('',#97,#354);
#354 = DEFINITIONAL_REPRESENTATION('',(#355),#359);
#355 = LINE('',#356,#357);
#356 = CARTESIAN_POINT('',(44.999999999994,2.5));
#357 = VECTOR('',#358,1.);
#358 = DIRECTION('',(-1.,0.));
#359 = ( GEOMETRIC_REPRESENTATION_CONTEXT(2) 
PARAMETRIC_REPRESENTATION_CONTEXT() REPRESENTATION_CONTEXT('2D SPACE',''
  ) );
#360 = PCURVE('',#183,#361);
#361 = DEFINITIONAL_REPRESENTATION('',(#362),#366);
#362 = LINE('',#363,#364);
#363 = CARTESIAN_POINT('',(44.999999999994,0.));
#364 = VECTOR('',#365,1.);
#365 = DIRECTION('',(-1.,0.));
#366 = ( GEOMETRIC_REPRESENTATION_CONTEXT(2) 
PARAMETRIC_REPRESENTATION_CONTEXT() REPRESENTATION_CONTEXT('2D SPACE',''
  ) );
#367 = ORIENTED_EDGE('',*,*,#368,.T.);
#368 = EDGE_CURVE('',#346,#369,#371,.T.);
#369 = VERTEX_POINT('',#370);
#370 = CARTESIAN_POINT('',(-12.20590881318,-2.5,3.));
#371 = SURFACE_CURVE('',#372,(#377,#384),.PCURVE_S1.);
#372 = CIRCLE('',#373,2.5);
#373 = AXIS2_PLACEMENT_3D('',#374,#375,#376);
#374 = CARTESIAN_POINT('',(-12.20590881318,0.,3.));
#375 = DIRECTION('',(0.,-0.,1.));
#376 = DIRECTION('',(0.,1.,0.));
#377 = PCURVE('',#97,#378);
#378 = DEFINITIONAL_REPRESENTATION('',(#379),#383);
#379 = CIRCLE('',#380,2.5);
#380 = AXIS2_PLACEMENT_2D('',#381,#382);
#381 = CARTESIAN_POINT('',(0.,0.));
#382 = DIRECTION('',(0.,1.));
#383 = ( GEOMETRIC_REPRESENTATION_CONTEXT(2) 
PARAMETRIC_REPRESENTATION_CONTEXT() REPRESENTATION_CONTEXT('2D SPACE',''
  ) );
#384 = PCURVE('',#216,#385);
#385 = DEFINITIONAL_REPRESENTATION('',(#386),#390);
#386 = LINE('',#387,#388);
#387 = CARTESIAN_POINT('',(7.853981633975,0.));
#388 = VECTOR('',#389,1.);
#389 = DIRECTION('',(-1.,0.));
#390 = ( GEOMETRIC_REPRESENTATION_CONTEXT(2) 
PARAMETRIC_REPRESENTATION_CONTEXT() REPRESENTATION_CONTEXT('2D SPACE',''
  ) );
#391 = ORIENTED_EDGE('',*,*,#392,.T.);
#392 = EDGE_CURVE('',#369,#292,#393,.T.);
#393 = SURFACE_CURVE('',#394,(#398,#405),.PCURVE_S1.);
#394 = LINE('',#395,#396);
#395 = CARTESIAN_POINT('',(-12.20590881318,-2.5,3.));
#396 = VECTOR('',#397,1.);
#397 = DIRECTION('',(1.,2.891205793295E-17,0.));
#398 = PCURVE('',#97,#399);
#399 = DEFINITIONAL_REPRESENTATION('',(#400),#404);
#400 = LINE('',#401,#402);
#401 = CARTESIAN_POINT('',(0.,-2.5));
#402 = VECTOR('',#403,1.);
#403 = DIRECTION('',(1.,2.891205793295E-17));
#404 = ( GEOMETRIC_REPRESENTATION_CONTEXT(2) 
PARAMETRIC_REPRESENTATION_CONTEXT() REPRESENTATION_CONTEXT('2D SPACE',''
  ) );
#405 = PCURVE('',#242,#406);
#406 = DEFINITIONAL_REPRESENTATION('',(#407),#411);
#407 = LINE('',#408,#409);
#408 = CARTESIAN_POINT('',(0.,0.));
#409 = VECTOR('',#410,1.);
#410 = DIRECTION('',(-1.,0.));
#411 = ( GEOMETRIC_REPRESENTATION_CONTEXT(2) 
PARAMETRIC_REPRESENTATION_CONTEXT() REPRESENTATION_CONTEXT('2D SPACE',''
  ) );
#412 = FACE_BOUND('',#413,.T.);
#413 = EDGE_LOOP('',(#414));
#414 = ORIENTED_EDGE('',*,*,#415,.T.);
#415 = EDGE_CURVE('',#416,#416,#418,.T.);
#416 = VERTEX_POINT('',#417);
#417 = CARTESIAN_POINT('',(-13.55590881318,0.,3.));
#418 = SURFACE_CURVE('',#419,(#424,#435),.PCURVE_S1.);
#419 = CIRCLE('',#420,1.35);
#420 = AXIS2_PLACEMENT_3D('',#421,#422,#423);
#421 = CARTESIAN_POINT('',(-12.20590881318,1.33226762955E-15,3.));
#422 = DIRECTION('',(0.,0.,-1.));
#423 = DIRECTION('',(-1.,-8.644002308632E-16,-0.));
#424 = PCURVE('',#97,#425);
#425 = DEFINITIONAL_REPRESENTATION('',(#426),#434);
#426 = ( BOUNDED_CURVE() B_SPLINE_CURVE(2,(#427,#428,#429,#430,#431,#432
,#433),.UNSPECIFIED.,.T.,.F.) B_SPLINE_CURVE_WITH_KNOTS((1,2,2,2,2,1),(
    -2.094395102393,0.,2.094395102393,4.188790204786,6.28318530718,
8.377580409573),.UNSPECIFIED.) CURVE() GEOMETRIC_REPRESENTATION_ITEM() 
RATIONAL_B_SPLINE_CURVE((1.,0.5,1.,0.5,1.,0.5,1.)) REPRESENTATION_ITEM(
  '') );
#427 = CARTESIAN_POINT('',(-1.35,1.653273178849E-16));
#428 = CARTESIAN_POINT('',(-1.35,2.338268590218));
#429 = CARTESIAN_POINT('',(0.675,1.169134295109));
#430 = CARTESIAN_POINT('',(2.7,3.996802888651E-15));
#431 = CARTESIAN_POINT('',(0.675,-1.169134295109));
#432 = CARTESIAN_POINT('',(-1.35,-2.338268590218));
#433 = CARTESIAN_POINT('',(-1.35,1.653273178849E-16));
#434 = ( GEOMETRIC_REPRESENTATION_CONTEXT(2) 
PARAMETRIC_REPRESENTATION_CONTEXT() REPRESENTATION_CONTEXT('2D SPACE',''
  ) );
#435 = PCURVE('',#273,#436);
#436 = DEFINITIONAL_REPRESENTATION('',(#437),#441);
#437 = LINE('',#438,#439);
#438 = CARTESIAN_POINT('',(2.069455717901E-13,0.));
#439 = VECTOR('',#440,1.);
#440 = DIRECTION('',(1.,-0.));
#441 = ( GEOMETRIC_REPRESENTATION_CONTEXT(2) 
PARAMETRIC_REPRESENTATION_CONTEXT() REPRESENTATION_CONTEXT('2D SPACE',''
  ) );
#442 = FACE_BOUND('',#443,.T.);
#443 = EDGE_LOOP('',(#444));
#444 = ORIENTED_EDGE('',*,*,#82,.F.);
#445 = ADVANCED_FACE('',(#446),#130,.T.);
#446 = FACE_BOUND('',#447,.T.);
#447 = EDGE_LOOP('',(#448,#584,#603));
#448 = ORIENTED_EDGE('',*,*,#449,.T.);
#449 = EDGE_CURVE('',#116,#450,#452,.T.);
#450 = VERTEX_POINT('',#451);
#451 = CARTESIAN_POINT('',(8.,-2.5,0.670843802411));
#452 = SURFACE_CURVE('',#453,(#492,#534),.PCURVE_S1.);
#453 = B_SPLINE_CURVE_WITH_KNOTS('',7,(#454,#455,#456,#457,#458,#459,
    #460,#461,#462,#463,#464,#465,#466,#467,#468,#469,#470,#471,#472,
    #473,#474,#475,#476,#477,#478,#479,#480,#481,#482,#483,#484,#485,
    #486,#487,#488,#489,#490,#491),.UNSPECIFIED.,.F.,.F.,(8,6,6,6,6,6,8)
  ,(0.,9.830550878332E-02,0.189640449488,0.5,0.810359550512,
    0.901694491217,1.),.UNSPECIFIED.);
#454 = CARTESIAN_POINT('',(8.,2.5,0.670843802411));
#455 = CARTESIAN_POINT('',(8.,2.443219931446,0.628044215374));
#456 = CARTESIAN_POINT('',(8.,2.384354934065,0.587384196011));
#457 = CARTESIAN_POINT('',(8.,2.323693592655,0.548768849643));
#458 = CARTESIAN_POINT('',(8.,2.261479646477,0.512108676398));
#459 = CARTESIAN_POINT('',(8.,2.19791458622,0.477318389591));
#460 = CARTESIAN_POINT('',(8.,2.133160250969,0.444315734095));
#461 = CARTESIAN_POINT('',(8.,2.006189627804,0.38394394652));
#462 = CARTESIAN_POINT('',(8.,1.944126801684,0.356345134294));
#463 = CARTESIAN_POINT('',(8.,1.88125859715,0.330162375267));
#464 = CARTESIAN_POINT('',(8.,1.817676251486,0.305341232746));
#465 = CARTESIAN_POINT('',(8.,1.753457694237,0.28183309507));
#466 = CARTESIAN_POINT('',(8.,1.688668652526,0.259593944576));
#467 = CARTESIAN_POINT('',(8.,1.401455272537,0.16718757971));
#468 = CARTESIAN_POINT('',(8.,1.173762907381,0.110030361555));
#469 = CARTESIAN_POINT('',(8.,0.942212594724,6.542548981767E-02));
#470 = CARTESIAN_POINT('',(8.,0.708141261398,3.257307013216E-02));
#471 = CARTESIAN_POINT('',(8.,0.472616394782,1.086510550349E-02));
#472 = CARTESIAN_POINT('',(8.,0.236394148667,1.06581410364E-14));
#473 = CARTESIAN_POINT('',(8.,-0.236394148667,-1.06581410364E-14));
#474 = CARTESIAN_POINT('',(8.,-0.472616394781,1.086510550348E-02));
#475 = CARTESIAN_POINT('',(8.,-0.708141261396,3.257307013196E-02));
#476 = CARTESIAN_POINT('',(8.,-0.942212594724,6.542548981779E-02));
#477 = CARTESIAN_POINT('',(8.,-1.17376290738,0.110030361555));
#478 = CARTESIAN_POINT('',(8.,-1.401455272536,0.16718757971));
#479 = CARTESIAN_POINT('',(8.,-1.688668652525,0.259593944575));
#480 = CARTESIAN_POINT('',(8.,-1.753457694236,0.28183309507));
#481 = CARTESIAN_POINT('',(8.,-1.817676251486,0.305341232746));
#482 = CARTESIAN_POINT('',(8.,-1.88125859715,0.330162375267));
#483 = CARTESIAN_POINT('',(8.,-1.944126801684,0.356345134293));
#484 = CARTESIAN_POINT('',(8.,-2.006189627803,0.38394394652));
#485 = CARTESIAN_POINT('',(8.,-2.133160250969,0.444315734095));
#486 = CARTESIAN_POINT('',(8.,-2.19791458622,0.47731838959));
#487 = CARTESIAN_POINT('',(8.,-2.261479646476,0.512108676398));
#488 = CARTESIAN_POINT('',(8.,-2.323693592655,0.548768849643));
#489 = CARTESIAN_POINT('',(8.,-2.384354934065,0.587384196011));
#490 = CARTESIAN_POINT('',(8.,-2.443219931446,0.628044215373));
#491 = CARTESIAN_POINT('',(8.,-2.5,0.670843802411));
#492 = PCURVE('',#130,#493);
#493 = DEFINITIONAL_REPRESENTATION('',(#494),#533);
#494 = B_SPLINE_CURVE_WITH_KNOTS('',7,(#495,#496,#497,#498,#499,#500,
    #501,#502,#503,#504,#505,#506,#507,#508,#509,#510,#511,#512,#513,
    #514,#515,#516,#517,#518,#519,#520,#521,#522,#523,#524,#525,#526,
    #527,#528,#529,#530,#531,#532),.UNSPECIFIED.,.F.,.F.,(8,6,6,6,6,6,8)
  ,(0.,9.830550878332E-02,0.189640449488,0.5,0.810359550512,
    0.901694491217,1.),.UNSPECIFIED.);
#495 = CARTESIAN_POINT('',(9.170843802411,-12.5));
#496 = CARTESIAN_POINT('',(9.128044215374,-12.44321993144));
#497 = CARTESIAN_POINT('',(9.087384196011,-12.38435493406));
#498 = CARTESIAN_POINT('',(9.048768849643,-12.32369359265));
#499 = CARTESIAN_POINT('',(9.012108676398,-12.26147964647));
#500 = CARTESIAN_POINT('',(8.977318389591,-12.19791458622));
#501 = CARTESIAN_POINT('',(8.944315734095,-12.13316025096));
#502 = CARTESIAN_POINT('',(8.88394394652,-12.0061896278));
#503 = CARTESIAN_POINT('',(8.856345134294,-11.94412680168));
#504 = CARTESIAN_POINT('',(8.830162375267,-11.88125859715));
#505 = CARTESIAN_POINT('',(8.805341232746,-11.81767625148));
#506 = CARTESIAN_POINT('',(8.78183309507,-11.75345769423));
#507 = CARTESIAN_POINT('',(8.759593944576,-11.68866865252));
#508 = CARTESIAN_POINT('',(8.66718757971,-11.40145527253));
#509 = CARTESIAN_POINT('',(8.610030361555,-11.17376290738));
#510 = CARTESIAN_POINT('',(8.565425489818,-10.94221259472));
#511 = CARTESIAN_POINT('',(8.532573070132,-10.70814126139));
#512 = CARTESIAN_POINT('',(8.510865105503,-10.47261639478));
#513 = CARTESIAN_POINT('',(8.5,-10.23639414866));
#514 = CARTESIAN_POINT('',(8.5,-9.763605851333));
#515 = CARTESIAN_POINT('',(8.510865105503,-9.527383605219));
#516 = CARTESIAN_POINT('',(8.532573070132,-9.291858738604));
#517 = CARTESIAN_POINT('',(8.565425489818,-9.057787405276));
#518 = CARTESIAN_POINT('',(8.610030361555,-8.82623709262));
#519 = CARTESIAN_POINT('',(8.66718757971,-8.598544727464));
#520 = CARTESIAN_POINT('',(8.759593944575,-8.311331347475));
#521 = CARTESIAN_POINT('',(8.78183309507,-8.246542305764));
#522 = CARTESIAN_POINT('',(8.805341232746,-8.182323748514));
#523 = CARTESIAN_POINT('',(8.830162375267,-8.11874140285));
#524 = CARTESIAN_POINT('',(8.856345134293,-8.055873198316));
#525 = CARTESIAN_POINT('',(8.88394394652,-7.993810372197));
#526 = CARTESIAN_POINT('',(8.944315734095,-7.866839749031));
#527 = CARTESIAN_POINT('',(8.97731838959,-7.80208541378));
#528 = CARTESIAN_POINT('',(9.012108676398,-7.738520353524));
#529 = CARTESIAN_POINT('',(9.048768849643,-7.676306407345));
#530 = CARTESIAN_POINT('',(9.087384196011,-7.615645065935));
#531 = CARTESIAN_POINT('',(9.128044215373,-7.556780068554));
#532 = CARTESIAN_POINT('',(9.170843802411,-7.5));
#533 = ( GEOMETRIC_REPRESENTATION_CONTEXT(2) 
PARAMETRIC_REPRESENTATION_CONTEXT() REPRESENTATION_CONTEXT('2D SPACE',''
  ) );
#534 = PCURVE('',#535,#543);
#535 = SURFACE_OF_LINEAR_EXTRUSION('',#536,#541);
#536 = ELLIPSE('',#537,3.,1.5);
#537 = AXIS2_PLACEMENT_3D('',#538,#539,#540);
#538 = CARTESIAN_POINT('',(5.,0.,1.5));
#539 = DIRECTION('',(1.,0.,0.));
#540 = DIRECTION('',(0.,1.,0.));
#541 = VECTOR('',#542,1.);
#542 = DIRECTION('',(-1.,-0.,-0.));
#543 = DEFINITIONAL_REPRESENTATION('',(#544),#583);
#544 = B_SPLINE_CURVE_WITH_KNOTS('',7,(#545,#546,#547,#548,#549,#550,
    #551,#552,#553,#554,#555,#556,#557,#558,#559,#560,#561,#562,#563,
    #564,#565,#566,#567,#568,#569,#570,#571,#572,#573,#574,#575,#576,
    #577,#578,#579,#580,#581,#582),.UNSPECIFIED.,.F.,.F.,(8,6,6,6,6,6,8)
  ,(0.,9.830550878332E-02,0.189640449488,0.5,0.810359550512,
    0.901694491217,1.),.UNSPECIFIED.);
#545 = CARTESIAN_POINT('',(5.697499763722,-3.));
#546 = CARTESIAN_POINT('',(5.663260094092,-3.));
#547 = CARTESIAN_POINT('',(5.629824833388,-3.));
#548 = CARTESIAN_POINT('',(5.597129187771,-3.));
#549 = CARTESIAN_POINT('',(5.565116187716,-3.));
#550 = CARTESIAN_POINT('',(5.533733529543,-3.));
#551 = CARTESIAN_POINT('',(5.50293041695,-3.));
#552 = CARTESIAN_POINT('',(5.444525175474,-3.));
#553 = CARTESIAN_POINT('',(5.416854655849,-3.));
#554 = CARTESIAN_POINT('',(5.38960388385,-3.));
#555 = CARTESIAN_POINT('',(5.362738697115,-3.));
#556 = CARTESIAN_POINT('',(5.336228390581,-3.));
#557 = CARTESIAN_POINT('',(5.310044376313,-3.));
#558 = CARTESIAN_POINT('',(5.196198832451,-3.));
#559 = CARTESIAN_POINT('',(5.111753543611,-3.));
#560 = CARTESIAN_POINT('',(5.029646421597,-3.));
#561 = CARTESIAN_POINT('',(4.949237508862,-3.));
#562 = CARTESIAN_POINT('',(4.869927203235,-3.));
#563 = CARTESIAN_POINT('',(4.791187029941,-3.));
#564 = CARTESIAN_POINT('',(4.633590930829,-3.));
#565 = CARTESIAN_POINT('',(4.554850757534,-3.));
#566 = CARTESIAN_POINT('',(4.475540451908,-3.));
#567 = CARTESIAN_POINT('',(4.395131539172,-3.));
#568 = CARTESIAN_POINT('',(4.313024417158,-3.));
#569 = CARTESIAN_POINT('',(4.228579128319,-3.));
#570 = CARTESIAN_POINT('',(4.114733584457,-3.));
#571 = CARTESIAN_POINT('',(4.088549570188,-3.));
#572 = CARTESIAN_POINT('',(4.062039263654,-3.));
#573 = CARTESIAN_POINT('',(4.03517407692,-3.));
#574 = CARTESIAN_POINT('',(4.007923304921,-3.));
#575 = CARTESIAN_POINT('',(3.980252785295,-3.));
#576 = CARTESIAN_POINT('',(3.921847543819,-3.));
#577 = CARTESIAN_POINT('',(3.891044431227,-3.));
#578 = CARTESIAN_POINT('',(3.859661773053,-3.));
#579 = CARTESIAN_POINT('',(3.827648772998,-3.));
#580 = CARTESIAN_POINT('',(3.794953127382,-3.));
#581 = CARTESIAN_POINT('',(3.761517866677,-3.));
#582 = CARTESIAN_POINT('',(3.727278197047,-3.));
#583 = ( GEOMETRIC_REPRESENTATION_CONTEXT(2) 
PARAMETRIC_REPRESENTATION_CONTEXT() REPRESENTATION_CONTEXT('2D SPACE',''
  ) );
#584 = ORIENTED_EDGE('',*,*,#585,.T.);
#585 = EDGE_CURVE('',#450,#114,#586,.T.);
#586 = SURFACE_CURVE('',#587,(#591,#597),.PCURVE_S1.);
#587 = LINE('',#588,#589);
#588 = CARTESIAN_POINT('',(8.,-2.5,-2.75));
#589 = VECTOR('',#590,1.);
#590 = DIRECTION('',(0.,0.,-1.));
#591 = PCURVE('',#130,#592);
#592 = DEFINITIONAL_REPRESENTATION('',(#593),#596);
#593 = B_SPLINE_CURVE_WITH_KNOTS('',1,(#594,#595),.UNSPECIFIED.,.F.,.F.,
  (2,2),(-5.75,-2.75),.PIECEWISE_BEZIER_KNOTS.);
#594 = CARTESIAN_POINT('',(11.5,-7.5));
#595 = CARTESIAN_POINT('',(8.5,-7.5));
#596 = ( GEOMETRIC_REPRESENTATION_CONTEXT(2) 
PARAMETRIC_REPRESENTATION_CONTEXT() REPRESENTATION_CONTEXT('2D SPACE',''
  ) );
#597 = PCURVE('',#242,#598);
#598 = DEFINITIONAL_REPRESENTATION('',(#599),#602);
#599 = B_SPLINE_CURVE_WITH_KNOTS('',1,(#600,#601),.UNSPECIFIED.,.F.,.F.,
  (2,2),(-5.75,-2.75),.PIECEWISE_BEZIER_KNOTS.);
#600 = CARTESIAN_POINT('',(-20.20590881318,0.));
#601 = CARTESIAN_POINT('',(-20.20590881318,-3.));
#602 = ( GEOMETRIC_REPRESENTATION_CONTEXT(2) 
PARAMETRIC_REPRESENTATION_CONTEXT() REPRESENTATION_CONTEXT('2D SPACE',''
  ) );
#603 = ORIENTED_EDGE('',*,*,#113,.T.);
#604 = ADVANCED_FACE('',(#605),#156,.T.);
#605 = FACE_BOUND('',#606,.T.);
#606 = EDGE_LOOP('',(#607,#628,#754));
#607 = ORIENTED_EDGE('',*,*,#608,.T.);
#608 = EDGE_CURVE('',#142,#609,#611,.T.);
#609 = VERTEX_POINT('',#610);
#610 = CARTESIAN_POINT('',(8.,2.5,0.670843802411));
#611 = SURFACE_CURVE('',#612,(#616,#622),.PCURVE_S1.);
#612 = LINE('',#613,#614);
#613 = CARTESIAN_POINT('',(8.,2.5,-2.75));
#614 = VECTOR('',#615,1.);
#615 = DIRECTION('',(-0.,0.,1.));
#616 = PCURVE('',#156,#617);
#617 = DEFINITIONAL_REPRESENTATION('',(#618),#621);
#618 = B_SPLINE_CURVE_WITH_KNOTS('',1,(#619,#620),.UNSPECIFIED.,.F.,.F.,
  (2,2),(-5.75,14.25),.PIECEWISE_BEZIER_KNOTS.);
#619 = CARTESIAN_POINT('',(0.,-12.5));
#620 = CARTESIAN_POINT('',(20.,-12.5));
#621 = ( GEOMETRIC_REPRESENTATION_CONTEXT(2) 
PARAMETRIC_REPRESENTATION_CONTEXT() REPRESENTATION_CONTEXT('2D SPACE',''
  ) );
#622 = PCURVE('',#183,#623);
#623 = DEFINITIONAL_REPRESENTATION('',(#624),#627);
#624 = B_SPLINE_CURVE_WITH_KNOTS('',1,(#625,#626),.UNSPECIFIED.,.F.,.F.,
  (2,2),(-5.75,14.25),.PIECEWISE_BEZIER_KNOTS.);
#625 = CARTESIAN_POINT('',(20.20590881318,-11.5));
#626 = CARTESIAN_POINT('',(20.20590881318,8.5));
#627 = ( GEOMETRIC_REPRESENTATION_CONTEXT(2) 
PARAMETRIC_REPRESENTATION_CONTEXT() REPRESENTATION_CONTEXT('2D SPACE',''
  ) );
#628 = ORIENTED_EDGE('',*,*,#629,.T.);
#629 = EDGE_CURVE('',#609,#116,#630,.T.);
#630 = SURFACE_CURVE('',#631,(#670,#712),.PCURVE_S1.);
#631 = B_SPLINE_CURVE_WITH_KNOTS('',7,(#632,#633,#634,#635,#636,#637,
    #638,#639,#640,#641,#642,#643,#644,#645,#646,#647,#648,#649,#650,
    #651,#652,#653,#654,#655,#656,#657,#658,#659,#660,#661,#662,#663,
    #664,#665,#666,#667,#668,#669),.UNSPECIFIED.,.F.,.F.,(8,6,6,6,6,6,8)
  ,(0.,9.830550878332E-02,0.189640449488,0.5,0.810359550512,
    0.901694491217,1.),.UNSPECIFIED.);
#632 = CARTESIAN_POINT('',(8.,2.5,0.670843802411));
#633 = CARTESIAN_POINT('',(8.,2.443219931446,0.628044215374));
#634 = CARTESIAN_POINT('',(8.,2.384354934065,0.587384196011));
#635 = CARTESIAN_POINT('',(8.,2.323693592655,0.548768849643));
#636 = CARTESIAN_POINT('',(8.,2.261479646477,0.512108676398));
#637 = CARTESIAN_POINT('',(8.,2.19791458622,0.477318389591));
#638 = CARTESIAN_POINT('',(8.,2.133160250969,0.444315734095));
#639 = CARTESIAN_POINT('',(8.,2.006189627804,0.38394394652));
#640 = CARTESIAN_POINT('',(8.,1.944126801684,0.356345134294));
#641 = CARTESIAN_POINT('',(8.,1.88125859715,0.330162375267));
#642 = CARTESIAN_POINT('',(8.,1.817676251486,0.305341232746));
#643 = CARTESIAN_POINT('',(8.,1.753457694237,0.28183309507));
#644 = CARTESIAN_POINT('',(8.,1.688668652526,0.259593944576));
#645 = CARTESIAN_POINT('',(8.,1.401455272537,0.16718757971));
#646 = CARTESIAN_POINT('',(8.,1.173762907381,0.110030361555));
#647 = CARTESIAN_POINT('',(8.,0.942212594724,6.542548981767E-02));
#648 = CARTESIAN_POINT('',(8.,0.708141261398,3.257307013216E-02));
#649 = CARTESIAN_POINT('',(8.,0.472616394782,1.086510550349E-02));
#650 = CARTESIAN_POINT('',(8.,0.236394148667,1.06581410364E-14));
#651 = CARTESIAN_POINT('',(8.,-0.236394148667,-1.06581410364E-14));
#652 = CARTESIAN_POINT('',(8.,-0.472616394781,1.086510550348E-02));
#653 = CARTESIAN_POINT('',(8.,-0.708141261396,3.257307013196E-02));
#654 = CARTESIAN_POINT('',(8.,-0.942212594724,6.542548981779E-02));
#655 = CARTESIAN_POINT('',(8.,-1.17376290738,0.110030361555));
#656 = CARTESIAN_POINT('',(8.,-1.401455272536,0.16718757971));
#657 = CARTESIAN_POINT('',(8.,-1.688668652525,0.259593944575));
#658 = CARTESIAN_POINT('',(8.,-1.753457694236,0.28183309507));
#659 = CARTESIAN_POINT('',(8.,-1.817676251486,0.305341232746));
#660 = CARTESIAN_POINT('',(8.,-1.88125859715,0.330162375267));
#661 = CARTESIAN_POINT('',(8.,-1.944126801684,0.356345134293));
#662 = CARTESIAN_POINT('',(8.,-2.006189627803,0.38394394652));
#663 = CARTESIAN_POINT('',(8.,-2.133160250969,0.444315734095));
#664 = CARTESIAN_POINT('',(8.,-2.19791458622,0.47731838959));
#665 = CARTESIAN_POINT('',(8.,-2.261479646476,0.512108676398));
#666 = CARTESIAN_POINT('',(8.,-2.323693592655,0.548768849643));
#667 = CARTESIAN_POINT('',(8.,-2.384354934065,0.587384196011));
#668 = CARTESIAN_POINT('',(8.,-2.443219931446,0.628044215373));
#669 = CARTESIAN_POINT('',(8.,-2.5,0.670843802411));
#670 = PCURVE('',#156,#671);
#671 = DEFINITIONAL_REPRESENTATION('',(#672),#711);
#672 = B_SPLINE_CURVE_WITH_KNOTS('',7,(#673,#674,#675,#676,#677,#678,
    #679,#680,#681,#682,#683,#684,#685,#686,#687,#688,#689,#690,#691,
    #692,#693,#694,#695,#696,#697,#698,#699,#700,#701,#702,#703,#704,
    #705,#706,#707,#708,#709,#710),.UNSPECIFIED.,.F.,.F.,(8,6,6,6,6,6,8)
  ,(0.,9.830550878332E-02,0.189640449488,0.5,0.810359550512,
    0.901694491217,1.),.UNSPECIFIED.);
#673 = CARTESIAN_POINT('',(9.170843802411,-12.5));
#674 = CARTESIAN_POINT('',(9.128044215374,-12.44321993144));
#675 = CARTESIAN_POINT('',(9.087384196011,-12.38435493406));
#676 = CARTESIAN_POINT('',(9.048768849643,-12.32369359265));
#677 = CARTESIAN_POINT('',(9.012108676398,-12.26147964647));
#678 = CARTESIAN_POINT('',(8.977318389591,-12.19791458622));
#679 = CARTESIAN_POINT('',(8.944315734095,-12.13316025096));
#680 = CARTESIAN_POINT('',(8.88394394652,-12.0061896278));
#681 = CARTESIAN_POINT('',(8.856345134294,-11.94412680168));
#682 = CARTESIAN_POINT('',(8.830162375267,-11.88125859715));
#683 = CARTESIAN_POINT('',(8.805341232746,-11.81767625148));
#684 = CARTESIAN_POINT('',(8.78183309507,-11.75345769423));
#685 = CARTESIAN_POINT('',(8.759593944576,-11.68866865252));
#686 = CARTESIAN_POINT('',(8.66718757971,-11.40145527253));
#687 = CARTESIAN_POINT('',(8.610030361555,-11.17376290738));
#688 = CARTESIAN_POINT('',(8.565425489818,-10.94221259472));
#689 = CARTESIAN_POINT('',(8.532573070132,-10.70814126139));
#690 = CARTESIAN_POINT('',(8.510865105503,-10.47261639478));
#691 = CARTESIAN_POINT('',(8.5,-10.23639414866));
#692 = CARTESIAN_POINT('',(8.5,-9.763605851333));
#693 = CARTESIAN_POINT('',(8.510865105503,-9.527383605219));
#694 = CARTESIAN_POINT('',(8.532573070132,-9.291858738604));
#695 = CARTESIAN_POINT('',(8.565425489818,-9.057787405276));
#696 = CARTESIAN_POINT('',(8.610030361555,-8.82623709262));
#697 = CARTESIAN_POINT('',(8.66718757971,-8.598544727464));
#698 = CARTESIAN_POINT('',(8.759593944575,-8.311331347475));
#699 = CARTESIAN_POINT('',(8.78183309507,-8.246542305764));
#700 = CARTESIAN_POINT('',(8.805341232746,-8.182323748514));
#701 = CARTESIAN_POINT('',(8.830162375267,-8.11874140285));
#702 = CARTESIAN_POINT('',(8.856345134293,-8.055873198316));
#703 = CARTESIAN_POINT('',(8.88394394652,-7.993810372197));
#704 = CARTESIAN_POINT('',(8.944315734095,-7.866839749031));
#705 = CARTESIAN_POINT('',(8.97731838959,-7.80208541378));
#706 = CARTESIAN_POINT('',(9.012108676398,-7.738520353524));
#707 = CARTESIAN_POINT('',(9.048768849643,-7.676306407345));
#708 = CARTESIAN_POINT('',(9.087384196011,-7.615645065935));
#709 = CARTESIAN_POINT('',(9.128044215373,-7.556780068554));
#710 = CARTESIAN_POINT('',(9.170843802411,-7.5));
#711 = ( GEOMETRIC_REPRESENTATION_CONTEXT(2) 
PARAMETRIC_REPRESENTATION_CONTEXT() REPRESENTATION_CONTEXT('2D SPACE',''
  ) );
#712 = PCURVE('',#535,#713);
#713 = DEFINITIONAL_REPRESENTATION('',(#714),#753);
#714 = B_SPLINE_CURVE_WITH_KNOTS('',7,(#715,#716,#717,#718,#719,#720,
    #721,#722,#723,#724,#725,#726,#727,#728,#729,#730,#731,#732,#733,
    #734,#735,#736,#737,#738,#739,#740,#741,#742,#743,#744,#745,#746,
    #747,#748,#749,#750,#751,#752),.UNSPECIFIED.,.F.,.F.,(8,6,6,6,6,6,8)
  ,(0.,9.830550878332E-02,0.189640449488,0.5,0.810359550512,
    0.901694491217,1.),.UNSPECIFIED.);
#715 = CARTESIAN_POINT('',(5.697499763722,-3.));
#716 = CARTESIAN_POINT('',(5.663260094092,-3.));
#717 = CARTESIAN_POINT('',(5.629824833388,-3.));
#718 = CARTESIAN_POINT('',(5.597129187771,-3.));
#719 = CARTESIAN_POINT('',(5.565116187716,-3.));
#720 = CARTESIAN_POINT('',(5.533733529543,-3.));
#721 = CARTESIAN_POINT('',(5.50293041695,-3.));
#722 = CARTESIAN_POINT('',(5.444525175474,-3.));
#723 = CARTESIAN_POINT('',(5.416854655849,-3.));
#724 = CARTESIAN_POINT('',(5.38960388385,-3.));
#725 = CARTESIAN_POINT('',(5.362738697115,-3.));
#726 = CARTESIAN_POINT('',(5.336228390581,-3.));
#727 = CARTESIAN_POINT('',(5.310044376313,-3.));
#728 = CARTESIAN_POINT('',(5.196198832451,-3.));
#729 = CARTESIAN_POINT('',(5.111753543611,-3.));
#730 = CARTESIAN_POINT('',(5.029646421597,-3.));
#731 = CARTESIAN_POINT('',(4.949237508862,-3.));
#732 = CARTESIAN_POINT('',(4.869927203235,-3.));
#733 = CARTESIAN_POINT('',(4.791187029941,-3.));
#734 = CARTESIAN_POINT('',(4.633590930829,-3.));
#735 = CARTESIAN_POINT('',(4.554850757534,-3.));
#736 = CARTESIAN_POINT('',(4.475540451908,-3.));
#737 = CARTESIAN_POINT('',(4.395131539172,-3.));
#738 = CARTESIAN_POINT('',(4.313024417158,-3.));
#739 = CARTESIAN_POINT('',(4.228579128319,-3.));
#740 = CARTESIAN_POINT('',(4.114733584457,-3.));
#741 = CARTESIAN_POINT('',(4.088549570188,-3.));
#742 = CARTESIAN_POINT('',(4.062039263654,-3.));
#743 = CARTESIAN_POINT('',(4.03517407692,-3.));
#744 = CARTESIAN_POINT('',(4.007923304921,-3.));
#745 = CARTESIAN_POINT('',(3.980252785295,-3.));
#746 = CARTESIAN_POINT('',(3.921847543819,-3.));
#747 = CARTESIAN_POINT('',(3.891044431227,-3.));
#748 = CARTESIAN_POINT('',(3.859661773053,-3.));
#749 = CARTESIAN_POINT('',(3.827648772998,-3.));
#750 = CARTESIAN_POINT('',(3.794953127382,-3.));
#751 = CARTESIAN_POINT('',(3.761517866677,-3.));
#752 = CARTESIAN_POINT('',(3.727278197047,-3.));
#753 = ( GEOMETRIC_REPRESENTATION_CONTEXT(2) 
PARAMETRIC_REPRESENTATION_CONTEXT() REPRESENTATION_CONTEXT('2D SPACE',''
  ) );
#754 = ORIENTED_EDGE('',*,*,#141,.T.);
#755 = ADVANCED_FACE('',(#756),#183,.F.);
#756 = FACE_BOUND('',#757,.F.);
#757 = EDGE_LOOP('',(#758,#759,#760,#789,#815,#844,#863,#864));
#758 = ORIENTED_EDGE('',*,*,#167,.F.);
#759 = ORIENTED_EDGE('',*,*,#608,.T.);
#760 = ORIENTED_EDGE('',*,*,#761,.T.);
#761 = EDGE_CURVE('',#609,#762,#764,.T.);
#762 = VERTEX_POINT('',#763);
#763 = CARTESIAN_POINT('',(5.,2.5,0.670843802411));
#764 = SURFACE_CURVE('',#765,(#771,#780),.PCURVE_S1.);
#765 = B_SPLINE_CURVE_WITH_KNOTS('',4,(#766,#767,#768,#769,#770),
  .UNSPECIFIED.,.F.,.F.,(5,5),(0.,1.),.PIECEWISE_BEZIER_KNOTS.);
#766 = CARTESIAN_POINT('',(8.,2.5,0.670843802411));
#767 = CARTESIAN_POINT('',(7.24999985,2.5,0.670843802411));
#768 = CARTESIAN_POINT('',(6.4999997,2.5,0.670843802411));
#769 = CARTESIAN_POINT('',(5.74999955,2.5,0.670843802411));
#770 = CARTESIAN_POINT('',(4.9999994,2.5,0.670843802411));
#771 = PCURVE('',#183,#772);
#772 = DEFINITIONAL_REPRESENTATION('',(#773),#779);
#773 = B_SPLINE_CURVE_WITH_KNOTS('',4,(#774,#775,#776,#777,#778),
  .UNSPECIFIED.,.F.,.F.,(5,5),(0.,1.),.PIECEWISE_BEZIER_KNOTS.);
#774 = CARTESIAN_POINT('',(20.20590881318,-2.329156197589));
#775 = CARTESIAN_POINT('',(19.45590866318,-2.329156197589));
#776 = CARTESIAN_POINT('',(18.70590851318,-2.329156197589));
#777 = CARTESIAN_POINT('',(17.95590836318,-2.329156197589));
#778 = CARTESIAN_POINT('',(17.20590821318,-2.329156197589));
#779 = ( GEOMETRIC_REPRESENTATION_CONTEXT(2) 
PARAMETRIC_REPRESENTATION_CONTEXT() REPRESENTATION_CONTEXT('2D SPACE',''
  ) );
#780 = PCURVE('',#535,#781);
#781 = DEFINITIONAL_REPRESENTATION('',(#782),#788);
#782 = B_SPLINE_CURVE_WITH_KNOTS('',4,(#783,#784,#785,#786,#787),
  .UNSPECIFIED.,.F.,.F.,(5,5),(0.,1.),.PIECEWISE_BEZIER_KNOTS.);
#783 = CARTESIAN_POINT('',(5.697499763722,-3.));
#784 = CARTESIAN_POINT('',(5.697499763722,-2.24999985));
#785 = CARTESIAN_POINT('',(5.697499763722,-1.4999997));
#786 = CARTESIAN_POINT('',(5.697499763722,-0.74999955));
#787 = CARTESIAN_POINT('',(5.697499763722,5.999999999062E-07));
#788 = ( GEOMETRIC_REPRESENTATION_CONTEXT(2) 
PARAMETRIC_REPRESENTATION_CONTEXT() REPRESENTATION_CONTEXT('2D SPACE',''
  ) );
#789 = ORIENTED_EDGE('',*,*,#790,.T.);
#790 = EDGE_CURVE('',#762,#791,#793,.T.);
#791 = VERTEX_POINT('',#792);
#792 = CARTESIAN_POINT('',(5.,2.5,2.329156197589));
#793 = SURFACE_CURVE('',#794,(#798,#804),.PCURVE_S1.);
#794 = LINE('',#795,#796);
#795 = CARTESIAN_POINT('',(5.,2.5,2.25));
#796 = VECTOR('',#797,1.);
#797 = DIRECTION('',(-0.,0.,1.));
#798 = PCURVE('',#183,#799);
#799 = DEFINITIONAL_REPRESENTATION('',(#800),#803);
#800 = B_SPLINE_CURVE_WITH_KNOTS('',1,(#801,#802),.UNSPECIFIED.,.F.,.F.,
  (2,2),(-2.25,0.75),.PIECEWISE_BEZIER_KNOTS.);
#801 = CARTESIAN_POINT('',(17.20590881318,-3.));
#802 = CARTESIAN_POINT('',(17.20590881318,0.));
#803 = ( GEOMETRIC_REPRESENTATION_CONTEXT(2) 
PARAMETRIC_REPRESENTATION_CONTEXT() REPRESENTATION_CONTEXT('2D SPACE',''
  ) );
#804 = PCURVE('',#805,#810);
#805 = PLANE('',#806);
#806 = AXIS2_PLACEMENT_3D('',#807,#808,#809);
#807 = CARTESIAN_POINT('',(5.,0.261459135851,1.5));
#808 = DIRECTION('',(1.,0.,0.));
#809 = DIRECTION('',(-0.,0.,1.));
#810 = DEFINITIONAL_REPRESENTATION('',(#811),#814);
#811 = B_SPLINE_CURVE_WITH_KNOTS('',1,(#812,#813),.UNSPECIFIED.,.F.,.F.,
  (2,2),(-2.25,0.75),.PIECEWISE_BEZIER_KNOTS.);
#812 = CARTESIAN_POINT('',(-1.5,-2.238540864149));
#813 = CARTESIAN_POINT('',(1.5,-2.238540864149));
#814 = ( GEOMETRIC_REPRESENTATION_CONTEXT(2) 
PARAMETRIC_REPRESENTATION_CONTEXT() REPRESENTATION_CONTEXT('2D SPACE',''
  ) );
#815 = ORIENTED_EDGE('',*,*,#816,.F.);
#816 = EDGE_CURVE('',#817,#791,#819,.T.);
#817 = VERTEX_POINT('',#818);
#818 = CARTESIAN_POINT('',(8.,2.5,2.329156197589));
#819 = SURFACE_CURVE('',#820,(#826,#835),.PCURVE_S1.);
#820 = B_SPLINE_CURVE_WITH_KNOTS('',4,(#821,#822,#823,#824,#825),
  .UNSPECIFIED.,.F.,.F.,(5,5),(0.,1.),.PIECEWISE_BEZIER_KNOTS.);
#821 = CARTESIAN_POINT('',(8.,2.5,2.329156197589));
#822 = CARTESIAN_POINT('',(7.24999985,2.5,2.329156197589));
#823 = CARTESIAN_POINT('',(6.4999997,2.5,2.329156197589));
#824 = CARTESIAN_POINT('',(5.74999955,2.5,2.329156197589));
#825 = CARTESIAN_POINT('',(4.9999994,2.5,2.329156197589));
#826 = PCURVE('',#183,#827);
#827 = DEFINITIONAL_REPRESENTATION('',(#828),#834);
#828 = B_SPLINE_CURVE_WITH_KNOTS('',4,(#829,#830,#831,#832,#833),
  .UNSPECIFIED.,.F.,.F.,(5,5),(0.,1.),.PIECEWISE_BEZIER_KNOTS.);
#829 = CARTESIAN_POINT('',(20.20590881318,-0.670843802411));
#830 = CARTESIAN_POINT('',(19.45590866318,-0.670843802411));
#831 = CARTESIAN_POINT('',(18.70590851318,-0.670843802411));
#832 = CARTESIAN_POINT('',(17.95590836318,-0.670843802411));
#833 = CARTESIAN_POINT('',(17.20590821318,-0.670843802411));
#834 = ( GEOMETRIC_REPRESENTATION_CONTEXT(2) 
PARAMETRIC_REPRESENTATION_CONTEXT() REPRESENTATION_CONTEXT('2D SPACE',''
  ) );
#835 = PCURVE('',#535,#836);
#836 = DEFINITIONAL_REPRESENTATION('',(#837),#843);
#837 = B_SPLINE_CURVE_WITH_KNOTS('',4,(#838,#839,#840,#841,#842),
  .UNSPECIFIED.,.F.,.F.,(5,5),(0.,1.),.PIECEWISE_BEZIER_KNOTS.);
#838 = CARTESIAN_POINT('',(0.585685543457,-3.));
#839 = CARTESIAN_POINT('',(0.585685543457,-2.24999985));
#840 = CARTESIAN_POINT('',(0.585685543457,-1.4999997));
#841 = CARTESIAN_POINT('',(0.585685543457,-0.74999955));
#842 = CARTESIAN_POINT('',(0.585685543457,5.999999999062E-07));
#843 = ( GEOMETRIC_REPRESENTATION_CONTEXT(2) 
PARAMETRIC_REPRESENTATION_CONTEXT() REPRESENTATION_CONTEXT('2D SPACE',''
  ) );
#844 = ORIENTED_EDGE('',*,*,#845,.T.);
#845 = EDGE_CURVE('',#817,#320,#846,.T.);
#846 = SURFACE_CURVE('',#847,(#851,#857),.PCURVE_S1.);
#847 = LINE('',#848,#849);
#848 = CARTESIAN_POINT('',(8.,2.5,-2.75));
#849 = VECTOR('',#850,1.);
#850 = DIRECTION('',(-0.,0.,1.));
#851 = PCURVE('',#183,#852);
#852 = DEFINITIONAL_REPRESENTATION('',(#853),#856);
#853 = B_SPLINE_CURVE_WITH_KNOTS('',1,(#854,#855),.UNSPECIFIED.,.F.,.F.,
  (2,2),(-5.75,14.25),.PIECEWISE_BEZIER_KNOTS.);
#854 = CARTESIAN_POINT('',(20.20590881318,-11.5));
#855 = CARTESIAN_POINT('',(20.20590881318,8.5));
#856 = ( GEOMETRIC_REPRESENTATION_CONTEXT(2) 
PARAMETRIC_REPRESENTATION_CONTEXT() REPRESENTATION_CONTEXT('2D SPACE',''
  ) );
#857 = PCURVE('',#334,#858);
#858 = DEFINITIONAL_REPRESENTATION('',(#859),#862);
#859 = B_SPLINE_CURVE_WITH_KNOTS('',1,(#860,#861),.UNSPECIFIED.,.F.,.F.,
  (2,2),(-5.75,14.25),.PIECEWISE_BEZIER_KNOTS.);
#860 = CARTESIAN_POINT('',(0.,-12.5));
#861 = CARTESIAN_POINT('',(20.,-12.5));
#862 = ( GEOMETRIC_REPRESENTATION_CONTEXT(2) 
PARAMETRIC_REPRESENTATION_CONTEXT() REPRESENTATION_CONTEXT('2D SPACE',''
  ) );
#863 = ORIENTED_EDGE('',*,*,#345,.T.);
#864 = ORIENTED_EDGE('',*,*,#865,.T.);
#865 = EDGE_CURVE('',#346,#168,#866,.T.);
#866 = SURFACE_CURVE('',#867,(#871,#878),.PCURVE_S1.);
#867 = LINE('',#868,#869);
#868 = CARTESIAN_POINT('',(-12.20590881318,2.5,3.));
#869 = VECTOR('',#870,1.);
#870 = DIRECTION('',(-0.,-0.,-1.));
#871 = PCURVE('',#183,#872);
#872 = DEFINITIONAL_REPRESENTATION('',(#873),#877);
#873 = LINE('',#874,#875);
#874 = CARTESIAN_POINT('',(0.,0.));
#875 = VECTOR('',#876,1.);
#876 = DIRECTION('',(0.,-1.));
#877 = ( GEOMETRIC_REPRESENTATION_CONTEXT(2) 
PARAMETRIC_REPRESENTATION_CONTEXT() REPRESENTATION_CONTEXT('2D SPACE',''
  ) );
#878 = PCURVE('',#216,#879);
#879 = DEFINITIONAL_REPRESENTATION('',(#880),#883);
#880 = B_SPLINE_CURVE_WITH_KNOTS('',1,(#881,#882),.UNSPECIFIED.,.F.,.F.,
  (2,2),(-0.,3.),.PIECEWISE_BEZIER_KNOTS.);
#881 = CARTESIAN_POINT('',(7.853981633975,0.));
#882 = CARTESIAN_POINT('',(7.853981633975,3.));
#883 = ( GEOMETRIC_REPRESENTATION_CONTEXT(2) 
PARAMETRIC_REPRESENTATION_CONTEXT() REPRESENTATION_CONTEXT('2D SPACE',''
  ) );
#884 = ADVANCED_FACE('',(#885),#216,.T.);
#885 = FACE_BOUND('',#886,.T.);
#886 = EDGE_LOOP('',(#887,#888,#889,#890));
#887 = ORIENTED_EDGE('',*,*,#368,.F.);
#888 = ORIENTED_EDGE('',*,*,#865,.T.);
#889 = ORIENTED_EDGE('',*,*,#195,.F.);
#890 = ORIENTED_EDGE('',*,*,#891,.F.);
#891 = EDGE_CURVE('',#369,#196,#892,.T.);
#892 = SURFACE_CURVE('',#893,(#897,#903),.PCURVE_S1.);
#893 = LINE('',#894,#895);
#894 = CARTESIAN_POINT('',(-12.20590881318,-2.5,3.));
#895 = VECTOR('',#896,1.);
#896 = DIRECTION('',(-0.,-0.,-1.));
#897 = PCURVE('',#216,#898);
#898 = DEFINITIONAL_REPRESENTATION('',(#899),#902);
#899 = B_SPLINE_CURVE_WITH_KNOTS('',1,(#900,#901),.UNSPECIFIED.,.F.,.F.,
  (2,2),(-0.,3.),.PIECEWISE_BEZIER_KNOTS.);
#900 = CARTESIAN_POINT('',(4.712388980385,0.));
#901 = CARTESIAN_POINT('',(4.712388980385,3.));
#902 = ( GEOMETRIC_REPRESENTATION_CONTEXT(2) 
PARAMETRIC_REPRESENTATION_CONTEXT() REPRESENTATION_CONTEXT('2D SPACE',''
  ) );
#903 = PCURVE('',#242,#904);
#904 = DEFINITIONAL_REPRESENTATION('',(#905),#909);
#905 = LINE('',#906,#907);
#906 = CARTESIAN_POINT('',(0.,0.));
#907 = VECTOR('',#908,1.);
#908 = DIRECTION('',(0.,-1.));
#909 = ( GEOMETRIC_REPRESENTATION_CONTEXT(2) 
PARAMETRIC_REPRESENTATION_CONTEXT() REPRESENTATION_CONTEXT('2D SPACE',''
  ) );
#910 = ADVANCED_FACE('',(#911),#242,.F.);
#911 = FACE_BOUND('',#912,.F.);
#912 = EDGE_LOOP('',(#913,#914,#915,#916,#937,#966,#992,#1019));
#913 = ORIENTED_EDGE('',*,*,#228,.F.);
#914 = ORIENTED_EDGE('',*,*,#891,.F.);
#915 = ORIENTED_EDGE('',*,*,#392,.T.);
#916 = ORIENTED_EDGE('',*,*,#917,.T.);
#917 = EDGE_CURVE('',#292,#918,#920,.T.);
#918 = VERTEX_POINT('',#919);
#919 = CARTESIAN_POINT('',(8.,-2.5,2.329156197589));
#920 = SURFACE_CURVE('',#921,(#925,#931),.PCURVE_S1.);
#921 = LINE('',#922,#923);
#922 = CARTESIAN_POINT('',(8.,-2.5,-2.75));
#923 = VECTOR('',#924,1.);
#924 = DIRECTION('',(0.,0.,-1.));
#925 = PCURVE('',#242,#926);
#926 = DEFINITIONAL_REPRESENTATION('',(#927),#930);
#927 = B_SPLINE_CURVE_WITH_KNOTS('',1,(#928,#929),.UNSPECIFIED.,.F.,.F.,
  (2,2),(-5.75,-2.75),.PIECEWISE_BEZIER_KNOTS.);
#928 = CARTESIAN_POINT('',(-20.20590881318,0.));
#929 = CARTESIAN_POINT('',(-20.20590881318,-3.));
#930 = ( GEOMETRIC_REPRESENTATION_CONTEXT(2) 
PARAMETRIC_REPRESENTATION_CONTEXT() REPRESENTATION_CONTEXT('2D SPACE',''
  ) );
#931 = PCURVE('',#308,#932);
#932 = DEFINITIONAL_REPRESENTATION('',(#933),#936);
#933 = B_SPLINE_CURVE_WITH_KNOTS('',1,(#934,#935),.UNSPECIFIED.,.F.,.F.,
  (2,2),(-5.75,-2.75),.PIECEWISE_BEZIER_KNOTS.);
#934 = CARTESIAN_POINT('',(11.5,-7.5));
#935 = CARTESIAN_POINT('',(8.5,-7.5));
#936 = ( GEOMETRIC_REPRESENTATION_CONTEXT(2) 
PARAMETRIC_REPRESENTATION_CONTEXT() REPRESENTATION_CONTEXT('2D SPACE',''
  ) );
#937 = ORIENTED_EDGE('',*,*,#938,.T.);
#938 = EDGE_CURVE('',#918,#939,#941,.T.);
#939 = VERTEX_POINT('',#940);
#940 = CARTESIAN_POINT('',(5.,-2.5,2.329156197589));
#941 = SURFACE_CURVE('',#942,(#948,#957),.PCURVE_S1.);
#942 = B_SPLINE_CURVE_WITH_KNOTS('',4,(#943,#944,#945,#946,#947),
  .UNSPECIFIED.,.F.,.F.,(5,5),(0.,1.),.PIECEWISE_BEZIER_KNOTS.);
#943 = CARTESIAN_POINT('',(8.,-2.5,2.329156197589));
#944 = CARTESIAN_POINT('',(7.24999985,-2.5,2.329156197589));
#945 = CARTESIAN_POINT('',(6.4999997,-2.5,2.329156197589));
#946 = CARTESIAN_POINT('',(5.74999955,-2.5,2.329156197589));
#947 = CARTESIAN_POINT('',(4.9999994,-2.5,2.329156197589));
#948 = PCURVE('',#242,#949);
#949 = DEFINITIONAL_REPRESENTATION('',(#950),#956);
#950 = B_SPLINE_CURVE_WITH_KNOTS('',4,(#951,#952,#953,#954,#955),
  .UNSPECIFIED.,.F.,.F.,(5,5),(0.,1.),.PIECEWISE_BEZIER_KNOTS.);
#951 = CARTESIAN_POINT('',(-20.20590881318,-0.670843802411));
#952 = CARTESIAN_POINT('',(-19.45590866318,-0.670843802411));
#953 = CARTESIAN_POINT('',(-18.70590851318,-0.670843802411));
#954 = CARTESIAN_POINT('',(-17.95590836318,-0.670843802411));
#955 = CARTESIAN_POINT('',(-17.20590821318,-0.670843802411));
#956 = ( GEOMETRIC_REPRESENTATION_CONTEXT(2) 
PARAMETRIC_REPRESENTATION_CONTEXT() REPRESENTATION_CONTEXT('2D SPACE',''
  ) );
#957 = PCURVE('',#535,#958);
#958 = DEFINITIONAL_REPRESENTATION('',(#959),#965);
#959 = B_SPLINE_CURVE_WITH_KNOTS('',4,(#960,#961,#962,#963,#964),
  .UNSPECIFIED.,.F.,.F.,(5,5),(0.,1.),.PIECEWISE_BEZIER_KNOTS.);
#960 = CARTESIAN_POINT('',(2.555907110133,-3.));
#961 = CARTESIAN_POINT('',(2.555907110133,-2.24999985));
#962 = CARTESIAN_POINT('',(2.555907110133,-1.4999997));
#963 = CARTESIAN_POINT('',(2.555907110133,-0.74999955));
#964 = CARTESIAN_POINT('',(2.555907110133,5.999999999062E-07));
#965 = ( GEOMETRIC_REPRESENTATION_CONTEXT(2) 
PARAMETRIC_REPRESENTATION_CONTEXT() REPRESENTATION_CONTEXT('2D SPACE',''
  ) );
#966 = ORIENTED_EDGE('',*,*,#967,.T.);
#967 = EDGE_CURVE('',#939,#968,#970,.T.);
#968 = VERTEX_POINT('',#969);
#969 = CARTESIAN_POINT('',(5.,-2.5,0.670843802411));
#970 = SURFACE_CURVE('',#971,(#975,#981),.PCURVE_S1.);
#971 = LINE('',#972,#973);
#972 = CARTESIAN_POINT('',(5.,-2.5,2.25));
#973 = VECTOR('',#974,1.);
#974 = DIRECTION('',(0.,0.,-1.));
#975 = PCURVE('',#242,#976);
#976 = DEFINITIONAL_REPRESENTATION('',(#977),#980);
#977 = B_SPLINE_CURVE_WITH_KNOTS('',1,(#978,#979),.UNSPECIFIED.,.F.,.F.,
  (2,2),(-0.75,2.25),.PIECEWISE_BEZIER_KNOTS.);
#978 = CARTESIAN_POINT('',(-17.20590881318,0.));
#979 = CARTESIAN_POINT('',(-17.20590881318,-3.));
#980 = ( GEOMETRIC_REPRESENTATION_CONTEXT(2) 
PARAMETRIC_REPRESENTATION_CONTEXT() REPRESENTATION_CONTEXT('2D SPACE',''
  ) );
#981 = PCURVE('',#982,#987);
#982 = PLANE('',#983);
#983 = AXIS2_PLACEMENT_3D('',#984,#985,#986);
#984 = CARTESIAN_POINT('',(5.,0.261459135851,1.5));
#985 = DIRECTION('',(1.,0.,0.));
#986 = DIRECTION('',(-0.,0.,1.));
#987 = DEFINITIONAL_REPRESENTATION('',(#988),#991);
#988 = B_SPLINE_CURVE_WITH_KNOTS('',1,(#989,#990),.UNSPECIFIED.,.F.,.F.,
  (2,2),(-0.75,2.25),.PIECEWISE_BEZIER_KNOTS.);
#989 = CARTESIAN_POINT('',(1.5,2.761459135851));
#990 = CARTESIAN_POINT('',(-1.5,2.761459135851));
#991 = ( GEOMETRIC_REPRESENTATION_CONTEXT(2) 
PARAMETRIC_REPRESENTATION_CONTEXT() REPRESENTATION_CONTEXT('2D SPACE',''
  ) );
#992 = ORIENTED_EDGE('',*,*,#993,.F.);
#993 = EDGE_CURVE('',#450,#968,#994,.T.);
#994 = SURFACE_CURVE('',#995,(#1001,#1010),.PCURVE_S1.);
#995 = B_SPLINE_CURVE_WITH_KNOTS('',4,(#996,#997,#998,#999,#1000),
  .UNSPECIFIED.,.F.,.F.,(5,5),(0.,1.),.PIECEWISE_BEZIER_KNOTS.);
#996 = CARTESIAN_POINT('',(8.,-2.5,0.670843802411));
#997 = CARTESIAN_POINT('',(7.24999985,-2.5,0.670843802411));
#998 = CARTESIAN_POINT('',(6.4999997,-2.5,0.670843802411));
#999 = CARTESIAN_POINT('',(5.74999955,-2.5,0.670843802411));
#1000 = CARTESIAN_POINT('',(4.9999994,-2.5,0.670843802411));
#1001 = PCURVE('',#242,#1002);
#1002 = DEFINITIONAL_REPRESENTATION('',(#1003),#1009);
#1003 = B_SPLINE_CURVE_WITH_KNOTS('',4,(#1004,#1005,#1006,#1007,#1008),
  .UNSPECIFIED.,.F.,.F.,(5,5),(0.,1.),.PIECEWISE_BEZIER_KNOTS.);
#1004 = CARTESIAN_POINT('',(-20.20590881318,-2.329156197589));
#1005 = CARTESIAN_POINT('',(-19.45590866318,-2.329156197589));
#1006 = CARTESIAN_POINT('',(-18.70590851318,-2.329156197589));
#1007 = CARTESIAN_POINT('',(-17.95590836318,-2.329156197589));
#1008 = CARTESIAN_POINT('',(-17.20590821318,-2.329156197589));
#1009 = ( GEOMETRIC_REPRESENTATION_CONTEXT(2) 
PARAMETRIC_REPRESENTATION_CONTEXT() REPRESENTATION_CONTEXT('2D SPACE',''
  ) );
#1010 = PCURVE('',#535,#1011);
#1011 = DEFINITIONAL_REPRESENTATION('',(#1012),#1018);
#1012 = B_SPLINE_CURVE_WITH_KNOTS('',4,(#1013,#1014,#1015,#1016,#1017),
  .UNSPECIFIED.,.F.,.F.,(5,5),(0.,1.),.PIECEWISE_BEZIER_KNOTS.);
#1013 = CARTESIAN_POINT('',(3.727278197047,-3.));
#1014 = CARTESIAN_POINT('',(3.727278197047,-2.24999985));
#1015 = CARTESIAN_POINT('',(3.727278197047,-1.4999997));
#1016 = CARTESIAN_POINT('',(3.727278197047,-0.74999955));
#1017 = CARTESIAN_POINT('',(3.727278197047,5.999999999062E-07));
#1018 = ( GEOMETRIC_REPRESENTATION_CONTEXT(2) 
PARAMETRIC_REPRESENTATION_CONTEXT() REPRESENTATION_CONTEXT('2D SPACE',''
  ) );
#1019 = ORIENTED_EDGE('',*,*,#585,.T.);
#1020 = ADVANCED_FACE('',(#1021),#273,.F.);
#1021 = FACE_BOUND('',#1022,.F.);
#1022 = EDGE_LOOP('',(#1023,#1024,#1045,#1046));
#1023 = ORIENTED_EDGE('',*,*,#256,.T.);
#1024 = ORIENTED_EDGE('',*,*,#1025,.F.);
#1025 = EDGE_CURVE('',#416,#257,#1026,.T.);
#1026 = SEAM_CURVE('',#1027,(#1031,#1038),.PCURVE_S1.);
#1027 = LINE('',#1028,#1029);
#1028 = CARTESIAN_POINT('',(-13.55590881318,0.,3.));
#1029 = VECTOR('',#1030,1.);
#1030 = DIRECTION('',(-0.,-0.,-1.));
#1031 = PCURVE('',#273,#1032);
#1032 = DEFINITIONAL_REPRESENTATION('',(#1033),#1037);
#1033 = LINE('',#1034,#1035);
#1034 = CARTESIAN_POINT('',(0.,0.));
#1035 = VECTOR('',#1036,1.);
#1036 = DIRECTION('',(0.,1.));
#1037 = ( GEOMETRIC_REPRESENTATION_CONTEXT(2) 
PARAMETRIC_REPRESENTATION_CONTEXT() REPRESENTATION_CONTEXT('2D SPACE',''
  ) );
#1038 = PCURVE('',#273,#1039);
#1039 = DEFINITIONAL_REPRESENTATION('',(#1040),#1044);
#1040 = LINE('',#1041,#1042);
#1041 = CARTESIAN_POINT('',(6.28318530718,0.));
#1042 = VECTOR('',#1043,1.);
#1043 = DIRECTION('',(0.,1.));
#1044 = ( GEOMETRIC_REPRESENTATION_CONTEXT(2) 
PARAMETRIC_REPRESENTATION_CONTEXT() REPRESENTATION_CONTEXT('2D SPACE',''
  ) );
#1045 = ORIENTED_EDGE('',*,*,#415,.T.);
#1046 = ORIENTED_EDGE('',*,*,#1025,.T.);
#1047 = ADVANCED_FACE('',(#1048),#308,.T.);
#1048 = FACE_BOUND('',#1049,.T.);
#1049 = EDGE_LOOP('',(#1050,#1051,#1052));
#1050 = ORIENTED_EDGE('',*,*,#291,.F.);
#1051 = ORIENTED_EDGE('',*,*,#917,.T.);
#1052 = ORIENTED_EDGE('',*,*,#1053,.T.);
#1053 = EDGE_CURVE('',#918,#294,#1054,.T.);
#1054 = SURFACE_CURVE('',#1055,(#1094,#1136),.PCURVE_S1.);
#1055 = B_SPLINE_CURVE_WITH_KNOTS('',7,(#1056,#1057,#1058,#1059,#1060,
    #1061,#1062,#1063,#1064,#1065,#1066,#1067,#1068,#1069,#1070,#1071,
    #1072,#1073,#1074,#1075,#1076,#1077,#1078,#1079,#1080,#1081,#1082,
    #1083,#1084,#1085,#1086,#1087,#1088,#1089,#1090,#1091,#1092,#1093),
  .UNSPECIFIED.,.F.,.F.,(8,6,6,6,6,6,8),(0.,9.830550878326E-02,
    0.189640449488,0.5,0.810359550512,0.901694491217,1.),.UNSPECIFIED.);
#1056 = CARTESIAN_POINT('',(8.,-2.5,2.329156197589));
#1057 = CARTESIAN_POINT('',(8.,-2.443219931446,2.371955784626));
#1058 = CARTESIAN_POINT('',(8.,-2.384354934065,2.412615803989));
#1059 = CARTESIAN_POINT('',(8.,-2.323693592655,2.451231150357));
#1060 = CARTESIAN_POINT('',(8.,-2.261479646477,2.487891323602));
#1061 = CARTESIAN_POINT('',(8.,-2.197914586221,2.522681610409));
#1062 = CARTESIAN_POINT('',(8.,-2.133160250969,2.555684265905));
#1063 = CARTESIAN_POINT('',(8.,-2.006189627804,2.61605605348));
#1064 = CARTESIAN_POINT('',(8.,-1.944126801684,2.643654865706));
#1065 = CARTESIAN_POINT('',(8.,-1.88125859715,2.669837624733));
#1066 = CARTESIAN_POINT('',(8.,-1.817676251487,2.694658767254));
#1067 = CARTESIAN_POINT('',(8.,-1.753457694237,2.71816690493));
#1068 = CARTESIAN_POINT('',(8.,-1.688668652526,2.740406055424));
#1069 = CARTESIAN_POINT('',(8.,-1.401455272536,2.83281242029));
#1070 = CARTESIAN_POINT('',(8.,-1.173762907383,2.889969638444));
#1071 = CARTESIAN_POINT('',(8.,-0.942212594722,2.934574510183));
#1072 = CARTESIAN_POINT('',(8.,-0.708141261399,2.967426929868));
#1073 = CARTESIAN_POINT('',(8.,-0.472616394781,2.989134894497));
#1074 = CARTESIAN_POINT('',(8.,-0.236394148668,3.));
#1075 = CARTESIAN_POINT('',(8.,0.236394148667,3.));
#1076 = CARTESIAN_POINT('',(8.,0.472616394782,2.989134894497));
#1077 = CARTESIAN_POINT('',(8.,0.708141261396,2.967426929868));
#1078 = CARTESIAN_POINT('',(8.,0.942212594724,2.934574510182));
#1079 = CARTESIAN_POINT('',(8.,1.173762907381,2.889969638445));
#1080 = CARTESIAN_POINT('',(8.,1.401455272536,2.83281242029));
#1081 = CARTESIAN_POINT('',(8.,1.688668652525,2.740406055425));
#1082 = CARTESIAN_POINT('',(8.,1.753457694236,2.71816690493));
#1083 = CARTESIAN_POINT('',(8.,1.817676251486,2.694658767254));
#1084 = CARTESIAN_POINT('',(8.,1.88125859715,2.669837624733));
#1085 = CARTESIAN_POINT('',(8.,1.944126801684,2.643654865707));
#1086 = CARTESIAN_POINT('',(8.,2.006189627803,2.61605605348));
#1087 = CARTESIAN_POINT('',(8.,2.133160250969,2.555684265905));
#1088 = CARTESIAN_POINT('',(8.,2.19791458622,2.52268161041));
#1089 = CARTESIAN_POINT('',(8.,2.261479646476,2.487891323602));
#1090 = CARTESIAN_POINT('',(8.,2.323693592655,2.451231150357));
#1091 = CARTESIAN_POINT('',(8.,2.384354934065,2.412615803989));
#1092 = CARTESIAN_POINT('',(8.,2.443219931446,2.371955784627));
#1093 = CARTESIAN_POINT('',(8.,2.5,2.329156197589));
#1094 = PCURVE('',#308,#1095);
#1095 = DEFINITIONAL_REPRESENTATION('',(#1096),#1135);
#1096 = B_SPLINE_CURVE_WITH_KNOTS('',7,(#1097,#1098,#1099,#1100,#1101,
    #1102,#1103,#1104,#1105,#1106,#1107,#1108,#1109,#1110,#1111,#1112,
    #1113,#1114,#1115,#1116,#1117,#1118,#1119,#1120,#1121,#1122,#1123,
    #1124,#1125,#1126,#1127,#1128,#1129,#1130,#1131,#1132,#1133,#1134),
  .UNSPECIFIED.,.F.,.F.,(8,6,6,6,6,6,8),(0.,9.830550878326E-02,
    0.189640449488,0.5,0.810359550512,0.901694491217,1.),.UNSPECIFIED.);
#1097 = CARTESIAN_POINT('',(10.829156197589,-7.5));
#1098 = CARTESIAN_POINT('',(10.871955784626,-7.556780068554));
#1099 = CARTESIAN_POINT('',(10.912615803989,-7.615645065935));
#1100 = CARTESIAN_POINT('',(10.951231150357,-7.676306407345));
#1101 = CARTESIAN_POINT('',(10.987891323602,-7.738520353523));
#1102 = CARTESIAN_POINT('',(11.022681610409,-7.802085413779));
#1103 = CARTESIAN_POINT('',(11.055684265905,-7.866839749031));
#1104 = CARTESIAN_POINT('',(11.11605605348,-7.993810372196));
#1105 = CARTESIAN_POINT('',(11.143654865706,-8.055873198316));
#1106 = CARTESIAN_POINT('',(11.169837624733,-8.11874140285));
#1107 = CARTESIAN_POINT('',(11.194658767254,-8.182323748513));
#1108 = CARTESIAN_POINT('',(11.21816690493,-8.246542305763));
#1109 = CARTESIAN_POINT('',(11.240406055424,-8.311331347474));
#1110 = CARTESIAN_POINT('',(11.33281242029,-8.598544727464));
#1111 = CARTESIAN_POINT('',(11.389969638444,-8.826237092617));
#1112 = CARTESIAN_POINT('',(11.434574510183,-9.057787405278));
#1113 = CARTESIAN_POINT('',(11.467426929868,-9.291858738601));
#1114 = CARTESIAN_POINT('',(11.489134894497,-9.527383605219));
#1115 = CARTESIAN_POINT('',(11.5,-9.763605851332));
#1116 = CARTESIAN_POINT('',(11.5,-10.23639414866));
#1117 = CARTESIAN_POINT('',(11.489134894497,-10.47261639478));
#1118 = CARTESIAN_POINT('',(11.467426929868,-10.70814126139));
#1119 = CARTESIAN_POINT('',(11.434574510182,-10.94221259472));
#1120 = CARTESIAN_POINT('',(11.389969638445,-11.17376290738));
#1121 = CARTESIAN_POINT('',(11.33281242029,-11.40145527253));
#1122 = CARTESIAN_POINT('',(11.240406055425,-11.68866865252));
#1123 = CARTESIAN_POINT('',(11.21816690493,-11.75345769423));
#1124 = CARTESIAN_POINT('',(11.194658767254,-11.81767625148));
#1125 = CARTESIAN_POINT('',(11.169837624733,-11.88125859715));
#1126 = CARTESIAN_POINT('',(11.143654865707,-11.94412680168));
#1127 = CARTESIAN_POINT('',(11.11605605348,-12.0061896278));
#1128 = CARTESIAN_POINT('',(11.055684265905,-12.13316025096));
#1129 = CARTESIAN_POINT('',(11.02268161041,-12.19791458622));
#1130 = CARTESIAN_POINT('',(10.987891323602,-12.26147964647));
#1131 = CARTESIAN_POINT('',(10.951231150357,-12.32369359265));
#1132 = CARTESIAN_POINT('',(10.912615803989,-12.38435493406));
#1133 = CARTESIAN_POINT('',(10.871955784627,-12.44321993144));
#1134 = CARTESIAN_POINT('',(10.829156197589,-12.5));
#1135 = ( GEOMETRIC_REPRESENTATION_CONTEXT(2) 
PARAMETRIC_REPRESENTATION_CONTEXT() REPRESENTATION_CONTEXT('2D SPACE',''
  ) );
#1136 = PCURVE('',#535,#1137);
#1137 = DEFINITIONAL_REPRESENTATION('',(#1138),#1177);
#1138 = B_SPLINE_CURVE_WITH_KNOTS('',7,(#1139,#1140,#1141,#1142,#1143,
    #1144,#1145,#1146,#1147,#1148,#1149,#1150,#1151,#1152,#1153,#1154,
    #1155,#1156,#1157,#1158,#1159,#1160,#1161,#1162,#1163,#1164,#1165,
    #1166,#1167,#1168,#1169,#1170,#1171,#1172,#1173,#1174,#1175,#1176),
  .UNSPECIFIED.,.F.,.F.,(8,6,6,6,6,6,8),(0.,9.830550878326E-02,
    0.189640449488,0.5,0.810359550512,0.901694491217,1.),.UNSPECIFIED.);
#1139 = CARTESIAN_POINT('',(2.555907110133,-3.));
#1140 = CARTESIAN_POINT('',(2.521667440503,-3.));
#1141 = CARTESIAN_POINT('',(2.488232179798,-3.));
#1142 = CARTESIAN_POINT('',(2.455536534181,-3.));
#1143 = CARTESIAN_POINT('',(2.423523534126,-3.));
#1144 = CARTESIAN_POINT('',(2.392140875953,-3.));
#1145 = CARTESIAN_POINT('',(2.361337763361,-3.));
#1146 = CARTESIAN_POINT('',(2.302932521884,-3.));
#1147 = CARTESIAN_POINT('',(2.275262002259,-3.));
#1148 = CARTESIAN_POINT('',(2.24801123026,-3.));
#1149 = CARTESIAN_POINT('',(2.221146043526,-3.));
#1150 = CARTESIAN_POINT('',(2.194635736991,-3.));
#1151 = CARTESIAN_POINT('',(2.168451722723,-3.));
#1152 = CARTESIAN_POINT('',(2.054606178861,-3.));
#1153 = CARTESIAN_POINT('',(1.970160890022,-3.));
#1154 = CARTESIAN_POINT('',(1.888053768007,-3.));
#1155 = CARTESIAN_POINT('',(1.807644855272,-3.));
#1156 = CARTESIAN_POINT('',(1.728334549645,-3.));
#1157 = CARTESIAN_POINT('',(1.649594376351,-3.));
#1158 = CARTESIAN_POINT('',(1.491998277239,-3.));
#1159 = CARTESIAN_POINT('',(1.413258103944,-3.));
#1160 = CARTESIAN_POINT('',(1.333947798319,-3.));
#1161 = CARTESIAN_POINT('',(1.253538885583,-3.));
#1162 = CARTESIAN_POINT('',(1.171431763569,-3.));
#1163 = CARTESIAN_POINT('',(1.086986474729,-3.));
#1164 = CARTESIAN_POINT('',(0.973140930867,-3.));
#1165 = CARTESIAN_POINT('',(0.946956916599,-3.));
#1166 = CARTESIAN_POINT('',(0.920446610064,-3.));
#1167 = CARTESIAN_POINT('',(0.89358142333,-3.));
#1168 = CARTESIAN_POINT('',(0.866330651331,-3.));
#1169 = CARTESIAN_POINT('',(0.838660131706,-3.));
#1170 = CARTESIAN_POINT('',(0.780254890229,-3.));
#1171 = CARTESIAN_POINT('',(0.749451777637,-3.));
#1172 = CARTESIAN_POINT('',(0.718069119464,-3.));
#1173 = CARTESIAN_POINT('',(0.686056119409,-3.));
#1174 = CARTESIAN_POINT('',(0.653360473792,-3.));
#1175 = CARTESIAN_POINT('',(0.619925213087,-3.));
#1176 = CARTESIAN_POINT('',(0.585685543457,-3.));
#1177 = ( GEOMETRIC_REPRESENTATION_CONTEXT(2) 
PARAMETRIC_REPRESENTATION_CONTEXT() REPRESENTATION_CONTEXT('2D SPACE',''
  ) );
#1178 = ADVANCED_FACE('',(#1179),#334,.T.);
#1179 = FACE_BOUND('',#1180,.T.);
#1180 = EDGE_LOOP('',(#1181,#1182,#1308));
#1181 = ORIENTED_EDGE('',*,*,#319,.F.);
#1182 = ORIENTED_EDGE('',*,*,#1183,.T.);
#1183 = EDGE_CURVE('',#294,#817,#1184,.T.);
#1184 = SURFACE_CURVE('',#1185,(#1224,#1266),.PCURVE_S1.);
#1185 = B_SPLINE_CURVE_WITH_KNOTS('',7,(#1186,#1187,#1188,#1189,#1190,
    #1191,#1192,#1193,#1194,#1195,#1196,#1197,#1198,#1199,#1200,#1201,
    #1202,#1203,#1204,#1205,#1206,#1207,#1208,#1209,#1210,#1211,#1212,
    #1213,#1214,#1215,#1216,#1217,#1218,#1219,#1220,#1221,#1222,#1223),
  .UNSPECIFIED.,.F.,.F.,(8,6,6,6,6,6,8),(0.,9.830550878326E-02,
    0.189640449488,0.5,0.810359550512,0.901694491217,1.),.UNSPECIFIED.);
#1186 = CARTESIAN_POINT('',(8.,-2.5,2.329156197589));
#1187 = CARTESIAN_POINT('',(8.,-2.443219931446,2.371955784626));
#1188 = CARTESIAN_POINT('',(8.,-2.384354934065,2.412615803989));
#1189 = CARTESIAN_POINT('',(8.,-2.323693592655,2.451231150357));
#1190 = CARTESIAN_POINT('',(8.,-2.261479646477,2.487891323602));
#1191 = CARTESIAN_POINT('',(8.,-2.197914586221,2.522681610409));
#1192 = CARTESIAN_POINT('',(8.,-2.133160250969,2.555684265905));
#1193 = CARTESIAN_POINT('',(8.,-2.006189627804,2.61605605348));
#1194 = CARTESIAN_POINT('',(8.,-1.944126801684,2.643654865706));
#1195 = CARTESIAN_POINT('',(8.,-1.88125859715,2.669837624733));
#1196 = CARTESIAN_POINT('',(8.,-1.817676251487,2.694658767254));
#1197 = CARTESIAN_POINT('',(8.,-1.753457694237,2.71816690493));
#1198 = CARTESIAN_POINT('',(8.,-1.688668652526,2.740406055424));
#1199 = CARTESIAN_POINT('',(8.,-1.401455272536,2.83281242029));
#1200 = CARTESIAN_POINT('',(8.,-1.173762907383,2.889969638444));
#1201 = CARTESIAN_POINT('',(8.,-0.942212594722,2.934574510183));
#1202 = CARTESIAN_POINT('',(8.,-0.708141261399,2.967426929868));
#1203 = CARTESIAN_POINT('',(8.,-0.472616394781,2.989134894497));
#1204 = CARTESIAN_POINT('',(8.,-0.236394148668,3.));
#1205 = CARTESIAN_POINT('',(8.,0.236394148667,3.));
#1206 = CARTESIAN_POINT('',(8.,0.472616394782,2.989134894497));
#1207 = CARTESIAN_POINT('',(8.,0.708141261396,2.967426929868));
#1208 = CARTESIAN_POINT('',(8.,0.942212594724,2.934574510182));
#1209 = CARTESIAN_POINT('',(8.,1.173762907381,2.889969638445));
#1210 = CARTESIAN_POINT('',(8.,1.401455272536,2.83281242029));
#1211 = CARTESIAN_POINT('',(8.,1.688668652525,2.740406055425));
#1212 = CARTESIAN_POINT('',(8.,1.753457694236,2.71816690493));
#1213 = CARTESIAN_POINT('',(8.,1.817676251486,2.694658767254));
#1214 = CARTESIAN_POINT('',(8.,1.88125859715,2.669837624733));
#1215 = CARTESIAN_POINT('',(8.,1.944126801684,2.643654865707));
#1216 = CARTESIAN_POINT('',(8.,2.006189627803,2.61605605348));
#1217 = CARTESIAN_POINT('',(8.,2.133160250969,2.555684265905));
#1218 = CARTESIAN_POINT('',(8.,2.19791458622,2.52268161041));
#1219 = CARTESIAN_POINT('',(8.,2.261479646476,2.487891323602));
#1220 = CARTESIAN_POINT('',(8.,2.323693592655,2.451231150357));
#1221 = CARTESIAN_POINT('',(8.,2.384354934065,2.412615803989));
#1222 = CARTESIAN_POINT('',(8.,2.443219931446,2.371955784627));
#1223 = CARTESIAN_POINT('',(8.,2.5,2.329156197589));
#1224 = PCURVE('',#334,#1225);
#1225 = DEFINITIONAL_REPRESENTATION('',(#1226),#1265);
#1226 = B_SPLINE_CURVE_WITH_KNOTS('',7,(#1227,#1228,#1229,#1230,#1231,
    #1232,#1233,#1234,#1235,#1236,#1237,#1238,#1239,#1240,#1241,#1242,
    #1243,#1244,#1245,#1246,#1247,#1248,#1249,#1250,#1251,#1252,#1253,
    #1254,#1255,#1256,#1257,#1258,#1259,#1260,#1261,#1262,#1263,#1264),
  .UNSPECIFIED.,.F.,.F.,(8,6,6,6,6,6,8),(0.,9.830550878326E-02,
    0.189640449488,0.5,0.810359550512,0.901694491217,1.),.UNSPECIFIED.);
#1227 = CARTESIAN_POINT('',(10.829156197589,-7.5));
#1228 = CARTESIAN_POINT('',(10.871955784626,-7.556780068554));
#1229 = CARTESIAN_POINT('',(10.912615803989,-7.615645065935));
#1230 = CARTESIAN_POINT('',(10.951231150357,-7.676306407345));
#1231 = CARTESIAN_POINT('',(10.987891323602,-7.738520353523));
#1232 = CARTESIAN_POINT('',(11.022681610409,-7.802085413779));
#1233 = CARTESIAN_POINT('',(11.055684265905,-7.866839749031));
#1234 = CARTESIAN_POINT('',(11.11605605348,-7.993810372196));
#1235 = CARTESIAN_POINT('',(11.143654865706,-8.055873198316));
#1236 = CARTESIAN_POINT('',(11.169837624733,-8.11874140285));
#1237 = CARTESIAN_POINT('',(11.194658767254,-8.182323748513));
#1238 = CARTESIAN_POINT('',(11.21816690493,-8.246542305763));
#1239 = CARTESIAN_POINT('',(11.240406055424,-8.311331347474));
#1240 = CARTESIAN_POINT('',(11.33281242029,-8.598544727464));
#1241 = CARTESIAN_POINT('',(11.389969638444,-8.826237092617));
#1242 = CARTESIAN_POINT('',(11.434574510183,-9.057787405278));
#1243 = CARTESIAN_POINT('',(11.467426929868,-9.291858738601));
#1244 = CARTESIAN_POINT('',(11.489134894497,-9.527383605219));
#1245 = CARTESIAN_POINT('',(11.5,-9.763605851332));
#1246 = CARTESIAN_POINT('',(11.5,-10.23639414866));
#1247 = CARTESIAN_POINT('',(11.489134894497,-10.47261639478));
#1248 = CARTESIAN_POINT('',(11.467426929868,-10.70814126139));
#1249 = CARTESIAN_POINT('',(11.434574510182,-10.94221259472));
#1250 = CARTESIAN_POINT('',(11.389969638445,-11.17376290738));
#1251 = CARTESIAN_POINT('',(11.33281242029,-11.40145527253));
#1252 = CARTESIAN_POINT('',(11.240406055425,-11.68866865252));
#1253 = CARTESIAN_POINT('',(11.21816690493,-11.75345769423));
#1254 = CARTESIAN_POINT('',(11.194658767254,-11.81767625148));
#1255 = CARTESIAN_POINT('',(11.169837624733,-11.88125859715));
#1256 = CARTESIAN_POINT('',(11.143654865707,-11.94412680168));
#1257 = CARTESIAN_POINT('',(11.11605605348,-12.0061896278));
#1258 = CARTESIAN_POINT('',(11.055684265905,-12.13316025096));
#1259 = CARTESIAN_POINT('',(11.02268161041,-12.19791458622));
#1260 = CARTESIAN_POINT('',(10.987891323602,-12.26147964647));
#1261 = CARTESIAN_POINT('',(10.951231150357,-12.32369359265));
#1262 = CARTESIAN_POINT('',(10.912615803989,-12.38435493406));
#1263 = CARTESIAN_POINT('',(10.871955784627,-12.44321993144));
#1264 = CARTESIAN_POINT('',(10.829156197589,-12.5));
#1265 = ( GEOMETRIC_REPRESENTATION_CONTEXT(2) 
PARAMETRIC_REPRESENTATION_CONTEXT() REPRESENTATION_CONTEXT('2D SPACE',''
  ) );
#1266 = PCURVE('',#535,#1267);
#1267 = DEFINITIONAL_REPRESENTATION('',(#1268),#1307);
#1268 = B_SPLINE_CURVE_WITH_KNOTS('',7,(#1269,#1270,#1271,#1272,#1273,
    #1274,#1275,#1276,#1277,#1278,#1279,#1280,#1281,#1282,#1283,#1284,
    #1285,#1286,#1287,#1288,#1289,#1290,#1291,#1292,#1293,#1294,#1295,
    #1296,#1297,#1298,#1299,#1300,#1301,#1302,#1303,#1304,#1305,#1306),
  .UNSPECIFIED.,.F.,.F.,(8,6,6,6,6,6,8),(0.,9.830550878326E-02,
    0.189640449488,0.5,0.810359550512,0.901694491217,1.),.UNSPECIFIED.);
#1269 = CARTESIAN_POINT('',(2.555907110133,-3.));
#1270 = CARTESIAN_POINT('',(2.521667440503,-3.));
#1271 = CARTESIAN_POINT('',(2.488232179798,-3.));
#1272 = CARTESIAN_POINT('',(2.455536534181,-3.));
#1273 = CARTESIAN_POINT('',(2.423523534126,-3.));
#1274 = CARTESIAN_POINT('',(2.392140875953,-3.));
#1275 = CARTESIAN_POINT('',(2.361337763361,-3.));
#1276 = CARTESIAN_POINT('',(2.302932521884,-3.));
#1277 = CARTESIAN_POINT('',(2.275262002259,-3.));
#1278 = CARTESIAN_POINT('',(2.24801123026,-3.));
#1279 = CARTESIAN_POINT('',(2.221146043526,-3.));
#1280 = CARTESIAN_POINT('',(2.194635736991,-3.));
#1281 = CARTESIAN_POINT('',(2.168451722723,-3.));
#1282 = CARTESIAN_POINT('',(2.054606178861,-3.));
#1283 = CARTESIAN_POINT('',(1.970160890022,-3.));
#1284 = CARTESIAN_POINT('',(1.888053768007,-3.));
#1285 = CARTESIAN_POINT('',(1.807644855272,-3.));
#1286 = CARTESIAN_POINT('',(1.728334549645,-3.));
#1287 = CARTESIAN_POINT('',(1.649594376351,-3.));
#1288 = CARTESIAN_POINT('',(1.491998277239,-3.));
#1289 = CARTESIAN_POINT('',(1.413258103944,-3.));
#1290 = CARTESIAN_POINT('',(1.333947798319,-3.));
#1291 = CARTESIAN_POINT('',(1.253538885583,-3.));
#1292 = CARTESIAN_POINT('',(1.171431763569,-3.));
#1293 = CARTESIAN_POINT('',(1.086986474729,-3.));
#1294 = CARTESIAN_POINT('',(0.973140930867,-3.));
#1295 = CARTESIAN_POINT('',(0.946956916599,-3.));
#1296 = CARTESIAN_POINT('',(0.920446610064,-3.));
#1297 = CARTESIAN_POINT('',(0.89358142333,-3.));
#1298 = CARTESIAN_POINT('',(0.866330651331,-3.));
#1299 = CARTESIAN_POINT('',(0.838660131706,-3.));
#1300 = CARTESIAN_POINT('',(0.780254890229,-3.));
#1301 = CARTESIAN_POINT('',(0.749451777637,-3.));
#1302 = CARTESIAN_POINT('',(0.718069119464,-3.));
#1303 = CARTESIAN_POINT('',(0.686056119409,-3.));
#1304 = CARTESIAN_POINT('',(0.653360473792,-3.));
#1305 = CARTESIAN_POINT('',(0.619925213087,-3.));
#1306 = CARTESIAN_POINT('',(0.585685543457,-3.));
#1307 = ( GEOMETRIC_REPRESENTATION_CONTEXT(2) 
PARAMETRIC_REPRESENTATION_CONTEXT() REPRESENTATION_CONTEXT('2D SPACE',''
  ) );
#1308 = ORIENTED_EDGE('',*,*,#845,.T.);
#1309 = ADVANCED_FACE('',(#1310,#1896,#2451),#535,.F.);
#1310 = FACE_BOUND('',#1311,.F.);
#1311 = EDGE_LOOP('',(#1312,#1336,#1359,#1429,#1538,#1671,#1780,#1843,
    #1844,#1866,#1867,#1868,#1869,#1870,#1892,#1893,#1894,#1895));
#1312 = ORIENTED_EDGE('',*,*,#1313,.F.);
#1313 = EDGE_CURVE('',#1314,#791,#1316,.T.);
#1314 = VERTEX_POINT('',#1315);
#1315 = CARTESIAN_POINT('',(5.,3.,1.5));
#1316 = SURFACE_CURVE('',#1317,(#1322,#1329),.PCURVE_S1.);
#1317 = ELLIPSE('',#1318,3.,1.5);
#1318 = AXIS2_PLACEMENT_3D('',#1319,#1320,#1321);
#1319 = CARTESIAN_POINT('',(5.,0.,1.5));
#1320 = DIRECTION('',(1.,0.,0.));
#1321 = DIRECTION('',(0.,1.,0.));
#1322 = PCURVE('',#535,#1323);
#1323 = DEFINITIONAL_REPRESENTATION('',(#1324),#1328);
#1324 = LINE('',#1325,#1326);
#1325 = CARTESIAN_POINT('',(0.,0.));
#1326 = VECTOR('',#1327,1.);
#1327 = DIRECTION('',(1.,0.));
#1328 = ( GEOMETRIC_REPRESENTATION_CONTEXT(2) 
PARAMETRIC_REPRESENTATION_CONTEXT() REPRESENTATION_CONTEXT('2D SPACE',''
  ) );
#1329 = PCURVE('',#805,#1330);
#1330 = DEFINITIONAL_REPRESENTATION('',(#1331),#1335);
#1331 = ELLIPSE('',#1332,3.,1.5);
#1332 = AXIS2_PLACEMENT_2D('',#1333,#1334);
#1333 = CARTESIAN_POINT('',(0.,0.261459135851));
#1334 = DIRECTION('',(0.,-1.));
#1335 = ( GEOMETRIC_REPRESENTATION_CONTEXT(2) 
PARAMETRIC_REPRESENTATION_CONTEXT() REPRESENTATION_CONTEXT('2D SPACE',''
  ) );
#1336 = ORIENTED_EDGE('',*,*,#1337,.T.);
#1337 = EDGE_CURVE('',#1314,#1338,#1340,.T.);
#1338 = VERTEX_POINT('',#1339);
#1339 = CARTESIAN_POINT('',(40.200961894323,3.,1.5));
#1340 = SEAM_CURVE('',#1341,(#1345,#1352),.PCURVE_S1.);
#1341 = LINE('',#1342,#1343);
#1342 = CARTESIAN_POINT('',(5.,3.,1.5));
#1343 = VECTOR('',#1344,1.);
#1344 = DIRECTION('',(1.,0.,0.));
#1345 = PCURVE('',#535,#1346);
#1346 = DEFINITIONAL_REPRESENTATION('',(#1347),#1351);
#1347 = LINE('',#1348,#1349);
#1348 = CARTESIAN_POINT('',(6.28318530718,0.));
#1349 = VECTOR('',#1350,1.);
#1350 = DIRECTION('',(0.,-1.));
#1351 = ( GEOMETRIC_REPRESENTATION_CONTEXT(2) 
PARAMETRIC_REPRESENTATION_CONTEXT() REPRESENTATION_CONTEXT('2D SPACE',''
  ) );
#1352 = PCURVE('',#535,#1353);
#1353 = DEFINITIONAL_REPRESENTATION('',(#1354),#1358);
#1354 = LINE('',#1355,#1356);
#1355 = CARTESIAN_POINT('',(0.,0.));
#1356 = VECTOR('',#1357,1.);
#1357 = DIRECTION('',(0.,-1.));
#1358 = ( GEOMETRIC_REPRESENTATION_CONTEXT(2) 
PARAMETRIC_REPRESENTATION_CONTEXT() REPRESENTATION_CONTEXT('2D SPACE',''
  ) );
#1359 = ORIENTED_EDGE('',*,*,#1360,.T.);
#1360 = EDGE_CURVE('',#1338,#1361,#1363,.T.);
#1361 = VERTEX_POINT('',#1362);
#1362 = CARTESIAN_POINT('',(40.,2.25,2.492156741649));
#1363 = SURFACE_CURVE('',#1364,(#1382,#1403),.PCURVE_S1.);
#1364 = B_SPLINE_CURVE_WITH_KNOTS('',6,(#1365,#1366,#1367,#1368,#1369,
    #1370,#1371,#1372,#1373,#1374,#1375,#1376,#1377,#1378,#1379,#1380,
    #1381),.UNSPECIFIED.,.F.,.F.,(7,5,5,7),(0.,0.263639695715,
    0.643513851534,1.),.UNSPECIFIED.);
#1365 = CARTESIAN_POINT('',(40.200961894323,3.,1.5));
#1366 = CARTESIAN_POINT('',(40.200961894323,3.,1.553824669068));
#1367 = CARTESIAN_POINT('',(40.198286164139,2.99536459643,1.60766807261)
  );
#1368 = CARTESIAN_POINT('',(40.192927755443,2.986088078092,
    1.660974370804));
#1369 = CARTESIAN_POINT('',(40.185214235954,2.972428727056,
    1.713355709833));
#1370 = CARTESIAN_POINT('',(40.175640566974,2.954732961178,
    1.764551973395));
#1371 = CARTESIAN_POINT('',(40.148942013328,2.902563498965,
    1.886235875676));
#1372 = CARTESIAN_POINT('',(40.130353045213,2.8641398496,1.955258292106)
  );
#1373 = CARTESIAN_POINT('',(40.110359088785,2.819022064338,
    2.021351529677));
#1374 = CARTESIAN_POINT('',(40.090357685208,2.768000316909,
    2.084554405456));
#1375 = CARTESIAN_POINT('',(40.071403996772,2.711684528877,
    2.144953466623));
#1376 = CARTESIAN_POINT('',(40.038515955797,2.59295988339,2.256903556358
    ));
#1377 = CARTESIAN_POINT('',(40.024359691533,2.531196717786,
    2.308716203176));
#1378 = CARTESIAN_POINT('',(40.012757519108,2.465540939548,2.35820511526
    ));
#1379 = CARTESIAN_POINT('',(40.004421617648,2.396413379813,2.40532814733
    ));
#1380 = CARTESIAN_POINT('',(40.,2.324343827204,2.450007753443));
#1381 = CARTESIAN_POINT('',(40.,2.25,2.492156741649));
#1382 = PCURVE('',#535,#1383);
#1383 = DEFINITIONAL_REPRESENTATION('',(#1384),#1402);
#1384 = B_SPLINE_CURVE_WITH_KNOTS('',6,(#1385,#1386,#1387,#1388,#1389,
    #1390,#1391,#1392,#1393,#1394,#1395,#1396,#1397,#1398,#1399,#1400,
    #1401),.UNSPECIFIED.,.F.,.F.,(7,5,5,7),(0.,0.263639695715,
    0.643513851534,1.),.UNSPECIFIED.);
#1385 = CARTESIAN_POINT('',(0.,-35.20096189432));
#1386 = CARTESIAN_POINT('',(3.588311271169E-02,-35.20096189432));
#1387 = CARTESIAN_POINT('',(7.177869048729E-02,-35.19828616413));
#1388 = CARTESIAN_POINT('',(0.107399509414,-35.19292775544));
#1389 = CARTESIAN_POINT('',(0.142569856985,-35.18521423595));
#1390 = CARTESIAN_POINT('',(0.177178870349,-35.17564056697));
#1391 = CARTESIAN_POINT('',(0.260144419481,-35.14894201332));
#1392 = CARTESIAN_POINT('',(0.307821782919,-35.13035304521));
#1393 = CARTESIAN_POINT('',(0.354268929143,-35.11035908878));
#1394 = CARTESIAN_POINT('',(0.399611041503,-35.0903576852));
#1395 = CARTESIAN_POINT('',(0.443979311735,-35.07140399677));
#1396 = CARTESIAN_POINT('',(0.528456022407,-35.03851595579));
#1397 = CARTESIAN_POINT('',(0.568617719126,-35.02435969153));
#1398 = CARTESIAN_POINT('',(0.608141583701,-35.0127575191));
#1399 = CARTESIAN_POINT('',(0.647038801632,-35.00442161764));
#1400 = CARTESIAN_POINT('',(0.685268480519,-35.));
#1401 = CARTESIAN_POINT('',(0.722734247813,-35.));
#1402 = ( GEOMETRIC_REPRESENTATION_CONTEXT(2) 
PARAMETRIC_REPRESENTATION_CONTEXT() REPRESENTATION_CONTEXT('2D SPACE',''
  ) );
#1403 = PCURVE('',#1404,#1409);
#1404 = CYLINDRICAL_SURFACE('',#1405,1.5);
#1405 = AXIS2_PLACEMENT_3D('',#1406,#1407,#1408);
#1406 = CARTESIAN_POINT('',(41.5,2.25,-4.2));
#1407 = DIRECTION('',(0.,0.,1.));
#1408 = DIRECTION('',(-1.,-0.,0.));
#1409 = DEFINITIONAL_REPRESENTATION('',(#1410),#1428);
#1410 = B_SPLINE_CURVE_WITH_KNOTS('',6,(#1411,#1412,#1413,#1414,#1415,
    #1416,#1417,#1418,#1419,#1420,#1421,#1422,#1423,#1424,#1425,#1426,
    #1427),.UNSPECIFIED.,.F.,.F.,(7,5,5,7),(0.,0.263639695715,
    0.643513851534,1.),.UNSPECIFIED.);
#1411 = CARTESIAN_POINT('',(-0.523598775598,5.7));
#1412 = CARTESIAN_POINT('',(-0.523598775598,5.753824669068));
#1413 = CARTESIAN_POINT('',(-0.520030665166,5.80766807261));
#1414 = CARTESIAN_POINT('',(-0.512888478133,5.860974370804));
#1415 = CARTESIAN_POINT('',(-0.502431738395,5.913355709833));
#1416 = CARTESIAN_POINT('',(-0.489022301172,5.964551973395));
#1417 = CARTESIAN_POINT('',(-0.449952758876,6.086235875676));
#1418 = CARTESIAN_POINT('',(-0.421503655322,6.155258292106));
#1419 = CARTESIAN_POINT('',(-0.388634374031,6.221351529677));
#1420 = CARTESIAN_POINT('',(-0.352159307,6.284554405456));
#1421 = CARTESIAN_POINT('',(-0.312604433068,6.344953466623));
#1422 = CARTESIAN_POINT('',(-0.230474009188,6.456903556358));
#1423 = CARTESIAN_POINT('',(-0.188273522862,6.508716203176));
#1424 = CARTESIAN_POINT('',(-0.143913298937,6.55820511526));
#1425 = CARTESIAN_POINT('',(-9.760887192188E-02,6.60532814733));
#1426 = CARTESIAN_POINT('',(-4.956255146943E-02,6.650007753443));
#1427 = CARTESIAN_POINT('',(0.,6.692156741649));
#1428 = ( GEOMETRIC_REPRESENTATION_CONTEXT(2) 
PARAMETRIC_REPRESENTATION_CONTEXT() REPRESENTATION_CONTEXT('2D SPACE',''
  ) );
#1429 = ORIENTED_EDGE('',*,*,#1430,.F.);
#1430 = EDGE_CURVE('',#1431,#1361,#1433,.T.);
#1431 = VERTEX_POINT('',#1432);
#1432 = CARTESIAN_POINT('',(40.,-2.25,2.492156741649));
#1433 = SURFACE_CURVE('',#1434,(#1465,#1499),.PCURVE_S1.);
#1434 = B_SPLINE_CURVE_WITH_KNOTS('',8,(#1435,#1436,#1437,#1438,#1439,
    #1440,#1441,#1442,#1443,#1444,#1445,#1446,#1447,#1448,#1449,#1450,
    #1451,#1452,#1453,#1454,#1455,#1456,#1457,#1458,#1459,#1460,#1461,
    #1462,#1463,#1464),.UNSPECIFIED.,.F.,.F.,(9,7,7,7,9),(0.,
    0.109606148135,0.5,0.890393851865,1.),.UNSPECIFIED.);
#1435 = CARTESIAN_POINT('',(40.,-2.25,2.492156741649));
#1436 = CARTESIAN_POINT('',(40.,-2.195828273146,2.522869223938));
#1437 = CARTESIAN_POINT('',(40.,-2.140655118854,2.552218030895));
#1438 = CARTESIAN_POINT('',(40.,-2.084587431916,2.580256149487));
#1439 = CARTESIAN_POINT('',(40.,-2.027719257398,2.60703186801));
#1440 = CARTESIAN_POINT('',(40.,-1.970132542513,2.632589462223));
#1441 = CARTESIAN_POINT('',(40.,-1.911897888483,2.65696988148));
#1442 = CARTESIAN_POINT('',(40.,-1.853075302416,2.680211434862));
#1443 = CARTESIAN_POINT('',(40.,-1.582285961428,2.781205050737));
#1444 = CARTESIAN_POINT('',(40.,-1.364286297946,2.845977920405));
#1445 = CARTESIAN_POINT('',(40.,-1.141731199303,2.898450701079));
#1446 = CARTESIAN_POINT('',(40.,-0.916022222732,2.939508422318));
#1447 = CARTESIAN_POINT('',(40.,-0.688289654116,2.969863600115));
#1448 = CARTESIAN_POINT('',(40.,-0.459352477885,2.989940694719));
#1449 = CARTESIAN_POINT('',(40.,-0.229803232678,3.));
#1450 = CARTESIAN_POINT('',(40.,0.229803232677,3.));
#1451 = CARTESIAN_POINT('',(40.,0.459352477886,2.989940694719));
#1452 = CARTESIAN_POINT('',(40.,0.688289654113,2.969863600115));
#1453 = CARTESIAN_POINT('',(40.,0.916022222732,2.939508422318));
#1454 = CARTESIAN_POINT('',(40.,1.141731199302,2.898450701079));
#1455 = CARTESIAN_POINT('',(40.,1.364286297945,2.845977920405));
#1456 = CARTESIAN_POINT('',(40.,1.582285961427,2.781205050737));
#1457 = CARTESIAN_POINT('',(40.,1.853075302416,2.680211434862));
#1458 = CARTESIAN_POINT('',(40.,1.911897888483,2.65696988148));
#1459 = CARTESIAN_POINT('',(40.,1.970132542513,2.632589462223));
#1460 = CARTESIAN_POINT('',(40.,2.027719257398,2.60703186801));
#1461 = CARTESIAN_POINT('',(40.,2.084587431915,2.580256149488));
#1462 = CARTESIAN_POINT('',(40.,2.140655118854,2.552218030896));
#1463 = CARTESIAN_POINT('',(40.,2.195828273146,2.522869223938));
#1464 = CARTESIAN_POINT('',(40.,2.25,2.492156741649));
#1465 = PCURVE('',#535,#1466);
#1466 = DEFINITIONAL_REPRESENTATION('',(#1467),#1498);
#1467 = B_SPLINE_CURVE_WITH_KNOTS('',8,(#1468,#1469,#1470,#1471,#1472,
    #1473,#1474,#1475,#1476,#1477,#1478,#1479,#1480,#1481,#1482,#1483,
    #1484,#1485,#1486,#1487,#1488,#1489,#1490,#1491,#1492,#1493,#1494,
    #1495,#1496,#1497),.UNSPECIFIED.,.F.,.F.,(9,7,7,7,9),(0.,
    0.109606148135,0.5,0.890393851865,1.),.UNSPECIFIED.);
#1468 = CARTESIAN_POINT('',(2.418858405776,-35.));
#1469 = CARTESIAN_POINT('',(2.39155842152,-35.));
#1470 = CARTESIAN_POINT('',(2.364719438829,-35.));
#1471 = CARTESIAN_POINT('',(2.338307670665,-35.));
#1472 = CARTESIAN_POINT('',(2.312292967943,-35.));
#1473 = CARTESIAN_POINT('',(2.286647963636,-35.));
#1474 = CARTESIAN_POINT('',(2.261347216887,-35.));
#1475 = CARTESIAN_POINT('',(2.236366357116,-35.));
#1476 = CARTESIAN_POINT('',(2.12375803446,-35.));
#1477 = CARTESIAN_POINT('',(2.039692005144,-35.));
#1478 = CARTESIAN_POINT('',(1.958277743971,-35.));
#1479 = CARTESIAN_POINT('',(1.878873976207,-35.));
#1480 = CARTESIAN_POINT('',(1.800909628258,-35.));
#1481 = CARTESIAN_POINT('',(1.72391414076,-35.));
#1482 = CARTESIAN_POINT('',(1.647397404354,-35.));
#1483 = CARTESIAN_POINT('',(1.494195249236,-35.));
#1484 = CARTESIAN_POINT('',(1.417678512829,-35.));
#1485 = CARTESIAN_POINT('',(1.340683025334,-35.));
#1486 = CARTESIAN_POINT('',(1.26271867738,-35.));
#1487 = CARTESIAN_POINT('',(1.18331490962,-35.));
#1488 = CARTESIAN_POINT('',(1.101900648445,-35.));
#1489 = CARTESIAN_POINT('',(1.01783461913,-35.));
#1490 = CARTESIAN_POINT('',(0.905226296474,-35.));
#1491 = CARTESIAN_POINT('',(0.880245436703,-35.));
#1492 = CARTESIAN_POINT('',(0.854944689953,-35.));
#1493 = CARTESIAN_POINT('',(0.829299685647,-35.));
#1494 = CARTESIAN_POINT('',(0.803284982925,-35.));
#1495 = CARTESIAN_POINT('',(0.776873214761,-35.));
#1496 = CARTESIAN_POINT('',(0.75003423207,-35.));
#1497 = CARTESIAN_POINT('',(0.722734247813,-35.));
#1498 = ( GEOMETRIC_REPRESENTATION_CONTEXT(2) 
PARAMETRIC_REPRESENTATION_CONTEXT() REPRESENTATION_CONTEXT('2D SPACE',''
  ) );
#1499 = PCURVE('',#1500,#1505);
#1500 = PLANE('',#1501);
#1501 = AXIS2_PLACEMENT_3D('',#1502,#1503,#1504);
#1502 = CARTESIAN_POINT('',(40.,-3.75,-4.2));
#1503 = DIRECTION('',(1.,0.,0.));
#1504 = DIRECTION('',(0.,0.,1.));
#1505 = DEFINITIONAL_REPRESENTATION('',(#1506),#1537);
#1506 = B_SPLINE_CURVE_WITH_KNOTS('',8,(#1507,#1508,#1509,#1510,#1511,
    #1512,#1513,#1514,#1515,#1516,#1517,#1518,#1519,#1520,#1521,#1522,
    #1523,#1524,#1525,#1526,#1527,#1528,#1529,#1530,#1531,#1532,#1533,
    #1534,#1535,#1536),.UNSPECIFIED.,.F.,.F.,(9,7,7,7,9),(0.,
    0.109606148135,0.5,0.890393851865,1.),.UNSPECIFIED.);
#1507 = CARTESIAN_POINT('',(6.692156741649,-1.5));
#1508 = CARTESIAN_POINT('',(6.722869223938,-1.554171726854));
#1509 = CARTESIAN_POINT('',(6.752218030895,-1.609344881146));
#1510 = CARTESIAN_POINT('',(6.780256149487,-1.665412568084));
#1511 = CARTESIAN_POINT('',(6.80703186801,-1.722280742602));
#1512 = CARTESIAN_POINT('',(6.832589462223,-1.779867457487));
#1513 = CARTESIAN_POINT('',(6.85696988148,-1.838102111517));
#1514 = CARTESIAN_POINT('',(6.880211434862,-1.896924697584));
#1515 = CARTESIAN_POINT('',(6.981205050737,-2.167714038572));
#1516 = CARTESIAN_POINT('',(7.045977920405,-2.385713702054));
#1517 = CARTESIAN_POINT('',(7.098450701079,-2.608268800697));
#1518 = CARTESIAN_POINT('',(7.139508422318,-2.833977777268));
#1519 = CARTESIAN_POINT('',(7.169863600115,-3.061710345884));
#1520 = CARTESIAN_POINT('',(7.189940694719,-3.290647522115));
#1521 = CARTESIAN_POINT('',(7.2,-3.520196767322));
#1522 = CARTESIAN_POINT('',(7.2,-3.979803232677));
#1523 = CARTESIAN_POINT('',(7.189940694719,-4.209352477886));
#1524 = CARTESIAN_POINT('',(7.169863600115,-4.438289654113));
#1525 = CARTESIAN_POINT('',(7.139508422318,-4.666022222732));
#1526 = CARTESIAN_POINT('',(7.098450701079,-4.891731199302));
#1527 = CARTESIAN_POINT('',(7.045977920405,-5.114286297945));
#1528 = CARTESIAN_POINT('',(6.981205050737,-5.332285961427));
#1529 = CARTESIAN_POINT('',(6.880211434862,-5.603075302416));
#1530 = CARTESIAN_POINT('',(6.85696988148,-5.661897888483));
#1531 = CARTESIAN_POINT('',(6.832589462223,-5.720132542513));
#1532 = CARTESIAN_POINT('',(6.80703186801,-5.777719257398));
#1533 = CARTESIAN_POINT('',(6.780256149488,-5.834587431915));
#1534 = CARTESIAN_POINT('',(6.752218030896,-5.890655118854));
#1535 = CARTESIAN_POINT('',(6.722869223938,-5.945828273146));
#1536 = CARTESIAN_POINT('',(6.692156741649,-6.));
#1537 = ( GEOMETRIC_REPRESENTATION_CONTEXT(2) 
PARAMETRIC_REPRESENTATION_CONTEXT() REPRESENTATION_CONTEXT('2D SPACE',''
  ) );
#1538 = ORIENTED_EDGE('',*,*,#1539,.T.);
#1539 = EDGE_CURVE('',#1431,#1540,#1542,.T.);
#1540 = VERTEX_POINT('',#1541);
#1541 = CARTESIAN_POINT('',(40.,-2.25,0.507843258351));
#1542 = SURFACE_CURVE('',#1543,(#1582,#1624),.PCURVE_S1.);
#1543 = B_SPLINE_CURVE_WITH_KNOTS('',7,(#1544,#1545,#1546,#1547,#1548,
    #1549,#1550,#1551,#1552,#1553,#1554,#1555,#1556,#1557,#1558,#1559,
    #1560,#1561,#1562,#1563,#1564,#1565,#1566,#1567,#1568,#1569,#1570,
    #1571,#1572,#1573,#1574,#1575,#1576,#1577,#1578,#1579,#1580,#1581),
  .UNSPECIFIED.,.F.,.F.,(8,6,6,6,6,6,8),(0.,0.178411461164,
    0.368380014282,0.501756947307,0.585690808736,0.81939640586,1.),
  .UNSPECIFIED.);
#1544 = CARTESIAN_POINT('',(40.,-2.25,2.492156741649));
#1545 = CARTESIAN_POINT('',(40.,-2.313794624229,2.455988589358));
#1546 = CARTESIAN_POINT('',(40.00316537401,-2.375961170098,
    2.418008778088));
#1547 = CARTESIAN_POINT('',(40.009205251261,-2.436116786677,
    2.378267303815));
#1548 = CARTESIAN_POINT('',(40.017768189635,-2.493937973162,
    2.336810019977));
#1549 = CARTESIAN_POINT('',(40.028464159835,-2.549152302597,
    2.293671237065));
#1550 = CARTESIAN_POINT('',(40.040873771002,-2.601522519227,
    2.248860285437));
#1551 = CARTESIAN_POINT('',(40.069101278958,-2.703317074299,
    2.152810450409));
#1552 = CARTESIAN_POINT('',(40.085075436974,-2.752284354329,
    2.101387362706));
#1553 = CARTESIAN_POINT('',(40.101929521806,-2.797517786232,
    2.047982359692));
#1554 = CARTESIAN_POINT('',(40.119076209723,-2.838703665878,
    1.992535712642));
#1555 = CARTESIAN_POINT('',(40.135813458618,-2.875441033221,
    1.935011682091));
#1556 = CARTESIAN_POINT('',(40.151337531188,-2.907256842344,
    1.875411208454));
#1557 = CARTESIAN_POINT('',(40.174310085969,-2.952124326508,
    1.770549564614));
#1558 = CARTESIAN_POINT('',(40.182785441704,-2.967940377265,
    1.726311119622));
#1559 = CARTESIAN_POINT('',(40.189966185426,-2.980851296349,
    1.681184721953));
#1560 = CARTESIAN_POINT('',(40.195558990021,-2.990650127287,
    1.635311350718));
#1561 = CARTESIAN_POINT('',(40.199322328726,-2.997159254734,
    1.588884784888));
#1562 = CARTESIAN_POINT('',(40.201116706982,-3.000268150069,
    1.542161562296));
#1563 = CARTESIAN_POINT('',(40.200851619235,-2.999808993471,
    1.466091995138));
#1564 = CARTESIAN_POINT('',(40.199974123715,-2.99828878946,
    1.436715851113));
#1565 = CARTESIAN_POINT('',(40.198322641006,-2.995426841716,
    1.407422208304));
#1566 = CARTESIAN_POINT('',(40.195921116585,-2.991241316534,
    1.378279634264));
#1567 = CARTESIAN_POINT('',(40.192811810596,-2.985763907185,
    1.349348174333));
#1568 = CARTESIAN_POINT('',(40.189050788206,-2.979036310784,
    1.320679888435));
#1569 = CARTESIAN_POINT('',(40.172598562006,-2.94902749674,
    1.213352358306));
#1570 = CARTESIAN_POINT('',(40.155976532605,-2.91768288107,
    1.136963933329));
#1571 = CARTESIAN_POINT('',(40.13621459472,-2.878077936372,
    1.063651169361));
#1572 = CARTESIAN_POINT('',(40.115032304617,-2.831273111566,
    0.993519454648));
#1573 = CARTESIAN_POINT('',(40.093826815546,-2.778108035473,
    0.926567087116));
#1574 = CARTESIAN_POINT('',(40.073721486925,-2.719239088435,
    0.862663070597));
#1575 = CARTESIAN_POINT('',(40.041773587016,-2.605297975916,
    0.754379157021));
#1576 = CARTESIAN_POINT('',(40.02911081664,-2.552470849176,
    0.708926894207));
#1577 = CARTESIAN_POINT('',(40.018182515356,-2.496719040646,
    0.665186899227));
#1578 = CARTESIAN_POINT('',(40.009424542022,-2.438287458112,
    0.623168092925));
#1579 = CARTESIAN_POINT('',(40.003242053793,-2.377457242032,
    0.582905666403));
#1580 = CARTESIAN_POINT('',(40.,-2.314562693318,0.544446864885));
#1581 = CARTESIAN_POINT('',(40.,-2.25,0.507843258351));
#1582 = PCURVE('',#535,#1583);
#1583 = DEFINITIONAL_REPRESENTATION('',(#1584),#1623);
#1584 = B_SPLINE_CURVE_WITH_KNOTS('',7,(#1585,#1586,#1587,#1588,#1589,
    #1590,#1591,#1592,#1593,#1594,#1595,#1596,#1597,#1598,#1599,#1600,
    #1601,#1602,#1603,#1604,#1605,#1606,#1607,#1608,#1609,#1610,#1611,
    #1612,#1613,#1614,#1615,#1616,#1617,#1618,#1619,#1620,#1621,#1622),
  .UNSPECIFIED.,.F.,.F.,(8,6,6,6,6,6,8),(0.,0.178411461164,
    0.368380014282,0.501756947307,0.585690808736,0.81939640586,1.),
  .UNSPECIFIED.);
#1585 = CARTESIAN_POINT('',(2.418858405776,-35.));
#1586 = CARTESIAN_POINT('',(2.45100787448,-35.));
#1587 = CARTESIAN_POINT('',(2.483704238991,-35.00316537401));
#1588 = CARTESIAN_POINT('',(2.516892237721,-35.00920525126));
#1589 = CARTESIAN_POINT('',(2.550540484737,-35.01776818963));
#1590 = CARTESIAN_POINT('',(2.584640497726,-35.02846415983));
#1591 = CARTESIAN_POINT('',(2.619211118679,-35.040873771));
#1592 = CARTESIAN_POINT('',(2.69167905387,-35.06910127895));
#1593 = CARTESIAN_POINT('',(2.729613538752,-35.08507543697));
#1594 = CARTESIAN_POINT('',(2.768218081137,-35.1019295218));
#1595 = CARTESIAN_POINT('',(2.807575541788,-35.11907620972));
#1596 = CARTESIAN_POINT('',(2.847759202218,-35.13581345861));
#1597 = CARTESIAN_POINT('',(2.888832286395,-35.15133753118));
#1598 = CARTESIAN_POINT('',(2.960321950396,-35.17431008596));
#1599 = CARTESIAN_POINT('',(2.990264549098,-35.1827854417));
#1600 = CARTESIAN_POINT('',(3.020625409929,-35.18996618542));
#1601 = CARTESIAN_POINT('',(3.05134560639,-35.19555899002));
#1602 = CARTESIAN_POINT('',(3.082339281333,-35.19932232872));
#1603 = CARTESIAN_POINT('',(3.113484808222,-35.20111670698));
#1604 = CARTESIAN_POINT('',(3.16419808395,-35.20085161923));
#1605 = CARTESIAN_POINT('',(3.183783601379,-35.19997412371));
#1606 = CARTESIAN_POINT('',(3.203327796783,-35.198322641));
#1607 = CARTESIAN_POINT('',(3.222797112496,-35.19592111658));
#1608 = CARTESIAN_POINT('',(3.242163108833,-35.19281181059));
#1609 = CARTESIAN_POINT('',(3.261401735278,-35.1890507882));
#1610 = CARTESIAN_POINT('',(3.333649244896,-35.172598562));
#1611 = CARTESIAN_POINT('',(3.385530914014,-35.1559765326));
#1612 = CARTESIAN_POINT('',(3.436008931461,-35.13621459472));
#1613 = CARTESIAN_POINT('',(3.485154870066,-35.11503230461));
#1614 = CARTESIAN_POINT('',(3.533066290033,-35.09382681554));
#1615 = CARTESIAN_POINT('',(3.579905988695,-35.07372148692));
#1616 = CARTESIAN_POINT('',(3.661476817412,-35.04177358701));
#1617 = CARTESIAN_POINT('',(3.69649232089,-35.02911081664));
#1618 = CARTESIAN_POINT('',(3.731024852797,-35.01818251535));
#1619 = CARTESIAN_POINT('',(3.765094803916,-35.00942454202));
#1620 = CARTESIAN_POINT('',(3.798693990926,-35.00324205379));
#1621 = CARTESIAN_POINT('',(3.831790362262,-35.));
#1622 = CARTESIAN_POINT('',(3.864326901403,-35.));
#1623 = ( GEOMETRIC_REPRESENTATION_CONTEXT(2) 
PARAMETRIC_REPRESENTATION_CONTEXT() REPRESENTATION_CONTEXT('2D SPACE',''
  ) );
#1624 = PCURVE('',#1625,#1630);
#1625 = CYLINDRICAL_SURFACE('',#1626,1.5);
#1626 = AXIS2_PLACEMENT_3D('',#1627,#1628,#1629);
#1627 = CARTESIAN_POINT('',(41.5,-2.25,-4.2));
#1628 = DIRECTION('',(0.,0.,1.));
#1629 = DIRECTION('',(-1.,-0.,0.));
#1630 = DEFINITIONAL_REPRESENTATION('',(#1631),#1670);
#1631 = B_SPLINE_CURVE_WITH_KNOTS('',7,(#1632,#1633,#1634,#1635,#1636,
    #1637,#1638,#1639,#1640,#1641,#1642,#1643,#1644,#1645,#1646,#1647,
    #1648,#1649,#1650,#1651,#1652,#1653,#1654,#1655,#1656,#1657,#1658,
    #1659,#1660,#1661,#1662,#1663,#1664,#1665,#1666,#1667,#1668,#1669),
  .UNSPECIFIED.,.F.,.F.,(8,6,6,6,6,6,8),(0.,0.178411461164,
    0.368380014282,0.501756947307,0.585690808736,0.81939640586,1.),
  .UNSPECIFIED.);
#1632 = CARTESIAN_POINT('',(0.,6.692156741649));
#1633 = CARTESIAN_POINT('',(4.252974948584E-02,6.655988589358));
#1634 = CARTESIAN_POINT('',(8.397407895215E-02,6.618008778088));
#1635 = CARTESIAN_POINT('',(0.124203595581,6.578267303815));
#1636 = CARTESIAN_POINT('',(0.163098940971,6.536810019977));
#1637 = CARTESIAN_POINT('',(0.200540313638,6.493671237065));
#1638 = CARTESIAN_POINT('',(0.236394887773,6.448860285437));
#1639 = CARTESIAN_POINT('',(0.306818758877,6.352810450409));
#1640 = CARTESIAN_POINT('',(0.341122468859,6.301387362706));
#1641 = CARTESIAN_POINT('',(0.373261402586,6.247982359692));
#1642 = CARTESIAN_POINT('',(0.402971605459,6.192535712642));
#1643 = CARTESIAN_POINT('',(0.429869083498,6.135011682091));
#1644 = CARTESIAN_POINT('',(0.453465651948,6.075411208454));
#1645 = CARTESIAN_POINT('',(0.48707007896,5.970549564614));
#1646 = CARTESIAN_POINT('',(0.499030451975,5.926311119622));
#1647 = CARTESIAN_POINT('',(0.508878118191,5.881184721953));
#1648 = CARTESIAN_POINT('',(0.516399556235,5.835311350718));
#1649 = CARTESIAN_POINT('',(0.521412188536,5.788884784888));
#1650 = CARTESIAN_POINT('',(0.523805196332,5.742161562296));
#1651 = CARTESIAN_POINT('',(0.523451739564,5.666091995138));
#1652 = CARTESIAN_POINT('',(0.522281561537,5.636715851113));
#1653 = CARTESIAN_POINT('',(0.520078698716,5.607422208304));
#1654 = CARTESIAN_POINT('',(0.516861683087,5.578279634264));
#1655 = CARTESIAN_POINT('',(0.512662867359,5.549348174333));
#1656 = CARTESIAN_POINT('',(0.507524688225,5.520679888435));
#1657 = CARTESIAN_POINT('',(0.484709443153,5.413352358306));
#1658 = CARTESIAN_POINT('',(0.461058995772,5.336963933329));
#1659 = CARTESIAN_POINT('',(0.431565044607,5.26365116936));
#1660 = CARTESIAN_POINT('',(0.397365633334,5.193519454648));
#1661 = CARTESIAN_POINT('',(0.359278044397,5.126567087116));
#1662 = CARTESIAN_POINT('',(0.317870699035,5.062663070597));
#1663 = CARTESIAN_POINT('',(0.238980492825,4.954379157021));
#1664 = CARTESIAN_POINT('',(0.202791099773,4.908926894207));
#1665 = CARTESIAN_POINT('',(0.164969924222,4.865186899227));
#1666 = CARTESIAN_POINT('',(0.125655309426,4.823168092925));
#1667 = CARTESIAN_POINT('',(8.497145781231E-02,4.782905666403));
#1668 = CARTESIAN_POINT('',(4.304179554525E-02,4.744446864885));
#1669 = CARTESIAN_POINT('',(0.,4.707843258351));
#1670 = ( GEOMETRIC_REPRESENTATION_CONTEXT(2) 
PARAMETRIC_REPRESENTATION_CONTEXT() REPRESENTATION_CONTEXT('2D SPACE',''
  ) );
#1671 = ORIENTED_EDGE('',*,*,#1672,.F.);
#1672 = EDGE_CURVE('',#1673,#1540,#1675,.T.);
#1673 = VERTEX_POINT('',#1674);
#1674 = CARTESIAN_POINT('',(40.,2.25,0.507843258351));
#1675 = SURFACE_CURVE('',#1676,(#1707,#1741),.PCURVE_S1.);
#1676 = B_SPLINE_CURVE_WITH_KNOTS('',8,(#1677,#1678,#1679,#1680,#1681,
    #1682,#1683,#1684,#1685,#1686,#1687,#1688,#1689,#1690,#1691,#1692,
    #1693,#1694,#1695,#1696,#1697,#1698,#1699,#1700,#1701,#1702,#1703,
    #1704,#1705,#1706),.UNSPECIFIED.,.F.,.F.,(9,7,7,7,9),(0.,
    0.109606148135,0.5,0.890393851865,1.),.UNSPECIFIED.);
#1677 = CARTESIAN_POINT('',(40.,2.25,0.507843258351));
#1678 = CARTESIAN_POINT('',(40.,2.195828273146,0.477130776062));
#1679 = CARTESIAN_POINT('',(40.,2.140655118854,0.447781969105));
#1680 = CARTESIAN_POINT('',(40.,2.084587431916,0.419743850512));
#1681 = CARTESIAN_POINT('',(40.,2.027719257398,0.39296813199));
#1682 = CARTESIAN_POINT('',(40.,1.970132542513,0.367410537777));
#1683 = CARTESIAN_POINT('',(40.,1.911897888483,0.34303011852));
#1684 = CARTESIAN_POINT('',(40.,1.853075302416,0.319788565138));
#1685 = CARTESIAN_POINT('',(40.,1.582285961428,0.218794949263));
#1686 = CARTESIAN_POINT('',(40.,1.364286297946,0.154022079595));
#1687 = CARTESIAN_POINT('',(40.,1.141731199303,0.101549298921));
#1688 = CARTESIAN_POINT('',(40.,0.916022222731,6.049157768195E-02));
#1689 = CARTESIAN_POINT('',(40.,0.688289654116,3.013639988512E-02));
#1690 = CARTESIAN_POINT('',(40.,0.459352477885,1.005930528064E-02));
#1691 = CARTESIAN_POINT('',(40.,0.229803232678,1.15463194561E-14));
#1692 = CARTESIAN_POINT('',(40.,-0.229803232678,-1.15463194561E-14));
#1693 = CARTESIAN_POINT('',(40.,-0.459352477885,1.005930528065E-02));
#1694 = CARTESIAN_POINT('',(40.,-0.688289654112,3.013639988478E-02));
#1695 = CARTESIAN_POINT('',(40.,-0.916022222735,6.049157768246E-02));
#1696 = CARTESIAN_POINT('',(40.,-1.141731199298,0.10154929892));
#1697 = CARTESIAN_POINT('',(40.,-1.364286297947,0.154022079596));
#1698 = CARTESIAN_POINT('',(40.,-1.582285961427,0.218794949263));
#1699 = CARTESIAN_POINT('',(40.,-1.853075302416,0.319788565138));
#1700 = CARTESIAN_POINT('',(40.,-1.911897888483,0.34303011852));
#1701 = CARTESIAN_POINT('',(40.,-1.970132542513,0.367410537777));
#1702 = CARTESIAN_POINT('',(40.,-2.027719257398,0.39296813199));
#1703 = CARTESIAN_POINT('',(40.,-2.084587431915,0.419743850512));
#1704 = CARTESIAN_POINT('',(40.,-2.140655118854,0.447781969104));
#1705 = CARTESIAN_POINT('',(40.,-2.195828273146,0.477130776062));
#1706 = CARTESIAN_POINT('',(40.,-2.25,0.507843258351));
#1707 = PCURVE('',#535,#1708);
#1708 = DEFINITIONAL_REPRESENTATION('',(#1709),#1740);
#1709 = B_SPLINE_CURVE_WITH_KNOTS('',8,(#1710,#1711,#1712,#1713,#1714,
    #1715,#1716,#1717,#1718,#1719,#1720,#1721,#1722,#1723,#1724,#1725,
    #1726,#1727,#1728,#1729,#1730,#1731,#1732,#1733,#1734,#1735,#1736,
    #1737,#1738,#1739),.UNSPECIFIED.,.F.,.F.,(9,7,7,7,9),(0.,
    0.109606148135,0.5,0.890393851865,1.),.UNSPECIFIED.);
#1710 = CARTESIAN_POINT('',(5.560451059366,-35.));
#1711 = CARTESIAN_POINT('',(5.53315107511,-35.));
#1712 = CARTESIAN_POINT('',(5.506312092418,-35.));
#1713 = CARTESIAN_POINT('',(5.479900324255,-35.));
#1714 = CARTESIAN_POINT('',(5.453885621533,-35.));
#1715 = CARTESIAN_POINT('',(5.428240617226,-35.));
#1716 = CARTESIAN_POINT('',(5.402939870477,-35.));
#1717 = CARTESIAN_POINT('',(5.377959010706,-35.));
#1718 = CARTESIAN_POINT('',(5.265350688049,-35.));
#1719 = CARTESIAN_POINT('',(5.181284658735,-35.));
#1720 = CARTESIAN_POINT('',(5.099870397559,-35.));
#1721 = CARTESIAN_POINT('',(5.020466629799,-35.));
#1722 = CARTESIAN_POINT('',(4.942502281847,-35.));
#1723 = CARTESIAN_POINT('',(4.86550679435,-35.));
#1724 = CARTESIAN_POINT('',(4.788990057944,-35.));
#1725 = CARTESIAN_POINT('',(4.635787902825,-35.));
#1726 = CARTESIAN_POINT('',(4.55927116642,-35.));
#1727 = CARTESIAN_POINT('',(4.482275678922,-35.));
#1728 = CARTESIAN_POINT('',(4.404311330971,-35.));
#1729 = CARTESIAN_POINT('',(4.32490756321,-35.));
#1730 = CARTESIAN_POINT('',(4.243493302035,-35.));
#1731 = CARTESIAN_POINT('',(4.15942727272,-35.));
#1732 = CARTESIAN_POINT('',(4.046818950064,-35.));
#1733 = CARTESIAN_POINT('',(4.021838090292,-35.));
#1734 = CARTESIAN_POINT('',(3.996537343543,-35.));
#1735 = CARTESIAN_POINT('',(3.970892339237,-35.));
#1736 = CARTESIAN_POINT('',(3.944877636515,-35.));
#1737 = CARTESIAN_POINT('',(3.918465868351,-35.));
#1738 = CARTESIAN_POINT('',(3.89162688566,-35.));
#1739 = CARTESIAN_POINT('',(3.864326901403,-35.));
#1740 = ( GEOMETRIC_REPRESENTATION_CONTEXT(2) 
PARAMETRIC_REPRESENTATION_CONTEXT() REPRESENTATION_CONTEXT('2D SPACE',''
  ) );
#1741 = PCURVE('',#1742,#1747);
#1742 = PLANE('',#1743);
#1743 = AXIS2_PLACEMENT_3D('',#1744,#1745,#1746);
#1744 = CARTESIAN_POINT('',(40.,-3.75,-4.2));
#1745 = DIRECTION('',(1.,0.,0.));
#1746 = DIRECTION('',(0.,0.,1.));
#1747 = DEFINITIONAL_REPRESENTATION('',(#1748),#1779);
#1748 = B_SPLINE_CURVE_WITH_KNOTS('',8,(#1749,#1750,#1751,#1752,#1753,
    #1754,#1755,#1756,#1757,#1758,#1759,#1760,#1761,#1762,#1763,#1764,
    #1765,#1766,#1767,#1768,#1769,#1770,#1771,#1772,#1773,#1774,#1775,
    #1776,#1777,#1778),.UNSPECIFIED.,.F.,.F.,(9,7,7,7,9),(0.,
    0.109606148135,0.5,0.890393851865,1.),.UNSPECIFIED.);
#1749 = CARTESIAN_POINT('',(4.707843258351,-6.));
#1750 = CARTESIAN_POINT('',(4.677130776062,-5.945828273146));
#1751 = CARTESIAN_POINT('',(4.647781969105,-5.890655118854));
#1752 = CARTESIAN_POINT('',(4.619743850512,-5.834587431916));
#1753 = CARTESIAN_POINT('',(4.59296813199,-5.777719257398));
#1754 = CARTESIAN_POINT('',(4.567410537777,-5.720132542513));
#1755 = CARTESIAN_POINT('',(4.54303011852,-5.661897888483));
#1756 = CARTESIAN_POINT('',(4.519788565138,-5.603075302416));
#1757 = CARTESIAN_POINT('',(4.418794949263,-5.332285961428));
#1758 = CARTESIAN_POINT('',(4.354022079595,-5.114286297946));
#1759 = CARTESIAN_POINT('',(4.301549298921,-4.891731199303));
#1760 = CARTESIAN_POINT('',(4.260491577682,-4.666022222731));
#1761 = CARTESIAN_POINT('',(4.230136399885,-4.438289654116));
#1762 = CARTESIAN_POINT('',(4.210059305281,-4.209352477885));
#1763 = CARTESIAN_POINT('',(4.2,-3.979803232678));
#1764 = CARTESIAN_POINT('',(4.2,-3.520196767322));
#1765 = CARTESIAN_POINT('',(4.210059305281,-3.290647522115));
#1766 = CARTESIAN_POINT('',(4.230136399885,-3.061710345888));
#1767 = CARTESIAN_POINT('',(4.260491577682,-2.833977777265));
#1768 = CARTESIAN_POINT('',(4.30154929892,-2.608268800702));
#1769 = CARTESIAN_POINT('',(4.354022079596,-2.385713702053));
#1770 = CARTESIAN_POINT('',(4.418794949263,-2.167714038573));
#1771 = CARTESIAN_POINT('',(4.519788565138,-1.896924697584));
#1772 = CARTESIAN_POINT('',(4.54303011852,-1.838102111517));
#1773 = CARTESIAN_POINT('',(4.567410537777,-1.779867457487));
#1774 = CARTESIAN_POINT('',(4.59296813199,-1.722280742602));
#1775 = CARTESIAN_POINT('',(4.619743850512,-1.665412568085));
#1776 = CARTESIAN_POINT('',(4.647781969104,-1.609344881146));
#1777 = CARTESIAN_POINT('',(4.677130776062,-1.554171726854));
#1778 = CARTESIAN_POINT('',(4.707843258351,-1.5));
#1779 = ( GEOMETRIC_REPRESENTATION_CONTEXT(2) 
PARAMETRIC_REPRESENTATION_CONTEXT() REPRESENTATION_CONTEXT('2D SPACE',''
  ) );
#1780 = ORIENTED_EDGE('',*,*,#1781,.T.);
#1781 = EDGE_CURVE('',#1673,#1338,#1782,.T.);
#1782 = SURFACE_CURVE('',#1783,(#1801,#1822),.PCURVE_S1.);
#1783 = B_SPLINE_CURVE_WITH_KNOTS('',6,(#1784,#1785,#1786,#1787,#1788,
    #1789,#1790,#1791,#1792,#1793,#1794,#1795,#1796,#1797,#1798,#1799,
    #1800),.UNSPECIFIED.,.F.,.F.,(7,5,5,7),(0.,0.358494313766,
    0.73018209481,1.),.UNSPECIFIED.);
#1784 = CARTESIAN_POINT('',(40.,2.25,0.507843258351));
#1785 = CARTESIAN_POINT('',(40.,2.324761082496,0.550228808072));
#1786 = CARTESIAN_POINT('',(40.004471388012,2.397222642537,
    0.595173665496));
#1787 = CARTESIAN_POINT('',(40.012898330537,2.466705452817,
    0.642589092025));
#1788 = CARTESIAN_POINT('',(40.024620987042,2.532671100012,
    0.692396119947));
#1789 = CARTESIAN_POINT('',(40.038914261349,2.59469295084,0.744552052914
    ));
#1790 = CARTESIAN_POINT('',(40.071626878757,2.712172807671,
    0.855698285568));
#1791 = CARTESIAN_POINT('',(40.09016269599,2.767245851449,0.91481296843)
  );
#1792 = CARTESIAN_POINT('',(40.109700123926,2.817245369277,
    0.976609622146));
#1793 = CARTESIAN_POINT('',(40.129248052496,2.861602468695,
    1.041169740031));
#1794 = CARTESIAN_POINT('',(40.14750993704,2.899584672677,1.108531663114
    ));
#1795 = CARTESIAN_POINT('',(40.174509105853,2.95263844249,1.229458029204
    ));
#1796 = CARTESIAN_POINT('',(40.184483956975,2.971134476732,1.28173953773
    ));
#1797 = CARTESIAN_POINT('',(40.192546431927,2.985428207868,
    1.335279803096));
#1798 = CARTESIAN_POINT('',(40.198159321825,2.995144750943,
    1.389807970921));
#1799 = CARTESIAN_POINT('',(40.200961894323,3.,1.444913813187));
#1800 = CARTESIAN_POINT('',(40.200961894323,3.,1.5));
#1801 = PCURVE('',#535,#1802);
#1802 = DEFINITIONAL_REPRESENTATION('',(#1803),#1821);
#1803 = B_SPLINE_CURVE_WITH_KNOTS('',6,(#1804,#1805,#1806,#1807,#1808,
    #1809,#1810,#1811,#1812,#1813,#1814,#1815,#1816,#1817,#1818,#1819,
    #1820),.UNSPECIFIED.,.F.,.F.,(7,5,5,7),(0.,0.358494313766,
    0.73018209481,1.),.UNSPECIFIED.);
#1804 = CARTESIAN_POINT('',(5.560451059366,-35.));
#1805 = CARTESIAN_POINT('',(5.598127103562,-35.));
#1806 = CARTESIAN_POINT('',(5.636575839265,-35.00447138801));
#1807 = CARTESIAN_POINT('',(5.675699174466,-35.01289833053));
#1808 = CARTESIAN_POINT('',(5.715455687684,-35.02462098704));
#1809 = CARTESIAN_POINT('',(5.755857210087,-35.03891426134));
#1810 = CARTESIAN_POINT('',(5.83966615743,-35.07162687875));
#1811 = CARTESIAN_POINT('',(5.883086942943,-35.09016269599));
#1812 = CARTESIAN_POINT('',(5.927438194382,-35.10970012392));
#1813 = CARTESIAN_POINT('',(5.972843629123,-35.12924805249));
#1814 = CARTESIAN_POINT('',(6.019421380627,-35.14750993704));
#1815 = CARTESIAN_POINT('',(6.101955849221,-35.17450910585));
#1816 = CARTESIAN_POINT('',(6.137321693524,-35.18448395697));
#1817 = CARTESIAN_POINT('',(6.173282574745,-35.19254643192));
#1818 = CARTESIAN_POINT('',(6.209723984039,-35.19815932182));
#1819 = CARTESIAN_POINT('',(6.246461182638,-35.20096189432));
#1820 = CARTESIAN_POINT('',(6.28318530718,-35.20096189432));
#1821 = ( GEOMETRIC_REPRESENTATION_CONTEXT(2) 
PARAMETRIC_REPRESENTATION_CONTEXT() REPRESENTATION_CONTEXT('2D SPACE',''
  ) );
#1822 = PCURVE('',#1404,#1823);
#1823 = DEFINITIONAL_REPRESENTATION('',(#1824),#1842);
#1824 = B_SPLINE_CURVE_WITH_KNOTS('',6,(#1825,#1826,#1827,#1828,#1829,
    #1830,#1831,#1832,#1833,#1834,#1835,#1836,#1837,#1838,#1839,#1840,
    #1841),.UNSPECIFIED.,.F.,.F.,(7,5,5,7),(0.,0.358494313766,
    0.73018209481,1.),.UNSPECIFIED.);
#1825 = CARTESIAN_POINT('',(0.,4.707843258351));
#1826 = CARTESIAN_POINT('',(-4.984072166399E-02,4.750228808072));
#1827 = CARTESIAN_POINT('',(-9.814837905102E-02,4.795173665496));
#1828 = CARTESIAN_POINT('',(-0.144693357922,4.842589092025));
#1829 = CARTESIAN_POINT('',(-0.18926976319,4.892396119947));
#1830 = CARTESIAN_POINT('',(-0.231658308568,4.944552052914));
#1831 = CARTESIAN_POINT('',(-0.312957842799,5.055698285568));
#1832 = CARTESIAN_POINT('',(-0.351642656117,5.11481296843));
#1833 = CARTESIAN_POINT('',(-0.387374161472,5.176609622146));
#1834 = CARTESIAN_POINT('',(-0.419660661986,5.241169740031));
#1835 = CARTESIAN_POINT('',(-0.447749923061,5.308531663114));
#1836 = CARTESIAN_POINT('',(-0.487435675378,5.429458029204));
#1837 = CARTESIAN_POINT('',(-0.501441156952,5.48173953773));
#1838 = CARTESIAN_POINT('',(-0.512380360722,5.535279803096));
#1839 = CARTESIAN_POINT('',(-0.519861464931,5.589807970921));
#1840 = CARTESIAN_POINT('',(-0.523598775598,5.644913813187));
#1841 = CARTESIAN_POINT('',(-0.523598775598,5.7));
#1842 = ( GEOMETRIC_REPRESENTATION_CONTEXT(2) 
PARAMETRIC_REPRESENTATION_CONTEXT() REPRESENTATION_CONTEXT('2D SPACE',''
  ) );
#1843 = ORIENTED_EDGE('',*,*,#1337,.F.);
#1844 = ORIENTED_EDGE('',*,*,#1845,.F.);
#1845 = EDGE_CURVE('',#762,#1314,#1846,.T.);
#1846 = SURFACE_CURVE('',#1847,(#1852,#1859),.PCURVE_S1.);
#1847 = ELLIPSE('',#1848,3.,1.5);
#1848 = AXIS2_PLACEMENT_3D('',#1849,#1850,#1851);
#1849 = CARTESIAN_POINT('',(5.,0.,1.5));
#1850 = DIRECTION('',(1.,0.,0.));
#1851 = DIRECTION('',(0.,1.,0.));
#1852 = PCURVE('',#535,#1853);
#1853 = DEFINITIONAL_REPRESENTATION('',(#1854),#1858);
#1854 = LINE('',#1855,#1856);
#1855 = CARTESIAN_POINT('',(0.,0.));
#1856 = VECTOR('',#1857,1.);
#1857 = DIRECTION('',(1.,0.));
#1858 = ( GEOMETRIC_REPRESENTATION_CONTEXT(2) 
PARAMETRIC_REPRESENTATION_CONTEXT() REPRESENTATION_CONTEXT('2D SPACE',''
  ) );
#1859 = PCURVE('',#805,#1860);
#1860 = DEFINITIONAL_REPRESENTATION('',(#1861),#1865);
#1861 = ELLIPSE('',#1862,3.,1.5);
#1862 = AXIS2_PLACEMENT_2D('',#1863,#1864);
#1863 = CARTESIAN_POINT('',(0.,0.261459135851));
#1864 = DIRECTION('',(0.,-1.));
#1865 = ( GEOMETRIC_REPRESENTATION_CONTEXT(2) 
PARAMETRIC_REPRESENTATION_CONTEXT() REPRESENTATION_CONTEXT('2D SPACE',''
  ) );
#1866 = ORIENTED_EDGE('',*,*,#761,.F.);
#1867 = ORIENTED_EDGE('',*,*,#629,.T.);
#1868 = ORIENTED_EDGE('',*,*,#449,.T.);
#1869 = ORIENTED_EDGE('',*,*,#993,.T.);
#1870 = ORIENTED_EDGE('',*,*,#1871,.F.);
#1871 = EDGE_CURVE('',#939,#968,#1872,.T.);
#1872 = SURFACE_CURVE('',#1873,(#1878,#1885),.PCURVE_S1.);
#1873 = ELLIPSE('',#1874,3.,1.5);
#1874 = AXIS2_PLACEMENT_3D('',#1875,#1876,#1877);
#1875 = CARTESIAN_POINT('',(5.,0.,1.5));
#1876 = DIRECTION('',(1.,0.,0.));
#1877 = DIRECTION('',(0.,1.,0.));
#1878 = PCURVE('',#535,#1879);
#1879 = DEFINITIONAL_REPRESENTATION('',(#1880),#1884);
#1880 = LINE('',#1881,#1882);
#1881 = CARTESIAN_POINT('',(0.,0.));
#1882 = VECTOR('',#1883,1.);
#1883 = DIRECTION('',(1.,0.));
#1884 = ( GEOMETRIC_REPRESENTATION_CONTEXT(2) 
PARAMETRIC_REPRESENTATION_CONTEXT() REPRESENTATION_CONTEXT('2D SPACE',''
  ) );
#1885 = PCURVE('',#982,#1886);
#1886 = DEFINITIONAL_REPRESENTATION('',(#1887),#1891);
#1887 = ELLIPSE('',#1888,3.,1.5);
#1888 = AXIS2_PLACEMENT_2D('',#1889,#1890);
#1889 = CARTESIAN_POINT('',(0.,0.261459135851));
#1890 = DIRECTION('',(0.,-1.));
#1891 = ( GEOMETRIC_REPRESENTATION_CONTEXT(2) 
PARAMETRIC_REPRESENTATION_CONTEXT() REPRESENTATION_CONTEXT('2D SPACE',''
  ) );
#1892 = ORIENTED_EDGE('',*,*,#938,.F.);
#1893 = ORIENTED_EDGE('',*,*,#1053,.T.);
#1894 = ORIENTED_EDGE('',*,*,#1183,.T.);
#1895 = ORIENTED_EDGE('',*,*,#816,.T.);
#1896 = FACE_BOUND('',#1897,.F.);
#1897 = EDGE_LOOP('',(#1898));
#1898 = ORIENTED_EDGE('',*,*,#1899,.F.);
#1899 = EDGE_CURVE('',#1900,#1900,#1902,.T.);
#1900 = VERTEX_POINT('',#1901);
#1901 = CARTESIAN_POINT('',(18.,0.,3.));
#1902 = SURFACE_CURVE('',#1903,(#2081,#2262),.PCURVE_S1.);
#1903 = B_SPLINE_CURVE_WITH_KNOTS('',8,(#1904,#1905,#1906,#1907,#1908,
    #1909,#1910,#1911,#1912,#1913,#1914,#1915,#1916,#1917,#1918,#1919,
    #1920,#1921,#1922,#1923,#1924,#1925,#1926,#1927,#1928,#1929,#1930,
    #1931,#1932,#1933,#1934,#1935,#1936,#1937,#1938,#1939,#1940,#1941,
    #1942,#1943,#1944,#1945,#1946,#1947,#1948,#1949,#1950,#1951,#1952,
    #1953,#1954,#1955,#1956,#1957,#1958,#1959,#1960,#1961,#1962,#1963,
    #1964,#1965,#1966,#1967,#1968,#1969,#1970,#1971,#1972,#1973,#1974,
    #1975,#1976,#1977,#1978,#1979,#1980,#1981,#1982,#1983,#1984,#1985,
    #1986,#1987,#1988,#1989,#1990,#1991,#1992,#1993,#1994,#1995,#1996,
    #1997,#1998,#1999,#2000,#2001,#2002,#2003,#2004,#2005,#2006,#2007,
    #2008,#2009,#2010,#2011,#2012,#2013,#2014,#2015,#2016,#2017,#2018,
    #2019,#2020,#2021,#2022,#2023,#2024,#2025,#2026,#2027,#2028,#2029,
    #2030,#2031,#2032,#2033,#2034,#2035,#2036,#2037,#2038,#2039,#2040,
    #2041,#2042,#2043,#2044,#2045,#2046,#2047,#2048,#2049,#2050,#2051,
    #2052,#2053,#2054,#2055,#2056,#2057,#2058,#2059,#2060,#2061,#2062,
    #2063,#2064,#2065,#2066,#2067,#2068,#2069,#2070,#2071,#2072,#2073,
    #2074,#2075,#2076,#2077,#2078,#2079,#2080),.UNSPECIFIED.,.T.,.F.,(9,
    7,7,7,7,7,7,7,7,7,7,7,7,7,7,7,7,7,7,7,7,7,7,7,7,9),(0.,
    2.906148706646E-02,4.950595923335E-02,8.125634466286E-02,
    0.11258259709,0.177921392044,0.250001330651,0.366849374636,
    0.39751824989,0.428946429424,0.463698221652,0.477033440459,
    0.484510237575,0.499949486856,0.519099445984,0.528938832264,
    0.549372811691,0.581105581425,0.612882723809,0.678271573192,
    0.749815962109,0.866700078911,0.897387054613,0.928837459851,
    0.963615571601,1.),.UNSPECIFIED.);
#1904 = CARTESIAN_POINT('',(18.,-4.440892098501E-16,3.));
#1905 = CARTESIAN_POINT('',(18.,-4.015362653074E-02,3.));
#1906 = CARTESIAN_POINT('',(17.997440757173,-8.032083439885E-02,
    2.999692903744));
#1907 = CARTESIAN_POINT('',(17.992319302574,-0.120228893029,
    2.999078294555));
#1908 = CARTESIAN_POINT('',(17.984711537754,-0.159647561439,
    2.998167235882));
#1909 = CARTESIAN_POINT('',(17.97474871195,-0.198386319075,
    2.996979118076));
#1910 = CARTESIAN_POINT('',(17.962597871494,-0.236291408653,
    2.99553883554));
#1911 = CARTESIAN_POINT('',(17.948446281427,-0.273242691002,
    2.993874294253));
#1912 = CARTESIAN_POINT('',(17.921264604167,-0.334410972319,
    2.99070572645));
#1913 = CARTESIAN_POINT('',(17.909141416787,-0.359165528631,
    2.989299894948));
#1914 = CARTESIAN_POINT('',(17.896182671403,-0.383392812147,
    2.987806143105));
#1915 = CARTESIAN_POINT('',(17.882449585859,-0.407079237089,
    2.986233700702));
#1916 = CARTESIAN_POINT('',(17.868000966335,-0.43021787968,
    2.984591469234));
#1917 = CARTESIAN_POINT('',(17.852891992061,-0.452807557238,
    2.982887851811));
#1918 = CARTESIAN_POINT('',(17.837173000031,-0.474851907268,
    2.981130583057));
#1919 = CARTESIAN_POINT('',(17.795597987819,-0.529758279525,
    2.976524899043));
#1920 = CARTESIAN_POINT('',(17.768949892853,-0.561852739155,
    2.973611202288));
#1921 = CARTESIAN_POINT('',(17.74110795464,-0.5926765899,2.970611224274)
  );
#1922 = CARTESIAN_POINT('',(17.712216520958,-0.622268885946,
    2.967547670772));
#1923 = CARTESIAN_POINT('',(17.682400436771,-0.650672322394,
    2.964440325881));
#1924 = CARTESIAN_POINT('',(17.651765163479,-0.677932566454,
    2.96130618012));
#1925 = CARTESIAN_POINT('',(17.620396898157,-0.70409758863,
    2.958159558523));
#1926 = CARTESIAN_POINT('',(17.556756411808,-0.754000845192,
    2.951906981823));
#1927 = CARTESIAN_POINT('',(17.524508799484,-0.777761478161,
    2.948801746877));
#1928 = CARTESIAN_POINT('',(17.491688723677,-0.800543427686,
    2.945708332894));
#1929 = CARTESIAN_POINT('',(17.458356296908,-0.822387112216,
    2.942637096038));
#1930 = CARTESIAN_POINT('',(17.42456346425,-0.843329485926,
    2.939597101988));
#1931 = CARTESIAN_POINT('',(17.390354591218,-0.863404690871,
    2.936596268293));
#1932 = CARTESIAN_POINT('',(17.355767051648,-0.882644709133,
    2.933641506727));
#1933 = CARTESIAN_POINT('',(17.247965575653,-0.939531491752,
    2.92468467607));
#1934 = CARTESIAN_POINT('',(17.173609007465,-0.974470388854,
    2.918859094625));
#1935 = CARTESIAN_POINT('',(17.098037984469,-1.006174778804,
    2.913316199422));
#1936 = CARTESIAN_POINT('',(17.021471536613,-1.034853369362,
    2.908099391522));
#1937 = CARTESIAN_POINT('',(16.944084919881,-1.060671685646,
    2.903243495352));
#1938 = CARTESIAN_POINT('',(16.866017975711,-1.083768147925,
    2.898776494727));
#1939 = CARTESIAN_POINT('',(16.787378780268,-1.104260045089,
    2.894720904459));
#1940 = CARTESIAN_POINT('',(16.620941735757,-1.142073731479,
    2.887094535366));
#1941 = CARTESIAN_POINT('',(16.533061747097,-1.158844970961,
    2.883618138844));
#1942 = CARTESIAN_POINT('',(16.444724076714,-1.172676774849,
    2.88069025287));
#1943 = CARTESIAN_POINT('',(16.35603678115,-1.183657440442,
    2.878330036428));
#1944 = CARTESIAN_POINT('',(16.267097385398,-1.19184907083,
    2.876551430152));
#1945 = CARTESIAN_POINT('',(16.177994998332,-1.197292797679,
    2.87536345356));
#1946 = CARTESIAN_POINT('',(16.088811672588,-1.200010065682,
    2.874770511975));
#1947 = CARTESIAN_POINT('',(15.855040187356,-1.19998362675,
    2.874776281423));
#1948 = CARTESIAN_POINT('',(15.710562006739,-1.192799954425,
    2.87634383817));
#1949 = CARTESIAN_POINT('',(15.566417175733,-1.178468108427,
    2.879471476412));
#1950 = CARTESIAN_POINT('',(15.422927676109,-1.156824819032,
    2.884131092724));
#1951 = CARTESIAN_POINT('',(15.280510989221,-1.127589394098,
    2.890263248568));
#1952 = CARTESIAN_POINT('',(15.139717596134,-1.090290919536,
    2.897766314603));
#1953 = CARTESIAN_POINT('',(15.001222355974,-1.044310411003,
    2.906495270726));
#1954 = CARTESIAN_POINT('',(14.830482699159,-0.973792119411,
    2.918799670737));
#1955 = CARTESIAN_POINT('',(14.795216725933,-0.958453767295,
    2.921427354147));
#1956 = CARTESIAN_POINT('',(14.760200995939,-0.942417407225,
    2.924120648296));
#1957 = CARTESIAN_POINT('',(14.725457995086,-0.925661144194,
    2.926875113868));
#1958 = CARTESIAN_POINT('',(14.691013677558,-0.90816120115,2.92968577774
    ));
#1959 = CARTESIAN_POINT('',(14.656897765289,-0.88989147178,
    2.932547059561));
#1960 = CARTESIAN_POINT('',(14.623144047429,-0.870823073309,
    2.935452698338));
#1961 = CARTESIAN_POINT('',(14.555611544895,-0.830532058749,
    2.941411522414));
#1962 = CARTESIAN_POINT('',(14.521856205646,-0.809269885062,
    2.944466278004));
#1963 = CARTESIAN_POINT('',(14.488563757521,-0.787101317396,
    2.94755255648));
#1964 = CARTESIAN_POINT('',(14.455782262766,-0.763989114078,
    2.950661779146));
#1965 = CARTESIAN_POINT('',(14.423569466328,-0.739894233612,
    2.953784000471));
#1966 = CARTESIAN_POINT('',(14.391993511749,-0.714775215694,
    2.956907730634));
#1967 = CARTESIAN_POINT('',(14.361133657075,-0.68858756223,
    2.960019758084));
#1968 = CARTESIAN_POINT('',(14.297850175881,-0.631091157663,
    2.966516455592));
#1969 = CARTESIAN_POINT('',(14.265619358118,-0.599545383946,
    2.969893824531));
#1970 = CARTESIAN_POINT('',(14.234501418522,-0.566573144947,
    2.973217613102));
#1971 = CARTESIAN_POINT('',(14.204648083738,-0.532111212849,
    2.976463572771));
#1972 = CARTESIAN_POINT('',(14.176248788355,-0.496108595442,
    2.979602186947));
#1973 = CARTESIAN_POINT('',(14.149527860182,-0.458530723246,
    2.982598752845));
#1974 = CARTESIAN_POINT('',(14.124740028439,-0.419365012579,
    2.985414030527));
#1975 = CARTESIAN_POINT('',(14.093501309407,-0.362995817075,
    2.988999861582));
#1976 = CARTESIAN_POINT('',(14.085165535962,-0.347135048784,
    2.989961136033));
#1977 = CARTESIAN_POINT('',(14.077173194009,-0.331047918002,
    2.990886820994));
#1978 = CARTESIAN_POINT('',(14.069541280136,-0.314738184535,
    2.991774354744));
#1979 = CARTESIAN_POINT('',(14.06228724231,-0.298211104381,
    2.992621116995));
#1980 = CARTESIAN_POINT('',(14.055428694149,-0.281473584394,
    2.993424470549));
#1981 = CARTESIAN_POINT('',(14.048983129202,-0.264534336954,
    2.994181802963));
#1982 = CARTESIAN_POINT('',(14.039594865062,-0.237799408209,
    2.995287959055));
#1983 = CARTESIAN_POINT('',(14.036357272544,-0.228134747701,
    2.995670085505));
#1984 = CARTESIAN_POINT('',(14.033257919835,-0.218411960673,
    2.996036491793));
#1985 = CARTESIAN_POINT('',(14.030299769864,-0.208633153824,
    2.99638673735));
#1986 = CARTESIAN_POINT('',(14.02748568631,-0.198800632988,
    2.996720396801));
#1987 = CARTESIAN_POINT('',(14.024818433611,-0.188916903139,
    2.997037059963));
#1988 = CARTESIAN_POINT('',(14.02230067696,-0.178984668383,
    2.997336331847));
#1989 = CARTESIAN_POINT('',(14.015049929395,-0.14840304918,
    2.998199119146));
#1990 = CARTESIAN_POINT('',(14.010812828286,-0.127603365562,
    2.998704687074));
#1991 = CARTESIAN_POINT('',(14.007246412483,-0.106635189687,
    2.999131181917));
#1992 = CARTESIAN_POINT('',(14.004370022545,-8.552809137703E-02,
    2.999475748537));
#1993 = CARTESIAN_POINT('',(14.002199022499,-6.431379236792E-02,
    2.999736118316));
#1994 = CARTESIAN_POINT('',(14.000744216255,-4.302615697089E-02,
    2.999910696296));
#1995 = CARTESIAN_POINT('',(14.000011264017,-2.170118273542E-02,
    2.999998648318));
#1996 = CARTESIAN_POINT('',(13.999986249872,2.607231290536E-02,
    3.000001650015));
#1997 = CARTESIAN_POINT('',(14.001082859194,5.252551656177E-02,
    2.999870063926));
#1998 = CARTESIAN_POINT('',(14.003290384876,7.890829260205E-02,
    2.999605148384));
#1999 = CARTESIAN_POINT('',(14.006595479073,0.105152279131,2.99920887112
    ));
#2000 = CARTESIAN_POINT('',(14.010972923398,0.131195001147,
    2.998684959244));
#2001 = CARTESIAN_POINT('',(14.016387564423,0.15697979208,2.9980386094)
  );
#2002 = CARTESIAN_POINT('',(14.022796249201,0.182455715327,
    2.997276197909));
#2003 = CARTESIAN_POINT('',(14.033928047733,0.220485231539,
    2.995957358523));
#2004 = CARTESIAN_POINT('',(14.03795614216,0.233300479751,2.995480955991
    ));
#2005 = CARTESIAN_POINT('',(14.042227446581,0.246017789124,
    2.994976762444));
#2006 = CARTESIAN_POINT('',(14.046735248725,0.258632285466,
    2.994445775938));
#2007 = CARTESIAN_POINT('',(14.051472721514,0.271139661692,
    2.993889013468));
#2008 = CARTESIAN_POINT('',(14.056432923072,0.283536177829,
    2.993307510969));
#2009 = CARTESIAN_POINT('',(14.061608796719,0.29581866101,2.992702323313
    ));
#2010 = CARTESIAN_POINT('',(14.078175188792,0.333249964982,
    2.990770740564));
#2011 = CARTESIAN_POINT('',(14.090256249228,0.358010757856,
    2.989369442401));
#2012 = CARTESIAN_POINT('',(14.103174021208,0.382245474692,
    2.987880003684));
#2013 = CARTESIAN_POINT('',(14.116867323217,0.405940320571,
    2.986311647193));
#2014 = CARTESIAN_POINT('',(14.131277347553,0.42908819147,2.984673273108
    ));
#2015 = CARTESIAN_POINT('',(14.146348884578,0.451687750665,
    2.982973287488));
#2016 = CARTESIAN_POINT('',(14.162031546969,0.473742505139,
    2.981219430757));
#2017 = CARTESIAN_POINT('',(14.203515430659,0.528675104284,
    2.976622031404));
#2018 = CARTESIAN_POINT('',(14.230110104344,0.560786070964,
    2.973712915238));
#2019 = CARTESIAN_POINT('',(14.257900851213,0.59162717153,2.970717035992
    ));
#2020 = CARTESIAN_POINT('',(14.286743109749,0.621237204441,
    2.967657126019));
#2021 = CARTESIAN_POINT('',(14.316511816886,0.649658691496,
    2.964552997339));
#2022 = CARTESIAN_POINT('',(14.347101304162,0.676937192225,
    2.961421667263));
#2023 = CARTESIAN_POINT('',(14.378425193877,0.70312061827,2.958277484019
    ));
#2024 = CARTESIAN_POINT('',(14.442452130495,0.753431628217,
    2.951982622679));
#2025 = CARTESIAN_POINT('',(14.475149825529,0.777550716877,
    2.948832672505));
#2026 = CARTESIAN_POINT('',(14.50843730204,0.80066239286,2.945694739168)
  );
#2027 = CARTESIAN_POINT('',(14.54225175288,0.822808861922,2.942579641349
    ));
#2028 = CARTESIAN_POINT('',(14.576539011425,0.844028655404,
    2.939496831764));
#2029 = CARTESIAN_POINT('',(14.611252920949,0.864357329157,
    2.936454549835));
#2030 = CARTESIAN_POINT('',(14.646354703986,0.883828162469,
    2.933459974357));
#2031 = CARTESIAN_POINT('',(14.754774634309,0.940838645449,
    2.924468412566));
#2032 = CARTESIAN_POINT('',(14.829221157125,0.97569443805,2.918647885061
    ));
#2033 = CARTESIAN_POINT('',(14.904877274719,1.007317548316,
    2.913111683559));
#2034 = CARTESIAN_POINT('',(14.981524865018,1.035916117474,
    2.907903067031));
#2035 = CARTESIAN_POINT('',(15.058989328241,1.06165518846,2.903056750371
    ));
#2036 = CARTESIAN_POINT('',(15.137131280793,1.084672720936,
    2.898600629814));
#2037 = CARTESIAN_POINT('',(15.215842924122,1.105085547335,
    2.894557146915));
#2038 = CARTESIAN_POINT('',(15.381711519282,1.142570026758,
    2.886991330205));
#2039 = CARTESIAN_POINT('',(15.468940907936,1.159141062148,2.88355504686
    ));
#2040 = CARTESIAN_POINT('',(15.556618899616,1.17281846097,2.880659420025
    ));
#2041 = CARTESIAN_POINT('',(15.644640062757,1.183688168702,
    2.878323096019));
#2042 = CARTESIAN_POINT('',(15.732909141367,1.191810754183,
    2.876559663793));
#2043 = CARTESIAN_POINT('',(15.821339026243,1.197226414006,2.87537793979
    ));
#2044 = CARTESIAN_POINT('',(15.909849445159,1.199956218555,
    2.874782262377));
#2045 = CARTESIAN_POINT('',(16.142979010012,1.200070472689,
    2.874757330091));
#2046 = CARTESIAN_POINT('',(16.287491030573,1.19297100208,2.876306511059
    ));
#2047 = CARTESIAN_POINT('',(16.431673149107,1.17872157808,2.879416699673
    ));
#2048 = CARTESIAN_POINT('',(16.57520331078,1.157160120001,2.884060028135
    ));
#2049 = CARTESIAN_POINT('',(16.717664376765,1.128007068255,
    2.890177284833));
#2050 = CARTESIAN_POINT('',(16.858506809129,1.09079292504,2.897667107612
    ));
#2051 = CARTESIAN_POINT('',(16.997057137844,1.044900067924,
    2.906384789363));
#2052 = CARTESIAN_POINT('',(17.167887288557,0.974496163842,
    2.918678760968));
#2053 = CARTESIAN_POINT('',(17.203180479348,0.959178363455,
    2.921305055755));
#2054 = CARTESIAN_POINT('',(17.238223952303,0.943162617193,
    2.923997177078));
#2055 = CARTESIAN_POINT('',(17.272995268111,0.926427058446,
    2.926750692649));
#2056 = CARTESIAN_POINT('',(17.307468529461,0.908947937897,
    2.929560637575));
#2057 = CARTESIAN_POINT('',(17.341614082351,0.890699176651,
    2.932421441122));
#2058 = CARTESIAN_POINT('',(17.375398217396,0.871651919365,
    2.935326853465));
#2059 = CARTESIAN_POINT('',(17.442998067144,0.831401735357,
    2.941286107776));
#2060 = CARTESIAN_POINT('',(17.476790290103,0.81015904852,2.944341543577
    ));
#2061 = CARTESIAN_POINT('',(17.510120524412,0.788009987666,
    2.947428801072));
#2062 = CARTESIAN_POINT('',(17.542940811606,0.764917322599,
    2.950539315174));
#2063 = CARTESIAN_POINT('',(17.575193533491,0.740842009281,
    2.953663156944));
#2064 = CARTESIAN_POINT('',(17.606810695298,0.715742566998,2.95678885603
    ));
#2065 = CARTESIAN_POINT('',(17.637713208826,0.689574455516,
    2.959903223113));
#2066 = CARTESIAN_POINT('',(17.701091644158,0.63211747558,2.966405851511
    ));
#2067 = CARTESIAN_POINT('',(17.733375000359,0.60059141905,2.969786894859
    ));
#2068 = CARTESIAN_POINT('',(17.764547635182,0.567638520102,
    2.973114869548));
#2069 = CARTESIAN_POINT('',(17.794458117152,0.533195343518,
    2.976365564374));
#2070 = CARTESIAN_POINT('',(17.822917322032,0.497210581521,
    2.979509502637));
#2071 = CARTESIAN_POINT('',(17.849701206277,0.459649208939,
    2.982512017132));
#2072 = CARTESIAN_POINT('',(17.87455522426,0.420497993405,2.985333887267
    ));
#2073 = CARTESIAN_POINT('',(17.920891479502,0.337165709607,2.99065121472
    ));
#2074 = CARTESIAN_POINT('',(17.94218602546,0.29279845593,2.993127952433)
  );
#2075 = CARTESIAN_POINT('',(17.960713082479,0.246761338557,
    2.995308410852));
#2076 = CARTESIAN_POINT('',(17.976090766838,0.199211170292,
    2.997135463128));
#2077 = CARTESIAN_POINT('',(17.98795156264,0.150382420754,2.998554091577
    ));
#2078 = CARTESIAN_POINT('',(17.995985327924,0.1005996038,2.999518293871)
  );
#2079 = CARTESIAN_POINT('',(18.,5.029046940804E-02,3.));
#2080 = CARTESIAN_POINT('',(18.,-4.440892098501E-16,3.));
#2081 = PCURVE('',#535,#2082);
#2082 = DEFINITIONAL_REPRESENTATION('',(#2083),#2261);
#2083 = B_SPLINE_CURVE_WITH_KNOTS('',8,(#2084,#2085,#2086,#2087,#2088,
    #2089,#2090,#2091,#2092,#2093,#2094,#2095,#2096,#2097,#2098,#2099,
    #2100,#2101,#2102,#2103,#2104,#2105,#2106,#2107,#2108,#2109,#2110,
    #2111,#2112,#2113,#2114,#2115,#2116,#2117,#2118,#2119,#2120,#2121,
    #2122,#2123,#2124,#2125,#2126,#2127,#2128,#2129,#2130,#2131,#2132,
    #2133,#2134,#2135,#2136,#2137,#2138,#2139,#2140,#2141,#2142,#2143,
    #2144,#2145,#2146,#2147,#2148,#2149,#2150,#2151,#2152,#2153,#2154,
    #2155,#2156,#2157,#2158,#2159,#2160,#2161,#2162,#2163,#2164,#2165,
    #2166,#2167,#2168,#2169,#2170,#2171,#2172,#2173,#2174,#2175,#2176,
    #2177,#2178,#2179,#2180,#2181,#2182,#2183,#2184,#2185,#2186,#2187,
    #2188,#2189,#2190,#2191,#2192,#2193,#2194,#2195,#2196,#2197,#2198,
    #2199,#2200,#2201,#2202,#2203,#2204,#2205,#2206,#2207,#2208,#2209,
    #2210,#2211,#2212,#2213,#2214,#2215,#2216,#2217,#2218,#2219,#2220,
    #2221,#2222,#2223,#2224,#2225,#2226,#2227,#2228,#2229,#2230,#2231,
    #2232,#2233,#2234,#2235,#2236,#2237,#2238,#2239,#2240,#2241,#2242,
    #2243,#2244,#2245,#2246,#2247,#2248,#2249,#2250,#2251,#2252,#2253,
    #2254,#2255,#2256,#2257,#2258,#2259,#2260),.UNSPECIFIED.,.F.,.F.,(9,
    7,7,7,7,7,7,7,7,7,7,7,7,7,7,7,7,7,7,7,7,7,7,7,7,9),(0.,
    2.906148706646E-02,4.950595923335E-02,8.125634466286E-02,
    0.11258259709,0.177921392044,0.250001330651,0.366849374636,
    0.39751824989,0.428946429424,0.463698221652,0.477033440459,
    0.484510237575,0.499949486856,0.519099445984,0.528938832264,
    0.549372811691,0.581105581425,0.612882723809,0.678271573192,
    0.749815962109,0.866700078911,0.897387054613,0.928837459851,
    0.963615571601,1.),.UNSPECIFIED.);
#2084 = CARTESIAN_POINT('',(1.570796326795,-13.));
#2085 = CARTESIAN_POINT('',(1.584180868972,-13.));
#2086 = CARTESIAN_POINT('',(1.597569936999,-12.99744075717));
#2087 = CARTESIAN_POINT('',(1.610876279739,-12.99231930257));
#2088 = CARTESIAN_POINT('',(1.624026807697,-12.98471153775));
#2089 = CARTESIAN_POINT('',(1.636961182792,-12.97474871195));
#2090 = CARTESIAN_POINT('',(1.649630551994,-12.96259787149));
#2091 = CARTESIAN_POINT('',(1.661996424862,-12.94844628142));
#2092 = CARTESIAN_POINT('',(1.682494982879,-12.92126460416));
#2093 = CARTESIAN_POINT('',(1.690799150709,-12.90914141678));
#2094 = CARTESIAN_POINT('',(1.698935465825,-12.8961826714));
#2095 = CARTESIAN_POINT('',(1.706899560035,-12.88244958585));
#2096 = CARTESIAN_POINT('',(1.714689150145,-12.86800096633));
#2097 = CARTESIAN_POINT('',(1.722303758523,-12.85289199206));
#2098 = CARTESIAN_POINT('',(1.729744433666,-12.83717300003));
#2099 = CARTESIAN_POINT('',(1.748302328109,-12.79559798781));
#2100 = CARTESIAN_POINT('',(1.759174427704,-12.76894989285));
#2101 = CARTESIAN_POINT('',(1.769640525975,-12.74110795464));
#2102 = CARTESIAN_POINT('',(1.779712482224,-12.71221652095));
#2103 = CARTESIAN_POINT('',(1.789403143962,-12.68240043677));
#2104 = CARTESIAN_POINT('',(1.798726232245,-12.65176516347));
#2105 = CARTESIAN_POINT('',(1.807696227003,-12.62039689815));
#2106 = CARTESIAN_POINT('',(1.824844968055,-12.5567564118));
#2107 = CARTESIAN_POINT('',(1.833030839136,-12.52450879948));
#2108 = CARTESIAN_POINT('',(1.840899283192,-12.49168872367));
#2109 = CARTESIAN_POINT('',(1.848462336522,-12.4583562969));
#2110 = CARTESIAN_POINT('',(1.85573089285,-12.42456346425));
#2111 = CARTESIAN_POINT('',(1.862714942014,-12.39035459121));
#2112 = CARTESIAN_POINT('',(1.86942380867,-12.35576705164));
#2113 = CARTESIAN_POINT('',(1.889304020211,-12.24796557565));
#2114 = CARTESIAN_POINT('',(1.901579087599,-12.17360900746));
#2115 = CARTESIAN_POINT('',(1.912772818195,-12.09803798446));
#2116 = CARTESIAN_POINT('',(1.922943996077,-12.02147153661));
#2117 = CARTESIAN_POINT('',(1.932137980029,-11.94408491988));
#2118 = CARTESIAN_POINT('',(1.940392231995,-11.86601797571));
#2119 = CARTESIAN_POINT('',(1.94773835832,-11.78737878026));
#2120 = CARTESIAN_POINT('',(1.961329699111,-11.62094173575));
#2121 = CARTESIAN_POINT('',(1.967381197827,-11.53306174709));
#2122 = CARTESIAN_POINT('',(1.972387773596,-11.44472407671));
#2123 = CARTESIAN_POINT('',(1.976371818943,-11.35603678115));
#2124 = CARTESIAN_POINT('',(1.979348700038,-11.26709738539));
#2125 = CARTESIAN_POINT('',(1.981328574717,-11.17799499833));
#2126 = CARTESIAN_POINT('',(1.982316833716,-11.08881167258));
#2127 = CARTESIAN_POINT('',(1.982307217969,-10.85504018735));
#2128 = CARTESIAN_POINT('',(1.979694547462,-10.71056200674));
#2129 = CARTESIAN_POINT('',(1.974482099842,-10.56641717573));
#2130 = CARTESIAN_POINT('',(1.966627289695,-10.42292767611));
#2131 = CARTESIAN_POINT('',(1.956060681676,-10.28051098921));
#2132 = CARTESIAN_POINT('',(1.942662362548,-10.13971759613));
#2133 = CARTESIAN_POINT('',(1.926273983667,-10.00122235597));
#2134 = CARTESIAN_POINT('',(1.90137770441,-9.830482699159));
#2135 = CARTESIAN_POINT('',(1.895973227957,-9.795216725933));
#2136 = CARTESIAN_POINT('',(1.890334446742,-9.760200995939));
#2137 = CARTESIAN_POINT('',(1.884455159838,-9.725457995086));
#2138 = CARTESIAN_POINT('',(1.878328592245,-9.691013677558));
#2139 = CARTESIAN_POINT('',(1.871947238792,-9.656897765289));
#2140 = CARTESIAN_POINT('',(1.86530270803,-9.623144047429));
#2141 = CARTESIAN_POINT('',(1.851297168682,-9.555611544895));
#2142 = CARTESIAN_POINT('',(1.843923222056,-9.521856205646));
#2143 = CARTESIAN_POINT('',(1.836253038031,-9.488563757521));
#2144 = CARTESIAN_POINT('',(1.828275619491,-9.455782262766));
#2145 = CARTESIAN_POINT('',(1.819979417936,-9.423569466328));
#2146 = CARTESIAN_POINT('',(1.811352090993,-9.391993511749));
#2147 = CARTESIAN_POINT('',(1.802380259924,-9.361133657075));
#2148 = CARTESIAN_POINT('',(1.782731497305,-9.297850175881));
#2149 = CARTESIAN_POINT('',(1.771978572231,-9.265619358118));
#2150 = CARTESIAN_POINT('',(1.760768044582,-9.234501418522));
#2151 = CARTESIAN_POINT('',(1.749080672601,-9.204648083738));
#2152 = CARTESIAN_POINT('',(1.73690116383,-9.176248788355));
#2153 = CARTESIAN_POINT('',(1.724219323471,-9.149527860182));
#2154 = CARTESIAN_POINT('',(1.711031607371,-9.124740028439));
#2155 = CARTESIAN_POINT('',(1.692090414931,-9.093501309407));
#2156 = CARTESIAN_POINT('',(1.686764886774,-9.085165535962));
#2157 = CARTESIAN_POINT('',(1.681367282245,-9.077173194009));
#2158 = CARTESIAN_POINT('',(1.675898812752,-9.069541280136));
#2159 = CARTESIAN_POINT('',(1.670361162921,-9.06228724231));
#2160 = CARTESIAN_POINT('',(1.66475653949,-9.055428694149));
#2161 = CARTESIAN_POINT('',(1.659087720203,-9.048983129202));
#2162 = CARTESIAN_POINT('',(1.650145617914,-9.039594865062));
#2163 = CARTESIAN_POINT('',(1.646914029371,-9.036357272544));
#2164 = CARTESIAN_POINT('',(1.643663944868,-9.033257919835));
#2165 = CARTESIAN_POINT('',(1.640396035384,-9.030299769864));
#2166 = CARTESIAN_POINT('',(1.637111035087,-9.02748568631));
#2167 = CARTESIAN_POINT('',(1.633809741332,-9.024818433611));
#2168 = CARTESIAN_POINT('',(1.630493014666,-9.02230067696));
#2169 = CARTESIAN_POINT('',(1.620282926839,-9.015049929395));
#2170 = CARTESIAN_POINT('',(1.613341721196,-9.010812828286));
#2171 = CARTESIAN_POINT('',(1.606346916331,-9.007246412483));
#2172 = CARTESIAN_POINT('',(1.59930792445,-9.004370022545));
#2173 = CARTESIAN_POINT('',(1.592234826913,-9.002199022499));
#2174 = CARTESIAN_POINT('',(1.585138385625,-9.000744216255));
#2175 = CARTESIAN_POINT('',(1.57803005443,-9.000011264017));
#2176 = CARTESIAN_POINT('',(1.562105555757,-8.999986249872));
#2177 = CARTESIAN_POINT('',(1.553287835832,-9.001082859194));
#2178 = CARTESIAN_POINT('',(1.544492550989,-9.003290384876));
#2179 = CARTESIAN_POINT('',(1.535741451225,-9.006595479073));
#2180 = CARTESIAN_POINT('',(1.527054379796,-9.010972923398));
#2181 = CARTESIAN_POINT('',(1.518449336756,-9.016387564423));
#2182 = CARTESIAN_POINT('',(1.509942542486,-9.022796249201));
#2183 = CARTESIAN_POINT('',(1.497235582659,-9.033928047733));
#2184 = CARTESIAN_POINT('',(1.492952095973,-9.03795614216));
#2185 = CARTESIAN_POINT('',(1.488699772644,-9.042227446581));
#2186 = CARTESIAN_POINT('',(1.484480164499,-9.046735248725));
#2187 = CARTESIAN_POINT('',(1.480294643722,-9.051472721514));
#2188 = CARTESIAN_POINT('',(1.476144402855,-9.056432923072));
#2189 = CARTESIAN_POINT('',(1.472030454797,-9.061608796719));
#2190 = CARTESIAN_POINT('',(1.459487078657,-9.078175188792));
#2191 = CARTESIAN_POINT('',(1.451181185876,-9.090256249228));
#2192 = CARTESIAN_POINT('',(1.443042763311,-9.103174021208));
#2193 = CARTESIAN_POINT('',(1.435076245066,-9.116867323217));
#2194 = CARTESIAN_POINT('',(1.427283970901,-9.131277347553));
#2195 = CARTESIAN_POINT('',(1.419666466628,-9.146348884578));
#2196 = CARTESIAN_POINT('',(1.41222272451,-9.162031546969));
#2197 = CARTESIAN_POINT('',(1.393657120794,-9.203515430659));
#2198 = CARTESIAN_POINT('',(1.382780153359,-9.230110104344));
#2199 = CARTESIAN_POINT('',(1.372308934325,-9.257900851213));
#2200 = CARTESIAN_POINT('',(1.362231682556,-9.286743109749));
#2201 = CARTESIAN_POINT('',(1.352535602739,-9.316511816886));
#2202 = CARTESIAN_POINT('',(1.343207005318,-9.347101304162));
#2203 = CARTESIAN_POINT('',(1.334231426421,-9.378425193877));
#2204 = CARTESIAN_POINT('',(1.316943990909,-9.442452130495));
#2205 = CARTESIAN_POINT('',(1.30863499952,-9.475149825529));
#2206 = CARTESIAN_POINT('',(1.300652736394,-9.50843730204));
#2207 = CARTESIAN_POINT('',(1.292984632181,-9.54225175288));
#2208 = CARTESIAN_POINT('',(1.28561932962,-9.576539011425));
#2209 = CARTESIAN_POINT('',(1.278546427755,-9.611252920949));
#2210 = CARTESIAN_POINT('',(1.271756226145,-9.646354703986));
#2211 = CARTESIAN_POINT('',(1.251829728144,-9.754774634309));
#2212 = CARTESIAN_POINT('',(1.239581993759,-9.829221157125));
#2213 = CARTESIAN_POINT('',(1.228415297394,-9.904877274719));
#2214 = CARTESIAN_POINT('',(1.21827104133,-9.981524865018));
#2215 = CARTESIAN_POINT('',(1.209104020952,-10.05898932824));
#2216 = CARTESIAN_POINT('',(1.200876918354,-10.13713128079));
#2217 = CARTESIAN_POINT('',(1.193558267269,-10.21584292412));
#2218 = CARTESIAN_POINT('',(1.180083795407,-10.38171151928));
#2219 = CARTESIAN_POINT('',(1.174104174645,-10.46894090793));
#2220 = CARTESIAN_POINT('',(1.169153372896,-10.55661889961));
#2221 = CARTESIAN_POINT('',(1.165209596312,-10.64464006275));
#2222 = CARTESIAN_POINT('',(1.162257855274,-10.73290914136));
#2223 = CARTESIAN_POINT('',(1.160288222298,-10.82133902624));
#2224 = CARTESIAN_POINT('',(1.159295403884,-10.90984944515));
#2225 = CARTESIAN_POINT('',(1.15925385006,-11.14297901001));
#2226 = CARTESIAN_POINT('',(1.161835896264,-11.28749103057));
#2227 = CARTESIAN_POINT('',(1.167018510572,-11.43167314911));
#2228 = CARTESIAN_POINT('',(1.174843976719,-11.57520331077));
#2229 = CARTESIAN_POINT('',(1.185381435596,-11.71766437676));
#2230 = CARTESIAN_POINT('',(1.198750400346,-11.85850680912));
#2231 = CARTESIAN_POINT('',(1.215108824398,-11.99705713784));
#2232 = CARTESIAN_POINT('',(1.239966813637,-12.16788728855));
#2233 = CARTESIAN_POINT('',(1.245364509815,-12.20318047934));
#2234 = CARTESIAN_POINT('',(1.250996529274,-12.2382239523));
#2235 = CARTESIAN_POINT('',(1.25686906327,-12.27299526811));
#2236 = CARTESIAN_POINT('',(1.262988877242,-12.30746852946));
#2237 = CARTESIAN_POINT('',(1.269363466761,-12.34161408235));
#2238 = CARTESIAN_POINT('',(1.276001213477,-12.37539821739));
#2239 = CARTESIAN_POINT('',(1.289993783571,-12.44299806714));
#2240 = CARTESIAN_POINT('',(1.297361613356,-12.4767902901));
#2241 = CARTESIAN_POINT('',(1.305025709929,-12.51012052441));
#2242 = CARTESIAN_POINT('',(1.312997064942,-12.5429408116));
#2243 = CARTESIAN_POINT('',(1.3212872258,-12.57519353349));
#2244 = CARTESIAN_POINT('',(1.329908539271,-12.60681069529));
#2245 = CARTESIAN_POINT('',(1.338874395089,-12.63771320882));
#2246 = CARTESIAN_POINT('',(1.35851121212,-12.70109164415));
#2247 = CARTESIAN_POINT('',(1.369258225297,-12.73337500035));
#2248 = CARTESIAN_POINT('',(1.380462987865,-12.76454763518));
#2249 = CARTESIAN_POINT('',(1.392144804253,-12.79445811715));
#2250 = CARTESIAN_POINT('',(1.404319063426,-12.82291732203));
#2251 = CARTESIAN_POINT('',(1.416996100574,-12.84970120627));
#2252 = CARTESIAN_POINT('',(1.430179661615,-12.87455522426));
#2253 = CARTESIAN_POINT('',(1.458182370627,-12.9208914795));
#2254 = CARTESIAN_POINT('',(1.473061487864,-12.94218602546));
#2255 = CARTESIAN_POINT('',(1.488472257163,-12.96071308247));
#2256 = CARTESIAN_POINT('',(1.504363860478,-12.97609076683));
#2257 = CARTESIAN_POINT('',(1.520661659726,-12.98795156264));
#2258 = CARTESIAN_POINT('',(1.537263136277,-12.99598532792));
#2259 = CARTESIAN_POINT('',(1.554032836992,-13.));
#2260 = CARTESIAN_POINT('',(1.570796326795,-13.));
#2261 = ( GEOMETRIC_REPRESENTATION_CONTEXT(2) 
PARAMETRIC_REPRESENTATION_CONTEXT() REPRESENTATION_CONTEXT('2D SPACE',''
  ) );
#2262 = PCURVE('',#2263,#2271);
#2263 = SURFACE_OF_LINEAR_EXTRUSION('',#2264,#2269);
#2264 = ELLIPSE('',#2265,2.,1.2);
#2265 = AXIS2_PLACEMENT_3D('',#2266,#2267,#2268);
#2266 = CARTESIAN_POINT('',(16.,0.,-12.5));
#2267 = DIRECTION('',(0.,0.,1.));
#2268 = DIRECTION('',(1.,0.,0.));
#2269 = VECTOR('',#2270,1.);
#2270 = DIRECTION('',(-0.,-0.,-1.));
#2271 = DEFINITIONAL_REPRESENTATION('',(#2272),#2450);
#2272 = B_SPLINE_CURVE_WITH_KNOTS('',8,(#2273,#2274,#2275,#2276,#2277,
    #2278,#2279,#2280,#2281,#2282,#2283,#2284,#2285,#2286,#2287,#2288,
    #2289,#2290,#2291,#2292,#2293,#2294,#2295,#2296,#2297,#2298,#2299,
    #2300,#2301,#2302,#2303,#2304,#2305,#2306,#2307,#2308,#2309,#2310,
    #2311,#2312,#2313,#2314,#2315,#2316,#2317,#2318,#2319,#2320,#2321,
    #2322,#2323,#2324,#2325,#2326,#2327,#2328,#2329,#2330,#2331,#2332,
    #2333,#2334,#2335,#2336,#2337,#2338,#2339,#2340,#2341,#2342,#2343,
    #2344,#2345,#2346,#2347,#2348,#2349,#2350,#2351,#2352,#2353,#2354,
    #2355,#2356,#2357,#2358,#2359,#2360,#2361,#2362,#2363,#2364,#2365,
    #2366,#2367,#2368,#2369,#2370,#2371,#2372,#2373,#2374,#2375,#2376,
    #2377,#2378,#2379,#2380,#2381,#2382,#2383,#2384,#2385,#2386,#2387,
    #2388,#2389,#2390,#2391,#2392,#2393,#2394,#2395,#2396,#2397,#2398,
    #2399,#2400,#2401,#2402,#2403,#2404,#2405,#2406,#2407,#2408,#2409,
    #2410,#2411,#2412,#2413,#2414,#2415,#2416,#2417,#2418,#2419,#2420,
    #2421,#2422,#2423,#2424,#2425,#2426,#2427,#2428,#2429,#2430,#2431,
    #2432,#2433,#2434,#2435,#2436,#2437,#2438,#2439,#2440,#2441,#2442,
    #2443,#2444,#2445,#2446,#2447,#2448,#2449),.UNSPECIFIED.,.F.,.F.,(9,
    7,7,7,7,7,7,7,7,7,7,7,7,7,7,7,7,7,7,7,7,7,7,7,7,9),(0.,
    2.906148706646E-02,4.950595923335E-02,8.125634466286E-02,
    0.11258259709,0.177921392044,0.250001330651,0.366849374636,
    0.39751824989,0.428946429424,0.463698221652,0.477033440459,
    0.484510237575,0.499949486856,0.519099445984,0.528938832264,
    0.549372811691,0.581105581425,0.612882723809,0.678271573192,
    0.749815962109,0.866700078911,0.897387054613,0.928837459851,
    0.963615571601,1.),.UNSPECIFIED.);
#2273 = CARTESIAN_POINT('',(6.28318530718,-15.5));
#2274 = CARTESIAN_POINT('',(6.249723951737,-15.5));
#2275 = CARTESIAN_POINT('',(6.216251306125,-15.49969290374));
#2276 = CARTESIAN_POINT('',(6.182937429226,-15.49907829455));
#2277 = CARTESIAN_POINT('',(6.149917146461,-15.49816723588));
#2278 = CARTESIAN_POINT('',(6.117298017608,-15.49697911807));
#2279 = CARTESIAN_POINT('',(6.085166166069,-15.49553883554));
#2280 = CARTESIAN_POINT('',(6.053589969599,-15.49387429425));
#2281 = CARTESIAN_POINT('',(6.000835675884,-15.49070572645));
#2282 = CARTESIAN_POINT('',(5.979341612232,-15.48929989494));
#2283 = CARTESIAN_POINT('',(5.958148662999,-15.4878061431));
#2284 = CARTESIAN_POINT('',(5.937261748073,-15.4862337007));
#2285 = CARTESIAN_POINT('',(5.91668189338,-15.48459146923));
#2286 = CARTESIAN_POINT('',(5.896406658494,-15.48288785181));
#2287 = CARTESIAN_POINT('',(5.876430564256,-15.48113058305));
#2288 = CARTESIAN_POINT('',(5.826174531554,-15.47652489904));
#2289 = CARTESIAN_POINT('',(5.796313061048,-15.47361120228));
#2290 = CARTESIAN_POINT('',(5.767125258745,-15.47061122427));
#2291 = CARTESIAN_POINT('',(5.738576170686,-15.46754767077));
#2292 = CARTESIAN_POINT('',(5.710630827415,-15.46444032588));
#2293 = CARTESIAN_POINT('',(5.683253332319,-15.46130618012));
#2294 = CARTESIAN_POINT('',(5.656405949976,-15.45815955852));
#2295 = CARTESIAN_POINT('',(5.604042535344,-15.45190698182));
#2296 = CARTESIAN_POINT('',(5.578519154023,-15.44880174687));
#2297 = CARTESIAN_POINT('',(5.553442849591,-15.44570833289));
#2298 = CARTESIAN_POINT('',(5.528782373304,-15.44263709603));
#2299 = CARTESIAN_POINT('',(5.504509524759,-15.43959710198));
#2300 = CARTESIAN_POINT('',(5.480598248028,-15.43659626829));
#2301 = CARTESIAN_POINT('',(5.457023727798,-15.43364150672));
#2302 = CARTESIAN_POINT('',(5.385242216143,-15.42468467607));
#2303 = CARTESIAN_POINT('',(5.338096346805,-15.41885909462));
#2304 = CARTESIAN_POINT('',(5.292101310103,-15.41331619942));
#2305 = CARTESIAN_POINT('',(5.247089976031,-15.40809939152));
#2306 = CARTESIAN_POINT('',(5.20292688793,-15.40324349535));
#2307 = CARTESIAN_POINT('',(5.159492166227,-15.39877649472));
#2308 = CARTESIAN_POINT('',(5.116673079935,-15.39472090445));
#2309 = CARTESIAN_POINT('',(5.027688299709,-15.38709453536));
#2310 = CARTESIAN_POINT('',(4.981646348504,-15.38361813884));
#2311 = CARTESIAN_POINT('',(4.936103166912,-15.38069025287));
#2312 = CARTESIAN_POINT('',(4.890945241495,-15.37833003642));
#2313 = CARTESIAN_POINT('',(4.846071394605,-15.37655143015));
#2314 = CARTESIAN_POINT('',(4.801386141031,-15.37536345356));
#2315 = CARTESIAN_POINT('',(4.75679481747,-15.37477051197));
#2316 = CARTESIAN_POINT('',(4.639909072777,-15.37477628142));
#2317 = CARTESIAN_POINT('',(4.567668655926,-15.37634383817));
#2318 = CARTESIAN_POINT('',(4.495019427804,-15.37947147641));
#2319 = CARTESIAN_POINT('',(4.421544438548,-15.38413109272));
#2320 = CARTESIAN_POINT('',(4.346829735789,-15.39026324856));
#2321 = CARTESIAN_POINT('',(4.270377286695,-15.3977663146));
#2322 = CARTESIAN_POINT('',(4.191610945643,-15.40649527072));
#2323 = CARTESIAN_POINT('',(4.087970406343,-15.41879967073));
#2324 = CARTESIAN_POINT('',(4.066198450607,-15.42142735414));
#2325 = CARTESIAN_POINT('',(4.044184444642,-15.42412064829));
#2326 = CARTESIAN_POINT('',(4.021910777607,-15.42687511386));
#2327 = CARTESIAN_POINT('',(3.999358748395,-15.42968577774));
#2328 = CARTESIAN_POINT('',(3.97650804791,-15.43254705956));
#2329 = CARTESIAN_POINT('',(3.953336241329,-15.43545269833));
#2330 = CARTESIAN_POINT('',(3.90571799773,-15.44141152241));
#2331 = CARTESIAN_POINT('',(3.881256666593,-15.444466278));
#2332 = CARTESIAN_POINT('',(3.856405414226,-15.44755255648));
#2333 = CARTESIAN_POINT('',(3.831135501478,-15.45066177914));
#2334 = CARTESIAN_POINT('',(3.805417215063,-15.45378400047));
#2335 = CARTESIAN_POINT('',(3.779218789837,-15.45690773063));
#2336 = CARTESIAN_POINT('',(3.75250533108,-15.46001975808));
#2337 = CARTESIAN_POINT('',(3.69508652261,-15.46651645559));
#2338 = CARTESIAN_POINT('',(3.664269443171,-15.46989382453));
#2339 = CARTESIAN_POINT('',(3.632725227183,-15.4732176131));
#2340 = CARTESIAN_POINT('',(3.600402323806,-15.47646357277));
#2341 = CARTESIAN_POINT('',(3.567257768095,-15.47960218694));
#2342 = CARTESIAN_POINT('',(3.53325715683,-15.48259875284));
#2343 = CARTESIAN_POINT('',(3.498375734713,-15.48541403052));
#2344 = CARTESIAN_POINT('',(3.448872683981,-15.48899986158));
#2345 = CARTESIAN_POINT('',(3.43501547577,-15.48996113603));
#2346 = CARTESIAN_POINT('',(3.421029515946,-15.49088682099));
#2347 = CARTESIAN_POINT('',(3.406916194607,-15.49177435474));
#2348 = CARTESIAN_POINT('',(3.392677839019,-15.49262111699));
#2349 = CARTESIAN_POINT('',(3.378317810331,-15.49342447054));
#2350 = CARTESIAN_POINT('',(3.363840600298,-15.49418180296));
#2351 = CARTESIAN_POINT('',(3.341072343944,-15.49528795905));
#2352 = CARTESIAN_POINT('',(3.332857744009,-15.4956700855));
#2353 = CARTESIAN_POINT('',(3.324609159809,-15.49603649179));
#2354 = CARTESIAN_POINT('',(3.316327750243,-15.49638673735));
#2355 = CARTESIAN_POINT('',(3.308014801493,-15.4967203968));
#2356 = CARTESIAN_POINT('',(3.29967172702,-15.49703705996));
#2357 = CARTESIAN_POINT('',(3.291300067565,-15.49733633184));
#2358 = CARTESIAN_POINT('',(3.26555880913,-15.49819911914));
#2359 = CARTESIAN_POINT('',(3.248100121744,-15.49870468707));
#2360 = CARTESIAN_POINT('',(3.230541727201,-15.49913118191));
#2361 = CARTESIAN_POINT('',(3.212900963268,-15.49947574853));
#2362 = CARTESIAN_POINT('',(3.195196376185,-15.49973611831));
#2363 = CARTESIAN_POINT('',(3.177447889587,-15.49991069629));
#2364 = CARTESIAN_POINT('',(3.159676973418,-15.49999864831));
#2365 = CARTESIAN_POINT('',(3.119865725086,-15.50000165001));
#2366 = CARTESIAN_POINT('',(3.0978216027,-15.49987006392));
#2367 = CARTESIAN_POINT('',(3.07581993754,-15.49960514838));
#2368 = CARTESIAN_POINT('',(3.053901463969,-15.49920887112));
#2369 = CARTESIAN_POINT('',(3.032102681284,-15.49868495924));
#2370 = CARTESIAN_POINT('',(3.010456376124,-15.4980386094));
#2371 = CARTESIAN_POINT('',(2.988992144887,-15.4972761979));
#2372 = CARTESIAN_POINT('',(2.956815827238,-15.49595735852));
#2373 = CARTESIAN_POINT('',(2.945949056855,-15.49548095599));
#2374 = CARTESIAN_POINT('',(2.935139645238,-15.49497676244));
#2375 = CARTESIAN_POINT('',(2.924390273938,-15.49444577593));
#2376 = CARTESIAN_POINT('',(2.913703265808,-15.49388901346));
#2377 = CARTESIAN_POINT('',(2.903080585009,-15.49330751096));
#2378 = CARTESIAN_POINT('',(2.892523837001,-15.49270232331));
#2379 = CARTESIAN_POINT('',(2.860250021056,-15.49077074056));
#2380 = CARTESIAN_POINT('',(2.838756896799,-15.4893694424));
#2381 = CARTESIAN_POINT('',(2.817564297708,-15.48788000368));
#2382 = CARTESIAN_POINT('',(2.796677280044,-15.48631164719));
#2383 = CARTESIAN_POINT('',(2.776096985219,-15.4846732731));
#2384 = CARTESIAN_POINT('',(2.755821070621,-15.48297328748));
#2385 = CARTESIAN_POINT('',(2.73584414043,-15.48121943075));
#2386 = CARTESIAN_POINT('',(2.685587030741,-15.4766220314));
#2387 = CARTESIAN_POINT('',(2.655725143973,-15.47371291523));
#2388 = CARTESIAN_POINT('',(2.626536885428,-15.47071703599));
#2389 = CARTESIAN_POINT('',(2.597987458339,-15.46765712601));
#2390 = CARTESIAN_POINT('',(2.570041998691,-15.46455299733));
#2391 = CARTESIAN_POINT('',(2.54266467403,-15.46142166726));
#2392 = CARTESIAN_POINT('',(2.515817782282,-15.45827748401));
#2393 = CARTESIAN_POINT('',(2.463067063339,-15.45198262267));
#2394 = CARTESIAN_POINT('',(2.437170479777,-15.4488326725));
#2395 = CARTESIAN_POINT('',(2.411734263924,-15.44569473916));
#2396 = CARTESIAN_POINT('',(2.386725784604,-15.44257964134));
#2397 = CARTESIAN_POINT('',(2.36211564691,-15.43949683176));
#2398 = CARTESIAN_POINT('',(2.337876723702,-15.43645454983));
#2399 = CARTESIAN_POINT('',(2.313983187108,-15.43345997435));
#2400 = CARTESIAN_POINT('',(2.24190128715,-15.42446841256));
#2401 = CARTESIAN_POINT('',(2.194762577962,-15.41864788506));
#2402 = CARTESIAN_POINT('',(2.148771373481,-15.41311168355));
#2403 = CARTESIAN_POINT('',(2.103760862674,-15.40790306703));
#2404 = CARTESIAN_POINT('',(2.059595806497,-15.40305675037));
#2405 = CARTESIAN_POINT('',(2.016156509092,-15.39860062981));
#2406 = CARTESIAN_POINT('',(1.973330416155,-15.39455714691));
#2407 = CARTESIAN_POINT('',(1.884708454887,-15.3869913302));
#2408 = CARTESIAN_POINT('',(1.839025427437,-15.38355504686));
#2409 = CARTESIAN_POINT('',(1.793831451904,-15.38065942002));
#2410 = CARTESIAN_POINT('',(1.749015703338,-15.37832309601));
#2411 = CARTESIAN_POINT('',(1.704479266756,-15.37655966379));
#2412 = CARTESIAN_POINT('',(1.660128755479,-15.37537793979));
#2413 = CARTESIAN_POINT('',(1.615871619071,-15.37478226237));
#2414 = CARTESIAN_POINT('',(1.499306797759,-15.37475733009));
#2415 = CARTESIAN_POINT('',(1.427055445531,-15.37630651105));
#2416 = CARTESIAN_POINT('',(1.354399185085,-15.37941669967));
#2417 = CARTESIAN_POINT('',(1.280921175776,-15.38406002813));
#2418 = CARTESIAN_POINT('',(1.20620761346,-15.39017728483));
#2419 = CARTESIAN_POINT('',(1.129760943458,-15.39766710761));
#2420 = CARTESIAN_POINT('',(1.05100555134,-15.40638478936));
#2421 = CARTESIAN_POINT('',(0.947381738348,-15.41867876096));
#2422 = CARTESIAN_POINT('',(0.925608806177,-15.42130505575));
#2423 = CARTESIAN_POINT('',(0.903594186905,-15.42399717707));
#2424 = CARTESIAN_POINT('',(0.881320284425,-15.42675069264));
#2425 = CARTESIAN_POINT('',(0.85876841239,-15.42956063757));
#2426 = CARTESIAN_POINT('',(0.835918277289,-15.43242144112));
#2427 = CARTESIAN_POINT('',(0.812747461514,-15.43532685346));
#2428 = CARTESIAN_POINT('',(0.765129307299,-15.44128610777));
#2429 = CARTESIAN_POINT('',(0.740667004255,-15.44434154357));
#2430 = CARTESIAN_POINT('',(0.71581517031,-15.44742880107));
#2431 = CARTESIAN_POINT('',(0.690545074494,-15.45053931517));
#2432 = CARTESIAN_POINT('',(0.664827002912,-15.45366315694));
#2433 = CARTESIAN_POINT('',(0.638629179795,-15.45678885603));
#2434 = CARTESIAN_POINT('',(0.611916688554,-15.45990322311));
#2435 = CARTESIAN_POINT('',(0.554499103131,-15.46640585151));
#2436 = CARTESIAN_POINT('',(0.523682286986,-15.46978689485));
#2437 = CARTESIAN_POINT('',(0.492138603852,-15.47311486954));
#2438 = CARTESIAN_POINT('',(0.459816370861,-15.47636556437));
#2439 = CARTESIAN_POINT('',(0.426672428154,-15.47950950263));
#2440 = CARTESIAN_POINT('',(0.392672093029,-15.48251201713));
#2441 = CARTESIAN_POINT('',(0.357790202885,-15.48533388726));
#2442 = CARTESIAN_POINT('',(0.284583840263,-15.49065121472));
#2443 = CARTESIAN_POINT('',(0.246142086558,-15.49312795243));
#2444 = CARTESIAN_POINT('',(0.206737674029,-15.49530841085));
#2445 = CARTESIAN_POINT('',(0.166458298767,-15.49713546312));
#2446 = CARTESIAN_POINT('',(0.125431106293,-15.49855409157));
#2447 = CARTESIAN_POINT('',(8.383284399709E-02,-15.49951829387));
#2448 = CARTESIAN_POINT('',(4.19087245067E-02,-15.5));
#2449 = CARTESIAN_POINT('',(1.530808498934E-16,-15.5));
#2450 = ( GEOMETRIC_REPRESENTATION_CONTEXT(2) 
PARAMETRIC_REPRESENTATION_CONTEXT() REPRESENTATION_CONTEXT('2D SPACE',''
  ) );
#2451 = FACE_BOUND('',#2452,.F.);
#2452 = EDGE_LOOP('',(#2453));
#2453 = ORIENTED_EDGE('',*,*,#2454,.F.);
#2454 = EDGE_CURVE('',#2455,#2455,#2457,.T.);
#2455 = VERTEX_POINT('',#2456);
#2456 = CARTESIAN_POINT('',(18.,0.,0.));
#2457 = SURFACE_CURVE('',#2458,(#2636,#2817),.PCURVE_S1.);
#2458 = B_SPLINE_CURVE_WITH_KNOTS('',8,(#2459,#2460,#2461,#2462,#2463,
    #2464,#2465,#2466,#2467,#2468,#2469,#2470,#2471,#2472,#2473,#2474,
    #2475,#2476,#2477,#2478,#2479,#2480,#2481,#2482,#2483,#2484,#2485,
    #2486,#2487,#2488,#2489,#2490,#2491,#2492,#2493,#2494,#2495,#2496,
    #2497,#2498,#2499,#2500,#2501,#2502,#2503,#2504,#2505,#2506,#2507,
    #2508,#2509,#2510,#2511,#2512,#2513,#2514,#2515,#2516,#2517,#2518,
    #2519,#2520,#2521,#2522,#2523,#2524,#2525,#2526,#2527,#2528,#2529,
    #2530,#2531,#2532,#2533,#2534,#2535,#2536,#2537,#2538,#2539,#2540,
    #2541,#2542,#2543,#2544,#2545,#2546,#2547,#2548,#2549,#2550,#2551,
    #2552,#2553,#2554,#2555,#2556,#2557,#2558,#2559,#2560,#2561,#2562,
    #2563,#2564,#2565,#2566,#2567,#2568,#2569,#2570,#2571,#2572,#2573,
    #2574,#2575,#2576,#2577,#2578,#2579,#2580,#2581,#2582,#2583,#2584,
    #2585,#2586,#2587,#2588,#2589,#2590,#2591,#2592,#2593,#2594,#2595,
    #2596,#2597,#2598,#2599,#2600,#2601,#2602,#2603,#2604,#2605,#2606,
    #2607,#2608,#2609,#2610,#2611,#2612,#2613,#2614,#2615,#2616,#2617,
    #2618,#2619,#2620,#2621,#2622,#2623,#2624,#2625,#2626,#2627,#2628,
    #2629,#2630,#2631,#2632,#2633,#2634,#2635),.UNSPECIFIED.,.T.,.F.,(9,
    7,7,7,7,7,7,7,7,7,7,7,7,7,7,7,7,7,7,7,7,7,7,7,7,9),(0.,
    2.91574327356E-02,4.961223570136E-02,8.130398007099E-02,
    0.113017019134,0.178419574309,0.249964212533,0.36645857823,
    0.397365239191,0.429028580907,0.463614889842,0.476926362937,
    0.484294065085,0.499984254984,0.519050619682,0.529153303061,
    0.54961013302,0.581305017922,0.613021199627,0.678430235948,
    0.749981963975,0.866487873825,0.89739759752,0.929064076954,
    0.963653813262,1.),.UNSPECIFIED.);
#2459 = CARTESIAN_POINT('',(18.,-4.440892098501E-16,0.));
#2460 = CARTESIAN_POINT('',(18.,4.028622475765E-02,-3.700229714939E-18)
  );
#2461 = CARTESIAN_POINT('',(17.997423826057,8.058614529963E-02,
    3.091277034593E-04));
#2462 = CARTESIAN_POINT('',(17.992268476534,0.12062422768,
    9.278050645531E-04));
#2463 = CARTESIAN_POINT('',(17.984610894993,0.160168075829,
    1.844816618549E-03));
#2464 = CARTESIAN_POINT('',(17.974584018218,0.199025590573,
    3.040521883979E-03));
#2465 = CARTESIAN_POINT('',(17.962356888004,0.237041942471,
    4.489727573085E-03));
#2466 = CARTESIAN_POINT('',(17.948118826712,0.274096358445,
    6.16421961053E-03));
#2467 = CARTESIAN_POINT('',(17.920807319187,0.33535544711,
    9.347331236076E-03));
#2468 = CARTESIAN_POINT('',(17.908649862736,0.360104902541,
    1.075684765174E-02));
#2469 = CARTESIAN_POINT('',(17.895657788088,0.384326115483,
    1.225410491857E-02));
#2470 = CARTESIAN_POINT('',(17.881892341821,0.408005670017,
    1.382986767851E-02));
#2471 = CARTESIAN_POINT('',(17.867412328232,0.431136788633,
    1.547523345549E-02));
#2472 = CARTESIAN_POINT('',(17.852272901341,0.453718413535,
    1.718180160657E-02));
#2473 = CARTESIAN_POINT('',(17.836524356888,0.475754287951,
    1.894184227315E-02));
#2474 = CARTESIAN_POINT('',(17.794935631537,0.530559675853,
    2.354756519418E-02));
#2475 = CARTESIAN_POINT('',(17.768310924164,0.562567333223,
    2.645776270218E-02));
#2476 = CARTESIAN_POINT('',(17.740499470673,0.593309750488,
    2.945350197248E-02));
#2477 = CARTESIAN_POINT('',(17.711644479652,0.62282588086,
    3.2512251659E-02));
#2478 = CARTESIAN_POINT('',(17.681869826407,0.651158238024,
    3.561437688137E-02));
#2479 = CARTESIAN_POINT('',(17.651280179533,0.678352244341,
    3.874301115299E-02));
#2480 = CARTESIAN_POINT('',(17.619961127497,0.704455579052,
    4.188392830917E-02));
#2481 = CARTESIAN_POINT('',(17.555975993315,0.75459631383,
    4.816901142585E-02));
#2482 = CARTESIAN_POINT('',(17.523316140232,0.778626831667,
    5.131245817068E-02));
#2483 = CARTESIAN_POINT('',(17.490071048809,0.801655298857,
    5.444354291589E-02));
#2484 = CARTESIAN_POINT('',(17.456302869589,0.823723595291,
    5.75515534485E-02));
#2485 = CARTESIAN_POINT('',(17.422065222932,0.844869953792,
    6.062712649758E-02));
#2486 = CARTESIAN_POINT('',(17.387403821147,0.865129652032,
    6.366209713543E-02));
#2487 = CARTESIAN_POINT('',(17.352357090624,0.884535704439,
    6.664934817888E-02));
#2488 = CARTESIAN_POINT('',(17.243949919684,0.941445469562,
    7.563209752243E-02));
#2489 = CARTESIAN_POINT('',(17.169461658007,0.976262591631,
    8.145025067464E-02));
#2490 = CARTESIAN_POINT('',(17.093766056104,1.007847880215,
    8.698331644113E-02));
#2491 = CARTESIAN_POINT('',(17.017080815432,1.036409212614,
    9.218810178324E-02));
#2492 = CARTESIAN_POINT('',(16.939580231801,1.062111407231,
    9.70299426651E-02));
#2493 = CARTESIAN_POINT('',(16.861403476777,1.085092209379,
    0.101480983555));
#2494 = CARTESIAN_POINT('',(16.782658220405,1.10546823917,0.105518816992
    ));
#2495 = CARTESIAN_POINT('',(16.616739514425,1.142871081722,
    0.113070858591));
#2496 = CARTESIAN_POINT('',(16.529494026375,1.159398493373,
    0.116499128281));
#2497 = CARTESIAN_POINT('',(16.441801298097,1.173032901525,0.11938637095
    ));
#2498 = CARTESIAN_POINT('',(16.353766630277,1.183859986572,
    0.121713992861));
#2499 = CARTESIAN_POINT('',(16.265485194894,1.191940081845,
    0.123468454767));
#2500 = CARTESIAN_POINT('',(16.177044057944,1.19731315957,0.124640988854
    ));
#2501 = CARTESIAN_POINT('',(16.088523487287,1.200000065182,
    0.125227305737));
#2502 = CARTESIAN_POINT('',(15.855852943365,1.199999893864,
    0.125227268352));
#2503 = CARTESIAN_POINT('',(15.711810149795,1.192875842639,
    0.123672720144));
#2504 = CARTESIAN_POINT('',(15.56809715436,1.178646762896,0.12056741609)
  );
#2505 = CARTESIAN_POINT('',(15.425033388735,1.157151860296,
    0.115939099897));
#2506 = CARTESIAN_POINT('',(15.283032162978,1.128113937531,
    0.109846493166));
#2507 = CARTESIAN_POINT('',(15.142637098246,1.091068730868,
    0.102389869568));
#2508 = CARTESIAN_POINT('',(15.004514301272,1.045404702134,
    9.371228916817E-02));
#2509 = CARTESIAN_POINT('',(14.833810444941,0.975232476353,
    8.144751961629E-02));
#2510 = CARTESIAN_POINT('',(14.798250666168,0.959832402337,
    7.880488933566E-02));
#2511 = CARTESIAN_POINT('',(14.762943453571,0.943724966168,
    7.609531830606E-02));
#2512 = CARTESIAN_POINT('',(14.727911654005,0.926887880694,
    7.332332202249E-02));
#2513 = CARTESIAN_POINT('',(14.693181662362,0.909296925771,
    7.049396243039E-02));
#2514 = CARTESIAN_POINT('',(14.658783730509,0.890925485908,
    6.761292367662E-02));
#2515 = CARTESIAN_POINT('',(14.624752276208,0.871744087899,
    6.468658786043E-02));
#2516 = CARTESIAN_POINT('',(14.55667684811,0.831205542327,
    5.868505509002E-02));
#2517 = CARTESIAN_POINT('',(14.522656460941,0.809808782638,
    5.560827963393E-02));
#2518 = CARTESIAN_POINT('',(14.489104807012,0.787492829252,
    5.249931288316E-02));
#2519 = CARTESIAN_POINT('',(14.456070881941,0.764219643254,
    4.936690482306E-02));
#2520 = CARTESIAN_POINT('',(14.423613643511,0.739949334895,
    4.622121108601E-02));
#2521 = CARTESIAN_POINT('',(14.391802754681,0.714639521535,
    4.307397708019E-02));
#2522 = CARTESIAN_POINT('',(14.360719326595,0.688244685589,
    3.993872211826E-02));
#2523 = CARTESIAN_POINT('',(14.297400331351,0.630645055274,
    3.34362319028E-02));
#2524 = CARTESIAN_POINT('',(14.265336160042,0.59923267497,
    3.007561073431E-02));
#2525 = CARTESIAN_POINT('',(14.234375839071,0.566406862868,
    2.676830181919E-02));
#2526 = CARTESIAN_POINT('',(14.204669164216,0.532105360321,
    2.353824342139E-02));
#2527 = CARTESIAN_POINT('',(14.176402913344,0.496277931835,
    2.041454047556E-02));
#2528 = CARTESIAN_POINT('',(14.149798096748,0.45889045506,
    1.743138390911E-02));
#2529 = CARTESIAN_POINT('',(14.125105580096,0.419930347641,
    1.462741910125E-02));
#2530 = CARTESIAN_POINT('',(14.093938231784,0.363819265155,
    1.10504818847E-02));
#2531 = CARTESIAN_POINT('',(14.085601777293,0.347997143293,
    1.008931751507E-02));
#2532 = CARTESIAN_POINT('',(14.077606869641,0.331949330124,
    9.163516102558E-03));
#2533 = CARTESIAN_POINT('',(14.06997039763,0.31567951788,
    8.275623443058E-03));
#2534 = CARTESIAN_POINT('',(14.062709704079,0.299192879404,
    7.428244335644E-03));
#2535 = CARTESIAN_POINT('',(14.055842304148,0.282496221261,
    6.624001522374E-03));
#2536 = CARTESIAN_POINT('',(14.049385603659,0.265598136871,
    5.865494628097E-03));
#2537 = CARTESIAN_POINT('',(14.0400196633,0.239050665177,
    4.762154311112E-03));
#2538 = CARTESIAN_POINT('',(14.036813719185,0.22953371833,
    4.383834257543E-03));
#2539 = CARTESIAN_POINT('',(14.033741716712,0.21996012996,
    4.020735328624E-03));
#2540 = CARTESIAN_POINT('',(14.030806496097,0.210331898856,
    3.673279898894E-03));
#2541 = CARTESIAN_POINT('',(14.028010806129,0.20065121172,
    3.341876328367E-03));
#2542 = CARTESIAN_POINT('',(14.025357304169,0.190920443167,
    3.026918962535E-03));
#2543 = CARTESIAN_POINT('',(14.022848556154,0.181142155726,
    2.728788132365E-03));
#2544 = CARTESIAN_POINT('',(14.015457966515,0.150400011481,
    1.84956725183E-03));
#2545 = CARTESIAN_POINT('',(14.011096123376,0.129276321355,
    1.329194857299E-03));
#2546 = CARTESIAN_POINT('',(14.007425592753,0.107976584149,
    8.902870686399E-04));
#2547 = CARTESIAN_POINT('',(14.004466889615,8.653167425954E-02,
    5.358725255377E-04));
#2548 = CARTESIAN_POINT('',(14.002236321181,6.497477761145E-02,
    2.683592565098E-04));
#2549 = CARTESIAN_POINT('',(14.000745349773,4.334138347068E-02,
    8.943952598406E-05));
#2550 = CARTESIAN_POINT('',(13.999999955678,2.166927626086E-02,
    -5.318621427388E-09));
#2551 = CARTESIAN_POINT('',(14.000000053862,-2.63352776386E-02,
    6.463469610396E-09));
#2552 = CARTESIAN_POINT('',(14.001100889929,-5.267217934848E-02,
    1.320999579161E-04));
#2553 = CARTESIAN_POINT('',(14.003302841473,-7.893886423625E-02,
    3.963432798073E-04));
#2554 = CARTESIAN_POINT('',(14.006592686787,-0.105067880417,
    7.907873138074E-04));
#2555 = CARTESIAN_POINT('',(14.010945543206,-0.130997560987,
    1.311754648524E-03));
#2556 = CARTESIAN_POINT('',(14.016326761129,-0.15667194737,
    1.954123192076E-03));
#2557 = CARTESIAN_POINT('',(14.022693818046,-0.182040712672,
    2.711609787657E-03));
#2558 = CARTESIAN_POINT('',(14.033868587757,-0.220315555182,
    4.035626151141E-03));
#2559 = CARTESIAN_POINT('',(14.038002528182,-0.233474680554,
    4.524560085714E-03));
#2560 = CARTESIAN_POINT('',(14.042392891387,-0.246530559978,
    5.042795674292E-03));
#2561 = CARTESIAN_POINT('',(14.047032410066,-0.259477920789,
    5.589252316654E-03));
#2562 = CARTESIAN_POINT('',(14.051913692057,-0.272312118826,
    6.162828770888E-03));
#2563 = CARTESIAN_POINT('',(14.05702922034,-0.28502913843,
    6.762403153396E-03));
#2564 = CARTESIAN_POINT('',(14.062371353039,-0.297625592445,
    7.386832938889E-03));
#2565 = CARTESIAN_POINT('',(14.079192680813,-0.33535544711,
    9.347331236084E-03));
#2566 = CARTESIAN_POINT('',(14.091350137264,-0.360104902541,
    1.075684765175E-02));
#2567 = CARTESIAN_POINT('',(14.104342211912,-0.384326115483,
    1.225410491857E-02));
#2568 = CARTESIAN_POINT('',(14.118107658179,-0.408005670018,
    1.382986767852E-02));
#2569 = CARTESIAN_POINT('',(14.132587671768,-0.431136788633,
    1.54752334555E-02));
#2570 = CARTESIAN_POINT('',(14.147727098659,-0.453718413535,
    1.718180160658E-02));
#2571 = CARTESIAN_POINT('',(14.163475643113,-0.475754287951,
    1.894184227316E-02));
#2572 = CARTESIAN_POINT('',(14.205064368464,-0.530559675853,
    2.354756519419E-02));
#2573 = CARTESIAN_POINT('',(14.231689075836,-0.562567333223,
    2.645776270219E-02));
#2574 = CARTESIAN_POINT('',(14.259500529327,-0.593309750488,
    2.945350197249E-02));
#2575 = CARTESIAN_POINT('',(14.288355520348,-0.62282588086,
    3.251225165902E-02));
#2576 = CARTESIAN_POINT('',(14.318130173593,-0.651158238024,
    3.561437688138E-02));
#2577 = CARTESIAN_POINT('',(14.348719820467,-0.678352244341,
    3.8743011153E-02));
#2578 = CARTESIAN_POINT('',(14.380038872503,-0.704455579052,
    4.188392830918E-02));
#2579 = CARTESIAN_POINT('',(14.444024006685,-0.75459631383,
    4.816901142586E-02));
#2580 = CARTESIAN_POINT('',(14.476683859768,-0.778626831667,
    5.131245817069E-02));
#2581 = CARTESIAN_POINT('',(14.509928951191,-0.801655298857,
    5.44435429159E-02));
#2582 = CARTESIAN_POINT('',(14.543697130411,-0.823723595291,
    5.755155344852E-02));
#2583 = CARTESIAN_POINT('',(14.577934777069,-0.844869953792,
    6.062712649759E-02));
#2584 = CARTESIAN_POINT('',(14.612596178853,-0.865129652032,
    6.366209713545E-02));
#2585 = CARTESIAN_POINT('',(14.647642909376,-0.884535704439,
    6.66493481789E-02));
#2586 = CARTESIAN_POINT('',(14.756050080316,-0.941445469562,
    7.563209752244E-02));
#2587 = CARTESIAN_POINT('',(14.830538341993,-0.976262591631,
    8.145025067466E-02));
#2588 = CARTESIAN_POINT('',(14.906233943896,-1.007847880215,
    8.698331644114E-02));
#2589 = CARTESIAN_POINT('',(14.982919184568,-1.036409212614,
    9.218810178325E-02));
#2590 = CARTESIAN_POINT('',(15.060419768199,-1.062111407231,
    9.702994266511E-02));
#2591 = CARTESIAN_POINT('',(15.138596523223,-1.085092209379,
    0.101480983555));
#2592 = CARTESIAN_POINT('',(15.217341779595,-1.105468239171,
    0.105518816992));
#2593 = CARTESIAN_POINT('',(15.383260485575,-1.142871081722,
    0.113070858591));
#2594 = CARTESIAN_POINT('',(15.470505973625,-1.159398493373,
    0.116499128281));
#2595 = CARTESIAN_POINT('',(15.558198701903,-1.173032901525,
    0.11938637095));
#2596 = CARTESIAN_POINT('',(15.646233369723,-1.183859986572,
    0.121713992861));
#2597 = CARTESIAN_POINT('',(15.734514805106,-1.191940081845,
    0.123468454767));
#2598 = CARTESIAN_POINT('',(15.822955942056,-1.19731315957,
    0.124640988854));
#2599 = CARTESIAN_POINT('',(15.911476512713,-1.200000065182,
    0.125227305737));
#2600 = CARTESIAN_POINT('',(16.144147056637,-1.199999893864,
    0.125227268352));
#2601 = CARTESIAN_POINT('',(16.288189850197,-1.192875842639,
    0.123672720144));
#2602 = CARTESIAN_POINT('',(16.431902845655,-1.178646762895,
    0.12056741609));
#2603 = CARTESIAN_POINT('',(16.574966611246,-1.157151860298,
    0.115939099898));
#2604 = CARTESIAN_POINT('',(16.716967837036,-1.128113937529,
    0.109846493166));
#2605 = CARTESIAN_POINT('',(16.857362901747,-1.09106873087,
    0.102389869568));
#2606 = CARTESIAN_POINT('',(16.995485698729,-1.045404702134,
    9.371228916809E-02));
#2607 = CARTESIAN_POINT('',(17.166189555058,-0.975232476353,
    8.14475196163E-02));
#2608 = CARTESIAN_POINT('',(17.201749333832,-0.959832402337,
    7.880488933567E-02));
#2609 = CARTESIAN_POINT('',(17.237056546428,-0.943724966168,
    7.609531830607E-02));
#2610 = CARTESIAN_POINT('',(17.272088345995,-0.926887880694,
    7.33233220225E-02));
#2611 = CARTESIAN_POINT('',(17.306818337638,-0.909296925771,
    7.049396243041E-02));
#2612 = CARTESIAN_POINT('',(17.341216269491,-0.890925485908,
    6.761292367664E-02));
#2613 = CARTESIAN_POINT('',(17.375247723792,-0.871744087899,
    6.468658786044E-02));
#2614 = CARTESIAN_POINT('',(17.44332315189,-0.831205542327,
    5.868505509004E-02));
#2615 = CARTESIAN_POINT('',(17.477343539059,-0.809808782638,
    5.560827963395E-02));
#2616 = CARTESIAN_POINT('',(17.510895192988,-0.787492829252,
    5.249931288318E-02));
#2617 = CARTESIAN_POINT('',(17.543929118059,-0.764219643254,
    4.936690482308E-02));
#2618 = CARTESIAN_POINT('',(17.576386356488,-0.739949334895,
    4.622121108603E-02));
#2619 = CARTESIAN_POINT('',(17.608197245319,-0.714639521535,
    4.307397708021E-02));
#2620 = CARTESIAN_POINT('',(17.639280673405,-0.688244685589,
    3.993872211828E-02));
#2621 = CARTESIAN_POINT('',(17.702599668648,-0.630645055274,
    3.343623190281E-02));
#2622 = CARTESIAN_POINT('',(17.734663839958,-0.59923267497,
    3.007561073433E-02));
#2623 = CARTESIAN_POINT('',(17.765624160929,-0.566406862868,
    2.67683018192E-02));
#2624 = CARTESIAN_POINT('',(17.795330835784,-0.532105360321,
    2.353824342141E-02));
#2625 = CARTESIAN_POINT('',(17.823597086656,-0.496277931836,
    2.041454047558E-02));
#2626 = CARTESIAN_POINT('',(17.850201903252,-0.45889045506,
    1.743138390913E-02));
#2627 = CARTESIAN_POINT('',(17.874894419904,-0.419930347642,
    1.462741910126E-02));
#2628 = CARTESIAN_POINT('',(17.921048238705,-0.336838879356,
    9.330551671197E-03));
#2629 = CARTESIAN_POINT('',(17.942302895121,-0.292507880084,
    6.858293233761E-03));
#2630 = CARTESIAN_POINT('',(17.96079393027,-0.246511230646,
    4.681983601752E-03));
#2631 = CARTESIAN_POINT('',(17.976140671701,-0.199005653682,
    2.858567624536E-03));
#2632 = CARTESIAN_POINT('',(17.987976928177,-0.150225213304,
    1.442863902634E-03));
#2633 = CARTESIAN_POINT('',(17.99599378501,-0.100493641511,
    4.806916383379E-04));
#2634 = CARTESIAN_POINT('',(18.,-5.02374746593E-02,4.614237190407E-18));
#2635 = CARTESIAN_POINT('',(18.,-4.440892098501E-16,0.));
#2636 = PCURVE('',#535,#2637);
#2637 = DEFINITIONAL_REPRESENTATION('',(#2638),#2816);
#2638 = B_SPLINE_CURVE_WITH_KNOTS('',8,(#2639,#2640,#2641,#2642,#2643,
    #2644,#2645,#2646,#2647,#2648,#2649,#2650,#2651,#2652,#2653,#2654,
    #2655,#2656,#2657,#2658,#2659,#2660,#2661,#2662,#2663,#2664,#2665,
    #2666,#2667,#2668,#2669,#2670,#2671,#2672,#2673,#2674,#2675,#2676,
    #2677,#2678,#2679,#2680,#2681,#2682,#2683,#2684,#2685,#2686,#2687,
    #2688,#2689,#2690,#2691,#2692,#2693,#2694,#2695,#2696,#2697,#2698,
    #2699,#2700,#2701,#2702,#2703,#2704,#2705,#2706,#2707,#2708,#2709,
    #2710,#2711,#2712,#2713,#2714,#2715,#2716,#2717,#2718,#2719,#2720,
    #2721,#2722,#2723,#2724,#2725,#2726,#2727,#2728,#2729,#2730,#2731,
    #2732,#2733,#2734,#2735,#2736,#2737,#2738,#2739,#2740,#2741,#2742,
    #2743,#2744,#2745,#2746,#2747,#2748,#2749,#2750,#2751,#2752,#2753,
    #2754,#2755,#2756,#2757,#2758,#2759,#2760,#2761,#2762,#2763,#2764,
    #2765,#2766,#2767,#2768,#2769,#2770,#2771,#2772,#2773,#2774,#2775,
    #2776,#2777,#2778,#2779,#2780,#2781,#2782,#2783,#2784,#2785,#2786,
    #2787,#2788,#2789,#2790,#2791,#2792,#2793,#2794,#2795,#2796,#2797,
    #2798,#2799,#2800,#2801,#2802,#2803,#2804,#2805,#2806,#2807,#2808,
    #2809,#2810,#2811,#2812,#2813,#2814,#2815),.UNSPECIFIED.,.F.,.F.,(9,
    7,7,7,7,7,7,7,7,7,7,7,7,7,7,7,7,7,7,7,7,7,7,7,7,9),(0.,
    2.91574327356E-02,4.961223570136E-02,8.130398007099E-02,
    0.113017019134,0.178419574309,0.249964212533,0.36645857823,
    0.397365239191,0.429028580907,0.463614889842,0.476926362937,
    0.484294065085,0.499984254984,0.519050619682,0.529153303061,
    0.54961013302,0.581305017922,0.613021199627,0.678430235948,
    0.749981963975,0.866487873825,0.89739759752,0.929064076954,
    0.963653813262,1.),.UNSPECIFIED.);
#2639 = CARTESIAN_POINT('',(4.712388980385,-13.));
#2640 = CARTESIAN_POINT('',(4.725817721971,-13.));
#2641 = CARTESIAN_POINT('',(4.73925102751,-12.99742382605));
#2642 = CARTESIAN_POINT('',(4.752600747924,-12.99226847653));
#2643 = CARTESIAN_POINT('',(4.765793111546,-12.98461089499));
#2644 = CARTESIAN_POINT('',(4.778767282173,-12.97458401821));
#2645 = CARTESIAN_POINT('',(4.791474065601,-12.962356888));
#2646 = CARTESIAN_POINT('',(4.80387476464,-12.94811882671));
#2647 = CARTESIAN_POINT('',(4.824404430824,-12.92080731918));
#2648 = CARTESIAN_POINT('',(4.832707187027,-12.90864986273));
#2649 = CARTESIAN_POINT('',(4.84084178057,-12.89565778808));
#2650 = CARTESIAN_POINT('',(4.848803896791,-12.88189234182));
#2651 = CARTESIAN_POINT('',(4.856591298392,-12.86741232823));
#2652 = CARTESIAN_POINT('',(4.864203546797,-12.85227290134));
#2653 = CARTESIAN_POINT('',(4.871641723514,-12.83652435688));
#2654 = CARTESIAN_POINT('',(4.890166425574,-12.79493563153));
#2655 = CARTESIAN_POINT('',(4.901009648095,-12.76831092416));
#2656 = CARTESIAN_POINT('',(4.911448573044,-12.74049947067));
#2657 = CARTESIAN_POINT('',(4.921495029257,-12.71164447965));
#2658 = CARTESIAN_POINT('',(4.931161810046,-12.6818698264));
#2659 = CARTESIAN_POINT('',(4.940462562822,-12.65128017953));
#2660 = CARTESIAN_POINT('',(4.949411678721,-12.61996112749));
#2661 = CARTESIAN_POINT('',(4.966642472742,-12.55597599331));
#2662 = CARTESIAN_POINT('',(4.974921808571,-12.52331614023));
#2663 = CARTESIAN_POINT('',(4.98287611524,-12.4900710488));
#2664 = CARTESIAN_POINT('',(4.990517862663,-12.45630286958));
#2665 = CARTESIAN_POINT('',(4.997858318179,-12.42206522293));
#2666 = CARTESIAN_POINT('',(5.004907799597,-12.38740382114));
#2667 = CARTESIAN_POINT('',(5.01167592823,-12.35235709062));
#2668 = CARTESIAN_POINT('',(5.031568641886,-12.24394991968));
#2669 = CARTESIAN_POINT('',(5.043803653634,-12.169461658));
#2670 = CARTESIAN_POINT('',(5.05495776627,-12.0937660561));
#2671 = CARTESIAN_POINT('',(5.065089490746,-12.01708081543));
#2672 = CARTESIAN_POINT('',(5.074243959937,-11.9395802318));
#2673 = CARTESIAN_POINT('',(5.082458424763,-11.86140347677));
#2674 = CARTESIAN_POINT('',(5.089764286389,-11.7826582204));
#2675 = CARTESIAN_POINT('',(5.103210086891,-11.61673951442));
#2676 = CARTESIAN_POINT('',(5.109174230824,-11.52949402637));
#2677 = CARTESIAN_POINT('',(5.114109658767,-11.44180129809));
#2678 = CARTESIAN_POINT('',(5.118038092462,-11.35376663027));
#2679 = CARTESIAN_POINT('',(5.120974460423,-11.26548519489));
#2680 = CARTESIAN_POINT('',(5.12292863374,-11.17704405794));
#2681 = CARTESIAN_POINT('',(5.123905850159,-11.08852348728));
#2682 = CARTESIAN_POINT('',(5.123905787851,-10.85585294336));
#2683 = CARTESIAN_POINT('',(5.121314801097,-10.71181014979));
#2684 = CARTESIAN_POINT('',(5.116139703407,-10.56809715436));
#2685 = CARTESIAN_POINT('',(5.108338576871,-10.42503338873));
#2686 = CARTESIAN_POINT('',(5.097842848185,-10.28303216298));
#2687 = CARTESIAN_POINT('',(5.084534351784,-10.14263709824));
#2688 = CARTESIAN_POINT('',(5.068256627509,-10.00451430127));
#2689 = CARTESIAN_POINT('',(5.043477963838,-9.833810444941));
#2690 = CARTESIAN_POINT('',(5.038050794663,-9.798250666168));
#2691 = CARTESIAN_POINT('',(5.032386100821,-9.762943453571));
#2692 = CARTESIAN_POINT('',(5.026477573586,-9.727911654005));
#2693 = CARTESIAN_POINT('',(5.020318314912,-9.693181662362));
#2694 = CARTESIAN_POINT('',(5.01390067609,-9.658783730509));
#2695 = CARTESIAN_POINT('',(5.007216096414,-9.624752276208));
#2696 = CARTESIAN_POINT('',(4.993123358886,-9.55667684811));
#2697 = CARTESIAN_POINT('',(4.985702244924,-9.522656460941));
#2698 = CARTESIAN_POINT('',(4.977980683721,-9.489104807012));
#2699 = CARTESIAN_POINT('',(4.969947443932,-9.456070881941));
#2700 = CARTESIAN_POINT('',(4.961590727591,-9.423613643511));
#2701 = CARTESIAN_POINT('',(4.95289791861,-9.391802754681));
#2702 = CARTESIAN_POINT('',(4.943855331276,-9.360719326595));
#2703 = CARTESIAN_POINT('',(4.924172154792,-9.297400331351));
#2704 = CARTESIAN_POINT('',(4.913465037925,-9.265336160042));
#2705 = CARTESIAN_POINT('',(4.902304510519,-9.234375839071));
#2706 = CARTESIAN_POINT('',(4.89067162614,-9.204669164216));
#2707 = CARTESIAN_POINT('',(4.878551318159,-9.176402913344));
#2708 = CARTESIAN_POINT('',(4.865933521447,-9.149798096748));
#2709 = CARTESIAN_POINT('',(4.852814687136,-9.125105580096));
#2710 = CARTESIAN_POINT('',(4.833959592047,-9.093938231784));
#2711 = CARTESIAN_POINT('',(4.828646860389,-9.085601777293));
#2712 = CARTESIAN_POINT('',(4.823262265489,-9.077606869641));
#2713 = CARTESIAN_POINT('',(4.817806997271,-9.06997039763));
#2714 = CARTESIAN_POINT('',(4.812282713952,-9.062709704079));
#2715 = CARTESIAN_POINT('',(4.806691590427,-9.055842304148));
#2716 = CARTESIAN_POINT('',(4.801036366653,-9.049385603659));
#2717 = CARTESIAN_POINT('',(4.792156691404,-9.0400196633));
#2718 = CARTESIAN_POINT('',(4.788974386291,-9.036813719185));
#2719 = CARTESIAN_POINT('',(4.785774057694,-9.033741716712));
#2720 = CARTESIAN_POINT('',(4.782556342237,-9.030806496097));
#2721 = CARTESIAN_POINT('',(4.779321936173,-9.028010806129));
#2722 = CARTESIAN_POINT('',(4.77607159538,-9.025357304169));
#2723 = CARTESIAN_POINT('',(4.772806135363,-9.022848556154));
#2724 = CARTESIAN_POINT('',(4.762542003911,-9.015457966515));
#2725 = CARTESIAN_POINT('',(4.755492452449,-9.011096123376));
#2726 = CARTESIAN_POINT('',(4.748386898759,-9.007425592753));
#2727 = CARTESIAN_POINT('',(4.741235170505,-9.004466889615));
#2728 = CARTESIAN_POINT('',(4.734047814025,-9.002236321181));
#2729 = CARTESIAN_POINT('',(4.726836107222,-9.000745349773));
#2730 = CARTESIAN_POINT('',(4.719612072472,-8.999999955678));
#2731 = CARTESIAN_POINT('',(4.703610554505,-9.000000053862));
#2732 = CARTESIAN_POINT('',(4.694831590668,-9.001100889929));
#2733 = CARTESIAN_POINT('',(4.686074994254,-9.003302841473));
#2734 = CARTESIAN_POINT('',(4.677362225758,-9.006592686787));
#2735 = CARTESIAN_POINT('',(4.668712872055,-9.010945543206));
#2736 = CARTESIAN_POINT('',(4.660144708543,-9.016326761129));
#2737 = CARTESIAN_POINT('',(4.65167376129,-9.022693818046));
#2738 = CARTESIAN_POINT('',(4.638884983021,-9.033868587757));
#2739 = CARTESIAN_POINT('',(4.634486571149,-9.038002528182));
#2740 = CARTESIAN_POINT('',(4.630121011299,-9.042392891387));
#2741 = CARTESIAN_POINT('',(4.625789982138,-9.047032410066));
#2742 = CARTESIAN_POINT('',(4.621494963259,-9.051913692057));
#2743 = CARTESIAN_POINT('',(4.617237235182,-9.05702922034));
#2744 = CARTESIAN_POINT('',(4.613017879353,-9.062371353039));
#2745 = CARTESIAN_POINT('',(4.600373529946,-9.079192680813));
#2746 = CARTESIAN_POINT('',(4.592070773742,-9.091350137264));
#2747 = CARTESIAN_POINT('',(4.583936180199,-9.104342211912));
#2748 = CARTESIAN_POINT('',(4.575974063978,-9.118107658179));
#2749 = CARTESIAN_POINT('',(4.568186662378,-9.132587671768));
#2750 = CARTESIAN_POINT('',(4.560574413972,-9.147727098659));
#2751 = CARTESIAN_POINT('',(4.553136237255,-9.163475643113));
#2752 = CARTESIAN_POINT('',(4.534611535195,-9.205064368464));
#2753 = CARTESIAN_POINT('',(4.523768312674,-9.231689075836));
#2754 = CARTESIAN_POINT('',(4.513329387726,-9.259500529327));
#2755 = CARTESIAN_POINT('',(4.503282931513,-9.288355520348));
#2756 = CARTESIAN_POINT('',(4.493616150724,-9.318130173593));
#2757 = CARTESIAN_POINT('',(4.484315397947,-9.348719820467));
#2758 = CARTESIAN_POINT('',(4.475366282048,-9.380038872503));
#2759 = CARTESIAN_POINT('',(4.458135488027,-9.444024006685));
#2760 = CARTESIAN_POINT('',(4.449856152198,-9.476683859768));
#2761 = CARTESIAN_POINT('',(4.441901845529,-9.509928951191));
#2762 = CARTESIAN_POINT('',(4.434260098106,-9.543697130411));
#2763 = CARTESIAN_POINT('',(4.42691964259,-9.577934777069));
#2764 = CARTESIAN_POINT('',(4.419870161173,-9.612596178853));
#2765 = CARTESIAN_POINT('',(4.413102032539,-9.647642909376));
#2766 = CARTESIAN_POINT('',(4.393209318883,-9.756050080316));
#2767 = CARTESIAN_POINT('',(4.380974307135,-9.830538341993));
#2768 = CARTESIAN_POINT('',(4.3698201945,-9.906233943896));
#2769 = CARTESIAN_POINT('',(4.359688470023,-9.982919184568));
#2770 = CARTESIAN_POINT('',(4.350534000833,-10.06041976819));
#2771 = CARTESIAN_POINT('',(4.342319536006,-10.13859652322));
#2772 = CARTESIAN_POINT('',(4.33501367438,-10.21734177959));
#2773 = CARTESIAN_POINT('',(4.321567873879,-10.38326048557));
#2774 = CARTESIAN_POINT('',(4.315603729946,-10.47050597362));
#2775 = CARTESIAN_POINT('',(4.310668302002,-10.5581987019));
#2776 = CARTESIAN_POINT('',(4.306739868307,-10.64623336972));
#2777 = CARTESIAN_POINT('',(4.303803500346,-10.7345148051));
#2778 = CARTESIAN_POINT('',(4.30184932703,-10.82295594205));
#2779 = CARTESIAN_POINT('',(4.300872110611,-10.91147651271));
#2780 = CARTESIAN_POINT('',(4.300872172919,-11.14414705663));
#2781 = CARTESIAN_POINT('',(4.303463159673,-11.28818985019));
#2782 = CARTESIAN_POINT('',(4.308638257361,-11.43190284565));
#2783 = CARTESIAN_POINT('',(4.316439383899,-11.57496661124));
#2784 = CARTESIAN_POINT('',(4.326935112583,-11.71696783703));
#2785 = CARTESIAN_POINT('',(4.340243608985,-11.85736290174));
#2786 = CARTESIAN_POINT('',(4.356521333261,-11.99548569872));
#2787 = CARTESIAN_POINT('',(4.381299996931,-12.16618955505));
#2788 = CARTESIAN_POINT('',(4.386727166107,-12.20174933383));
#2789 = CARTESIAN_POINT('',(4.392391859948,-12.23705654642));
#2790 = CARTESIAN_POINT('',(4.398300387183,-12.27208834599));
#2791 = CARTESIAN_POINT('',(4.404459645858,-12.30681833763));
#2792 = CARTESIAN_POINT('',(4.410877284679,-12.34121626949));
#2793 = CARTESIAN_POINT('',(4.417561864355,-12.37524772379));
#2794 = CARTESIAN_POINT('',(4.431654601884,-12.44332315189));
#2795 = CARTESIAN_POINT('',(4.439075715846,-12.47734353905));
#2796 = CARTESIAN_POINT('',(4.446797277048,-12.51089519298));
#2797 = CARTESIAN_POINT('',(4.454830516837,-12.54392911805));
#2798 = CARTESIAN_POINT('',(4.463187233178,-12.57638635648));
#2799 = CARTESIAN_POINT('',(4.47188004216,-12.60819724531));
#2800 = CARTESIAN_POINT('',(4.480922629493,-12.6392806734));
#2801 = CARTESIAN_POINT('',(4.500605805977,-12.70259966864));
#2802 = CARTESIAN_POINT('',(4.511312922845,-12.73466383995));
#2803 = CARTESIAN_POINT('',(4.52247345025,-12.76562416092));
#2804 = CARTESIAN_POINT('',(4.53410633463,-12.79533083578));
#2805 = CARTESIAN_POINT('',(4.546226642611,-12.82359708665));
#2806 = CARTESIAN_POINT('',(4.558844439322,-12.85020190325));
#2807 = CARTESIAN_POINT('',(4.571963273634,-12.8748944199));
#2808 = CARTESIAN_POINT('',(4.599884630096,-12.9210482387));
#2809 = CARTESIAN_POINT('',(4.614751410148,-12.94230289512));
#2810 = CARTESIAN_POINT('',(4.630148498368,-12.96079393027));
#2811 = CARTESIAN_POINT('',(4.646025110351,-12.9761406717));
#2812 = CARTESIAN_POINT('',(4.662306738594,-12.98797692817));
#2813 = CARTESIAN_POINT('',(4.678891110542,-12.99599378501));
#2814 = CARTESIAN_POINT('',(4.695643155498,-13.));
#2815 = CARTESIAN_POINT('',(4.712388980385,-13.));
#2816 = ( GEOMETRIC_REPRESENTATION_CONTEXT(2) 
PARAMETRIC_REPRESENTATION_CONTEXT() REPRESENTATION_CONTEXT('2D SPACE',''
  ) );
#2817 = PCURVE('',#2818,#2826);
#2818 = SURFACE_OF_LINEAR_EXTRUSION('',#2819,#2824);
#2819 = ELLIPSE('',#2820,2.,1.2);
#2820 = AXIS2_PLACEMENT_3D('',#2821,#2822,#2823);
#2821 = CARTESIAN_POINT('',(16.,0.,-12.5));
#2822 = DIRECTION('',(0.,0.,1.));
#2823 = DIRECTION('',(1.,0.,0.));
#2824 = VECTOR('',#2825,1.);
#2825 = DIRECTION('',(-0.,-0.,-1.));
#2826 = DEFINITIONAL_REPRESENTATION('',(#2827),#3005);
#2827 = B_SPLINE_CURVE_WITH_KNOTS('',8,(#2828,#2829,#2830,#2831,#2832,
    #2833,#2834,#2835,#2836,#2837,#2838,#2839,#2840,#2841,#2842,#2843,
    #2844,#2845,#2846,#2847,#2848,#2849,#2850,#2851,#2852,#2853,#2854,
    #2855,#2856,#2857,#2858,#2859,#2860,#2861,#2862,#2863,#2864,#2865,
    #2866,#2867,#2868,#2869,#2870,#2871,#2872,#2873,#2874,#2875,#2876,
    #2877,#2878,#2879,#2880,#2881,#2882,#2883,#2884,#2885,#2886,#2887,
    #2888,#2889,#2890,#2891,#2892,#2893,#2894,#2895,#2896,#2897,#2898,
    #2899,#2900,#2901,#2902,#2903,#2904,#2905,#2906,#2907,#2908,#2909,
    #2910,#2911,#2912,#2913,#2914,#2915,#2916,#2917,#2918,#2919,#2920,
    #2921,#2922,#2923,#2924,#2925,#2926,#2927,#2928,#2929,#2930,#2931,
    #2932,#2933,#2934,#2935,#2936,#2937,#2938,#2939,#2940,#2941,#2942,
    #2943,#2944,#2945,#2946,#2947,#2948,#2949,#2950,#2951,#2952,#2953,
    #2954,#2955,#2956,#2957,#2958,#2959,#2960,#2961,#2962,#2963,#2964,
    #2965,#2966,#2967,#2968,#2969,#2970,#2971,#2972,#2973,#2974,#2975,
    #2976,#2977,#2978,#2979,#2980,#2981,#2982,#2983,#2984,#2985,#2986,
    #2987,#2988,#2989,#2990,#2991,#2992,#2993,#2994,#2995,#2996,#2997,
    #2998,#2999,#3000,#3001,#3002,#3003,#3004),.UNSPECIFIED.,.F.,.F.,(9,
    7,7,7,7,7,7,7,7,7,7,7,7,7,7,7,7,7,7,7,7,7,7,7,7,9),(0.,
    2.91574327356E-02,4.961223570136E-02,8.130398007099E-02,
    0.113017019134,0.178419574309,0.249964212533,0.36645857823,
    0.397365239191,0.429028580907,0.463614889842,0.476926362937,
    0.484294065085,0.499984254984,0.519050619682,0.529153303061,
    0.54961013302,0.581305017922,0.613021199627,0.678430235948,
    0.749981963975,0.866487873825,0.89739759752,0.929064076954,
    0.963653813262,1.),.UNSPECIFIED.);
#2828 = CARTESIAN_POINT('',(-4.592425496803E-16,-12.5));
#2829 = CARTESIAN_POINT('',(3.35718539647E-02,-12.5));
#2830 = CARTESIAN_POINT('',(6.715509272094E-02,-12.5003091277));
#2831 = CARTESIAN_POINT('',(0.100577892156,-12.50092780506));
#2832 = CARTESIAN_POINT('',(0.133704194996,-12.50184481661));
#2833 = CARTESIAN_POINT('',(0.166425593649,-12.50304052188));
#2834 = CARTESIAN_POINT('',(0.198655397418,-12.50448972757));
#2835 = CARTESIAN_POINT('',(0.230324884102,-12.50616421961));
#2836 = CARTESIAN_POINT('',(0.283169037723,-12.50934733123));
#2837 = CARTESIAN_POINT('',(0.304663859598,-12.51075684765));
#2838 = CARTESIAN_POINT('',(0.325857090516,-12.51225410491));
#2839 = CARTESIAN_POINT('',(0.346743921327,-12.51382986767));
#2840 = CARTESIAN_POINT('',(0.367323419808,-12.51547523345));
#2841 = CARTESIAN_POINT('',(0.38759810567,-12.5171818016));
#2842 = CARTESIAN_POINT('',(0.40757352556,-12.51894184227));
#2843 = CARTESIAN_POINT('',(0.457755793972,-12.52354756519));
#2844 = CARTESIAN_POINT('',(0.487547449738,-12.5264577627));
#2845 = CARTESIAN_POINT('',(0.516668530861,-12.52945350197));
#2846 = CARTESIAN_POINT('',(0.545153852979,-12.53251225165));
#2847 = CARTESIAN_POINT('',(0.573038219551,-12.53561437688));
#2848 = CARTESIAN_POINT('',(0.600357329536,-12.53874301115));
#2849 = CARTESIAN_POINT('',(0.627148685068,-12.5418839283));
#2850 = CARTESIAN_POINT('',(0.679773987566,-12.54816901142));
#2851 = CARTESIAN_POINT('',(0.70560149295,-12.55131245817));
#2852 = CARTESIAN_POINT('',(0.73097155241,-12.55444354291));
#2853 = CARTESIAN_POINT('',(0.755916540825,-12.55755155344));
#2854 = CARTESIAN_POINT('',(0.780465627109,-12.56062712649));
#2855 = CARTESIAN_POINT('',(0.804645730496,-12.56366209713));
#2856 = CARTESIAN_POINT('',(0.828482476828,-12.56664934817));
#2857 = CARTESIAN_POINT('',(0.900504284204,-12.57563209752));
#2858 = CARTESIAN_POINT('',(0.947639663426,-12.58145025067));
#2859 = CARTESIAN_POINT('',(0.993629085654,-12.58698331644));
#2860 = CARTESIAN_POINT('',(1.038639213494,-12.59218810178));
#2861 = CARTESIAN_POINT('',(1.082805184769,-12.59702994266));
#2862 = CARTESIAN_POINT('',(1.126246609993,-12.60148098355));
#2863 = CARTESIAN_POINT('',(1.169075961521,-12.60551881699));
#2864 = CARTESIAN_POINT('',(1.257697420661,-12.61307085859));
#2865 = CARTESIAN_POINT('',(1.303377186694,-12.61649912828));
#2866 = CARTESIAN_POINT('',(1.348569312645,-12.61938637095));
#2867 = CARTESIAN_POINT('',(1.393384534779,-12.62171399286));
#2868 = CARTESIAN_POINT('',(1.437921716281,-12.62346845476));
#2869 = CARTESIAN_POINT('',(1.482274217143,-12.62464098885));
#2870 = CARTESIAN_POINT('',(1.526534583151,-12.62522730573));
#2871 = CARTESIAN_POINT('',(1.642869855112,-12.62522726835));
#2872 = CARTESIAN_POINT('',(1.714891451639,-12.62367272014));
#2873 = CARTESIAN_POINT('',(1.787317346924,-12.62056741609));
#2874 = CARTESIAN_POINT('',(1.860560367545,-12.61593909989));
#2875 = CARTESIAN_POINT('',(1.935030707387,-12.60984649316));
#2876 = CARTESIAN_POINT('',(2.0112209073,-12.60238986956));
#2877 = CARTESIAN_POINT('',(2.089701295007,-12.59371228916));
#2878 = CARTESIAN_POINT('',(2.193163820546,-12.58144751961));
#2879 = CARTESIAN_POINT('',(2.215084815608,-12.57880488933));
#2880 = CARTESIAN_POINT('',(2.237250414966,-12.5760953183));
#2881 = CARTESIAN_POINT('',(2.259678561524,-12.57332332202));
#2882 = CARTESIAN_POINT('',(2.28238831533,-12.57049396243));
#2883 = CARTESIAN_POINT('',(2.305400388259,-12.56761292367));
#2884 = CARTESIAN_POINT('',(2.328737678692,-12.56468658786));
#2885 = CARTESIAN_POINT('',(2.376693884734,-12.55868505509));
#2886 = CARTESIAN_POINT('',(2.401327644768,-12.55560827963));
#2887 = CARTESIAN_POINT('',(2.426356562986,-12.55249931288));
#2888 = CARTESIAN_POINT('',(2.451809994444,-12.54936690482));
#2889 = CARTESIAN_POINT('',(2.477718290199,-12.54622121108));
#2890 = CARTESIAN_POINT('',(2.504113914949,-12.54307397708));
#2891 = CARTESIAN_POINT('',(2.531032564673,-12.53993872211));
#2892 = CARTESIAN_POINT('',(2.588532949149,-12.5334362319));
#2893 = CARTESIAN_POINT('',(2.619211941426,-12.53007561073));
#2894 = CARTESIAN_POINT('',(2.650611572529,-12.52676830181));
#2895 = CARTESIAN_POINT('',(2.682782627021,-12.52353824342));
#2896 = CARTESIAN_POINT('',(2.715767463676,-12.52041454047));
#2897 = CARTESIAN_POINT('',(2.749600038086,-12.5174313839));
#2898 = CARTESIAN_POINT('',(2.784304846812,-12.5146274191));
#2899 = CARTESIAN_POINT('',(2.833592543004,-12.51105048188));
#2900 = CARTESIAN_POINT('',(2.84741915369,-12.51008931751));
#2901 = CARTESIAN_POINT('',(2.861374104024,-12.5091635161));
#2902 = CARTESIAN_POINT('',(2.875456040978,-12.50827562344));
#2903 = CARTESIAN_POINT('',(2.889662684082,-12.50742824433));
#2904 = CARTESIAN_POINT('',(2.903990729929,-12.50662400152));
#2905 = CARTESIAN_POINT('',(2.918435756681,-12.50586549462));
#2906 = CARTESIAN_POINT('',(2.941048863674,-12.50476215431));
#2907 = CARTESIAN_POINT('',(2.949139684976,-12.50438383425));
#2908 = CARTESIAN_POINT('',(2.957263614614,-12.50402073532));
#2909 = CARTESIAN_POINT('',(2.965419554625,-12.50367327989));
#2910 = CARTESIAN_POINT('',(2.973606286951,-12.50334187632));
#2911 = CARTESIAN_POINT('',(2.981822473434,-12.50302691896));
#2912 = CARTESIAN_POINT('',(2.990066655824,-12.50272878813));
#2913 = CARTESIAN_POINT('',(3.015950248416,-12.50184956725));
#2914 = CARTESIAN_POINT('',(3.033684378827,-12.50132919485));
#2915 = CARTESIAN_POINT('',(3.051522665242,-12.50089028706));
#2916 = CARTESIAN_POINT('',(3.069447012844,-12.50053587252));
#2917 = CARTESIAN_POINT('',(3.087438030171,-12.50026835925));
#2918 = CARTESIAN_POINT('',(3.105474845522,-12.50008943952));
#2919 = CARTESIAN_POINT('',(3.123534923372,-12.49999999468));
#2920 = CARTESIAN_POINT('',(3.163538718289,-12.50000000646));
#2921 = CARTESIAN_POINT('',(3.185486097444,-12.50013209995));
#2922 = CARTESIAN_POINT('',(3.20739115507,-12.50039634328));
#2923 = CARTESIAN_POINT('',(3.229213699675,-12.50079078731));
#2924 = CARTESIAN_POINT('',(3.250917700167,-12.50131175464));
#2925 = CARTESIAN_POINT('',(3.27247077458,-12.50195412319));
#2926 = CARTESIAN_POINT('',(3.293843678792,-12.50271160978));
#2927 = CARTESIAN_POINT('',(3.326225072855,-12.50403562615));
#2928 = CARTESIAN_POINT('',(3.337383179668,-12.50452456008));
#2929 = CARTESIAN_POINT('',(3.348480818253,-12.50504279567));
#2930 = CARTESIAN_POINT('',(3.359515088486,-12.50558925231));
#2931 = CARTESIAN_POINT('',(3.370483487563,-12.50616282877));
#2932 = CARTESIAN_POINT('',(3.381383909994,-12.50676240315));
#2933 = CARTESIAN_POINT('',(3.392214647609,-12.50738683293));
#2934 = CARTESIAN_POINT('',(3.424761691313,-12.50934733123));
#2935 = CARTESIAN_POINT('',(3.446256513188,-12.51075684765));
#2936 = CARTESIAN_POINT('',(3.467449744106,-12.51225410491));
#2937 = CARTESIAN_POINT('',(3.488336574917,-12.51382986767));
#2938 = CARTESIAN_POINT('',(3.508916073398,-12.51547523345));
#2939 = CARTESIAN_POINT('',(3.52919075926,-12.5171818016));
#2940 = CARTESIAN_POINT('',(3.54916617915,-12.51894184227));
#2941 = CARTESIAN_POINT('',(3.599348447562,-12.52354756519));
#2942 = CARTESIAN_POINT('',(3.629140103327,-12.5264577627));
#2943 = CARTESIAN_POINT('',(3.658261184451,-12.52945350197));
#2944 = CARTESIAN_POINT('',(3.686746506569,-12.53251225165));
#2945 = CARTESIAN_POINT('',(3.714630873141,-12.53561437688));
#2946 = CARTESIAN_POINT('',(3.741949983126,-12.53874301115));
#2947 = CARTESIAN_POINT('',(3.768741338657,-12.5418839283));
#2948 = CARTESIAN_POINT('',(3.821366641156,-12.54816901142));
#2949 = CARTESIAN_POINT('',(3.84719414654,-12.55131245817));
#2950 = CARTESIAN_POINT('',(3.872564206,-12.55444354291));
#2951 = CARTESIAN_POINT('',(3.897509194415,-12.55755155344));
#2952 = CARTESIAN_POINT('',(3.922058280699,-12.56062712649));
#2953 = CARTESIAN_POINT('',(3.946238384086,-12.56366209713));
#2954 = CARTESIAN_POINT('',(3.970075130418,-12.56664934817));
#2955 = CARTESIAN_POINT('',(4.042096937794,-12.57563209752));
#2956 = CARTESIAN_POINT('',(4.089232317016,-12.58145025067));
#2957 = CARTESIAN_POINT('',(4.135221739244,-12.58698331644));
#2958 = CARTESIAN_POINT('',(4.180231867083,-12.59218810178));
#2959 = CARTESIAN_POINT('',(4.224397838359,-12.59702994266));
#2960 = CARTESIAN_POINT('',(4.267839263583,-12.60148098355));
#2961 = CARTESIAN_POINT('',(4.310668615111,-12.60551881699));
#2962 = CARTESIAN_POINT('',(4.399290074251,-12.61307085859));
#2963 = CARTESIAN_POINT('',(4.444969840284,-12.61649912828));
#2964 = CARTESIAN_POINT('',(4.490161966235,-12.61938637095));
#2965 = CARTESIAN_POINT('',(4.534977188369,-12.62171399286));
#2966 = CARTESIAN_POINT('',(4.579514369871,-12.62346845476));
#2967 = CARTESIAN_POINT('',(4.623866870732,-12.62464098885));
#2968 = CARTESIAN_POINT('',(4.668127236741,-12.62522730573));
#2969 = CARTESIAN_POINT('',(4.784462508703,-12.62522726835));
#2970 = CARTESIAN_POINT('',(4.856484105224,-12.62367272014));
#2971 = CARTESIAN_POINT('',(4.928910000525,-12.62056741609));
#2972 = CARTESIAN_POINT('',(5.00215302112,-12.61593909989));
#2973 = CARTESIAN_POINT('',(5.076623360987,-12.60984649316));
#2974 = CARTESIAN_POINT('',(5.152813560885,-12.60238986956));
#2975 = CARTESIAN_POINT('',(5.231293948598,-12.59371228916));
#2976 = CARTESIAN_POINT('',(5.334756474136,-12.58144751961));
#2977 = CARTESIAN_POINT('',(5.356677469198,-12.57880488933));
#2978 = CARTESIAN_POINT('',(5.378843068556,-12.5760953183));
#2979 = CARTESIAN_POINT('',(5.401271215113,-12.57332332202));
#2980 = CARTESIAN_POINT('',(5.423980968919,-12.57049396243));
#2981 = CARTESIAN_POINT('',(5.446993041849,-12.56761292367));
#2982 = CARTESIAN_POINT('',(5.470330332282,-12.56468658786));
#2983 = CARTESIAN_POINT('',(5.518286538323,-12.55868505509));
#2984 = CARTESIAN_POINT('',(5.542920298357,-12.55560827963));
#2985 = CARTESIAN_POINT('',(5.567949216576,-12.55249931288));
#2986 = CARTESIAN_POINT('',(5.593402648034,-12.54936690482));
#2987 = CARTESIAN_POINT('',(5.619310943788,-12.54622121108));
#2988 = CARTESIAN_POINT('',(5.645706568539,-12.54307397708));
#2989 = CARTESIAN_POINT('',(5.672625218263,-12.53993872211));
#2990 = CARTESIAN_POINT('',(5.730125602739,-12.5334362319));
#2991 = CARTESIAN_POINT('',(5.760804595015,-12.53007561073));
#2992 = CARTESIAN_POINT('',(5.792204226119,-12.52676830181));
#2993 = CARTESIAN_POINT('',(5.824375280611,-12.52353824342));
#2994 = CARTESIAN_POINT('',(5.857360117265,-12.52041454047));
#2995 = CARTESIAN_POINT('',(5.891192691676,-12.5174313839));
#2996 = CARTESIAN_POINT('',(5.925897500402,-12.5146274191));
#2997 = CARTESIAN_POINT('',(5.998884633487,-12.50933055167));
#2998 = CARTESIAN_POINT('',(6.037291923252,-12.50685829323));
#2999 = CARTESIAN_POINT('',(6.076659494373,-12.5046819836));
#3000 = CARTESIAN_POINT('',(6.116899689274,-12.50285856762));
#3001 = CARTESIAN_POINT('',(6.1578855631,-12.5014428639));
#3002 = CARTESIAN_POINT('',(6.199440764002,-12.50048069163));
#3003 = CARTESIAN_POINT('',(6.241320744964,-12.5));
#3004 = CARTESIAN_POINT('',(6.28318530718,-12.5));
#3005 = ( GEOMETRIC_REPRESENTATION_CONTEXT(2) 
PARAMETRIC_REPRESENTATION_CONTEXT() REPRESENTATION_CONTEXT('2D SPACE',''
  ) );
#3006 = ADVANCED_FACE('',(#3007),#805,.F.);
#3007 = FACE_BOUND('',#3008,.F.);
#3008 = EDGE_LOOP('',(#3009,#3010,#3011));
#3009 = ORIENTED_EDGE('',*,*,#1845,.T.);
#3010 = ORIENTED_EDGE('',*,*,#1313,.T.);
#3011 = ORIENTED_EDGE('',*,*,#790,.F.);
#3012 = ADVANCED_FACE('',(#3013),#982,.F.);
#3013 = FACE_BOUND('',#3014,.F.);
#3014 = EDGE_LOOP('',(#3015,#3016));
#3015 = ORIENTED_EDGE('',*,*,#967,.F.);
#3016 = ORIENTED_EDGE('',*,*,#1871,.T.);
#3017 = ADVANCED_FACE('',(#3018),#1404,.T.);
#3018 = FACE_BOUND('',#3019,.F.);
#3019 = EDGE_LOOP('',(#3020,#3043,#3072,#3100,#3129,#3150,#3151));
#3020 = ORIENTED_EDGE('',*,*,#3021,.F.);
#3021 = EDGE_CURVE('',#3022,#1673,#3024,.T.);
#3022 = VERTEX_POINT('',#3023);
#3023 = CARTESIAN_POINT('',(40.,2.25,-1.7));
#3024 = SURFACE_CURVE('',#3025,(#3029,#3036),.PCURVE_S1.);
#3025 = LINE('',#3026,#3027);
#3026 = CARTESIAN_POINT('',(40.,2.25,-4.2));
#3027 = VECTOR('',#3028,1.);
#3028 = DIRECTION('',(0.,0.,1.));
#3029 = PCURVE('',#1404,#3030);
#3030 = DEFINITIONAL_REPRESENTATION('',(#3031),#3035);
#3031 = LINE('',#3032,#3033);
#3032 = CARTESIAN_POINT('',(-0.,0.));
#3033 = VECTOR('',#3034,1.);
#3034 = DIRECTION('',(-0.,1.));
#3035 = ( GEOMETRIC_REPRESENTATION_CONTEXT(2) 
PARAMETRIC_REPRESENTATION_CONTEXT() REPRESENTATION_CONTEXT('2D SPACE',''
  ) );
#3036 = PCURVE('',#1742,#3037);
#3037 = DEFINITIONAL_REPRESENTATION('',(#3038),#3042);
#3038 = LINE('',#3039,#3040);
#3039 = CARTESIAN_POINT('',(0.,-6.));
#3040 = VECTOR('',#3041,1.);
#3041 = DIRECTION('',(1.,0.));
#3042 = ( GEOMETRIC_REPRESENTATION_CONTEXT(2) 
PARAMETRIC_REPRESENTATION_CONTEXT() REPRESENTATION_CONTEXT('2D SPACE',''
  ) );
#3043 = ORIENTED_EDGE('',*,*,#3044,.F.);
#3044 = EDGE_CURVE('',#3045,#3022,#3047,.T.);
#3045 = VERTEX_POINT('',#3046);
#3046 = CARTESIAN_POINT('',(41.5,3.75,-1.7));
#3047 = SURFACE_CURVE('',#3048,(#3053,#3060),.PCURVE_S1.);
#3048 = CIRCLE('',#3049,1.5);
#3049 = AXIS2_PLACEMENT_3D('',#3050,#3051,#3052);
#3050 = CARTESIAN_POINT('',(41.5,2.25,-1.7));
#3051 = DIRECTION('',(0.,0.,1.));
#3052 = DIRECTION('',(-1.,-0.,0.));
#3053 = PCURVE('',#1404,#3054);
#3054 = DEFINITIONAL_REPRESENTATION('',(#3055),#3059);
#3055 = LINE('',#3056,#3057);
#3056 = CARTESIAN_POINT('',(-6.28318530718,2.5));
#3057 = VECTOR('',#3058,1.);
#3058 = DIRECTION('',(1.,-0.));
#3059 = ( GEOMETRIC_REPRESENTATION_CONTEXT(2) 
PARAMETRIC_REPRESENTATION_CONTEXT() REPRESENTATION_CONTEXT('2D SPACE',''
  ) );
#3060 = PCURVE('',#3061,#3066);
#3061 = PLANE('',#3062);
#3062 = AXIS2_PLACEMENT_3D('',#3063,#3064,#3065);
#3063 = CARTESIAN_POINT('',(40.,-3.75,-1.7));
#3064 = DIRECTION('',(0.,0.,1.));
#3065 = DIRECTION('',(1.,0.,0.));
#3066 = DEFINITIONAL_REPRESENTATION('',(#3067),#3071);
#3067 = CIRCLE('',#3068,1.5);
#3068 = AXIS2_PLACEMENT_2D('',#3069,#3070);
#3069 = CARTESIAN_POINT('',(1.5,6.));
#3070 = DIRECTION('',(-1.,0.));
#3071 = ( GEOMETRIC_REPRESENTATION_CONTEXT(2) 
PARAMETRIC_REPRESENTATION_CONTEXT() REPRESENTATION_CONTEXT('2D SPACE',''
  ) );
#3072 = ORIENTED_EDGE('',*,*,#3073,.T.);
#3073 = EDGE_CURVE('',#3045,#3074,#3076,.T.);
#3074 = VERTEX_POINT('',#3075);
#3075 = CARTESIAN_POINT('',(41.5,3.75,4.7));
#3076 = SURFACE_CURVE('',#3077,(#3081,#3088),.PCURVE_S1.);
#3077 = LINE('',#3078,#3079);
#3078 = CARTESIAN_POINT('',(41.5,3.75,-4.2));
#3079 = VECTOR('',#3080,1.);
#3080 = DIRECTION('',(0.,0.,1.));
#3081 = PCURVE('',#1404,#3082);
#3082 = DEFINITIONAL_REPRESENTATION('',(#3083),#3087);
#3083 = LINE('',#3084,#3085);
#3084 = CARTESIAN_POINT('',(-1.570796326795,0.));
#3085 = VECTOR('',#3086,1.);
#3086 = DIRECTION('',(-0.,1.));
#3087 = ( GEOMETRIC_REPRESENTATION_CONTEXT(2) 
PARAMETRIC_REPRESENTATION_CONTEXT() REPRESENTATION_CONTEXT('2D SPACE',''
  ) );
#3088 = PCURVE('',#3089,#3094);
#3089 = PLANE('',#3090);
#3090 = AXIS2_PLACEMENT_3D('',#3091,#3092,#3093);
#3091 = CARTESIAN_POINT('',(40.,3.75,-4.2));
#3092 = DIRECTION('',(0.,1.,0.));
#3093 = DIRECTION('',(0.,0.,1.));
#3094 = DEFINITIONAL_REPRESENTATION('',(#3095),#3099);
#3095 = LINE('',#3096,#3097);
#3096 = CARTESIAN_POINT('',(0.,1.5));
#3097 = VECTOR('',#3098,1.);
#3098 = DIRECTION('',(1.,0.));
#3099 = ( GEOMETRIC_REPRESENTATION_CONTEXT(2) 
PARAMETRIC_REPRESENTATION_CONTEXT() REPRESENTATION_CONTEXT('2D SPACE',''
  ) );
#3100 = ORIENTED_EDGE('',*,*,#3101,.T.);
#3101 = EDGE_CURVE('',#3074,#3102,#3104,.T.);
#3102 = VERTEX_POINT('',#3103);
#3103 = CARTESIAN_POINT('',(40.,2.25,4.7));
#3104 = SURFACE_CURVE('',#3105,(#3110,#3117),.PCURVE_S1.);
#3105 = CIRCLE('',#3106,1.5);
#3106 = AXIS2_PLACEMENT_3D('',#3107,#3108,#3109);
#3107 = CARTESIAN_POINT('',(41.5,2.25,4.7));
#3108 = DIRECTION('',(0.,0.,1.));
#3109 = DIRECTION('',(-1.,-0.,0.));
#3110 = PCURVE('',#1404,#3111);
#3111 = DEFINITIONAL_REPRESENTATION('',(#3112),#3116);
#3112 = LINE('',#3113,#3114);
#3113 = CARTESIAN_POINT('',(-6.28318530718,8.9));
#3114 = VECTOR('',#3115,1.);
#3115 = DIRECTION('',(1.,-0.));
#3116 = ( GEOMETRIC_REPRESENTATION_CONTEXT(2) 
PARAMETRIC_REPRESENTATION_CONTEXT() REPRESENTATION_CONTEXT('2D SPACE',''
  ) );
#3117 = PCURVE('',#3118,#3123);
#3118 = PLANE('',#3119);
#3119 = AXIS2_PLACEMENT_3D('',#3120,#3121,#3122);
#3120 = CARTESIAN_POINT('',(40.,-3.75,4.7));
#3121 = DIRECTION('',(0.,0.,1.));
#3122 = DIRECTION('',(1.,0.,0.));
#3123 = DEFINITIONAL_REPRESENTATION('',(#3124),#3128);
#3124 = CIRCLE('',#3125,1.5);
#3125 = AXIS2_PLACEMENT_2D('',#3126,#3127);
#3126 = CARTESIAN_POINT('',(1.5,6.));
#3127 = DIRECTION('',(-1.,0.));
#3128 = ( GEOMETRIC_REPRESENTATION_CONTEXT(2) 
PARAMETRIC_REPRESENTATION_CONTEXT() REPRESENTATION_CONTEXT('2D SPACE',''
  ) );
#3129 = ORIENTED_EDGE('',*,*,#3130,.F.);
#3130 = EDGE_CURVE('',#1361,#3102,#3131,.T.);
#3131 = SURFACE_CURVE('',#3132,(#3136,#3143),.PCURVE_S1.);
#3132 = LINE('',#3133,#3134);
#3133 = CARTESIAN_POINT('',(40.,2.25,-4.2));
#3134 = VECTOR('',#3135,1.);
#3135 = DIRECTION('',(0.,0.,1.));
#3136 = PCURVE('',#1404,#3137);
#3137 = DEFINITIONAL_REPRESENTATION('',(#3138),#3142);
#3138 = LINE('',#3139,#3140);
#3139 = CARTESIAN_POINT('',(-0.,0.));
#3140 = VECTOR('',#3141,1.);
#3141 = DIRECTION('',(-0.,1.));
#3142 = ( GEOMETRIC_REPRESENTATION_CONTEXT(2) 
PARAMETRIC_REPRESENTATION_CONTEXT() REPRESENTATION_CONTEXT('2D SPACE',''
  ) );
#3143 = PCURVE('',#1500,#3144);
#3144 = DEFINITIONAL_REPRESENTATION('',(#3145),#3149);
#3145 = LINE('',#3146,#3147);
#3146 = CARTESIAN_POINT('',(0.,-6.));
#3147 = VECTOR('',#3148,1.);
#3148 = DIRECTION('',(1.,0.));
#3149 = ( GEOMETRIC_REPRESENTATION_CONTEXT(2) 
PARAMETRIC_REPRESENTATION_CONTEXT() REPRESENTATION_CONTEXT('2D SPACE',''
  ) );
#3150 = ORIENTED_EDGE('',*,*,#1360,.F.);
#3151 = ORIENTED_EDGE('',*,*,#1781,.F.);
#3152 = ADVANCED_FACE('',(#3153),#1742,.F.);
#3153 = FACE_BOUND('',#3154,.F.);
#3154 = EDGE_LOOP('',(#3155,#3178,#3206,#3234,#3262,#3285,#3306,#3307));
#3155 = ORIENTED_EDGE('',*,*,#3156,.F.);
#3156 = EDGE_CURVE('',#3157,#1540,#3159,.T.);
#3157 = VERTEX_POINT('',#3158);
#3158 = CARTESIAN_POINT('',(40.,-2.25,-1.7));
#3159 = SURFACE_CURVE('',#3160,(#3164,#3171),.PCURVE_S1.);
#3160 = LINE('',#3161,#3162);
#3161 = CARTESIAN_POINT('',(40.,-2.25,-4.2));
#3162 = VECTOR('',#3163,1.);
#3163 = DIRECTION('',(0.,0.,1.));
#3164 = PCURVE('',#1742,#3165);
#3165 = DEFINITIONAL_REPRESENTATION('',(#3166),#3170);
#3166 = LINE('',#3167,#3168);
#3167 = CARTESIAN_POINT('',(0.,-1.5));
#3168 = VECTOR('',#3169,1.);
#3169 = DIRECTION('',(1.,0.));
#3170 = ( GEOMETRIC_REPRESENTATION_CONTEXT(2) 
PARAMETRIC_REPRESENTATION_CONTEXT() REPRESENTATION_CONTEXT('2D SPACE',''
  ) );
#3171 = PCURVE('',#1625,#3172);
#3172 = DEFINITIONAL_REPRESENTATION('',(#3173),#3177);
#3173 = LINE('',#3174,#3175);
#3174 = CARTESIAN_POINT('',(0.,0.));
#3175 = VECTOR('',#3176,1.);
#3176 = DIRECTION('',(0.,1.));
#3177 = ( GEOMETRIC_REPRESENTATION_CONTEXT(2) 
PARAMETRIC_REPRESENTATION_CONTEXT() REPRESENTATION_CONTEXT('2D SPACE',''
  ) );
#3178 = ORIENTED_EDGE('',*,*,#3179,.F.);
#3179 = EDGE_CURVE('',#3180,#3157,#3182,.T.);
#3180 = VERTEX_POINT('',#3181);
#3181 = CARTESIAN_POINT('',(40.,-3.75,-1.7));
#3182 = SURFACE_CURVE('',#3183,(#3187,#3194),.PCURVE_S1.);
#3183 = LINE('',#3184,#3185);
#3184 = CARTESIAN_POINT('',(40.,-3.75,-1.7));
#3185 = VECTOR('',#3186,1.);
#3186 = DIRECTION('',(0.,1.,0.));
#3187 = PCURVE('',#1742,#3188);
#3188 = DEFINITIONAL_REPRESENTATION('',(#3189),#3193);
#3189 = LINE('',#3190,#3191);
#3190 = CARTESIAN_POINT('',(2.5,0.));
#3191 = VECTOR('',#3192,1.);
#3192 = DIRECTION('',(0.,-1.));
#3193 = ( GEOMETRIC_REPRESENTATION_CONTEXT(2) 
PARAMETRIC_REPRESENTATION_CONTEXT() REPRESENTATION_CONTEXT('2D SPACE',''
  ) );
#3194 = PCURVE('',#3195,#3200);
#3195 = PLANE('',#3196);
#3196 = AXIS2_PLACEMENT_3D('',#3197,#3198,#3199);
#3197 = CARTESIAN_POINT('',(40.,-3.75,-1.7));
#3198 = DIRECTION('',(0.,0.,1.));
#3199 = DIRECTION('',(1.,0.,0.));
#3200 = DEFINITIONAL_REPRESENTATION('',(#3201),#3205);
#3201 = LINE('',#3202,#3203);
#3202 = CARTESIAN_POINT('',(0.,0.));
#3203 = VECTOR('',#3204,1.);
#3204 = DIRECTION('',(0.,1.));
#3205 = ( GEOMETRIC_REPRESENTATION_CONTEXT(2) 
PARAMETRIC_REPRESENTATION_CONTEXT() REPRESENTATION_CONTEXT('2D SPACE',''
  ) );
#3206 = ORIENTED_EDGE('',*,*,#3207,.F.);
#3207 = EDGE_CURVE('',#3208,#3180,#3210,.T.);
#3208 = VERTEX_POINT('',#3209);
#3209 = CARTESIAN_POINT('',(40.,-3.75,-4.2));
#3210 = SURFACE_CURVE('',#3211,(#3215,#3222),.PCURVE_S1.);
#3211 = LINE('',#3212,#3213);
#3212 = CARTESIAN_POINT('',(40.,-3.75,-4.2));
#3213 = VECTOR('',#3214,1.);
#3214 = DIRECTION('',(0.,0.,1.));
#3215 = PCURVE('',#1742,#3216);
#3216 = DEFINITIONAL_REPRESENTATION('',(#3217),#3221);
#3217 = LINE('',#3218,#3219);
#3218 = CARTESIAN_POINT('',(0.,0.));
#3219 = VECTOR('',#3220,1.);
#3220 = DIRECTION('',(1.,0.));
#3221 = ( GEOMETRIC_REPRESENTATION_CONTEXT(2) 
PARAMETRIC_REPRESENTATION_CONTEXT() REPRESENTATION_CONTEXT('2D SPACE',''
  ) );
#3222 = PCURVE('',#3223,#3228);
#3223 = PLANE('',#3224);
#3224 = AXIS2_PLACEMENT_3D('',#3225,#3226,#3227);
#3225 = CARTESIAN_POINT('',(40.,-3.75,-4.2));
#3226 = DIRECTION('',(0.,1.,0.));
#3227 = DIRECTION('',(0.,0.,1.));
#3228 = DEFINITIONAL_REPRESENTATION('',(#3229),#3233);
#3229 = LINE('',#3230,#3231);
#3230 = CARTESIAN_POINT('',(0.,0.));
#3231 = VECTOR('',#3232,1.);
#3232 = DIRECTION('',(1.,0.));
#3233 = ( GEOMETRIC_REPRESENTATION_CONTEXT(2) 
PARAMETRIC_REPRESENTATION_CONTEXT() REPRESENTATION_CONTEXT('2D SPACE',''
  ) );
#3234 = ORIENTED_EDGE('',*,*,#3235,.T.);
#3235 = EDGE_CURVE('',#3208,#3236,#3238,.T.);
#3236 = VERTEX_POINT('',#3237);
#3237 = CARTESIAN_POINT('',(40.,3.75,-4.2));
#3238 = SURFACE_CURVE('',#3239,(#3243,#3250),.PCURVE_S1.);
#3239 = LINE('',#3240,#3241);
#3240 = CARTESIAN_POINT('',(40.,-3.75,-4.2));
#3241 = VECTOR('',#3242,1.);
#3242 = DIRECTION('',(0.,1.,0.));
#3243 = PCURVE('',#1742,#3244);
#3244 = DEFINITIONAL_REPRESENTATION('',(#3245),#3249);
#3245 = LINE('',#3246,#3247);
#3246 = CARTESIAN_POINT('',(0.,0.));
#3247 = VECTOR('',#3248,1.);
#3248 = DIRECTION('',(0.,-1.));
#3249 = ( GEOMETRIC_REPRESENTATION_CONTEXT(2) 
PARAMETRIC_REPRESENTATION_CONTEXT() REPRESENTATION_CONTEXT('2D SPACE',''
  ) );
#3250 = PCURVE('',#3251,#3256);
#3251 = PLANE('',#3252);
#3252 = AXIS2_PLACEMENT_3D('',#3253,#3254,#3255);
#3253 = CARTESIAN_POINT('',(40.,-3.75,-4.2));
#3254 = DIRECTION('',(0.,0.,1.));
#3255 = DIRECTION('',(1.,0.,0.));
#3256 = DEFINITIONAL_REPRESENTATION('',(#3257),#3261);
#3257 = LINE('',#3258,#3259);
#3258 = CARTESIAN_POINT('',(0.,0.));
#3259 = VECTOR('',#3260,1.);
#3260 = DIRECTION('',(0.,1.));
#3261 = ( GEOMETRIC_REPRESENTATION_CONTEXT(2) 
PARAMETRIC_REPRESENTATION_CONTEXT() REPRESENTATION_CONTEXT('2D SPACE',''
  ) );
#3262 = ORIENTED_EDGE('',*,*,#3263,.T.);
#3263 = EDGE_CURVE('',#3236,#3264,#3266,.T.);
#3264 = VERTEX_POINT('',#3265);
#3265 = CARTESIAN_POINT('',(40.,3.75,-1.7));
#3266 = SURFACE_CURVE('',#3267,(#3271,#3278),.PCURVE_S1.);
#3267 = LINE('',#3268,#3269);
#3268 = CARTESIAN_POINT('',(40.,3.75,-4.2));
#3269 = VECTOR('',#3270,1.);
#3270 = DIRECTION('',(0.,0.,1.));
#3271 = PCURVE('',#1742,#3272);
#3272 = DEFINITIONAL_REPRESENTATION('',(#3273),#3277);
#3273 = LINE('',#3274,#3275);
#3274 = CARTESIAN_POINT('',(0.,-7.5));
#3275 = VECTOR('',#3276,1.);
#3276 = DIRECTION('',(1.,0.));
#3277 = ( GEOMETRIC_REPRESENTATION_CONTEXT(2) 
PARAMETRIC_REPRESENTATION_CONTEXT() REPRESENTATION_CONTEXT('2D SPACE',''
  ) );
#3278 = PCURVE('',#3089,#3279);
#3279 = DEFINITIONAL_REPRESENTATION('',(#3280),#3284);
#3280 = LINE('',#3281,#3282);
#3281 = CARTESIAN_POINT('',(0.,0.));
#3282 = VECTOR('',#3283,1.);
#3283 = DIRECTION('',(1.,0.));
#3284 = ( GEOMETRIC_REPRESENTATION_CONTEXT(2) 
PARAMETRIC_REPRESENTATION_CONTEXT() REPRESENTATION_CONTEXT('2D SPACE',''
  ) );
#3285 = ORIENTED_EDGE('',*,*,#3286,.F.);
#3286 = EDGE_CURVE('',#3022,#3264,#3287,.T.);
#3287 = SURFACE_CURVE('',#3288,(#3292,#3299),.PCURVE_S1.);
#3288 = LINE('',#3289,#3290);
#3289 = CARTESIAN_POINT('',(40.,-3.75,-1.7));
#3290 = VECTOR('',#3291,1.);
#3291 = DIRECTION('',(0.,1.,0.));
#3292 = PCURVE('',#1742,#3293);
#3293 = DEFINITIONAL_REPRESENTATION('',(#3294),#3298);
#3294 = LINE('',#3295,#3296);
#3295 = CARTESIAN_POINT('',(2.5,0.));
#3296 = VECTOR('',#3297,1.);
#3297 = DIRECTION('',(0.,-1.));
#3298 = ( GEOMETRIC_REPRESENTATION_CONTEXT(2) 
PARAMETRIC_REPRESENTATION_CONTEXT() REPRESENTATION_CONTEXT('2D SPACE',''
  ) );
#3299 = PCURVE('',#3061,#3300);
#3300 = DEFINITIONAL_REPRESENTATION('',(#3301),#3305);
#3301 = LINE('',#3302,#3303);
#3302 = CARTESIAN_POINT('',(0.,0.));
#3303 = VECTOR('',#3304,1.);
#3304 = DIRECTION('',(0.,1.));
#3305 = ( GEOMETRIC_REPRESENTATION_CONTEXT(2) 
PARAMETRIC_REPRESENTATION_CONTEXT() REPRESENTATION_CONTEXT('2D SPACE',''
  ) );
#3306 = ORIENTED_EDGE('',*,*,#3021,.T.);
#3307 = ORIENTED_EDGE('',*,*,#1672,.T.);
#3308 = ADVANCED_FACE('',(#3309),#1625,.T.);
#3309 = FACE_BOUND('',#3310,.T.);
#3310 = EDGE_LOOP('',(#3311,#3312,#3336,#3359,#3388,#3409));
#3311 = ORIENTED_EDGE('',*,*,#3156,.F.);
#3312 = ORIENTED_EDGE('',*,*,#3313,.T.);
#3313 = EDGE_CURVE('',#3157,#3314,#3316,.T.);
#3314 = VERTEX_POINT('',#3315);
#3315 = CARTESIAN_POINT('',(41.5,-3.75,-1.7));
#3316 = SURFACE_CURVE('',#3317,(#3322,#3329),.PCURVE_S1.);
#3317 = CIRCLE('',#3318,1.5);
#3318 = AXIS2_PLACEMENT_3D('',#3319,#3320,#3321);
#3319 = CARTESIAN_POINT('',(41.5,-2.25,-1.7));
#3320 = DIRECTION('',(0.,0.,1.));
#3321 = DIRECTION('',(-1.,-0.,0.));
#3322 = PCURVE('',#1625,#3323);
#3323 = DEFINITIONAL_REPRESENTATION('',(#3324),#3328);
#3324 = LINE('',#3325,#3326);
#3325 = CARTESIAN_POINT('',(0.,2.5));
#3326 = VECTOR('',#3327,1.);
#3327 = DIRECTION('',(1.,0.));
#3328 = ( GEOMETRIC_REPRESENTATION_CONTEXT(2) 
PARAMETRIC_REPRESENTATION_CONTEXT() REPRESENTATION_CONTEXT('2D SPACE',''
  ) );
#3329 = PCURVE('',#3195,#3330);
#3330 = DEFINITIONAL_REPRESENTATION('',(#3331),#3335);
#3331 = CIRCLE('',#3332,1.5);
#3332 = AXIS2_PLACEMENT_2D('',#3333,#3334);
#3333 = CARTESIAN_POINT('',(1.5,1.5));
#3334 = DIRECTION('',(-1.,0.));
#3335 = ( GEOMETRIC_REPRESENTATION_CONTEXT(2) 
PARAMETRIC_REPRESENTATION_CONTEXT() REPRESENTATION_CONTEXT('2D SPACE',''
  ) );
#3336 = ORIENTED_EDGE('',*,*,#3337,.T.);
#3337 = EDGE_CURVE('',#3314,#3338,#3340,.T.);
#3338 = VERTEX_POINT('',#3339);
#3339 = CARTESIAN_POINT('',(41.5,-3.75,4.7));
#3340 = SURFACE_CURVE('',#3341,(#3345,#3352),.PCURVE_S1.);
#3341 = LINE('',#3342,#3343);
#3342 = CARTESIAN_POINT('',(41.5,-3.75,-4.2));
#3343 = VECTOR('',#3344,1.);
#3344 = DIRECTION('',(0.,0.,1.));
#3345 = PCURVE('',#1625,#3346);
#3346 = DEFINITIONAL_REPRESENTATION('',(#3347),#3351);
#3347 = LINE('',#3348,#3349);
#3348 = CARTESIAN_POINT('',(1.570796326795,0.));
#3349 = VECTOR('',#3350,1.);
#3350 = DIRECTION('',(0.,1.));
#3351 = ( GEOMETRIC_REPRESENTATION_CONTEXT(2) 
PARAMETRIC_REPRESENTATION_CONTEXT() REPRESENTATION_CONTEXT('2D SPACE',''
  ) );
#3352 = PCURVE('',#3223,#3353);
#3353 = DEFINITIONAL_REPRESENTATION('',(#3354),#3358);
#3354 = LINE('',#3355,#3356);
#3355 = CARTESIAN_POINT('',(0.,1.5));
#3356 = VECTOR('',#3357,1.);
#3357 = DIRECTION('',(1.,0.));
#3358 = ( GEOMETRIC_REPRESENTATION_CONTEXT(2) 
PARAMETRIC_REPRESENTATION_CONTEXT() REPRESENTATION_CONTEXT('2D SPACE',''
  ) );
#3359 = ORIENTED_EDGE('',*,*,#3360,.F.);
#3360 = EDGE_CURVE('',#3361,#3338,#3363,.T.);
#3361 = VERTEX_POINT('',#3362);
#3362 = CARTESIAN_POINT('',(40.,-2.25,4.7));
#3363 = SURFACE_CURVE('',#3364,(#3369,#3376),.PCURVE_S1.);
#3364 = CIRCLE('',#3365,1.5);
#3365 = AXIS2_PLACEMENT_3D('',#3366,#3367,#3368);
#3366 = CARTESIAN_POINT('',(41.5,-2.25,4.7));
#3367 = DIRECTION('',(0.,0.,1.));
#3368 = DIRECTION('',(-1.,-0.,0.));
#3369 = PCURVE('',#1625,#3370);
#3370 = DEFINITIONAL_REPRESENTATION('',(#3371),#3375);
#3371 = LINE('',#3372,#3373);
#3372 = CARTESIAN_POINT('',(0.,8.9));
#3373 = VECTOR('',#3374,1.);
#3374 = DIRECTION('',(1.,0.));
#3375 = ( GEOMETRIC_REPRESENTATION_CONTEXT(2) 
PARAMETRIC_REPRESENTATION_CONTEXT() REPRESENTATION_CONTEXT('2D SPACE',''
  ) );
#3376 = PCURVE('',#3377,#3382);
#3377 = PLANE('',#3378);
#3378 = AXIS2_PLACEMENT_3D('',#3379,#3380,#3381);
#3379 = CARTESIAN_POINT('',(40.,-3.75,4.7));
#3380 = DIRECTION('',(0.,0.,1.));
#3381 = DIRECTION('',(1.,0.,0.));
#3382 = DEFINITIONAL_REPRESENTATION('',(#3383),#3387);
#3383 = CIRCLE('',#3384,1.5);
#3384 = AXIS2_PLACEMENT_2D('',#3385,#3386);
#3385 = CARTESIAN_POINT('',(1.5,1.5));
#3386 = DIRECTION('',(-1.,0.));
#3387 = ( GEOMETRIC_REPRESENTATION_CONTEXT(2) 
PARAMETRIC_REPRESENTATION_CONTEXT() REPRESENTATION_CONTEXT('2D SPACE',''
  ) );
#3388 = ORIENTED_EDGE('',*,*,#3389,.F.);
#3389 = EDGE_CURVE('',#1431,#3361,#3390,.T.);
#3390 = SURFACE_CURVE('',#3391,(#3395,#3402),.PCURVE_S1.);
#3391 = LINE('',#3392,#3393);
#3392 = CARTESIAN_POINT('',(40.,-2.25,-4.2));
#3393 = VECTOR('',#3394,1.);
#3394 = DIRECTION('',(0.,0.,1.));
#3395 = PCURVE('',#1625,#3396);
#3396 = DEFINITIONAL_REPRESENTATION('',(#3397),#3401);
#3397 = LINE('',#3398,#3399);
#3398 = CARTESIAN_POINT('',(0.,0.));
#3399 = VECTOR('',#3400,1.);
#3400 = DIRECTION('',(0.,1.));
#3401 = ( GEOMETRIC_REPRESENTATION_CONTEXT(2) 
PARAMETRIC_REPRESENTATION_CONTEXT() REPRESENTATION_CONTEXT('2D SPACE',''
  ) );
#3402 = PCURVE('',#1500,#3403);
#3403 = DEFINITIONAL_REPRESENTATION('',(#3404),#3408);
#3404 = LINE('',#3405,#3406);
#3405 = CARTESIAN_POINT('',(0.,-1.5));
#3406 = VECTOR('',#3407,1.);
#3407 = DIRECTION('',(1.,0.));
#3408 = ( GEOMETRIC_REPRESENTATION_CONTEXT(2) 
PARAMETRIC_REPRESENTATION_CONTEXT() REPRESENTATION_CONTEXT('2D SPACE',''
  ) );
#3409 = ORIENTED_EDGE('',*,*,#1539,.T.);
#3410 = ADVANCED_FACE('',(#3411),#1500,.F.);
#3411 = FACE_BOUND('',#3412,.F.);
#3412 = EDGE_LOOP('',(#3413,#3414,#3415,#3416,#3439,#3462,#3490,#3513));
#3413 = ORIENTED_EDGE('',*,*,#3389,.F.);
#3414 = ORIENTED_EDGE('',*,*,#1430,.T.);
#3415 = ORIENTED_EDGE('',*,*,#3130,.T.);
#3416 = ORIENTED_EDGE('',*,*,#3417,.T.);
#3417 = EDGE_CURVE('',#3102,#3418,#3420,.T.);
#3418 = VERTEX_POINT('',#3419);
#3419 = CARTESIAN_POINT('',(40.,3.75,4.7));
#3420 = SURFACE_CURVE('',#3421,(#3425,#3432),.PCURVE_S1.);
#3421 = LINE('',#3422,#3423);
#3422 = CARTESIAN_POINT('',(40.,-3.75,4.7));
#3423 = VECTOR('',#3424,1.);
#3424 = DIRECTION('',(0.,1.,0.));
#3425 = PCURVE('',#1500,#3426);
#3426 = DEFINITIONAL_REPRESENTATION('',(#3427),#3431);
#3427 = LINE('',#3428,#3429);
#3428 = CARTESIAN_POINT('',(8.9,0.));
#3429 = VECTOR('',#3430,1.);
#3430 = DIRECTION('',(0.,-1.));
#3431 = ( GEOMETRIC_REPRESENTATION_CONTEXT(2) 
PARAMETRIC_REPRESENTATION_CONTEXT() REPRESENTATION_CONTEXT('2D SPACE',''
  ) );
#3432 = PCURVE('',#3118,#3433);
#3433 = DEFINITIONAL_REPRESENTATION('',(#3434),#3438);
#3434 = LINE('',#3435,#3436);
#3435 = CARTESIAN_POINT('',(0.,0.));
#3436 = VECTOR('',#3437,1.);
#3437 = DIRECTION('',(0.,1.));
#3438 = ( GEOMETRIC_REPRESENTATION_CONTEXT(2) 
PARAMETRIC_REPRESENTATION_CONTEXT() REPRESENTATION_CONTEXT('2D SPACE',''
  ) );
#3439 = ORIENTED_EDGE('',*,*,#3440,.T.);
#3440 = EDGE_CURVE('',#3418,#3441,#3443,.T.);
#3441 = VERTEX_POINT('',#3442);
#3442 = CARTESIAN_POINT('',(40.,3.75,7.2));
#3443 = SURFACE_CURVE('',#3444,(#3448,#3455),.PCURVE_S1.);
#3444 = LINE('',#3445,#3446);
#3445 = CARTESIAN_POINT('',(40.,3.75,4.7));
#3446 = VECTOR('',#3447,1.);
#3447 = DIRECTION('',(0.,0.,1.));
#3448 = PCURVE('',#1500,#3449);
#3449 = DEFINITIONAL_REPRESENTATION('',(#3450),#3454);
#3450 = LINE('',#3451,#3452);
#3451 = CARTESIAN_POINT('',(8.9,-7.5));
#3452 = VECTOR('',#3453,1.);
#3453 = DIRECTION('',(1.,0.));
#3454 = ( GEOMETRIC_REPRESENTATION_CONTEXT(2) 
PARAMETRIC_REPRESENTATION_CONTEXT() REPRESENTATION_CONTEXT('2D SPACE',''
  ) );
#3455 = PCURVE('',#3089,#3456);
#3456 = DEFINITIONAL_REPRESENTATION('',(#3457),#3461);
#3457 = LINE('',#3458,#3459);
#3458 = CARTESIAN_POINT('',(8.9,0.));
#3459 = VECTOR('',#3460,1.);
#3460 = DIRECTION('',(1.,0.));
#3461 = ( GEOMETRIC_REPRESENTATION_CONTEXT(2) 
PARAMETRIC_REPRESENTATION_CONTEXT() REPRESENTATION_CONTEXT('2D SPACE',''
  ) );
#3462 = ORIENTED_EDGE('',*,*,#3463,.F.);
#3463 = EDGE_CURVE('',#3464,#3441,#3466,.T.);
#3464 = VERTEX_POINT('',#3465);
#3465 = CARTESIAN_POINT('',(40.,-3.75,7.2));
#3466 = SURFACE_CURVE('',#3467,(#3471,#3478),.PCURVE_S1.);
#3467 = LINE('',#3468,#3469);
#3468 = CARTESIAN_POINT('',(40.,-3.75,7.2));
#3469 = VECTOR('',#3470,1.);
#3470 = DIRECTION('',(0.,1.,0.));
#3471 = PCURVE('',#1500,#3472);
#3472 = DEFINITIONAL_REPRESENTATION('',(#3473),#3477);
#3473 = LINE('',#3474,#3475);
#3474 = CARTESIAN_POINT('',(11.4,0.));
#3475 = VECTOR('',#3476,1.);
#3476 = DIRECTION('',(0.,-1.));
#3477 = ( GEOMETRIC_REPRESENTATION_CONTEXT(2) 
PARAMETRIC_REPRESENTATION_CONTEXT() REPRESENTATION_CONTEXT('2D SPACE',''
  ) );
#3478 = PCURVE('',#3479,#3484);
#3479 = PLANE('',#3480);
#3480 = AXIS2_PLACEMENT_3D('',#3481,#3482,#3483);
#3481 = CARTESIAN_POINT('',(40.,-3.75,7.2));
#3482 = DIRECTION('',(0.,0.,1.));
#3483 = DIRECTION('',(1.,0.,0.));
#3484 = DEFINITIONAL_REPRESENTATION('',(#3485),#3489);
#3485 = LINE('',#3486,#3487);
#3486 = CARTESIAN_POINT('',(0.,0.));
#3487 = VECTOR('',#3488,1.);
#3488 = DIRECTION('',(0.,1.));
#3489 = ( GEOMETRIC_REPRESENTATION_CONTEXT(2) 
PARAMETRIC_REPRESENTATION_CONTEXT() REPRESENTATION_CONTEXT('2D SPACE',''
  ) );
#3490 = ORIENTED_EDGE('',*,*,#3491,.F.);
#3491 = EDGE_CURVE('',#3492,#3464,#3494,.T.);
#3492 = VERTEX_POINT('',#3493);
#3493 = CARTESIAN_POINT('',(40.,-3.75,4.7));
#3494 = SURFACE_CURVE('',#3495,(#3499,#3506),.PCURVE_S1.);
#3495 = LINE('',#3496,#3497);
#3496 = CARTESIAN_POINT('',(40.,-3.75,4.7));
#3497 = VECTOR('',#3498,1.);
#3498 = DIRECTION('',(0.,0.,1.));
#3499 = PCURVE('',#1500,#3500);
#3500 = DEFINITIONAL_REPRESENTATION('',(#3501),#3505);
#3501 = LINE('',#3502,#3503);
#3502 = CARTESIAN_POINT('',(8.9,0.));
#3503 = VECTOR('',#3504,1.);
#3504 = DIRECTION('',(1.,0.));
#3505 = ( GEOMETRIC_REPRESENTATION_CONTEXT(2) 
PARAMETRIC_REPRESENTATION_CONTEXT() REPRESENTATION_CONTEXT('2D SPACE',''
  ) );
#3506 = PCURVE('',#3223,#3507);
#3507 = DEFINITIONAL_REPRESENTATION('',(#3508),#3512);
#3508 = LINE('',#3509,#3510);
#3509 = CARTESIAN_POINT('',(8.9,0.));
#3510 = VECTOR('',#3511,1.);
#3511 = DIRECTION('',(1.,0.));
#3512 = ( GEOMETRIC_REPRESENTATION_CONTEXT(2) 
PARAMETRIC_REPRESENTATION_CONTEXT() REPRESENTATION_CONTEXT('2D SPACE',''
  ) );
#3513 = ORIENTED_EDGE('',*,*,#3514,.T.);
#3514 = EDGE_CURVE('',#3492,#3361,#3515,.T.);
#3515 = SURFACE_CURVE('',#3516,(#3520,#3527),.PCURVE_S1.);
#3516 = LINE('',#3517,#3518);
#3517 = CARTESIAN_POINT('',(40.,-3.75,4.7));
#3518 = VECTOR('',#3519,1.);
#3519 = DIRECTION('',(0.,1.,0.));
#3520 = PCURVE('',#1500,#3521);
#3521 = DEFINITIONAL_REPRESENTATION('',(#3522),#3526);
#3522 = LINE('',#3523,#3524);
#3523 = CARTESIAN_POINT('',(8.9,0.));
#3524 = VECTOR('',#3525,1.);
#3525 = DIRECTION('',(0.,-1.));
#3526 = ( GEOMETRIC_REPRESENTATION_CONTEXT(2) 
PARAMETRIC_REPRESENTATION_CONTEXT() REPRESENTATION_CONTEXT('2D SPACE',''
  ) );
#3527 = PCURVE('',#3377,#3528);
#3528 = DEFINITIONAL_REPRESENTATION('',(#3529),#3533);
#3529 = LINE('',#3530,#3531);
#3530 = CARTESIAN_POINT('',(0.,0.));
#3531 = VECTOR('',#3532,1.);
#3532 = DIRECTION('',(0.,1.));
#3533 = ( GEOMETRIC_REPRESENTATION_CONTEXT(2) 
PARAMETRIC_REPRESENTATION_CONTEXT() REPRESENTATION_CONTEXT('2D SPACE',''
  ) );
#3534 = ADVANCED_FACE('',(#3535),#2263,.F.);
#3535 = FACE_BOUND('',#3536,.F.);
#3536 = EDGE_LOOP('',(#3537,#3560,#3561,#3562,#3599,#3633,#3670,#3693,
    #3720,#3721,#3753,#3787));
#3537 = ORIENTED_EDGE('',*,*,#3538,.F.);
#3538 = EDGE_CURVE('',#1900,#3539,#3541,.T.);
#3539 = VERTEX_POINT('',#3540);
#3540 = CARTESIAN_POINT('',(18.,0.,9.));
#3541 = SEAM_CURVE('',#3542,(#3546,#3553),.PCURVE_S1.);
#3542 = LINE('',#3543,#3544);
#3543 = CARTESIAN_POINT('',(18.,0.,-12.5));
#3544 = VECTOR('',#3545,1.);
#3545 = DIRECTION('',(0.,0.,1.));
#3546 = PCURVE('',#2263,#3547);
#3547 = DEFINITIONAL_REPRESENTATION('',(#3548),#3552);
#3548 = LINE('',#3549,#3550);
#3549 = CARTESIAN_POINT('',(6.28318530718,0.));
#3550 = VECTOR('',#3551,1.);
#3551 = DIRECTION('',(0.,-1.));
#3552 = ( GEOMETRIC_REPRESENTATION_CONTEXT(2) 
PARAMETRIC_REPRESENTATION_CONTEXT() REPRESENTATION_CONTEXT('2D SPACE',''
  ) );
#3553 = PCURVE('',#2263,#3554);
#3554 = DEFINITIONAL_REPRESENTATION('',(#3555),#3559);
#3555 = LINE('',#3556,#3557);
#3556 = CARTESIAN_POINT('',(0.,0.));
#3557 = VECTOR('',#3558,1.);
#3558 = DIRECTION('',(0.,-1.));
#3559 = ( GEOMETRIC_REPRESENTATION_CONTEXT(2) 
PARAMETRIC_REPRESENTATION_CONTEXT() REPRESENTATION_CONTEXT('2D SPACE',''
  ) );
#3560 = ORIENTED_EDGE('',*,*,#1899,.T.);
#3561 = ORIENTED_EDGE('',*,*,#3538,.T.);
#3562 = ORIENTED_EDGE('',*,*,#3563,.F.);
#3563 = EDGE_CURVE('',#3564,#3539,#3566,.T.);
#3564 = VERTEX_POINT('',#3565);
#3565 = CARTESIAN_POINT('',(17.956115765718,0.25,9.));
#3566 = SURFACE_CURVE('',#3567,(#3574,#3584),.PCURVE_S1.);
#3567 = B_SPLINE_CURVE_WITH_KNOTS('',5,(#3568,#3569,#3570,#3571,#3572,
    #3573),.UNSPECIFIED.,.F.,.F.,(6,6),(0.,1.),
  .PIECEWISE_BEZIER_KNOTS.);
#3568 = CARTESIAN_POINT('',(17.956115765718,0.25,9.));
#3569 = CARTESIAN_POINT('',(17.973348962096,0.201457416934,9.));
#3570 = CARTESIAN_POINT('',(17.986583991831,0.151860176444,9.));
#3571 = CARTESIAN_POINT('',(17.995528480059,0.101505483384,9.));
#3572 = CARTESIAN_POINT('',(18.,5.074976074098E-02,9.));
#3573 = CARTESIAN_POINT('',(18.,0.,9.));
#3574 = PCURVE('',#2263,#3575);
#3575 = DEFINITIONAL_REPRESENTATION('',(#3576),#3583);
#3576 = B_SPLINE_CURVE_WITH_KNOTS('',5,(#3577,#3578,#3579,#3580,#3581,
    #3582),.UNSPECIFIED.,.F.,.F.,(6,6),(0.,1.),
  .PIECEWISE_BEZIER_KNOTS.);
#3577 = CARTESIAN_POINT('',(0.209870592263,-21.5));
#3578 = CARTESIAN_POINT('',(0.168510920955,-21.5));
#3579 = CARTESIAN_POINT('',(0.126708036557,-21.5));
#3580 = CARTESIAN_POINT('',(8.458781559951E-02,-21.5));
#3581 = CARTESIAN_POINT('',(4.229146728415E-02,-21.5));
#3582 = CARTESIAN_POINT('',(0.,-21.5));
#3583 = ( GEOMETRIC_REPRESENTATION_CONTEXT(2) 
PARAMETRIC_REPRESENTATION_CONTEXT() REPRESENTATION_CONTEXT('2D SPACE',''
  ) );
#3584 = PCURVE('',#3585,#3590);
#3585 = PLANE('',#3586);
#3586 = AXIS2_PLACEMENT_3D('',#3587,#3588,#3589);
#3587 = CARTESIAN_POINT('',(17.,-0.25,9.));
#3588 = DIRECTION('',(0.,0.,1.));
#3589 = DIRECTION('',(1.,0.,0.));
#3590 = DEFINITIONAL_REPRESENTATION('',(#3591),#3598);
#3591 = B_SPLINE_CURVE_WITH_KNOTS('',5,(#3592,#3593,#3594,#3595,#3596,
    #3597),.UNSPECIFIED.,.F.,.F.,(6,6),(0.,1.),
  .PIECEWISE_BEZIER_KNOTS.);
#3592 = CARTESIAN_POINT('',(0.956115765718,0.5));
#3593 = CARTESIAN_POINT('',(0.973348962096,0.451457416934));
#3594 = CARTESIAN_POINT('',(0.986583991831,0.401860176444));
#3595 = CARTESIAN_POINT('',(0.995528480059,0.351505483384));
#3596 = CARTESIAN_POINT('',(1.,0.300749760741));
#3597 = CARTESIAN_POINT('',(1.,0.25));
#3598 = ( GEOMETRIC_REPRESENTATION_CONTEXT(2) 
PARAMETRIC_REPRESENTATION_CONTEXT() REPRESENTATION_CONTEXT('2D SPACE',''
  ) );
#3599 = ORIENTED_EDGE('',*,*,#3600,.F.);
#3600 = EDGE_CURVE('',#3601,#3564,#3603,.T.);
#3601 = VERTEX_POINT('',#3602);
#3602 = CARTESIAN_POINT('',(17.956115765718,0.25,15.));
#3603 = SURFACE_CURVE('',#3604,(#3610,#3619),.PCURVE_S1.);
#3604 = B_SPLINE_CURVE_WITH_KNOTS('',4,(#3605,#3606,#3607,#3608,#3609),
  .UNSPECIFIED.,.F.,.F.,(5,5),(0.,1.),.PIECEWISE_BEZIER_KNOTS.);
#3605 = CARTESIAN_POINT('',(17.956115765718,0.25,15.));
#3606 = CARTESIAN_POINT('',(17.956115765718,0.25,13.5));
#3607 = CARTESIAN_POINT('',(17.956115765718,0.25,12.));
#3608 = CARTESIAN_POINT('',(17.956115765718,0.25,10.5));
#3609 = CARTESIAN_POINT('',(17.956115765718,0.25,9.));
#3610 = PCURVE('',#2263,#3611);
#3611 = DEFINITIONAL_REPRESENTATION('',(#3612),#3618);
#3612 = B_SPLINE_CURVE_WITH_KNOTS('',4,(#3613,#3614,#3615,#3616,#3617),
  .UNSPECIFIED.,.F.,.F.,(5,5),(0.,1.),.PIECEWISE_BEZIER_KNOTS.);
#3613 = CARTESIAN_POINT('',(0.209870592263,-27.5));
#3614 = CARTESIAN_POINT('',(0.209870592263,-26.));
#3615 = CARTESIAN_POINT('',(0.209870592263,-24.5));
#3616 = CARTESIAN_POINT('',(0.209870592263,-23.));
#3617 = CARTESIAN_POINT('',(0.209870592263,-21.5));
#3618 = ( GEOMETRIC_REPRESENTATION_CONTEXT(2) 
PARAMETRIC_REPRESENTATION_CONTEXT() REPRESENTATION_CONTEXT('2D SPACE',''
  ) );
#3619 = PCURVE('',#3620,#3625);
#3620 = PLANE('',#3621);
#3621 = AXIS2_PLACEMENT_3D('',#3622,#3623,#3624);
#3622 = CARTESIAN_POINT('',(17.,0.25,9.));
#3623 = DIRECTION('',(0.,1.,0.));
#3624 = DIRECTION('',(0.,0.,1.));
#3625 = DEFINITIONAL_REPRESENTATION('',(#3626),#3632);
#3626 = B_SPLINE_CURVE_WITH_KNOTS('',4,(#3627,#3628,#3629,#3630,#3631),
  .UNSPECIFIED.,.F.,.F.,(5,5),(0.,1.),.PIECEWISE_BEZIER_KNOTS.);
#3627 = CARTESIAN_POINT('',(6.,0.956115765718));
#3628 = CARTESIAN_POINT('',(4.5,0.956115765718));
#3629 = CARTESIAN_POINT('',(3.,0.956115765718));
#3630 = CARTESIAN_POINT('',(1.5,0.956115765718));
#3631 = CARTESIAN_POINT('',(0.,0.956115765718));
#3632 = ( GEOMETRIC_REPRESENTATION_CONTEXT(2) 
PARAMETRIC_REPRESENTATION_CONTEXT() REPRESENTATION_CONTEXT('2D SPACE',''
  ) );
#3633 = ORIENTED_EDGE('',*,*,#3634,.T.);
#3634 = EDGE_CURVE('',#3601,#3635,#3637,.T.);
#3635 = VERTEX_POINT('',#3636);
#3636 = CARTESIAN_POINT('',(18.,0.,15.));
#3637 = SURFACE_CURVE('',#3638,(#3645,#3655),.PCURVE_S1.);
#3638 = B_SPLINE_CURVE_WITH_KNOTS('',5,(#3639,#3640,#3641,#3642,#3643,
    #3644),.UNSPECIFIED.,.F.,.F.,(6,6),(0.,1.),
  .PIECEWISE_BEZIER_KNOTS.);
#3639 = CARTESIAN_POINT('',(17.956115765718,0.25,15.));
#3640 = CARTESIAN_POINT('',(17.973348962096,0.201457416934,15.));
#3641 = CARTESIAN_POINT('',(17.986583991831,0.151860176444,15.));
#3642 = CARTESIAN_POINT('',(17.995528480059,0.101505483384,15.));
#3643 = CARTESIAN_POINT('',(18.,5.074976074098E-02,15.));
#3644 = CARTESIAN_POINT('',(18.,0.,15.));
#3645 = PCURVE('',#2263,#3646);
#3646 = DEFINITIONAL_REPRESENTATION('',(#3647),#3654);
#3647 = B_SPLINE_CURVE_WITH_KNOTS('',5,(#3648,#3649,#3650,#3651,#3652,
    #3653),.UNSPECIFIED.,.F.,.F.,(6,6),(0.,1.),
  .PIECEWISE_BEZIER_KNOTS.);
#3648 = CARTESIAN_POINT('',(0.209870592263,-27.5));
#3649 = CARTESIAN_POINT('',(0.168510920955,-27.5));
#3650 = CARTESIAN_POINT('',(0.126708036557,-27.5));
#3651 = CARTESIAN_POINT('',(8.458781559951E-02,-27.5));
#3652 = CARTESIAN_POINT('',(4.229146728415E-02,-27.5));
#3653 = CARTESIAN_POINT('',(0.,-27.5));
#3654 = ( GEOMETRIC_REPRESENTATION_CONTEXT(2) 
PARAMETRIC_REPRESENTATION_CONTEXT() REPRESENTATION_CONTEXT('2D SPACE',''
  ) );
#3655 = PCURVE('',#3656,#3661);
#3656 = PLANE('',#3657);
#3657 = AXIS2_PLACEMENT_3D('',#3658,#3659,#3660);
#3658 = CARTESIAN_POINT('',(17.,-0.25,15.));
#3659 = DIRECTION('',(0.,0.,1.));
#3660 = DIRECTION('',(1.,0.,0.));
#3661 = DEFINITIONAL_REPRESENTATION('',(#3662),#3669);
#3662 = B_SPLINE_CURVE_WITH_KNOTS('',5,(#3663,#3664,#3665,#3666,#3667,
    #3668),.UNSPECIFIED.,.F.,.F.,(6,6),(0.,1.),
  .PIECEWISE_BEZIER_KNOTS.);
#3663 = CARTESIAN_POINT('',(0.956115765718,0.5));
#3664 = CARTESIAN_POINT('',(0.973348962096,0.451457416934));
#3665 = CARTESIAN_POINT('',(0.986583991831,0.401860176444));
#3666 = CARTESIAN_POINT('',(0.995528480059,0.351505483384));
#3667 = CARTESIAN_POINT('',(1.,0.300749760741));
#3668 = CARTESIAN_POINT('',(1.,0.25));
#3669 = ( GEOMETRIC_REPRESENTATION_CONTEXT(2) 
PARAMETRIC_REPRESENTATION_CONTEXT() REPRESENTATION_CONTEXT('2D SPACE',''
  ) );
#3670 = ORIENTED_EDGE('',*,*,#3671,.T.);
#3671 = EDGE_CURVE('',#3635,#3672,#3674,.T.);
#3672 = VERTEX_POINT('',#3673);
#3673 = CARTESIAN_POINT('',(18.,0.,15.5));
#3674 = SEAM_CURVE('',#3675,(#3679,#3686),.PCURVE_S1.);
#3675 = LINE('',#3676,#3677);
#3676 = CARTESIAN_POINT('',(18.,0.,-12.5));
#3677 = VECTOR('',#3678,1.);
#3678 = DIRECTION('',(0.,0.,1.));
#3679 = PCURVE('',#2263,#3680);
#3680 = DEFINITIONAL_REPRESENTATION('',(#3681),#3685);
#3681 = LINE('',#3682,#3683);
#3682 = CARTESIAN_POINT('',(6.28318530718,0.));
#3683 = VECTOR('',#3684,1.);
#3684 = DIRECTION('',(0.,-1.));
#3685 = ( GEOMETRIC_REPRESENTATION_CONTEXT(2) 
PARAMETRIC_REPRESENTATION_CONTEXT() REPRESENTATION_CONTEXT('2D SPACE',''
  ) );
#3686 = PCURVE('',#2263,#3687);
#3687 = DEFINITIONAL_REPRESENTATION('',(#3688),#3692);
#3688 = LINE('',#3689,#3690);
#3689 = CARTESIAN_POINT('',(0.,0.));
#3690 = VECTOR('',#3691,1.);
#3691 = DIRECTION('',(0.,-1.));
#3692 = ( GEOMETRIC_REPRESENTATION_CONTEXT(2) 
PARAMETRIC_REPRESENTATION_CONTEXT() REPRESENTATION_CONTEXT('2D SPACE',''
  ) );
#3693 = ORIENTED_EDGE('',*,*,#3694,.T.);
#3694 = EDGE_CURVE('',#3672,#3672,#3695,.T.);
#3695 = SURFACE_CURVE('',#3696,(#3701,#3708),.PCURVE_S1.);
#3696 = ELLIPSE('',#3697,2.,1.2);
#3697 = AXIS2_PLACEMENT_3D('',#3698,#3699,#3700);
#3698 = CARTESIAN_POINT('',(16.,0.,15.5));
#3699 = DIRECTION('',(0.,0.,1.));
#3700 = DIRECTION('',(1.,0.,0.));
#3701 = PCURVE('',#2263,#3702);
#3702 = DEFINITIONAL_REPRESENTATION('',(#3703),#3707);
#3703 = LINE('',#3704,#3705);
#3704 = CARTESIAN_POINT('',(0.,-28.));
#3705 = VECTOR('',#3706,1.);
#3706 = DIRECTION('',(1.,0.));
#3707 = ( GEOMETRIC_REPRESENTATION_CONTEXT(2) 
PARAMETRIC_REPRESENTATION_CONTEXT() REPRESENTATION_CONTEXT('2D SPACE',''
  ) );
#3708 = PCURVE('',#3709,#3714);
#3709 = PLANE('',#3710);
#3710 = AXIS2_PLACEMENT_3D('',#3711,#3712,#3713);
#3711 = CARTESIAN_POINT('',(16.130090916605,1.027129254321E-16,15.5));
#3712 = DIRECTION('',(0.,0.,1.));
#3713 = DIRECTION('',(1.,0.,-0.));
#3714 = DEFINITIONAL_REPRESENTATION('',(#3715),#3719);
#3715 = ELLIPSE('',#3716,2.,1.2);
#3716 = AXIS2_PLACEMENT_2D('',#3717,#3718);
#3717 = CARTESIAN_POINT('',(-0.130090916605,-1.027129254321E-16));
#3718 = DIRECTION('',(1.,0.));
#3719 = ( GEOMETRIC_REPRESENTATION_CONTEXT(2) 
PARAMETRIC_REPRESENTATION_CONTEXT() REPRESENTATION_CONTEXT('2D SPACE',''
  ) );
#3720 = ORIENTED_EDGE('',*,*,#3671,.F.);
#3721 = ORIENTED_EDGE('',*,*,#3722,.T.);
#3722 = EDGE_CURVE('',#3635,#3723,#3725,.T.);
#3723 = VERTEX_POINT('',#3724);
#3724 = CARTESIAN_POINT('',(17.956115765718,-0.25,15.));
#3725 = SURFACE_CURVE('',#3726,(#3733,#3743),.PCURVE_S1.);
#3726 = B_SPLINE_CURVE_WITH_KNOTS('',5,(#3727,#3728,#3729,#3730,#3731,
    #3732),.UNSPECIFIED.,.F.,.F.,(6,6),(0.,1.),
  .PIECEWISE_BEZIER_KNOTS.);
#3727 = CARTESIAN_POINT('',(18.,-3.053113317719E-16,15.));
#3728 = CARTESIAN_POINT('',(18.,-5.074976074099E-02,15.));
#3729 = CARTESIAN_POINT('',(17.995528480059,-0.101505483384,15.));
#3730 = CARTESIAN_POINT('',(17.986583991831,-0.151860176444,15.));
#3731 = CARTESIAN_POINT('',(17.973348962096,-0.201457416934,15.));
#3732 = CARTESIAN_POINT('',(17.956115765718,-0.25,15.));
#3733 = PCURVE('',#2263,#3734);
#3734 = DEFINITIONAL_REPRESENTATION('',(#3735),#3742);
#3735 = B_SPLINE_CURVE_WITH_KNOTS('',5,(#3736,#3737,#3738,#3739,#3740,
    #3741),.UNSPECIFIED.,.F.,.F.,(6,6),(0.,1.),
  .PIECEWISE_BEZIER_KNOTS.);
#3736 = CARTESIAN_POINT('',(6.28318530718,-27.5));
#3737 = CARTESIAN_POINT('',(6.240893839895,-27.5));
#3738 = CARTESIAN_POINT('',(6.19859749158,-27.5));
#3739 = CARTESIAN_POINT('',(6.156477270622,-27.5));
#3740 = CARTESIAN_POINT('',(6.114674386225,-27.5));
#3741 = CARTESIAN_POINT('',(6.073314714917,-27.5));
#3742 = ( GEOMETRIC_REPRESENTATION_CONTEXT(2) 
PARAMETRIC_REPRESENTATION_CONTEXT() REPRESENTATION_CONTEXT('2D SPACE',''
  ) );
#3743 = PCURVE('',#3656,#3744);
#3744 = DEFINITIONAL_REPRESENTATION('',(#3745),#3752);
#3745 = B_SPLINE_CURVE_WITH_KNOTS('',5,(#3746,#3747,#3748,#3749,#3750,
    #3751),.UNSPECIFIED.,.F.,.F.,(6,6),(0.,1.),
  .PIECEWISE_BEZIER_KNOTS.);
#3746 = CARTESIAN_POINT('',(1.,0.25));
#3747 = CARTESIAN_POINT('',(1.,0.199250239259));
#3748 = CARTESIAN_POINT('',(0.995528480059,0.148494516616));
#3749 = CARTESIAN_POINT('',(0.986583991831,9.813982355552E-02));
#3750 = CARTESIAN_POINT('',(0.973348962096,4.854258306613E-02));
#3751 = CARTESIAN_POINT('',(0.956115765718,0.));
#3752 = ( GEOMETRIC_REPRESENTATION_CONTEXT(2) 
PARAMETRIC_REPRESENTATION_CONTEXT() REPRESENTATION_CONTEXT('2D SPACE',''
  ) );
#3753 = ORIENTED_EDGE('',*,*,#3754,.T.);
#3754 = EDGE_CURVE('',#3723,#3755,#3757,.T.);
#3755 = VERTEX_POINT('',#3756);
#3756 = CARTESIAN_POINT('',(17.956115765718,-0.25,9.));
#3757 = SURFACE_CURVE('',#3758,(#3764,#3773),.PCURVE_S1.);
#3758 = B_SPLINE_CURVE_WITH_KNOTS('',4,(#3759,#3760,#3761,#3762,#3763),
  .UNSPECIFIED.,.F.,.F.,(5,5),(0.,1.),.PIECEWISE_BEZIER_KNOTS.);
#3759 = CARTESIAN_POINT('',(17.956115765718,-0.25,15.));
#3760 = CARTESIAN_POINT('',(17.956115765718,-0.25,13.5));
#3761 = CARTESIAN_POINT('',(17.956115765718,-0.25,12.));
#3762 = CARTESIAN_POINT('',(17.956115765718,-0.25,10.5));
#3763 = CARTESIAN_POINT('',(17.956115765718,-0.25,9.));
#3764 = PCURVE('',#2263,#3765);
#3765 = DEFINITIONAL_REPRESENTATION('',(#3766),#3772);
#3766 = B_SPLINE_CURVE_WITH_KNOTS('',4,(#3767,#3768,#3769,#3770,#3771),
  .UNSPECIFIED.,.F.,.F.,(5,5),(0.,1.),.PIECEWISE_BEZIER_KNOTS.);
#3767 = CARTESIAN_POINT('',(6.073314714917,-27.5));
#3768 = CARTESIAN_POINT('',(6.073314714917,-26.));
#3769 = CARTESIAN_POINT('',(6.073314714917,-24.5));
#3770 = CARTESIAN_POINT('',(6.073314714917,-23.));
#3771 = CARTESIAN_POINT('',(6.073314714917,-21.5));
#3772 = ( GEOMETRIC_REPRESENTATION_CONTEXT(2) 
PARAMETRIC_REPRESENTATION_CONTEXT() REPRESENTATION_CONTEXT('2D SPACE',''
  ) );
#3773 = PCURVE('',#3774,#3779);
#3774 = PLANE('',#3775);
#3775 = AXIS2_PLACEMENT_3D('',#3776,#3777,#3778);
#3776 = CARTESIAN_POINT('',(17.,-0.25,9.));
#3777 = DIRECTION('',(0.,1.,0.));
#3778 = DIRECTION('',(0.,0.,1.));
#3779 = DEFINITIONAL_REPRESENTATION('',(#3780),#3786);
#3780 = B_SPLINE_CURVE_WITH_KNOTS('',4,(#3781,#3782,#3783,#3784,#3785),
  .UNSPECIFIED.,.F.,.F.,(5,5),(0.,1.),.PIECEWISE_BEZIER_KNOTS.);
#3781 = CARTESIAN_POINT('',(6.,0.956115765718));
#3782 = CARTESIAN_POINT('',(4.5,0.956115765718));
#3783 = CARTESIAN_POINT('',(3.,0.956115765718));
#3784 = CARTESIAN_POINT('',(1.5,0.956115765718));
#3785 = CARTESIAN_POINT('',(0.,0.956115765718));
#3786 = ( GEOMETRIC_REPRESENTATION_CONTEXT(2) 
PARAMETRIC_REPRESENTATION_CONTEXT() REPRESENTATION_CONTEXT('2D SPACE',''
  ) );
#3787 = ORIENTED_EDGE('',*,*,#3788,.F.);
#3788 = EDGE_CURVE('',#3539,#3755,#3789,.T.);
#3789 = SURFACE_CURVE('',#3790,(#3797,#3807),.PCURVE_S1.);
#3790 = B_SPLINE_CURVE_WITH_KNOTS('',5,(#3791,#3792,#3793,#3794,#3795,
    #3796),.UNSPECIFIED.,.F.,.F.,(6,6),(0.,1.),
  .PIECEWISE_BEZIER_KNOTS.);
#3791 = CARTESIAN_POINT('',(18.,-3.053113317719E-16,9.));
#3792 = CARTESIAN_POINT('',(18.,-5.074976074099E-02,9.));
#3793 = CARTESIAN_POINT('',(17.995528480059,-0.101505483384,9.));
#3794 = CARTESIAN_POINT('',(17.986583991831,-0.151860176444,9.));
#3795 = CARTESIAN_POINT('',(17.973348962096,-0.201457416934,9.));
#3796 = CARTESIAN_POINT('',(17.956115765718,-0.25,9.));
#3797 = PCURVE('',#2263,#3798);
#3798 = DEFINITIONAL_REPRESENTATION('',(#3799),#3806);
#3799 = B_SPLINE_CURVE_WITH_KNOTS('',5,(#3800,#3801,#3802,#3803,#3804,
    #3805),.UNSPECIFIED.,.F.,.F.,(6,6),(0.,1.),
  .PIECEWISE_BEZIER_KNOTS.);
#3800 = CARTESIAN_POINT('',(6.28318530718,-21.5));
#3801 = CARTESIAN_POINT('',(6.240893839895,-21.5));
#3802 = CARTESIAN_POINT('',(6.19859749158,-21.5));
#3803 = CARTESIAN_POINT('',(6.156477270622,-21.5));
#3804 = CARTESIAN_POINT('',(6.114674386225,-21.5));
#3805 = CARTESIAN_POINT('',(6.073314714917,-21.5));
#3806 = ( GEOMETRIC_REPRESENTATION_CONTEXT(2) 
PARAMETRIC_REPRESENTATION_CONTEXT() REPRESENTATION_CONTEXT('2D SPACE',''
  ) );
#3807 = PCURVE('',#3585,#3808);
#3808 = DEFINITIONAL_REPRESENTATION('',(#3809),#3816);
#3809 = B_SPLINE_CURVE_WITH_KNOTS('',5,(#3810,#3811,#3812,#3813,#3814,
    #3815),.UNSPECIFIED.,.F.,.F.,(6,6),(0.,1.),
  .PIECEWISE_BEZIER_KNOTS.);
#3810 = CARTESIAN_POINT('',(1.,0.25));
#3811 = CARTESIAN_POINT('',(1.,0.199250239259));
#3812 = CARTESIAN_POINT('',(0.995528480059,0.148494516616));
#3813 = CARTESIAN_POINT('',(0.986583991831,9.813982355552E-02));
#3814 = CARTESIAN_POINT('',(0.973348962096,4.854258306613E-02));
#3815 = CARTESIAN_POINT('',(0.956115765718,0.));
#3816 = ( GEOMETRIC_REPRESENTATION_CONTEXT(2) 
PARAMETRIC_REPRESENTATION_CONTEXT() REPRESENTATION_CONTEXT('2D SPACE',''
  ) );
#3817 = ADVANCED_FACE('',(#3818),#2818,.F.);
#3818 = FACE_BOUND('',#3819,.F.);
#3819 = EDGE_LOOP('',(#3820,#3845,#3872,#3873,#3910,#3944,#3981,#4002,
    #4003,#4004,#4036,#4070));
#3820 = ORIENTED_EDGE('',*,*,#3821,.F.);
#3821 = EDGE_CURVE('',#3822,#3824,#3826,.T.);
#3822 = VERTEX_POINT('',#3823);
#3823 = CARTESIAN_POINT('',(18.,0.,-12.5));
#3824 = VERTEX_POINT('',#3825);
#3825 = CARTESIAN_POINT('',(18.,0.,-12.));
#3826 = SEAM_CURVE('',#3827,(#3831,#3838),.PCURVE_S1.);
#3827 = LINE('',#3828,#3829);
#3828 = CARTESIAN_POINT('',(18.,0.,-12.5));
#3829 = VECTOR('',#3830,1.);
#3830 = DIRECTION('',(0.,0.,1.));
#3831 = PCURVE('',#2818,#3832);
#3832 = DEFINITIONAL_REPRESENTATION('',(#3833),#3837);
#3833 = LINE('',#3834,#3835);
#3834 = CARTESIAN_POINT('',(6.28318530718,0.));
#3835 = VECTOR('',#3836,1.);
#3836 = DIRECTION('',(0.,-1.));
#3837 = ( GEOMETRIC_REPRESENTATION_CONTEXT(2) 
PARAMETRIC_REPRESENTATION_CONTEXT() REPRESENTATION_CONTEXT('2D SPACE',''
  ) );
#3838 = PCURVE('',#2818,#3839);
#3839 = DEFINITIONAL_REPRESENTATION('',(#3840),#3844);
#3840 = LINE('',#3841,#3842);
#3841 = CARTESIAN_POINT('',(0.,0.));
#3842 = VECTOR('',#3843,1.);
#3843 = DIRECTION('',(0.,-1.));
#3844 = ( GEOMETRIC_REPRESENTATION_CONTEXT(2) 
PARAMETRIC_REPRESENTATION_CONTEXT() REPRESENTATION_CONTEXT('2D SPACE',''
  ) );
#3845 = ORIENTED_EDGE('',*,*,#3846,.F.);
#3846 = EDGE_CURVE('',#3822,#3822,#3847,.T.);
#3847 = SURFACE_CURVE('',#3848,(#3853,#3860),.PCURVE_S1.);
#3848 = ELLIPSE('',#3849,2.,1.2);
#3849 = AXIS2_PLACEMENT_3D('',#3850,#3851,#3852);
#3850 = CARTESIAN_POINT('',(16.,0.,-12.5));
#3851 = DIRECTION('',(0.,0.,1.));
#3852 = DIRECTION('',(1.,0.,0.));
#3853 = PCURVE('',#2818,#3854);
#3854 = DEFINITIONAL_REPRESENTATION('',(#3855),#3859);
#3855 = LINE('',#3856,#3857);
#3856 = CARTESIAN_POINT('',(0.,0.));
#3857 = VECTOR('',#3858,1.);
#3858 = DIRECTION('',(1.,0.));
#3859 = ( GEOMETRIC_REPRESENTATION_CONTEXT(2) 
PARAMETRIC_REPRESENTATION_CONTEXT() REPRESENTATION_CONTEXT('2D SPACE',''
  ) );
#3860 = PCURVE('',#3861,#3866);
#3861 = PLANE('',#3862);
#3862 = AXIS2_PLACEMENT_3D('',#3863,#3864,#3865);
#3863 = CARTESIAN_POINT('',(16.130090916605,1.027129254321E-16,-12.5));
#3864 = DIRECTION('',(0.,0.,1.));
#3865 = DIRECTION('',(1.,0.,-0.));
#3866 = DEFINITIONAL_REPRESENTATION('',(#3867),#3871);
#3867 = ELLIPSE('',#3868,2.,1.2);
#3868 = AXIS2_PLACEMENT_2D('',#3869,#3870);
#3869 = CARTESIAN_POINT('',(-0.130090916605,-1.027129254321E-16));
#3870 = DIRECTION('',(1.,0.));
#3871 = ( GEOMETRIC_REPRESENTATION_CONTEXT(2) 
PARAMETRIC_REPRESENTATION_CONTEXT() REPRESENTATION_CONTEXT('2D SPACE',''
  ) );
#3872 = ORIENTED_EDGE('',*,*,#3821,.T.);
#3873 = ORIENTED_EDGE('',*,*,#3874,.F.);
#3874 = EDGE_CURVE('',#3875,#3824,#3877,.T.);
#3875 = VERTEX_POINT('',#3876);
#3876 = CARTESIAN_POINT('',(17.956115765718,0.25,-12.));
#3877 = SURFACE_CURVE('',#3878,(#3885,#3895),.PCURVE_S1.);
#3878 = B_SPLINE_CURVE_WITH_KNOTS('',5,(#3879,#3880,#3881,#3882,#3883,
    #3884),.UNSPECIFIED.,.F.,.F.,(6,6),(0.,1.),
  .PIECEWISE_BEZIER_KNOTS.);
#3879 = CARTESIAN_POINT('',(17.956115765718,0.25,-12.));
#3880 = CARTESIAN_POINT('',(17.973348962096,0.201457416934,-12.));
#3881 = CARTESIAN_POINT('',(17.986583991831,0.151860176444,-12.));
#3882 = CARTESIAN_POINT('',(17.995528480059,0.101505483384,-12.));
#3883 = CARTESIAN_POINT('',(18.,5.074976074098E-02,-12.));
#3884 = CARTESIAN_POINT('',(18.,0.,-12.));
#3885 = PCURVE('',#2818,#3886);
#3886 = DEFINITIONAL_REPRESENTATION('',(#3887),#3894);
#3887 = B_SPLINE_CURVE_WITH_KNOTS('',5,(#3888,#3889,#3890,#3891,#3892,
    #3893),.UNSPECIFIED.,.F.,.F.,(6,6),(0.,1.),
  .PIECEWISE_BEZIER_KNOTS.);
#3888 = CARTESIAN_POINT('',(0.209870592263,-0.5));
#3889 = CARTESIAN_POINT('',(0.168510920955,-0.5));
#3890 = CARTESIAN_POINT('',(0.126708036557,-0.5));
#3891 = CARTESIAN_POINT('',(8.458781559951E-02,-0.5));
#3892 = CARTESIAN_POINT('',(4.229146728415E-02,-0.5));
#3893 = CARTESIAN_POINT('',(0.,-0.5));
#3894 = ( GEOMETRIC_REPRESENTATION_CONTEXT(2) 
PARAMETRIC_REPRESENTATION_CONTEXT() REPRESENTATION_CONTEXT('2D SPACE',''
  ) );
#3895 = PCURVE('',#3896,#3901);
#3896 = PLANE('',#3897);
#3897 = AXIS2_PLACEMENT_3D('',#3898,#3899,#3900);
#3898 = CARTESIAN_POINT('',(17.,-0.25,-12.));
#3899 = DIRECTION('',(0.,0.,1.));
#3900 = DIRECTION('',(1.,0.,0.));
#3901 = DEFINITIONAL_REPRESENTATION('',(#3902),#3909);
#3902 = B_SPLINE_CURVE_WITH_KNOTS('',5,(#3903,#3904,#3905,#3906,#3907,
    #3908),.UNSPECIFIED.,.F.,.F.,(6,6),(0.,1.),
  .PIECEWISE_BEZIER_KNOTS.);
#3903 = CARTESIAN_POINT('',(0.956115765718,0.5));
#3904 = CARTESIAN_POINT('',(0.973348962096,0.451457416934));
#3905 = CARTESIAN_POINT('',(0.986583991831,0.401860176444));
#3906 = CARTESIAN_POINT('',(0.995528480059,0.351505483384));
#3907 = CARTESIAN_POINT('',(1.,0.300749760741));
#3908 = CARTESIAN_POINT('',(1.,0.25));
#3909 = ( GEOMETRIC_REPRESENTATION_CONTEXT(2) 
PARAMETRIC_REPRESENTATION_CONTEXT() REPRESENTATION_CONTEXT('2D SPACE',''
  ) );
#3910 = ORIENTED_EDGE('',*,*,#3911,.F.);
#3911 = EDGE_CURVE('',#3912,#3875,#3914,.T.);
#3912 = VERTEX_POINT('',#3913);
#3913 = CARTESIAN_POINT('',(17.956115765718,0.25,-6.));
#3914 = SURFACE_CURVE('',#3915,(#3921,#3930),.PCURVE_S1.);
#3915 = B_SPLINE_CURVE_WITH_KNOTS('',4,(#3916,#3917,#3918,#3919,#3920),
  .UNSPECIFIED.,.F.,.F.,(5,5),(0.,1.),.PIECEWISE_BEZIER_KNOTS.);
#3916 = CARTESIAN_POINT('',(17.956115765718,0.25,-6.));
#3917 = CARTESIAN_POINT('',(17.956115765718,0.25,-7.5));
#3918 = CARTESIAN_POINT('',(17.956115765718,0.25,-9.));
#3919 = CARTESIAN_POINT('',(17.956115765718,0.25,-10.5));
#3920 = CARTESIAN_POINT('',(17.956115765718,0.25,-12.));
#3921 = PCURVE('',#2818,#3922);
#3922 = DEFINITIONAL_REPRESENTATION('',(#3923),#3929);
#3923 = B_SPLINE_CURVE_WITH_KNOTS('',4,(#3924,#3925,#3926,#3927,#3928),
  .UNSPECIFIED.,.F.,.F.,(5,5),(0.,1.),.PIECEWISE_BEZIER_KNOTS.);
#3924 = CARTESIAN_POINT('',(0.209870592263,-6.5));
#3925 = CARTESIAN_POINT('',(0.209870592263,-5.));
#3926 = CARTESIAN_POINT('',(0.209870592263,-3.5));
#3927 = CARTESIAN_POINT('',(0.209870592263,-2.));
#3928 = CARTESIAN_POINT('',(0.209870592263,-0.5));
#3929 = ( GEOMETRIC_REPRESENTATION_CONTEXT(2) 
PARAMETRIC_REPRESENTATION_CONTEXT() REPRESENTATION_CONTEXT('2D SPACE',''
  ) );
#3930 = PCURVE('',#3931,#3936);
#3931 = PLANE('',#3932);
#3932 = AXIS2_PLACEMENT_3D('',#3933,#3934,#3935);
#3933 = CARTESIAN_POINT('',(17.,0.25,-12.));
#3934 = DIRECTION('',(0.,1.,0.));
#3935 = DIRECTION('',(0.,0.,1.));
#3936 = DEFINITIONAL_REPRESENTATION('',(#3937),#3943);
#3937 = B_SPLINE_CURVE_WITH_KNOTS('',4,(#3938,#3939,#3940,#3941,#3942),
  .UNSPECIFIED.,.F.,.F.,(5,5),(0.,1.),.PIECEWISE_BEZIER_KNOTS.);
#3938 = CARTESIAN_POINT('',(6.,0.956115765718));
#3939 = CARTESIAN_POINT('',(4.5,0.956115765718));
#3940 = CARTESIAN_POINT('',(3.,0.956115765718));
#3941 = CARTESIAN_POINT('',(1.5,0.956115765718));
#3942 = CARTESIAN_POINT('',(0.,0.956115765718));
#3943 = ( GEOMETRIC_REPRESENTATION_CONTEXT(2) 
PARAMETRIC_REPRESENTATION_CONTEXT() REPRESENTATION_CONTEXT('2D SPACE',''
  ) );
#3944 = ORIENTED_EDGE('',*,*,#3945,.T.);
#3945 = EDGE_CURVE('',#3912,#3946,#3948,.T.);
#3946 = VERTEX_POINT('',#3947);
#3947 = CARTESIAN_POINT('',(18.,0.,-6.));
#3948 = SURFACE_CURVE('',#3949,(#3956,#3966),.PCURVE_S1.);
#3949 = B_SPLINE_CURVE_WITH_KNOTS('',5,(#3950,#3951,#3952,#3953,#3954,
    #3955),.UNSPECIFIED.,.F.,.F.,(6,6),(0.,1.),
  .PIECEWISE_BEZIER_KNOTS.);
#3950 = CARTESIAN_POINT('',(17.956115765718,0.25,-6.));
#3951 = CARTESIAN_POINT('',(17.973348962096,0.201457416934,-6.));
#3952 = CARTESIAN_POINT('',(17.986583991831,0.151860176444,-6.));
#3953 = CARTESIAN_POINT('',(17.995528480059,0.101505483384,-6.));
#3954 = CARTESIAN_POINT('',(18.,5.074976074098E-02,-6.));
#3955 = CARTESIAN_POINT('',(18.,0.,-6.));
#3956 = PCURVE('',#2818,#3957);
#3957 = DEFINITIONAL_REPRESENTATION('',(#3958),#3965);
#3958 = B_SPLINE_CURVE_WITH_KNOTS('',5,(#3959,#3960,#3961,#3962,#3963,
    #3964),.UNSPECIFIED.,.F.,.F.,(6,6),(0.,1.),
  .PIECEWISE_BEZIER_KNOTS.);
#3959 = CARTESIAN_POINT('',(0.209870592263,-6.5));
#3960 = CARTESIAN_POINT('',(0.168510920955,-6.5));
#3961 = CARTESIAN_POINT('',(0.126708036557,-6.5));
#3962 = CARTESIAN_POINT('',(8.458781559951E-02,-6.5));
#3963 = CARTESIAN_POINT('',(4.229146728415E-02,-6.5));
#3964 = CARTESIAN_POINT('',(0.,-6.5));
#3965 = ( GEOMETRIC_REPRESENTATION_CONTEXT(2) 
PARAMETRIC_REPRESENTATION_CONTEXT() REPRESENTATION_CONTEXT('2D SPACE',''
  ) );
#3966 = PCURVE('',#3967,#3972);
#3967 = PLANE('',#3968);
#3968 = AXIS2_PLACEMENT_3D('',#3969,#3970,#3971);
#3969 = CARTESIAN_POINT('',(17.,-0.25,-6.));
#3970 = DIRECTION('',(0.,0.,1.));
#3971 = DIRECTION('',(1.,0.,0.));
#3972 = DEFINITIONAL_REPRESENTATION('',(#3973),#3980);
#3973 = B_SPLINE_CURVE_WITH_KNOTS('',5,(#3974,#3975,#3976,#3977,#3978,
    #3979),.UNSPECIFIED.,.F.,.F.,(6,6),(0.,1.),
  .PIECEWISE_BEZIER_KNOTS.);
#3974 = CARTESIAN_POINT('',(0.956115765718,0.5));
#3975 = CARTESIAN_POINT('',(0.973348962096,0.451457416934));
#3976 = CARTESIAN_POINT('',(0.986583991831,0.401860176444));
#3977 = CARTESIAN_POINT('',(0.995528480059,0.351505483384));
#3978 = CARTESIAN_POINT('',(1.,0.300749760741));
#3979 = CARTESIAN_POINT('',(1.,0.25));
#3980 = ( GEOMETRIC_REPRESENTATION_CONTEXT(2) 
PARAMETRIC_REPRESENTATION_CONTEXT() REPRESENTATION_CONTEXT('2D SPACE',''
  ) );
#3981 = ORIENTED_EDGE('',*,*,#3982,.T.);
#3982 = EDGE_CURVE('',#3946,#2455,#3983,.T.);
#3983 = SEAM_CURVE('',#3984,(#3988,#3995),.PCURVE_S1.);
#3984 = LINE('',#3985,#3986);
#3985 = CARTESIAN_POINT('',(18.,0.,-12.5));
#3986 = VECTOR('',#3987,1.);
#3987 = DIRECTION('',(0.,0.,1.));
#3988 = PCURVE('',#2818,#3989);
#3989 = DEFINITIONAL_REPRESENTATION('',(#3990),#3994);
#3990 = LINE('',#3991,#3992);
#3991 = CARTESIAN_POINT('',(6.28318530718,0.));
#3992 = VECTOR('',#3993,1.);
#3993 = DIRECTION('',(0.,-1.));
#3994 = ( GEOMETRIC_REPRESENTATION_CONTEXT(2) 
PARAMETRIC_REPRESENTATION_CONTEXT() REPRESENTATION_CONTEXT('2D SPACE',''
  ) );
#3995 = PCURVE('',#2818,#3996);
#3996 = DEFINITIONAL_REPRESENTATION('',(#3997),#4001);
#3997 = LINE('',#3998,#3999);
#3998 = CARTESIAN_POINT('',(0.,0.));
#3999 = VECTOR('',#4000,1.);
#4000 = DIRECTION('',(0.,-1.));
#4001 = ( GEOMETRIC_REPRESENTATION_CONTEXT(2) 
PARAMETRIC_REPRESENTATION_CONTEXT() REPRESENTATION_CONTEXT('2D SPACE',''
  ) );
#4002 = ORIENTED_EDGE('',*,*,#2454,.T.);
#4003 = ORIENTED_EDGE('',*,*,#3982,.F.);
#4004 = ORIENTED_EDGE('',*,*,#4005,.T.);
#4005 = EDGE_CURVE('',#3946,#4006,#4008,.T.);
#4006 = VERTEX_POINT('',#4007);
#4007 = CARTESIAN_POINT('',(17.956115765718,-0.25,-6.));
#4008 = SURFACE_CURVE('',#4009,(#4016,#4026),.PCURVE_S1.);
#4009 = B_SPLINE_CURVE_WITH_KNOTS('',5,(#4010,#4011,#4012,#4013,#4014,
    #4015),.UNSPECIFIED.,.F.,.F.,(6,6),(0.,1.),
  .PIECEWISE_BEZIER_KNOTS.);
#4010 = CARTESIAN_POINT('',(18.,-3.053113317719E-16,-6.));
#4011 = CARTESIAN_POINT('',(18.,-5.074976074099E-02,-6.));
#4012 = CARTESIAN_POINT('',(17.995528480059,-0.101505483384,-6.));
#4013 = CARTESIAN_POINT('',(17.986583991831,-0.151860176444,-6.));
#4014 = CARTESIAN_POINT('',(17.973348962096,-0.201457416934,-6.));
#4015 = CARTESIAN_POINT('',(17.956115765718,-0.25,-6.));
#4016 = PCURVE('',#2818,#4017);
#4017 = DEFINITIONAL_REPRESENTATION('',(#4018),#4025);
#4018 = B_SPLINE_CURVE_WITH_KNOTS('',5,(#4019,#4020,#4021,#4022,#4023,
    #4024),.UNSPECIFIED.,.F.,.F.,(6,6),(0.,1.),
  .PIECEWISE_BEZIER_KNOTS.);
#4019 = CARTESIAN_POINT('',(6.28318530718,-6.5));
#4020 = CARTESIAN_POINT('',(6.240893839895,-6.5));
#4021 = CARTESIAN_POINT('',(6.19859749158,-6.5));
#4022 = CARTESIAN_POINT('',(6.156477270622,-6.5));
#4023 = CARTESIAN_POINT('',(6.114674386225,-6.5));
#4024 = CARTESIAN_POINT('',(6.073314714917,-6.5));
#4025 = ( GEOMETRIC_REPRESENTATION_CONTEXT(2) 
PARAMETRIC_REPRESENTATION_CONTEXT() REPRESENTATION_CONTEXT('2D SPACE',''
  ) );
#4026 = PCURVE('',#3967,#4027);
#4027 = DEFINITIONAL_REPRESENTATION('',(#4028),#4035);
#4028 = B_SPLINE_CURVE_WITH_KNOTS('',5,(#4029,#4030,#4031,#4032,#4033,
    #4034),.UNSPECIFIED.,.F.,.F.,(6,6),(0.,1.),
  .PIECEWISE_BEZIER_KNOTS.);
#4029 = CARTESIAN_POINT('',(1.,0.25));
#4030 = CARTESIAN_POINT('',(1.,0.199250239259));
#4031 = CARTESIAN_POINT('',(0.995528480059,0.148494516616));
#4032 = CARTESIAN_POINT('',(0.986583991831,9.813982355552E-02));
#4033 = CARTESIAN_POINT('',(0.973348962096,4.854258306613E-02));
#4034 = CARTESIAN_POINT('',(0.956115765718,0.));
#4035 = ( GEOMETRIC_REPRESENTATION_CONTEXT(2) 
PARAMETRIC_REPRESENTATION_CONTEXT() REPRESENTATION_CONTEXT('2D SPACE',''
  ) );
#4036 = ORIENTED_EDGE('',*,*,#4037,.T.);
#4037 = EDGE_CURVE('',#4006,#4038,#4040,.T.);
#4038 = VERTEX_POINT('',#4039);
#4039 = CARTESIAN_POINT('',(17.956115765718,-0.25,-12.));
#4040 = SURFACE_CURVE('',#4041,(#4047,#4056),.PCURVE_S1.);
#4041 = B_SPLINE_CURVE_WITH_KNOTS('',4,(#4042,#4043,#4044,#4045,#4046),
  .UNSPECIFIED.,.F.,.F.,(5,5),(0.,1.),.PIECEWISE_BEZIER_KNOTS.);
#4042 = CARTESIAN_POINT('',(17.956115765718,-0.25,-6.));
#4043 = CARTESIAN_POINT('',(17.956115765718,-0.25,-7.5));
#4044 = CARTESIAN_POINT('',(17.956115765718,-0.25,-9.));
#4045 = CARTESIAN_POINT('',(17.956115765718,-0.25,-10.5));
#4046 = CARTESIAN_POINT('',(17.956115765718,-0.25,-12.));
#4047 = PCURVE('',#2818,#4048);
#4048 = DEFINITIONAL_REPRESENTATION('',(#4049),#4055);
#4049 = B_SPLINE_CURVE_WITH_KNOTS('',4,(#4050,#4051,#4052,#4053,#4054),
  .UNSPECIFIED.,.F.,.F.,(5,5),(0.,1.),.PIECEWISE_BEZIER_KNOTS.);
#4050 = CARTESIAN_POINT('',(6.073314714917,-6.5));
#4051 = CARTESIAN_POINT('',(6.073314714917,-5.));
#4052 = CARTESIAN_POINT('',(6.073314714917,-3.5));
#4053 = CARTESIAN_POINT('',(6.073314714917,-2.));
#4054 = CARTESIAN_POINT('',(6.073314714917,-0.5));
#4055 = ( GEOMETRIC_REPRESENTATION_CONTEXT(2) 
PARAMETRIC_REPRESENTATION_CONTEXT() REPRESENTATION_CONTEXT('2D SPACE',''
  ) );
#4056 = PCURVE('',#4057,#4062);
#4057 = PLANE('',#4058);
#4058 = AXIS2_PLACEMENT_3D('',#4059,#4060,#4061);
#4059 = CARTESIAN_POINT('',(17.,-0.25,-12.));
#4060 = DIRECTION('',(0.,1.,0.));
#4061 = DIRECTION('',(0.,0.,1.));
#4062 = DEFINITIONAL_REPRESENTATION('',(#4063),#4069);
#4063 = B_SPLINE_CURVE_WITH_KNOTS('',4,(#4064,#4065,#4066,#4067,#4068),
  .UNSPECIFIED.,.F.,.F.,(5,5),(0.,1.),.PIECEWISE_BEZIER_KNOTS.);
#4064 = CARTESIAN_POINT('',(6.,0.956115765718));
#4065 = CARTESIAN_POINT('',(4.5,0.956115765718));
#4066 = CARTESIAN_POINT('',(3.,0.956115765718));
#4067 = CARTESIAN_POINT('',(1.5,0.956115765718));
#4068 = CARTESIAN_POINT('',(0.,0.956115765718));
#4069 = ( GEOMETRIC_REPRESENTATION_CONTEXT(2) 
PARAMETRIC_REPRESENTATION_CONTEXT() REPRESENTATION_CONTEXT('2D SPACE',''
  ) );
#4070 = ORIENTED_EDGE('',*,*,#4071,.F.);
#4071 = EDGE_CURVE('',#3824,#4038,#4072,.T.);
#4072 = SURFACE_CURVE('',#4073,(#4080,#4090),.PCURVE_S1.);
#4073 = B_SPLINE_CURVE_WITH_KNOTS('',5,(#4074,#4075,#4076,#4077,#4078,
    #4079),.UNSPECIFIED.,.F.,.F.,(6,6),(0.,1.),
  .PIECEWISE_BEZIER_KNOTS.);
#4074 = CARTESIAN_POINT('',(18.,-3.053113317719E-16,-12.));
#4075 = CARTESIAN_POINT('',(18.,-5.074976074099E-02,-12.));
#4076 = CARTESIAN_POINT('',(17.995528480059,-0.101505483384,-12.));
#4077 = CARTESIAN_POINT('',(17.986583991831,-0.151860176444,-12.));
#4078 = CARTESIAN_POINT('',(17.973348962096,-0.201457416934,-12.));
#4079 = CARTESIAN_POINT('',(17.956115765718,-0.25,-12.));
#4080 = PCURVE('',#2818,#4081);
#4081 = DEFINITIONAL_REPRESENTATION('',(#4082),#4089);
#4082 = B_SPLINE_CURVE_WITH_KNOTS('',5,(#4083,#4084,#4085,#4086,#4087,
    #4088),.UNSPECIFIED.,.F.,.F.,(6,6),(0.,1.),
  .PIECEWISE_BEZIER_KNOTS.);
#4083 = CARTESIAN_POINT('',(6.28318530718,-0.5));
#4084 = CARTESIAN_POINT('',(6.240893839895,-0.5));
#4085 = CARTESIAN_POINT('',(6.19859749158,-0.5));
#4086 = CARTESIAN_POINT('',(6.156477270622,-0.5));
#4087 = CARTESIAN_POINT('',(6.114674386225,-0.5));
#4088 = CARTESIAN_POINT('',(6.073314714917,-0.5));
#4089 = ( GEOMETRIC_REPRESENTATION_CONTEXT(2) 
PARAMETRIC_REPRESENTATION_CONTEXT() REPRESENTATION_CONTEXT('2D SPACE',''
  ) );
#4090 = PCURVE('',#3896,#4091);
#4091 = DEFINITIONAL_REPRESENTATION('',(#4092),#4099);
#4092 = B_SPLINE_CURVE_WITH_KNOTS('',5,(#4093,#4094,#4095,#4096,#4097,
    #4098),.UNSPECIFIED.,.F.,.F.,(6,6),(0.,1.),
  .PIECEWISE_BEZIER_KNOTS.);
#4093 = CARTESIAN_POINT('',(1.,0.25));
#4094 = CARTESIAN_POINT('',(1.,0.199250239259));
#4095 = CARTESIAN_POINT('',(0.995528480059,0.148494516616));
#4096 = CARTESIAN_POINT('',(0.986583991831,9.813982355552E-02));
#4097 = CARTESIAN_POINT('',(0.973348962096,4.854258306613E-02));
#4098 = CARTESIAN_POINT('',(0.956115765718,0.));
#4099 = ( GEOMETRIC_REPRESENTATION_CONTEXT(2) 
PARAMETRIC_REPRESENTATION_CONTEXT() REPRESENTATION_CONTEXT('2D SPACE',''
  ) );
#4100 = ADVANCED_FACE('',(#4101),#3118,.F.);
#4101 = FACE_BOUND('',#4102,.F.);
#4102 = EDGE_LOOP('',(#4103,#4124,#4125));
#4103 = ORIENTED_EDGE('',*,*,#4104,.F.);
#4104 = EDGE_CURVE('',#3418,#3074,#4105,.T.);
#4105 = SURFACE_CURVE('',#4106,(#4110,#4117),.PCURVE_S1.);
#4106 = LINE('',#4107,#4108);
#4107 = CARTESIAN_POINT('',(40.,3.75,4.7));
#4108 = VECTOR('',#4109,1.);
#4109 = DIRECTION('',(1.,0.,0.));
#4110 = PCURVE('',#3118,#4111);
#4111 = DEFINITIONAL_REPRESENTATION('',(#4112),#4116);
#4112 = LINE('',#4113,#4114);
#4113 = CARTESIAN_POINT('',(0.,7.5));
#4114 = VECTOR('',#4115,1.);
#4115 = DIRECTION('',(1.,0.));
#4116 = ( GEOMETRIC_REPRESENTATION_CONTEXT(2) 
PARAMETRIC_REPRESENTATION_CONTEXT() REPRESENTATION_CONTEXT('2D SPACE',''
  ) );
#4117 = PCURVE('',#3089,#4118);
#4118 = DEFINITIONAL_REPRESENTATION('',(#4119),#4123);
#4119 = LINE('',#4120,#4121);
#4120 = CARTESIAN_POINT('',(8.9,0.));
#4121 = VECTOR('',#4122,1.);
#4122 = DIRECTION('',(0.,1.));
#4123 = ( GEOMETRIC_REPRESENTATION_CONTEXT(2) 
PARAMETRIC_REPRESENTATION_CONTEXT() REPRESENTATION_CONTEXT('2D SPACE',''
  ) );
#4124 = ORIENTED_EDGE('',*,*,#3417,.F.);
#4125 = ORIENTED_EDGE('',*,*,#3101,.F.);
#4126 = ADVANCED_FACE('',(#4127),#3089,.T.);
#4127 = FACE_BOUND('',#4128,.T.);
#4128 = EDGE_LOOP('',(#4129,#4159,#4187,#4215,#4236,#4237,#4258,#4259,
    #4260,#4261,#4284,#4312));
#4129 = ORIENTED_EDGE('',*,*,#4130,.F.);
#4130 = EDGE_CURVE('',#4131,#4133,#4135,.T.);
#4131 = VERTEX_POINT('',#4132);
#4132 = CARTESIAN_POINT('',(44.,3.75,-1.7));
#4133 = VERTEX_POINT('',#4134);
#4134 = CARTESIAN_POINT('',(44.,3.75,4.7));
#4135 = SURFACE_CURVE('',#4136,(#4140,#4147),.PCURVE_S1.);
#4136 = LINE('',#4137,#4138);
#4137 = CARTESIAN_POINT('',(44.,3.75,-4.2));
#4138 = VECTOR('',#4139,1.);
#4139 = DIRECTION('',(0.,0.,1.));
#4140 = PCURVE('',#3089,#4141);
#4141 = DEFINITIONAL_REPRESENTATION('',(#4142),#4146);
#4142 = LINE('',#4143,#4144);
#4143 = CARTESIAN_POINT('',(0.,4.));
#4144 = VECTOR('',#4145,1.);
#4145 = DIRECTION('',(1.,0.));
#4146 = ( GEOMETRIC_REPRESENTATION_CONTEXT(2) 
PARAMETRIC_REPRESENTATION_CONTEXT() REPRESENTATION_CONTEXT('2D SPACE',''
  ) );
#4147 = PCURVE('',#4148,#4153);
#4148 = PLANE('',#4149);
#4149 = AXIS2_PLACEMENT_3D('',#4150,#4151,#4152);
#4150 = CARTESIAN_POINT('',(44.,-3.75,-4.2));
#4151 = DIRECTION('',(1.,0.,0.));
#4152 = DIRECTION('',(0.,0.,1.));
#4153 = DEFINITIONAL_REPRESENTATION('',(#4154),#4158);
#4154 = LINE('',#4155,#4156);
#4155 = CARTESIAN_POINT('',(0.,-7.5));
#4156 = VECTOR('',#4157,1.);
#4157 = DIRECTION('',(1.,0.));
#4158 = ( GEOMETRIC_REPRESENTATION_CONTEXT(2) 
PARAMETRIC_REPRESENTATION_CONTEXT() REPRESENTATION_CONTEXT('2D SPACE',''
  ) );
#4159 = ORIENTED_EDGE('',*,*,#4160,.T.);
#4160 = EDGE_CURVE('',#4131,#4161,#4163,.T.);
#4161 = VERTEX_POINT('',#4162);
#4162 = CARTESIAN_POINT('',(49.45,3.75,-1.7));
#4163 = SURFACE_CURVE('',#4164,(#4168,#4175),.PCURVE_S1.);
#4164 = LINE('',#4165,#4166);
#4165 = CARTESIAN_POINT('',(40.,3.75,-1.7));
#4166 = VECTOR('',#4167,1.);
#4167 = DIRECTION('',(1.,0.,0.));
#4168 = PCURVE('',#3089,#4169);
#4169 = DEFINITIONAL_REPRESENTATION('',(#4170),#4174);
#4170 = LINE('',#4171,#4172);
#4171 = CARTESIAN_POINT('',(2.5,0.));
#4172 = VECTOR('',#4173,1.);
#4173 = DIRECTION('',(0.,1.));
#4174 = ( GEOMETRIC_REPRESENTATION_CONTEXT(2) 
PARAMETRIC_REPRESENTATION_CONTEXT() REPRESENTATION_CONTEXT('2D SPACE',''
  ) );
#4175 = PCURVE('',#4176,#4181);
#4176 = PLANE('',#4177);
#4177 = AXIS2_PLACEMENT_3D('',#4178,#4179,#4180);
#4178 = CARTESIAN_POINT('',(40.,-3.75,-1.7));
#4179 = DIRECTION('',(0.,0.,1.));
#4180 = DIRECTION('',(1.,0.,0.));
#4181 = DEFINITIONAL_REPRESENTATION('',(#4182),#4186);
#4182 = LINE('',#4183,#4184);
#4183 = CARTESIAN_POINT('',(0.,7.5));
#4184 = VECTOR('',#4185,1.);
#4185 = DIRECTION('',(1.,0.));
#4186 = ( GEOMETRIC_REPRESENTATION_CONTEXT(2) 
PARAMETRIC_REPRESENTATION_CONTEXT() REPRESENTATION_CONTEXT('2D SPACE',''
  ) );
#4187 = ORIENTED_EDGE('',*,*,#4188,.F.);
#4188 = EDGE_CURVE('',#4189,#4161,#4191,.T.);
#4189 = VERTEX_POINT('',#4190);
#4190 = CARTESIAN_POINT('',(49.45,3.75,-4.2));
#4191 = SURFACE_CURVE('',#4192,(#4196,#4203),.PCURVE_S1.);
#4192 = LINE('',#4193,#4194);
#4193 = CARTESIAN_POINT('',(49.45,3.75,-4.2));
#4194 = VECTOR('',#4195,1.);
#4195 = DIRECTION('',(0.,0.,1.));
#4196 = PCURVE('',#3089,#4197);
#4197 = DEFINITIONAL_REPRESENTATION('',(#4198),#4202);
#4198 = LINE('',#4199,#4200);
#4199 = CARTESIAN_POINT('',(0.,9.45));
#4200 = VECTOR('',#4201,1.);
#4201 = DIRECTION('',(1.,0.));
#4202 = ( GEOMETRIC_REPRESENTATION_CONTEXT(2) 
PARAMETRIC_REPRESENTATION_CONTEXT() REPRESENTATION_CONTEXT('2D SPACE',''
  ) );
#4203 = PCURVE('',#4204,#4209);
#4204 = CYLINDRICAL_SURFACE('',#4205,3.55);
#4205 = AXIS2_PLACEMENT_3D('',#4206,#4207,#4208);
#4206 = CARTESIAN_POINT('',(49.45,0.2,-4.2));
#4207 = DIRECTION('',(0.,0.,1.));
#4208 = DIRECTION('',(1.,0.,-0.));
#4209 = DEFINITIONAL_REPRESENTATION('',(#4210),#4214);
#4210 = LINE('',#4211,#4212);
#4211 = CARTESIAN_POINT('',(1.570796326795,0.));
#4212 = VECTOR('',#4213,1.);
#4213 = DIRECTION('',(0.,1.));
#4214 = ( GEOMETRIC_REPRESENTATION_CONTEXT(2) 
PARAMETRIC_REPRESENTATION_CONTEXT() REPRESENTATION_CONTEXT('2D SPACE',''
  ) );
#4215 = ORIENTED_EDGE('',*,*,#4216,.F.);
#4216 = EDGE_CURVE('',#3236,#4189,#4217,.T.);
#4217 = SURFACE_CURVE('',#4218,(#4222,#4229),.PCURVE_S1.);
#4218 = LINE('',#4219,#4220);
#4219 = CARTESIAN_POINT('',(40.,3.75,-4.2));
#4220 = VECTOR('',#4221,1.);
#4221 = DIRECTION('',(1.,0.,0.));
#4222 = PCURVE('',#3089,#4223);
#4223 = DEFINITIONAL_REPRESENTATION('',(#4224),#4228);
#4224 = LINE('',#4225,#4226);
#4225 = CARTESIAN_POINT('',(0.,0.));
#4226 = VECTOR('',#4227,1.);
#4227 = DIRECTION('',(0.,1.));
#4228 = ( GEOMETRIC_REPRESENTATION_CONTEXT(2) 
PARAMETRIC_REPRESENTATION_CONTEXT() REPRESENTATION_CONTEXT('2D SPACE',''
  ) );
#4229 = PCURVE('',#3251,#4230);
#4230 = DEFINITIONAL_REPRESENTATION('',(#4231),#4235);
#4231 = LINE('',#4232,#4233);
#4232 = CARTESIAN_POINT('',(0.,7.5));
#4233 = VECTOR('',#4234,1.);
#4234 = DIRECTION('',(1.,0.));
#4235 = ( GEOMETRIC_REPRESENTATION_CONTEXT(2) 
PARAMETRIC_REPRESENTATION_CONTEXT() REPRESENTATION_CONTEXT('2D SPACE',''
  ) );
#4236 = ORIENTED_EDGE('',*,*,#3263,.T.);
#4237 = ORIENTED_EDGE('',*,*,#4238,.T.);
#4238 = EDGE_CURVE('',#3264,#3045,#4239,.T.);
#4239 = SURFACE_CURVE('',#4240,(#4244,#4251),.PCURVE_S1.);
#4240 = LINE('',#4241,#4242);
#4241 = CARTESIAN_POINT('',(40.,3.75,-1.7));
#4242 = VECTOR('',#4243,1.);
#4243 = DIRECTION('',(1.,0.,0.));
#4244 = PCURVE('',#3089,#4245);
#4245 = DEFINITIONAL_REPRESENTATION('',(#4246),#4250);
#4246 = LINE('',#4247,#4248);
#4247 = CARTESIAN_POINT('',(2.5,0.));
#4248 = VECTOR('',#4249,1.);
#4249 = DIRECTION('',(0.,1.));
#4250 = ( GEOMETRIC_REPRESENTATION_CONTEXT(2) 
PARAMETRIC_REPRESENTATION_CONTEXT() REPRESENTATION_CONTEXT('2D SPACE',''
  ) );
#4251 = PCURVE('',#3061,#4252);
#4252 = DEFINITIONAL_REPRESENTATION('',(#4253),#4257);
#4253 = LINE('',#4254,#4255);
#4254 = CARTESIAN_POINT('',(0.,7.5));
#4255 = VECTOR('',#4256,1.);
#4256 = DIRECTION('',(1.,0.));
#4257 = ( GEOMETRIC_REPRESENTATION_CONTEXT(2) 
PARAMETRIC_REPRESENTATION_CONTEXT() REPRESENTATION_CONTEXT('2D SPACE',''
  ) );
#4258 = ORIENTED_EDGE('',*,*,#3073,.T.);
#4259 = ORIENTED_EDGE('',*,*,#4104,.F.);
#4260 = ORIENTED_EDGE('',*,*,#3440,.T.);
#4261 = ORIENTED_EDGE('',*,*,#4262,.T.);
#4262 = EDGE_CURVE('',#3441,#4263,#4265,.T.);
#4263 = VERTEX_POINT('',#4264);
#4264 = CARTESIAN_POINT('',(49.45,3.75,7.2));
#4265 = SURFACE_CURVE('',#4266,(#4270,#4277),.PCURVE_S1.);
#4266 = LINE('',#4267,#4268);
#4267 = CARTESIAN_POINT('',(40.,3.75,7.2));
#4268 = VECTOR('',#4269,1.);
#4269 = DIRECTION('',(1.,0.,0.));
#4270 = PCURVE('',#3089,#4271);
#4271 = DEFINITIONAL_REPRESENTATION('',(#4272),#4276);
#4272 = LINE('',#4273,#4274);
#4273 = CARTESIAN_POINT('',(11.4,0.));
#4274 = VECTOR('',#4275,1.);
#4275 = DIRECTION('',(0.,1.));
#4276 = ( GEOMETRIC_REPRESENTATION_CONTEXT(2) 
PARAMETRIC_REPRESENTATION_CONTEXT() REPRESENTATION_CONTEXT('2D SPACE',''
  ) );
#4277 = PCURVE('',#3479,#4278);
#4278 = DEFINITIONAL_REPRESENTATION('',(#4279),#4283);
#4279 = LINE('',#4280,#4281);
#4280 = CARTESIAN_POINT('',(0.,7.5));
#4281 = VECTOR('',#4282,1.);
#4282 = DIRECTION('',(1.,0.));
#4283 = ( GEOMETRIC_REPRESENTATION_CONTEXT(2) 
PARAMETRIC_REPRESENTATION_CONTEXT() REPRESENTATION_CONTEXT('2D SPACE',''
  ) );
#4284 = ORIENTED_EDGE('',*,*,#4285,.F.);
#4285 = EDGE_CURVE('',#4286,#4263,#4288,.T.);
#4286 = VERTEX_POINT('',#4287);
#4287 = CARTESIAN_POINT('',(49.45,3.75,4.7));
#4288 = SURFACE_CURVE('',#4289,(#4293,#4300),.PCURVE_S1.);
#4289 = LINE('',#4290,#4291);
#4290 = CARTESIAN_POINT('',(49.45,3.75,4.7));
#4291 = VECTOR('',#4292,1.);
#4292 = DIRECTION('',(0.,0.,1.));
#4293 = PCURVE('',#3089,#4294);
#4294 = DEFINITIONAL_REPRESENTATION('',(#4295),#4299);
#4295 = LINE('',#4296,#4297);
#4296 = CARTESIAN_POINT('',(8.9,9.45));
#4297 = VECTOR('',#4298,1.);
#4298 = DIRECTION('',(1.,0.));
#4299 = ( GEOMETRIC_REPRESENTATION_CONTEXT(2) 
PARAMETRIC_REPRESENTATION_CONTEXT() REPRESENTATION_CONTEXT('2D SPACE',''
  ) );
#4300 = PCURVE('',#4301,#4306);
#4301 = CYLINDRICAL_SURFACE('',#4302,3.55);
#4302 = AXIS2_PLACEMENT_3D('',#4303,#4304,#4305);
#4303 = CARTESIAN_POINT('',(49.45,0.2,4.7));
#4304 = DIRECTION('',(0.,0.,1.));
#4305 = DIRECTION('',(1.,0.,-0.));
#4306 = DEFINITIONAL_REPRESENTATION('',(#4307),#4311);
#4307 = LINE('',#4308,#4309);
#4308 = CARTESIAN_POINT('',(1.570796326795,0.));
#4309 = VECTOR('',#4310,1.);
#4310 = DIRECTION('',(0.,1.));
#4311 = ( GEOMETRIC_REPRESENTATION_CONTEXT(2) 
PARAMETRIC_REPRESENTATION_CONTEXT() REPRESENTATION_CONTEXT('2D SPACE',''
  ) );
#4312 = ORIENTED_EDGE('',*,*,#4313,.F.);
#4313 = EDGE_CURVE('',#4133,#4286,#4314,.T.);
#4314 = SURFACE_CURVE('',#4315,(#4319,#4326),.PCURVE_S1.);
#4315 = LINE('',#4316,#4317);
#4316 = CARTESIAN_POINT('',(40.,3.75,4.7));
#4317 = VECTOR('',#4318,1.);
#4318 = DIRECTION('',(1.,0.,0.));
#4319 = PCURVE('',#3089,#4320);
#4320 = DEFINITIONAL_REPRESENTATION('',(#4321),#4325);
#4321 = LINE('',#4322,#4323);
#4322 = CARTESIAN_POINT('',(8.9,0.));
#4323 = VECTOR('',#4324,1.);
#4324 = DIRECTION('',(0.,1.));
#4325 = ( GEOMETRIC_REPRESENTATION_CONTEXT(2) 
PARAMETRIC_REPRESENTATION_CONTEXT() REPRESENTATION_CONTEXT('2D SPACE',''
  ) );
#4326 = PCURVE('',#4327,#4332);
#4327 = PLANE('',#4328);
#4328 = AXIS2_PLACEMENT_3D('',#4329,#4330,#4331);
#4329 = CARTESIAN_POINT('',(40.,-3.75,4.7));
#4330 = DIRECTION('',(0.,0.,1.));
#4331 = DIRECTION('',(1.,0.,0.));
#4332 = DEFINITIONAL_REPRESENTATION('',(#4333),#4337);
#4333 = LINE('',#4334,#4335);
#4334 = CARTESIAN_POINT('',(0.,7.5));
#4335 = VECTOR('',#4336,1.);
#4336 = DIRECTION('',(1.,0.));
#4337 = ( GEOMETRIC_REPRESENTATION_CONTEXT(2) 
PARAMETRIC_REPRESENTATION_CONTEXT() REPRESENTATION_CONTEXT('2D SPACE',''
  ) );
#4338 = ADVANCED_FACE('',(#4339),#3061,.T.);
#4339 = FACE_BOUND('',#4340,.T.);
#4340 = EDGE_LOOP('',(#4341,#4342,#4343));
#4341 = ORIENTED_EDGE('',*,*,#4238,.F.);
#4342 = ORIENTED_EDGE('',*,*,#3286,.F.);
#4343 = ORIENTED_EDGE('',*,*,#3044,.F.);
#4344 = ADVANCED_FACE('',(#4345),#3195,.T.);
#4345 = FACE_BOUND('',#4346,.T.);
#4346 = EDGE_LOOP('',(#4347,#4348,#4349));
#4347 = ORIENTED_EDGE('',*,*,#3313,.F.);
#4348 = ORIENTED_EDGE('',*,*,#3179,.F.);
#4349 = ORIENTED_EDGE('',*,*,#4350,.T.);
#4350 = EDGE_CURVE('',#3180,#3314,#4351,.T.);
#4351 = SURFACE_CURVE('',#4352,(#4356,#4363),.PCURVE_S1.);
#4352 = LINE('',#4353,#4354);
#4353 = CARTESIAN_POINT('',(40.,-3.75,-1.7));
#4354 = VECTOR('',#4355,1.);
#4355 = DIRECTION('',(1.,0.,0.));
#4356 = PCURVE('',#3195,#4357);
#4357 = DEFINITIONAL_REPRESENTATION('',(#4358),#4362);
#4358 = LINE('',#4359,#4360);
#4359 = CARTESIAN_POINT('',(0.,0.));
#4360 = VECTOR('',#4361,1.);
#4361 = DIRECTION('',(1.,0.));
#4362 = ( GEOMETRIC_REPRESENTATION_CONTEXT(2) 
PARAMETRIC_REPRESENTATION_CONTEXT() REPRESENTATION_CONTEXT('2D SPACE',''
  ) );
#4363 = PCURVE('',#3223,#4364);
#4364 = DEFINITIONAL_REPRESENTATION('',(#4365),#4369);
#4365 = LINE('',#4366,#4367);
#4366 = CARTESIAN_POINT('',(2.5,0.));
#4367 = VECTOR('',#4368,1.);
#4368 = DIRECTION('',(0.,1.));
#4369 = ( GEOMETRIC_REPRESENTATION_CONTEXT(2) 
PARAMETRIC_REPRESENTATION_CONTEXT() REPRESENTATION_CONTEXT('2D SPACE',''
  ) );
#4370 = ADVANCED_FACE('',(#4371),#3223,.F.);
#4371 = FACE_BOUND('',#4372,.F.);
#4372 = EDGE_LOOP('',(#4373,#4398,#4421,#4449,#4470,#4471,#4472,#4473,
    #4494,#4495,#4518,#4546));
#4373 = ORIENTED_EDGE('',*,*,#4374,.F.);
#4374 = EDGE_CURVE('',#4375,#4377,#4379,.T.);
#4375 = VERTEX_POINT('',#4376);
#4376 = CARTESIAN_POINT('',(44.,-3.75,-1.7));
#4377 = VERTEX_POINT('',#4378);
#4378 = CARTESIAN_POINT('',(44.,-3.75,4.7));
#4379 = SURFACE_CURVE('',#4380,(#4384,#4391),.PCURVE_S1.);
#4380 = LINE('',#4381,#4382);
#4381 = CARTESIAN_POINT('',(44.,-3.75,-4.2));
#4382 = VECTOR('',#4383,1.);
#4383 = DIRECTION('',(0.,0.,1.));
#4384 = PCURVE('',#3223,#4385);
#4385 = DEFINITIONAL_REPRESENTATION('',(#4386),#4390);
#4386 = LINE('',#4387,#4388);
#4387 = CARTESIAN_POINT('',(0.,4.));
#4388 = VECTOR('',#4389,1.);
#4389 = DIRECTION('',(1.,0.));
#4390 = ( GEOMETRIC_REPRESENTATION_CONTEXT(2) 
PARAMETRIC_REPRESENTATION_CONTEXT() REPRESENTATION_CONTEXT('2D SPACE',''
  ) );
#4391 = PCURVE('',#4148,#4392);
#4392 = DEFINITIONAL_REPRESENTATION('',(#4393),#4397);
#4393 = LINE('',#4394,#4395);
#4394 = CARTESIAN_POINT('',(0.,0.));
#4395 = VECTOR('',#4396,1.);
#4396 = DIRECTION('',(1.,0.));
#4397 = ( GEOMETRIC_REPRESENTATION_CONTEXT(2) 
PARAMETRIC_REPRESENTATION_CONTEXT() REPRESENTATION_CONTEXT('2D SPACE',''
  ) );
#4398 = ORIENTED_EDGE('',*,*,#4399,.T.);
#4399 = EDGE_CURVE('',#4375,#4400,#4402,.T.);
#4400 = VERTEX_POINT('',#4401);
#4401 = CARTESIAN_POINT('',(49.45,-3.75,-1.7));
#4402 = SURFACE_CURVE('',#4403,(#4407,#4414),.PCURVE_S1.);
#4403 = LINE('',#4404,#4405);
#4404 = CARTESIAN_POINT('',(40.,-3.75,-1.7));
#4405 = VECTOR('',#4406,1.);
#4406 = DIRECTION('',(1.,0.,0.));
#4407 = PCURVE('',#3223,#4408);
#4408 = DEFINITIONAL_REPRESENTATION('',(#4409),#4413);
#4409 = LINE('',#4410,#4411);
#4410 = CARTESIAN_POINT('',(2.5,0.));
#4411 = VECTOR('',#4412,1.);
#4412 = DIRECTION('',(0.,1.));
#4413 = ( GEOMETRIC_REPRESENTATION_CONTEXT(2) 
PARAMETRIC_REPRESENTATION_CONTEXT() REPRESENTATION_CONTEXT('2D SPACE',''
  ) );
#4414 = PCURVE('',#4176,#4415);
#4415 = DEFINITIONAL_REPRESENTATION('',(#4416),#4420);
#4416 = LINE('',#4417,#4418);
#4417 = CARTESIAN_POINT('',(0.,0.));
#4418 = VECTOR('',#4419,1.);
#4419 = DIRECTION('',(1.,0.));
#4420 = ( GEOMETRIC_REPRESENTATION_CONTEXT(2) 
PARAMETRIC_REPRESENTATION_CONTEXT() REPRESENTATION_CONTEXT('2D SPACE',''
  ) );
#4421 = ORIENTED_EDGE('',*,*,#4422,.F.);
#4422 = EDGE_CURVE('',#4423,#4400,#4425,.T.);
#4423 = VERTEX_POINT('',#4424);
#4424 = CARTESIAN_POINT('',(49.45,-3.75,-4.2));
#4425 = SURFACE_CURVE('',#4426,(#4430,#4437),.PCURVE_S1.);
#4426 = LINE('',#4427,#4428);
#4427 = CARTESIAN_POINT('',(49.45,-3.75,-4.2));
#4428 = VECTOR('',#4429,1.);
#4429 = DIRECTION('',(0.,0.,1.));
#4430 = PCURVE('',#3223,#4431);
#4431 = DEFINITIONAL_REPRESENTATION('',(#4432),#4436);
#4432 = LINE('',#4433,#4434);
#4433 = CARTESIAN_POINT('',(0.,9.45));
#4434 = VECTOR('',#4435,1.);
#4435 = DIRECTION('',(1.,0.));
#4436 = ( GEOMETRIC_REPRESENTATION_CONTEXT(2) 
PARAMETRIC_REPRESENTATION_CONTEXT() REPRESENTATION_CONTEXT('2D SPACE',''
  ) );
#4437 = PCURVE('',#4438,#4443);
#4438 = CYLINDRICAL_SURFACE('',#4439,3.55);
#4439 = AXIS2_PLACEMENT_3D('',#4440,#4441,#4442);
#4440 = CARTESIAN_POINT('',(49.45,-0.2,-4.2));
#4441 = DIRECTION('',(0.,0.,1.));
#4442 = DIRECTION('',(1.,0.,-0.));
#4443 = DEFINITIONAL_REPRESENTATION('',(#4444),#4448);
#4444 = LINE('',#4445,#4446);
#4445 = CARTESIAN_POINT('',(-1.570796326795,0.));
#4446 = VECTOR('',#4447,1.);
#4447 = DIRECTION('',(-0.,1.));
#4448 = ( GEOMETRIC_REPRESENTATION_CONTEXT(2) 
PARAMETRIC_REPRESENTATION_CONTEXT() REPRESENTATION_CONTEXT('2D SPACE',''
  ) );
#4449 = ORIENTED_EDGE('',*,*,#4450,.F.);
#4450 = EDGE_CURVE('',#3208,#4423,#4451,.T.);
#4451 = SURFACE_CURVE('',#4452,(#4456,#4463),.PCURVE_S1.);
#4452 = LINE('',#4453,#4454);
#4453 = CARTESIAN_POINT('',(40.,-3.75,-4.2));
#4454 = VECTOR('',#4455,1.);
#4455 = DIRECTION('',(1.,0.,0.));
#4456 = PCURVE('',#3223,#4457);
#4457 = DEFINITIONAL_REPRESENTATION('',(#4458),#4462);
#4458 = LINE('',#4459,#4460);
#4459 = CARTESIAN_POINT('',(0.,0.));
#4460 = VECTOR('',#4461,1.);
#4461 = DIRECTION('',(0.,1.));
#4462 = ( GEOMETRIC_REPRESENTATION_CONTEXT(2) 
PARAMETRIC_REPRESENTATION_CONTEXT() REPRESENTATION_CONTEXT('2D SPACE',''
  ) );
#4463 = PCURVE('',#3251,#4464);
#4464 = DEFINITIONAL_REPRESENTATION('',(#4465),#4469);
#4465 = LINE('',#4466,#4467);
#4466 = CARTESIAN_POINT('',(0.,0.));
#4467 = VECTOR('',#4468,1.);
#4468 = DIRECTION('',(1.,0.));
#4469 = ( GEOMETRIC_REPRESENTATION_CONTEXT(2) 
PARAMETRIC_REPRESENTATION_CONTEXT() REPRESENTATION_CONTEXT('2D SPACE',''
  ) );
#4470 = ORIENTED_EDGE('',*,*,#3207,.T.);
#4471 = ORIENTED_EDGE('',*,*,#4350,.T.);
#4472 = ORIENTED_EDGE('',*,*,#3337,.T.);
#4473 = ORIENTED_EDGE('',*,*,#4474,.F.);
#4474 = EDGE_CURVE('',#3492,#3338,#4475,.T.);
#4475 = SURFACE_CURVE('',#4476,(#4480,#4487),.PCURVE_S1.);
#4476 = LINE('',#4477,#4478);
#4477 = CARTESIAN_POINT('',(40.,-3.75,4.7));
#4478 = VECTOR('',#4479,1.);
#4479 = DIRECTION('',(1.,0.,0.));
#4480 = PCURVE('',#3223,#4481);
#4481 = DEFINITIONAL_REPRESENTATION('',(#4482),#4486);
#4482 = LINE('',#4483,#4484);
#4483 = CARTESIAN_POINT('',(8.9,0.));
#4484 = VECTOR('',#4485,1.);
#4485 = DIRECTION('',(0.,1.));
#4486 = ( GEOMETRIC_REPRESENTATION_CONTEXT(2) 
PARAMETRIC_REPRESENTATION_CONTEXT() REPRESENTATION_CONTEXT('2D SPACE',''
  ) );
#4487 = PCURVE('',#3377,#4488);
#4488 = DEFINITIONAL_REPRESENTATION('',(#4489),#4493);
#4489 = LINE('',#4490,#4491);
#4490 = CARTESIAN_POINT('',(0.,0.));
#4491 = VECTOR('',#4492,1.);
#4492 = DIRECTION('',(1.,0.));
#4493 = ( GEOMETRIC_REPRESENTATION_CONTEXT(2) 
PARAMETRIC_REPRESENTATION_CONTEXT() REPRESENTATION_CONTEXT('2D SPACE',''
  ) );
#4494 = ORIENTED_EDGE('',*,*,#3491,.T.);
#4495 = ORIENTED_EDGE('',*,*,#4496,.T.);
#4496 = EDGE_CURVE('',#3464,#4497,#4499,.T.);
#4497 = VERTEX_POINT('',#4498);
#4498 = CARTESIAN_POINT('',(49.45,-3.75,7.2));
#4499 = SURFACE_CURVE('',#4500,(#4504,#4511),.PCURVE_S1.);
#4500 = LINE('',#4501,#4502);
#4501 = CARTESIAN_POINT('',(40.,-3.75,7.2));
#4502 = VECTOR('',#4503,1.);
#4503 = DIRECTION('',(1.,0.,0.));
#4504 = PCURVE('',#3223,#4505);
#4505 = DEFINITIONAL_REPRESENTATION('',(#4506),#4510);
#4506 = LINE('',#4507,#4508);
#4507 = CARTESIAN_POINT('',(11.4,0.));
#4508 = VECTOR('',#4509,1.);
#4509 = DIRECTION('',(0.,1.));
#4510 = ( GEOMETRIC_REPRESENTATION_CONTEXT(2) 
PARAMETRIC_REPRESENTATION_CONTEXT() REPRESENTATION_CONTEXT('2D SPACE',''
  ) );
#4511 = PCURVE('',#3479,#4512);
#4512 = DEFINITIONAL_REPRESENTATION('',(#4513),#4517);
#4513 = LINE('',#4514,#4515);
#4514 = CARTESIAN_POINT('',(0.,0.));
#4515 = VECTOR('',#4516,1.);
#4516 = DIRECTION('',(1.,0.));
#4517 = ( GEOMETRIC_REPRESENTATION_CONTEXT(2) 
PARAMETRIC_REPRESENTATION_CONTEXT() REPRESENTATION_CONTEXT('2D SPACE',''
  ) );
#4518 = ORIENTED_EDGE('',*,*,#4519,.F.);
#4519 = EDGE_CURVE('',#4520,#4497,#4522,.T.);
#4520 = VERTEX_POINT('',#4521);
#4521 = CARTESIAN_POINT('',(49.45,-3.75,4.7));
#4522 = SURFACE_CURVE('',#4523,(#4527,#4534),.PCURVE_S1.);
#4523 = LINE('',#4524,#4525);
#4524 = CARTESIAN_POINT('',(49.45,-3.75,4.7));
#4525 = VECTOR('',#4526,1.);
#4526 = DIRECTION('',(0.,0.,1.));
#4527 = PCURVE('',#3223,#4528);
#4528 = DEFINITIONAL_REPRESENTATION('',(#4529),#4533);
#4529 = LINE('',#4530,#4531);
#4530 = CARTESIAN_POINT('',(8.9,9.45));
#4531 = VECTOR('',#4532,1.);
#4532 = DIRECTION('',(1.,0.));
#4533 = ( GEOMETRIC_REPRESENTATION_CONTEXT(2) 
PARAMETRIC_REPRESENTATION_CONTEXT() REPRESENTATION_CONTEXT('2D SPACE',''
  ) );
#4534 = PCURVE('',#4535,#4540);
#4535 = CYLINDRICAL_SURFACE('',#4536,3.55);
#4536 = AXIS2_PLACEMENT_3D('',#4537,#4538,#4539);
#4537 = CARTESIAN_POINT('',(49.45,-0.2,4.7));
#4538 = DIRECTION('',(0.,0.,1.));
#4539 = DIRECTION('',(1.,0.,-0.));
#4540 = DEFINITIONAL_REPRESENTATION('',(#4541),#4545);
#4541 = LINE('',#4542,#4543);
#4542 = CARTESIAN_POINT('',(-1.570796326795,0.));
#4543 = VECTOR('',#4544,1.);
#4544 = DIRECTION('',(-0.,1.));
#4545 = ( GEOMETRIC_REPRESENTATION_CONTEXT(2) 
PARAMETRIC_REPRESENTATION_CONTEXT() REPRESENTATION_CONTEXT('2D SPACE',''
  ) );
#4546 = ORIENTED_EDGE('',*,*,#4547,.F.);
#4547 = EDGE_CURVE('',#4377,#4520,#4548,.T.);
#4548 = SURFACE_CURVE('',#4549,(#4553,#4560),.PCURVE_S1.);
#4549 = LINE('',#4550,#4551);
#4550 = CARTESIAN_POINT('',(40.,-3.75,4.7));
#4551 = VECTOR('',#4552,1.);
#4552 = DIRECTION('',(1.,0.,0.));
#4553 = PCURVE('',#3223,#4554);
#4554 = DEFINITIONAL_REPRESENTATION('',(#4555),#4559);
#4555 = LINE('',#4556,#4557);
#4556 = CARTESIAN_POINT('',(8.9,0.));
#4557 = VECTOR('',#4558,1.);
#4558 = DIRECTION('',(0.,1.));
#4559 = ( GEOMETRIC_REPRESENTATION_CONTEXT(2) 
PARAMETRIC_REPRESENTATION_CONTEXT() REPRESENTATION_CONTEXT('2D SPACE',''
  ) );
#4560 = PCURVE('',#4327,#4561);
#4561 = DEFINITIONAL_REPRESENTATION('',(#4562),#4566);
#4562 = LINE('',#4563,#4564);
#4563 = CARTESIAN_POINT('',(0.,0.));
#4564 = VECTOR('',#4565,1.);
#4565 = DIRECTION('',(1.,0.));
#4566 = ( GEOMETRIC_REPRESENTATION_CONTEXT(2) 
PARAMETRIC_REPRESENTATION_CONTEXT() REPRESENTATION_CONTEXT('2D SPACE',''
  ) );
#4567 = ADVANCED_FACE('',(#4568,#4651),#3251,.F.);
#4568 = FACE_BOUND('',#4569,.F.);
#4569 = EDGE_LOOP('',(#4570,#4571,#4572,#4573,#4601,#4629));
#4570 = ORIENTED_EDGE('',*,*,#4216,.F.);
#4571 = ORIENTED_EDGE('',*,*,#3235,.F.);
#4572 = ORIENTED_EDGE('',*,*,#4450,.T.);
#4573 = ORIENTED_EDGE('',*,*,#4574,.F.);
#4574 = EDGE_CURVE('',#4575,#4423,#4577,.T.);
#4575 = VERTEX_POINT('',#4576);
#4576 = CARTESIAN_POINT('',(53.,-0.2,-4.2));
#4577 = SURFACE_CURVE('',#4578,(#4583,#4594),.PCURVE_S1.);
#4578 = CIRCLE('',#4579,3.55);
#4579 = AXIS2_PLACEMENT_3D('',#4580,#4581,#4582);
#4580 = CARTESIAN_POINT('',(49.45,-0.2,-4.2));
#4581 = DIRECTION('',(-0.,-0.,-1.));
#4582 = DIRECTION('',(0.,-1.,0.));
#4583 = PCURVE('',#3251,#4584);
#4584 = DEFINITIONAL_REPRESENTATION('',(#4585),#4593);
#4585 = ( BOUNDED_CURVE() B_SPLINE_CURVE(2,(#4586,#4587,#4588,#4589,
#4590,#4591,#4592),.UNSPECIFIED.,.T.,.F.) B_SPLINE_CURVE_WITH_KNOTS((1,2
    ,2,2,2,1),(-2.094395102393,0.,2.094395102393,4.188790204786,
6.28318530718,8.377580409573),.UNSPECIFIED.) CURVE() 
GEOMETRIC_REPRESENTATION_ITEM() RATIONAL_B_SPLINE_CURVE((1.,0.5,1.,0.5,
1.,0.5,1.)) REPRESENTATION_ITEM('') );
#4586 = CARTESIAN_POINT('',(9.45,-8.881784197001E-16));
#4587 = CARTESIAN_POINT('',(3.30121963313,-8.881784197001E-16));
#4588 = CARTESIAN_POINT('',(6.375609816565,5.325));
#4589 = CARTESIAN_POINT('',(9.45,10.65));
#4590 = CARTESIAN_POINT('',(12.524390183435,5.325));
#4591 = CARTESIAN_POINT('',(15.59878036687,4.440892098501E-15));
#4592 = CARTESIAN_POINT('',(9.45,-8.881784197001E-16));
#4593 = ( GEOMETRIC_REPRESENTATION_CONTEXT(2) 
PARAMETRIC_REPRESENTATION_CONTEXT() REPRESENTATION_CONTEXT('2D SPACE',''
  ) );
#4594 = PCURVE('',#4438,#4595);
#4595 = DEFINITIONAL_REPRESENTATION('',(#4596),#4600);
#4596 = LINE('',#4597,#4598);
#4597 = CARTESIAN_POINT('',(4.712388980385,-0.));
#4598 = VECTOR('',#4599,1.);
#4599 = DIRECTION('',(-1.,0.));
#4600 = ( GEOMETRIC_REPRESENTATION_CONTEXT(2) 
PARAMETRIC_REPRESENTATION_CONTEXT() REPRESENTATION_CONTEXT('2D SPACE',''
  ) );
#4601 = ORIENTED_EDGE('',*,*,#4602,.T.);
#4602 = EDGE_CURVE('',#4575,#4603,#4605,.T.);
#4603 = VERTEX_POINT('',#4604);
#4604 = CARTESIAN_POINT('',(53.,0.2,-4.2));
#4605 = SURFACE_CURVE('',#4606,(#4610,#4617),.PCURVE_S1.);
#4606 = LINE('',#4607,#4608);
#4607 = CARTESIAN_POINT('',(53.,-3.75,-4.2));
#4608 = VECTOR('',#4609,1.);
#4609 = DIRECTION('',(0.,1.,0.));
#4610 = PCURVE('',#3251,#4611);
#4611 = DEFINITIONAL_REPRESENTATION('',(#4612),#4616);
#4612 = LINE('',#4613,#4614);
#4613 = CARTESIAN_POINT('',(13.,0.));
#4614 = VECTOR('',#4615,1.);
#4615 = DIRECTION('',(0.,1.));
#4616 = ( GEOMETRIC_REPRESENTATION_CONTEXT(2) 
PARAMETRIC_REPRESENTATION_CONTEXT() REPRESENTATION_CONTEXT('2D SPACE',''
  ) );
#4617 = PCURVE('',#4618,#4623);
#4618 = PLANE('',#4619);
#4619 = AXIS2_PLACEMENT_3D('',#4620,#4621,#4622);
#4620 = CARTESIAN_POINT('',(53.,-3.75,-4.2));
#4621 = DIRECTION('',(1.,0.,0.));
#4622 = DIRECTION('',(0.,0.,1.));
#4623 = DEFINITIONAL_REPRESENTATION('',(#4624),#4628);
#4624 = LINE('',#4625,#4626);
#4625 = CARTESIAN_POINT('',(0.,0.));
#4626 = VECTOR('',#4627,1.);
#4627 = DIRECTION('',(0.,-1.));
#4628 = ( GEOMETRIC_REPRESENTATION_CONTEXT(2) 
PARAMETRIC_REPRESENTATION_CONTEXT() REPRESENTATION_CONTEXT('2D SPACE',''
  ) );
#4629 = ORIENTED_EDGE('',*,*,#4630,.T.);
#4630 = EDGE_CURVE('',#4603,#4189,#4631,.T.);
#4631 = SURFACE_CURVE('',#4632,(#4637,#4644),.PCURVE_S1.);
#4632 = CIRCLE('',#4633,3.55);
#4633 = AXIS2_PLACEMENT_3D('',#4634,#4635,#4636);
#4634 = CARTESIAN_POINT('',(49.45,0.2,-4.2));
#4635 = DIRECTION('',(0.,0.,1.));
#4636 = DIRECTION('',(0.,-1.,0.));
#4637 = PCURVE('',#3251,#4638);
#4638 = DEFINITIONAL_REPRESENTATION('',(#4639),#4643);
#4639 = CIRCLE('',#4640,3.55);
#4640 = AXIS2_PLACEMENT_2D('',#4641,#4642);
#4641 = CARTESIAN_POINT('',(9.45,3.95));
#4642 = DIRECTION('',(0.,-1.));
#4643 = ( GEOMETRIC_REPRESENTATION_CONTEXT(2) 
PARAMETRIC_REPRESENTATION_CONTEXT() REPRESENTATION_CONTEXT('2D SPACE',''
  ) );
#4644 = PCURVE('',#4204,#4645);
#4645 = DEFINITIONAL_REPRESENTATION('',(#4646),#4650);
#4646 = LINE('',#4647,#4648);
#4647 = CARTESIAN_POINT('',(-1.570796326795,0.));
#4648 = VECTOR('',#4649,1.);
#4649 = DIRECTION('',(1.,0.));
#4650 = ( GEOMETRIC_REPRESENTATION_CONTEXT(2) 
PARAMETRIC_REPRESENTATION_CONTEXT() REPRESENTATION_CONTEXT('2D SPACE',''
  ) );
#4651 = FACE_BOUND('',#4652,.F.);
#4652 = EDGE_LOOP('',(#4653));
#4653 = ORIENTED_EDGE('',*,*,#4654,.F.);
#4654 = EDGE_CURVE('',#4655,#4655,#4657,.T.);
#4655 = VERTEX_POINT('',#4656);
#4656 = CARTESIAN_POINT('',(50.95,-2.32682891838E-16,-4.2));
#4657 = SURFACE_CURVE('',#4658,(#4663,#4670),.PCURVE_S1.);
#4658 = CIRCLE('',#4659,0.95);
#4659 = AXIS2_PLACEMENT_3D('',#4660,#4661,#4662);
#4660 = CARTESIAN_POINT('',(50.,0.,-4.2));
#4661 = DIRECTION('',(0.,0.,1.));
#4662 = DIRECTION('',(1.,0.,-0.));
#4663 = PCURVE('',#3251,#4664);
#4664 = DEFINITIONAL_REPRESENTATION('',(#4665),#4669);
#4665 = CIRCLE('',#4666,0.95);
#4666 = AXIS2_PLACEMENT_2D('',#4667,#4668);
#4667 = CARTESIAN_POINT('',(10.,3.75));
#4668 = DIRECTION('',(1.,0.));
#4669 = ( GEOMETRIC_REPRESENTATION_CONTEXT(2) 
PARAMETRIC_REPRESENTATION_CONTEXT() REPRESENTATION_CONTEXT('2D SPACE',''
  ) );
#4670 = PCURVE('',#4671,#4676);
#4671 = CYLINDRICAL_SURFACE('',#4672,0.95);
#4672 = AXIS2_PLACEMENT_3D('',#4673,#4674,#4675);
#4673 = CARTESIAN_POINT('',(50.,0.,-4.7));
#4674 = DIRECTION('',(0.,0.,1.));
#4675 = DIRECTION('',(1.,0.,0.));
#4676 = DEFINITIONAL_REPRESENTATION('',(#4677),#4681);
#4677 = LINE('',#4678,#4679);
#4678 = CARTESIAN_POINT('',(0.,0.5));
#4679 = VECTOR('',#4680,1.);
#4680 = DIRECTION('',(1.,0.));
#4681 = ( GEOMETRIC_REPRESENTATION_CONTEXT(2) 
PARAMETRIC_REPRESENTATION_CONTEXT() REPRESENTATION_CONTEXT('2D SPACE',''
  ) );
#4682 = ADVANCED_FACE('',(#4683),#3377,.F.);
#4683 = FACE_BOUND('',#4684,.F.);
#4684 = EDGE_LOOP('',(#4685,#4686,#4687));
#4685 = ORIENTED_EDGE('',*,*,#3360,.F.);
#4686 = ORIENTED_EDGE('',*,*,#3514,.F.);
#4687 = ORIENTED_EDGE('',*,*,#4474,.T.);
#4688 = ADVANCED_FACE('',(#4689,#4772),#3479,.T.);
#4689 = FACE_BOUND('',#4690,.T.);
#4690 = EDGE_LOOP('',(#4691,#4692,#4693,#4694,#4722,#4750));
#4691 = ORIENTED_EDGE('',*,*,#4262,.F.);
#4692 = ORIENTED_EDGE('',*,*,#3463,.F.);
#4693 = ORIENTED_EDGE('',*,*,#4496,.T.);
#4694 = ORIENTED_EDGE('',*,*,#4695,.F.);
#4695 = EDGE_CURVE('',#4696,#4497,#4698,.T.);
#4696 = VERTEX_POINT('',#4697);
#4697 = CARTESIAN_POINT('',(53.,-0.2,7.2));
#4698 = SURFACE_CURVE('',#4699,(#4704,#4715),.PCURVE_S1.);
#4699 = CIRCLE('',#4700,3.55);
#4700 = AXIS2_PLACEMENT_3D('',#4701,#4702,#4703);
#4701 = CARTESIAN_POINT('',(49.45,-0.2,7.2));
#4702 = DIRECTION('',(-0.,-0.,-1.));
#4703 = DIRECTION('',(0.,-1.,0.));
#4704 = PCURVE('',#3479,#4705);
#4705 = DEFINITIONAL_REPRESENTATION('',(#4706),#4714);
#4706 = ( BOUNDED_CURVE() B_SPLINE_CURVE(2,(#4707,#4708,#4709,#4710,
#4711,#4712,#4713),.UNSPECIFIED.,.T.,.F.) B_SPLINE_CURVE_WITH_KNOTS((1,2
    ,2,2,2,1),(-2.094395102393,0.,2.094395102393,4.188790204786,
6.28318530718,8.377580409573),.UNSPECIFIED.) CURVE() 
GEOMETRIC_REPRESENTATION_ITEM() RATIONAL_B_SPLINE_CURVE((1.,0.5,1.,0.5,
1.,0.5,1.)) REPRESENTATION_ITEM('') );
#4707 = CARTESIAN_POINT('',(9.45,-8.881784197001E-16));
#4708 = CARTESIAN_POINT('',(3.30121963313,-8.881784197001E-16));
#4709 = CARTESIAN_POINT('',(6.375609816565,5.325));
#4710 = CARTESIAN_POINT('',(9.45,10.65));
#4711 = CARTESIAN_POINT('',(12.524390183435,5.325));
#4712 = CARTESIAN_POINT('',(15.59878036687,4.440892098501E-15));
#4713 = CARTESIAN_POINT('',(9.45,-8.881784197001E-16));
#4714 = ( GEOMETRIC_REPRESENTATION_CONTEXT(2) 
PARAMETRIC_REPRESENTATION_CONTEXT() REPRESENTATION_CONTEXT('2D SPACE',''
  ) );
#4715 = PCURVE('',#4535,#4716);
#4716 = DEFINITIONAL_REPRESENTATION('',(#4717),#4721);
#4717 = LINE('',#4718,#4719);
#4718 = CARTESIAN_POINT('',(4.712388980385,2.5));
#4719 = VECTOR('',#4720,1.);
#4720 = DIRECTION('',(-1.,0.));
#4721 = ( GEOMETRIC_REPRESENTATION_CONTEXT(2) 
PARAMETRIC_REPRESENTATION_CONTEXT() REPRESENTATION_CONTEXT('2D SPACE',''
  ) );
#4722 = ORIENTED_EDGE('',*,*,#4723,.T.);
#4723 = EDGE_CURVE('',#4696,#4724,#4726,.T.);
#4724 = VERTEX_POINT('',#4725);
#4725 = CARTESIAN_POINT('',(53.,0.2,7.2));
#4726 = SURFACE_CURVE('',#4727,(#4731,#4738),.PCURVE_S1.);
#4727 = LINE('',#4728,#4729);
#4728 = CARTESIAN_POINT('',(53.,-3.75,7.2));
#4729 = VECTOR('',#4730,1.);
#4730 = DIRECTION('',(0.,1.,0.));
#4731 = PCURVE('',#3479,#4732);
#4732 = DEFINITIONAL_REPRESENTATION('',(#4733),#4737);
#4733 = LINE('',#4734,#4735);
#4734 = CARTESIAN_POINT('',(13.,0.));
#4735 = VECTOR('',#4736,1.);
#4736 = DIRECTION('',(0.,1.));
#4737 = ( GEOMETRIC_REPRESENTATION_CONTEXT(2) 
PARAMETRIC_REPRESENTATION_CONTEXT() REPRESENTATION_CONTEXT('2D SPACE',''
  ) );
#4738 = PCURVE('',#4739,#4744);
#4739 = PLANE('',#4740);
#4740 = AXIS2_PLACEMENT_3D('',#4741,#4742,#4743);
#4741 = CARTESIAN_POINT('',(53.,-3.75,4.7));
#4742 = DIRECTION('',(1.,0.,0.));
#4743 = DIRECTION('',(0.,0.,1.));
#4744 = DEFINITIONAL_REPRESENTATION('',(#4745),#4749);
#4745 = LINE('',#4746,#4747);
#4746 = CARTESIAN_POINT('',(2.5,0.));
#4747 = VECTOR('',#4748,1.);
#4748 = DIRECTION('',(0.,-1.));
#4749 = ( GEOMETRIC_REPRESENTATION_CONTEXT(2) 
PARAMETRIC_REPRESENTATION_CONTEXT() REPRESENTATION_CONTEXT('2D SPACE',''
  ) );
#4750 = ORIENTED_EDGE('',*,*,#4751,.T.);
#4751 = EDGE_CURVE('',#4724,#4263,#4752,.T.);
#4752 = SURFACE_CURVE('',#4753,(#4758,#4765),.PCURVE_S1.);
#4753 = CIRCLE('',#4754,3.55);
#4754 = AXIS2_PLACEMENT_3D('',#4755,#4756,#4757);
#4755 = CARTESIAN_POINT('',(49.45,0.2,7.2));
#4756 = DIRECTION('',(0.,0.,1.));
#4757 = DIRECTION('',(0.,-1.,0.));
#4758 = PCURVE('',#3479,#4759);
#4759 = DEFINITIONAL_REPRESENTATION('',(#4760),#4764);
#4760 = CIRCLE('',#4761,3.55);
#4761 = AXIS2_PLACEMENT_2D('',#4762,#4763);
#4762 = CARTESIAN_POINT('',(9.45,3.95));
#4763 = DIRECTION('',(0.,-1.));
#4764 = ( GEOMETRIC_REPRESENTATION_CONTEXT(2) 
PARAMETRIC_REPRESENTATION_CONTEXT() REPRESENTATION_CONTEXT('2D SPACE',''
  ) );
#4765 = PCURVE('',#4301,#4766);
#4766 = DEFINITIONAL_REPRESENTATION('',(#4767),#4771);
#4767 = LINE('',#4768,#4769);
#4768 = CARTESIAN_POINT('',(-1.570796326795,2.5));
#4769 = VECTOR('',#4770,1.);
#4770 = DIRECTION('',(1.,0.));
#4771 = ( GEOMETRIC_REPRESENTATION_CONTEXT(2) 
PARAMETRIC_REPRESENTATION_CONTEXT() REPRESENTATION_CONTEXT('2D SPACE',''
  ) );
#4772 = FACE_BOUND('',#4773,.T.);
#4773 = EDGE_LOOP('',(#4774));
#4774 = ORIENTED_EDGE('',*,*,#4775,.F.);
#4775 = EDGE_CURVE('',#4776,#4776,#4778,.T.);
#4776 = VERTEX_POINT('',#4777);
#4777 = CARTESIAN_POINT('',(50.95,-2.32682891838E-16,7.2));
#4778 = SURFACE_CURVE('',#4779,(#4784,#4791),.PCURVE_S1.);
#4779 = CIRCLE('',#4780,0.95);
#4780 = AXIS2_PLACEMENT_3D('',#4781,#4782,#4783);
#4781 = CARTESIAN_POINT('',(50.,0.,7.2));
#4782 = DIRECTION('',(0.,0.,1.));
#4783 = DIRECTION('',(1.,0.,-0.));
#4784 = PCURVE('',#3479,#4785);
#4785 = DEFINITIONAL_REPRESENTATION('',(#4786),#4790);
#4786 = CIRCLE('',#4787,0.95);
#4787 = AXIS2_PLACEMENT_2D('',#4788,#4789);
#4788 = CARTESIAN_POINT('',(10.,3.75));
#4789 = DIRECTION('',(1.,0.));
#4790 = ( GEOMETRIC_REPRESENTATION_CONTEXT(2) 
PARAMETRIC_REPRESENTATION_CONTEXT() REPRESENTATION_CONTEXT('2D SPACE',''
  ) );
#4791 = PCURVE('',#4792,#4797);
#4792 = CYLINDRICAL_SURFACE('',#4793,0.95);
#4793 = AXIS2_PLACEMENT_3D('',#4794,#4795,#4796);
#4794 = CARTESIAN_POINT('',(50.,0.,-4.7));
#4795 = DIRECTION('',(0.,0.,1.));
#4796 = DIRECTION('',(1.,0.,0.));
#4797 = DEFINITIONAL_REPRESENTATION('',(#4798),#4802);
#4798 = LINE('',#4799,#4800);
#4799 = CARTESIAN_POINT('',(0.,11.9));
#4800 = VECTOR('',#4801,1.);
#4801 = DIRECTION('',(1.,0.));
#4802 = ( GEOMETRIC_REPRESENTATION_CONTEXT(2) 
PARAMETRIC_REPRESENTATION_CONTEXT() REPRESENTATION_CONTEXT('2D SPACE',''
  ) );
#4803 = ADVANCED_FACE('',(#4804),#3585,.F.);
#4804 = FACE_BOUND('',#4805,.F.);
#4805 = EDGE_LOOP('',(#4806,#4829,#4830,#4831,#4854,#6197));
#4806 = ORIENTED_EDGE('',*,*,#4807,.F.);
#4807 = EDGE_CURVE('',#3564,#4808,#4810,.T.);
#4808 = VERTEX_POINT('',#4809);
#4809 = CARTESIAN_POINT('',(57.448746656494,0.25,9.));
#4810 = SURFACE_CURVE('',#4811,(#4815,#4822),.PCURVE_S1.);
#4811 = LINE('',#4812,#4813);
#4812 = CARTESIAN_POINT('',(17.,0.25,9.));
#4813 = VECTOR('',#4814,1.);
#4814 = DIRECTION('',(1.,0.,0.));
#4815 = PCURVE('',#3585,#4816);
#4816 = DEFINITIONAL_REPRESENTATION('',(#4817),#4821);
#4817 = LINE('',#4818,#4819);
#4818 = CARTESIAN_POINT('',(0.,0.5));
#4819 = VECTOR('',#4820,1.);
#4820 = DIRECTION('',(1.,0.));
#4821 = ( GEOMETRIC_REPRESENTATION_CONTEXT(2) 
PARAMETRIC_REPRESENTATION_CONTEXT() REPRESENTATION_CONTEXT('2D SPACE',''
  ) );
#4822 = PCURVE('',#3620,#4823);
#4823 = DEFINITIONAL_REPRESENTATION('',(#4824),#4828);
#4824 = LINE('',#4825,#4826);
#4825 = CARTESIAN_POINT('',(0.,0.));
#4826 = VECTOR('',#4827,1.);
#4827 = DIRECTION('',(0.,1.));
#4828 = ( GEOMETRIC_REPRESENTATION_CONTEXT(2) 
PARAMETRIC_REPRESENTATION_CONTEXT() REPRESENTATION_CONTEXT('2D SPACE',''
  ) );
#4829 = ORIENTED_EDGE('',*,*,#3563,.T.);
#4830 = ORIENTED_EDGE('',*,*,#3788,.T.);
#4831 = ORIENTED_EDGE('',*,*,#4832,.T.);
#4832 = EDGE_CURVE('',#3755,#4833,#4835,.T.);
#4833 = VERTEX_POINT('',#4834);
#4834 = CARTESIAN_POINT('',(57.448657142116,-0.25,9.));
#4835 = SURFACE_CURVE('',#4836,(#4840,#4847),.PCURVE_S1.);
#4836 = LINE('',#4837,#4838);
#4837 = CARTESIAN_POINT('',(17.,-0.25,9.));
#4838 = VECTOR('',#4839,1.);
#4839 = DIRECTION('',(1.,0.,0.));
#4840 = PCURVE('',#3585,#4841);
#4841 = DEFINITIONAL_REPRESENTATION('',(#4842),#4846);
#4842 = LINE('',#4843,#4844);
#4843 = CARTESIAN_POINT('',(0.,0.));
#4844 = VECTOR('',#4845,1.);
#4845 = DIRECTION('',(1.,0.));
#4846 = ( GEOMETRIC_REPRESENTATION_CONTEXT(2) 
PARAMETRIC_REPRESENTATION_CONTEXT() REPRESENTATION_CONTEXT('2D SPACE',''
  ) );
#4847 = PCURVE('',#3774,#4848);
#4848 = DEFINITIONAL_REPRESENTATION('',(#4849),#4853);
#4849 = LINE('',#4850,#4851);
#4850 = CARTESIAN_POINT('',(0.,0.));
#4851 = VECTOR('',#4852,1.);
#4852 = DIRECTION('',(0.,1.));
#4853 = ( GEOMETRIC_REPRESENTATION_CONTEXT(2) 
PARAMETRIC_REPRESENTATION_CONTEXT() REPRESENTATION_CONTEXT('2D SPACE',''
  ) );
#4854 = ORIENTED_EDGE('',*,*,#4855,.F.);
#4855 = EDGE_CURVE('',#4856,#4833,#4858,.T.);
#4856 = VERTEX_POINT('',#4857);
#4857 = CARTESIAN_POINT('',(57.418928451928,-2.937002041309E-18,9.));
#4858 = SURFACE_CURVE('',#4859,(#4865,#4874),.PCURVE_S1.);
#4859 = B_SPLINE_CURVE_WITH_KNOTS('',4,(#4860,#4861,#4862,#4863,#4864),
  .UNSPECIFIED.,.F.,.F.,(5,5),(0.,1.),.PIECEWISE_BEZIER_KNOTS.);
#4860 = CARTESIAN_POINT('',(57.418928451928,0.,9.));
#4861 = CARTESIAN_POINT('',(57.419360636874,-6.30720092122E-02,9.));
#4862 = CARTESIAN_POINT('',(57.42413076324,-0.126140078873,9.));
#4863 = CARTESIAN_POINT('',(57.433860607255,-0.188678957173,9.));
#4864 = CARTESIAN_POINT('',(57.448657142116,-0.25,9.));
#4865 = PCURVE('',#3585,#4866);
#4866 = DEFINITIONAL_REPRESENTATION('',(#4867),#4873);
#4867 = B_SPLINE_CURVE_WITH_KNOTS('',4,(#4868,#4869,#4870,#4871,#4872),
  .UNSPECIFIED.,.F.,.F.,(5,5),(0.,1.),.PIECEWISE_BEZIER_KNOTS.);
#4868 = CARTESIAN_POINT('',(40.418928451928,0.25));
#4869 = CARTESIAN_POINT('',(40.419360636874,0.186927990788));
#4870 = CARTESIAN_POINT('',(40.42413076324,0.123859921127));
#4871 = CARTESIAN_POINT('',(40.433860607255,6.132104282661E-02));
#4872 = CARTESIAN_POINT('',(40.448657142116,0.));
#4873 = ( GEOMETRIC_REPRESENTATION_CONTEXT(2) 
PARAMETRIC_REPRESENTATION_CONTEXT() REPRESENTATION_CONTEXT('2D SPACE',''
  ) );
#4874 = PCURVE('',#4875,#6189);
#4875 = ( BOUNDED_SURFACE() B_SPLINE_SURFACE(3,7,(
    (#4876,#4877,#4878,#4879,#4880,#4881,#4882,#4883,#4884,#4885,#4886
      ,#4887,#4888)
    ,(#4889,#4890,#4891,#4892,#4893,#4894,#4895,#4896,#4897,#4898,#4899
      ,#4900,#4901)
    ,(#4902,#4903,#4904,#4905,#4906,#4907,#4908,#4909,#4910,#4911,#4912
      ,#4913,#4914)
    ,(#4915,#4916,#4917,#4918,#4919,#4920,#4921,#4922,#4923,#4924,#4925
      ,#4926,#4927)
    ,(#4928,#4929,#4930,#4931,#4932,#4933,#4934,#4935,#4936,#4937,#4938
      ,#4939,#4940)
    ,(#4941,#4942,#4943,#4944,#4945,#4946,#4947,#4948,#4949,#4950,#4951
      ,#4952,#4953)
    ,(#4954,#4955,#4956,#4957,#4958,#4959,#4960,#4961,#4962,#4963,#4964
      ,#4965,#4966)
    ,(#4967,#4968,#4969,#4970,#4971,#4972,#4973,#4974,#4975,#4976,#4977
      ,#4978,#4979)
    ,(#4980,#4981,#4982,#4983,#4984,#4985,#4986,#4987,#4988,#4989,#4990
      ,#4991,#4992)
    ,(#4993,#4994,#4995,#4996,#4997,#4998,#4999,#5000,#5001,#5002,#5003
      ,#5004,#5005)
    ,(#5006,#5007,#5008,#5009,#5010,#5011,#5012,#5013,#5014,#5015,#5016
      ,#5017,#5018)
    ,(#5019,#5020,#5021,#5022,#5023,#5024,#5025,#5026,#5027,#5028,#5029
      ,#5030,#5031)
    ,(#5032,#5033,#5034,#5035,#5036,#5037,#5038,#5039,#5040,#5041,#5042
      ,#5043,#5044)
    ,(#5045,#5046,#5047,#5048,#5049,#5050,#5051,#5052,#5053,#5054,#5055
      ,#5056,#5057)
    ,(#5058,#5059,#5060,#5061,#5062,#5063,#5064,#5065,#5066,#5067,#5068
      ,#5069,#5070)
    ,(#5071,#5072,#5073,#5074,#5075,#5076,#5077,#5078,#5079,#5080,#5081
      ,#5082,#5083)
    ,(#5084,#5085,#5086,#5087,#5088,#5089,#5090,#5091,#5092,#5093,#5094
      ,#5095,#5096)
    ,(#5097,#5098,#5099,#5100,#5101,#5102,#5103,#5104,#5105,#5106,#5107
      ,#5108,#5109)
    ,(#5110,#5111,#5112,#5113,#5114,#5115,#5116,#5117,#5118,#5119,#5120
      ,#5121,#5122)
    ,(#5123,#5124,#5125,#5126,#5127,#5128,#5129,#5130,#5131,#5132,#5133
      ,#5134,#5135)
    ,(#5136,#5137,#5138,#5139,#5140,#5141,#5142,#5143,#5144,#5145,#5146
      ,#5147,#5148)
    ,(#5149,#5150,#5151,#5152,#5153,#5154,#5155,#5156,#5157,#5158,#5159
      ,#5160,#5161)
    ,(#5162,#5163,#5164,#5165,#5166,#5167,#5168,#5169,#5170,#5171,#5172
      ,#5173,#5174)
    ,(#5175,#5176,#5177,#5178,#5179,#5180,#5181,#5182,#5183,#5184,#5185
      ,#5186,#5187)
    ,(#5188,#5189,#5190,#5191,#5192,#5193,#5194,#5195,#5196,#5197,#5198
      ,#5199,#5200)
    ,(#5201,#5202,#5203,#5204,#5205,#5206,#5207,#5208,#5209,#5210,#5211
      ,#5212,#5213)
    ,(#5214,#5215,#5216,#5217,#5218,#5219,#5220,#5221,#5222,#5223,#5224
      ,#5225,#5226)
    ,(#5227,#5228,#5229,#5230,#5231,#5232,#5233,#5234,#5235,#5236,#5237
      ,#5238,#5239)
    ,(#5240,#5241,#5242,#5243,#5244,#5245,#5246,#5247,#5248,#5249,#5250
      ,#5251,#5252)
    ,(#5253,#5254,#5255,#5256,#5257,#5258,#5259,#5260,#5261,#5262,#5263
      ,#5264,#5265)
    ,(#5266,#5267,#5268,#5269,#5270,#5271,#5272,#5273,#5274,#5275,#5276
      ,#5277,#5278)
    ,(#5279,#5280,#5281,#5282,#5283,#5284,#5285,#5286,#5287,#5288,#5289
      ,#5290,#5291)
    ,(#5292,#5293,#5294,#5295,#5296,#5297,#5298,#5299,#5300,#5301,#5302
      ,#5303,#5304)
    ,(#5305,#5306,#5307,#5308,#5309,#5310,#5311,#5312,#5313,#5314,#5315
      ,#5316,#5317)
    ,(#5318,#5319,#5320,#5321,#5322,#5323,#5324,#5325,#5326,#5327,#5328
      ,#5329,#5330)
    ,(#5331,#5332,#5333,#5334,#5335,#5336,#5337,#5338,#5339,#5340,#5341
      ,#5342,#5343)
    ,(#5344,#5345,#5346,#5347,#5348,#5349,#5350,#5351,#5352,#5353,#5354
      ,#5355,#5356)
    ,(#5357,#5358,#5359,#5360,#5361,#5362,#5363,#5364,#5365,#5366,#5367
      ,#5368,#5369)
    ,(#5370,#5371,#5372,#5373,#5374,#5375,#5376,#5377,#5378,#5379,#5380
      ,#5381,#5382)
    ,(#5383,#5384,#5385,#5386,#5387,#5388,#5389,#5390,#5391,#5392,#5393
      ,#5394,#5395)
    ,(#5396,#5397,#5398,#5399,#5400,#5401,#5402,#5403,#5404,#5405,#5406
      ,#5407,#5408)
    ,(#5409,#5410,#5411,#5412,#5413,#5414,#5415,#5416,#5417,#5418,#5419
      ,#5420,#5421)
    ,(#5422,#5423,#5424,#5425,#5426,#5427,#5428,#5429,#5430,#5431,#5432
      ,#5433,#5434)
    ,(#5435,#5436,#5437,#5438,#5439,#5440,#5441,#5442,#5443,#5444,#5445
      ,#5446,#5447)
    ,(#5448,#5449,#5450,#5451,#5452,#5453,#5454,#5455,#5456,#5457,#5458
      ,#5459,#5460)
    ,(#5461,#5462,#5463,#5464,#5465,#5466,#5467,#5468,#5469,#5470,#5471
      ,#5472,#5473)
    ,(#5474,#5475,#5476,#5477,#5478,#5479,#5480,#5481,#5482,#5483,#5484
      ,#5485,#5486)
    ,(#5487,#5488,#5489,#5490,#5491,#5492,#5493,#5494,#5495,#5496,#5497
      ,#5498,#5499)
    ,(#5500,#5501,#5502,#5503,#5504,#5505,#5506,#5507,#5508,#5509,#5510
      ,#5511,#5512)
    ,(#5513,#5514,#5515,#5516,#5517,#5518,#5519,#5520,#5521,#5522,#5523
      ,#5524,#5525)
    ,(#5526,#5527,#5528,#5529,#5530,#5531,#5532,#5533,#5534,#5535,#5536
      ,#5537,#5538)
    ,(#5539,#5540,#5541,#5542,#5543,#5544,#5545,#5546,#5547,#5548,#5549
      ,#5550,#5551)
    ,(#5552,#5553,#5554,#5555,#5556,#5557,#5558,#5559,#5560,#5561,#5562
      ,#5563,#5564)
    ,(#5565,#5566,#5567,#5568,#5569,#5570,#5571,#5572,#5573,#5574,#5575
      ,#5576,#5577)
    ,(#5578,#5579,#5580,#5581,#5582,#5583,#5584,#5585,#5586,#5587,#5588
      ,#5589,#5590)
    ,(#5591,#5592,#5593,#5594,#5595,#5596,#5597,#5598,#5599,#5600,#5601
      ,#5602,#5603)
    ,(#5604,#5605,#5606,#5607,#5608,#5609,#5610,#5611,#5612,#5613,#5614
      ,#5615,#5616)
    ,(#5617,#5618,#5619,#5620,#5621,#5622,#5623,#5624,#5625,#5626,#5627
      ,#5628,#5629)
    ,(#5630,#5631,#5632,#5633,#5634,#5635,#5636,#5637,#5638,#5639,#5640
      ,#5641,#5642)
    ,(#5643,#5644,#5645,#5646,#5647,#5648,#5649,#5650,#5651,#5652,#5653
      ,#5654,#5655)
    ,(#5656,#5657,#5658,#5659,#5660,#5661,#5662,#5663,#5664,#5665,#5666
      ,#5667,#5668)
    ,(#5669,#5670,#5671,#5672,#5673,#5674,#5675,#5676,#5677,#5678,#5679
      ,#5680,#5681)
    ,(#5682,#5683,#5684,#5685,#5686,#5687,#5688,#5689,#5690,#5691,#5692
      ,#5693,#5694)
    ,(#5695,#5696,#5697,#5698,#5699,#5700,#5701,#5702,#5703,#5704,#5705
      ,#5706,#5707)
    ,(#5708,#5709,#5710,#5711,#5712,#5713,#5714,#5715,#5716,#5717,#5718
      ,#5719,#5720)
    ,(#5721,#5722,#5723,#5724,#5725,#5726,#5727,#5728,#5729,#5730,#5731
      ,#5732,#5733)
    ,(#5734,#5735,#5736,#5737,#5738,#5739,#5740,#5741,#5742,#5743,#5744
      ,#5745,#5746)
    ,(#5747,#5748,#5749,#5750,#5751,#5752,#5753,#5754,#5755,#5756,#5757
      ,#5758,#5759)
    ,(#5760,#5761,#5762,#5763,#5764,#5765,#5766,#5767,#5768,#5769,#5770
      ,#5771,#5772)
    ,(#5773,#5774,#5775,#5776,#5777,#5778,#5779,#5780,#5781,#5782,#5783
      ,#5784,#5785)
    ,(#5786,#5787,#5788,#5789,#5790,#5791,#5792,#5793,#5794,#5795,#5796
      ,#5797,#5798)
    ,(#5799,#5800,#5801,#5802,#5803,#5804,#5805,#5806,#5807,#5808,#5809
      ,#5810,#5811)
    ,(#5812,#5813,#5814,#5815,#5816,#5817,#5818,#5819,#5820,#5821,#5822
      ,#5823,#5824)
    ,(#5825,#5826,#5827,#5828,#5829,#5830,#5831,#5832,#5833,#5834,#5835
      ,#5836,#5837)
    ,(#5838,#5839,#5840,#5841,#5842,#5843,#5844,#5845,#5846,#5847,#5848
      ,#5849,#5850)
    ,(#5851,#5852,#5853,#5854,#5855,#5856,#5857,#5858,#5859,#5860,#5861
      ,#5862,#5863)
    ,(#5864,#5865,#5866,#5867,#5868,#5869,#5870,#5871,#5872,#5873,#5874
      ,#5875,#5876)
    ,(#5877,#5878,#5879,#5880,#5881,#5882,#5883,#5884,#5885,#5886,#5887
      ,#5888,#5889)
    ,(#5890,#5891,#5892,#5893,#5894,#5895,#5896,#5897,#5898,#5899,#5900
      ,#5901,#5902)
    ,(#5903,#5904,#5905,#5906,#5907,#5908,#5909,#5910,#5911,#5912,#5913
      ,#5914,#5915)
    ,(#5916,#5917,#5918,#5919,#5920,#5921,#5922,#5923,#5924,#5925,#5926
      ,#5927,#5928)
    ,(#5929,#5930,#5931,#5932,#5933,#5934,#5935,#5936,#5937,#5938,#5939
      ,#5940,#5941)
    ,(#5942,#5943,#5944,#5945,#5946,#5947,#5948,#5949,#5950,#5951,#5952
      ,#5953,#5954)
    ,(#5955,#5956,#5957,#5958,#5959,#5960,#5961,#5962,#5963,#5964,#5965
      ,#5966,#5967)
    ,(#5968,#5969,#5970,#5971,#5972,#5973,#5974,#5975,#5976,#5977,#5978
      ,#5979,#5980)
    ,(#5981,#5982,#5983,#5984,#5985,#5986,#5987,#5988,#5989,#5990,#5991
      ,#5992,#5993)
    ,(#5994,#5995,#5996,#5997,#5998,#5999,#6000,#6001,#6002,#6003,#6004
      ,#6005,#6006)
    ,(#6007,#6008,#6009,#6010,#6011,#6012,#6013,#6014,#6015,#6016,#6017
      ,#6018,#6019)
    ,(#6020,#6021,#6022,#6023,#6024,#6025,#6026,#6027,#6028,#6029,#6030
      ,#6031,#6032)
    ,(#6033,#6034,#6035,#6036,#6037,#6038,#6039,#6040,#6041,#6042,#6043
      ,#6044,#6045)
    ,(#6046,#6047,#6048,#6049,#6050,#6051,#6052,#6053,#6054,#6055,#6056
      ,#6057,#6058)
    ,(#6059,#6060,#6061,#6062,#6063,#6064,#6065,#6066,#6067,#6068,#6069
      ,#6070,#6071)
    ,(#6072,#6073,#6074,#6075,#6076,#6077,#6078,#6079,#6080,#6081,#6082
      ,#6083,#6084)
    ,(#6085,#6086,#6087,#6088,#6089,#6090,#6091,#6092,#6093,#6094,#6095
      ,#6096,#6097)
    ,(#6098,#6099,#6100,#6101,#6102,#6103,#6104,#6105,#6106,#6107,#6108
      ,#6109,#6110)
    ,(#6111,#6112,#6113,#6114,#6115,#6116,#6117,#6118,#6119,#6120,#6121
      ,#6122,#6123)
    ,(#6124,#6125,#6126,#6127,#6128,#6129,#6130,#6131,#6132,#6133,#6134
      ,#6135,#6136)
    ,(#6137,#6138,#6139,#6140,#6141,#6142,#6143,#6144,#6145,#6146,#6147
      ,#6148,#6149)
    ,(#6150,#6151,#6152,#6153,#6154,#6155,#6156,#6157,#6158,#6159,#6160
      ,#6161,#6162)
    ,(#6163,#6164,#6165,#6166,#6167,#6168,#6169,#6170,#6171,#6172,#6173
      ,#6174,#6175)
    ,(#6176,#6177,#6178,#6179,#6180,#6181,#6182,#6183,#6184,#6185,#6186
      ,#6187,#6188
)),.UNSPECIFIED.,.T.,.F.,.F.) B_SPLINE_SURFACE_WITH_KNOTS((4,1,1,1,1,1,1
    ,1,1,1,1,1,1,1,1,1,1,1,1,1,1,1,1,1,1,1,1,1,1,1,1,1,1,1,1,1,1,1,1,1,1
    ,1,1,1,1,1,1,1,1,1,1,1,1,1,1,1,1,1,1,1,1,1,1,1,1,1,1,1,1,1,1,1,1,1,1
    ,1,1,1,1,1,1,1,1,1,1,1,1,1,1,1,1,1,1,1,1,1,1,1,4),(8,5,8),(0.,
    4.723282016847E-03,9.514454336009E-03,1.455684604926E-02,
    2.000091975438E-02,2.595818016451E-02,3.250479129167E-02,
    3.96887894112E-02,4.753708013963E-02,5.606092810048E-02,
    6.525988994889E-02,7.512451417629E-02,8.563815405804E-02,
    9.677817025697E-02,0.108516725585,0.120821316956,0.133655148333,
    0.146977418882,0.16074357851,0.174905585911,0.189412190531,
    0.204209248955,0.219240077706,0.234445838157,0.249765945186,
    0.26513848898,0.28050065887,0.295789158863,0.310940606169,
    0.325891906261,0.340580600428,0.354945184105,0.368925396403,
    0.382462482971,0.395499435671,0.407981213444,0.419854949216,
    0.431070147802,0.441578879446,0.451335972959,0.460299211368,
    0.468429531632,0.47569122832,0.482052159426,0.487483950692,
    0.491962193245,0.49546662814,0.497981310719,0.499494747627,0.5,
    0.500505252373,0.502018689281,0.50453337186,0.508037806755,
    0.512516049308,0.517947840574,0.52430877168,0.531570468368,
    0.539700788632,0.548664027041,0.558421120554,0.568929852198,
    0.580145050784,0.592018786556,0.604500564329,0.617537517029,
    0.631074603597,0.645054815895,0.659419399572,0.674108093739,
    0.689059393831,0.704210841137,0.71949934113,0.73486151102,
    0.750234054814,0.765554161843,0.780759922294,0.795790751045,
    0.810587809469,0.825094414089,0.83925642149,0.853022581118,
    0.866344851667,0.879178683044,0.891483274415,0.903221829743,
    0.914361845942,0.924875485824,0.934740110051,0.9439390719,
    0.95246291986,0.960311210589,0.967495208708,0.974041819835,
    0.979999080246,0.985443153951,0.990485545664,0.995276717983,1.),(0.,
0.5,1.),.UNSPECIFIED.) GEOMETRIC_REPRESENTATION_ITEM() 
RATIONAL_B_SPLINE_SURFACE((
    (1.,1.,1.000000000001,0.999999999999,1.000000000001,1.,1.,1.,1.
      ,0.999999999999,1.,1.,1.)
    ,(1.,1.,1.000000000001,0.999999999999,1.000000000001,1.,1.,1.,1.
      ,0.999999999999,1.,1.,1.)
    ,(1.,1.,1.000000000001,0.999999999999,1.000000000001,1.,1.,1.,1.
      ,0.999999999999,1.,1.,1.)
    ,(1.,1.,1.000000000001,0.999999999999,1.000000000001,1.,1.,1.,1.
      ,0.999999999999,1.,1.,1.)
    ,(1.,1.,1.000000000001,0.999999999999,1.000000000001,1.,1.,1.,1.
      ,0.999999999999,1.,1.,1.)
    ,(1.,1.,1.000000000001,0.999999999999,1.000000000001,1.,1.,1.,1.
      ,0.999999999999,1.,1.,1.)
    ,(1.,1.,1.000000000001,0.999999999999,1.000000000001,1.,1.,1.,1.
      ,0.999999999999,1.,1.,1.)
    ,(1.,1.,1.000000000001,0.999999999999,1.000000000001,1.,1.,1.,1.
      ,0.999999999999,1.,1.,1.)
    ,(1.,1.,1.000000000001,0.999999999999,1.000000000001,1.,1.,1.,1.
      ,0.999999999999,1.,1.,1.)
    ,(1.,1.,1.000000000001,0.999999999999,1.000000000001,1.,1.,1.,1.
      ,0.999999999999,1.,1.,1.)
    ,(1.,1.,1.000000000001,0.999999999999,1.000000000001,1.,1.,1.,1.
      ,0.999999999999,1.,1.,1.)
    ,(1.,1.,1.000000000001,0.999999999999,1.000000000001,1.,1.,1.,1.
      ,0.999999999999,1.,1.,1.)
    ,(1.,1.,1.000000000001,0.999999999999,1.000000000001,1.,1.,1.,1.
      ,0.999999999999,1.,1.,1.)
    ,(1.,1.,1.000000000001,0.999999999999,1.000000000001,1.,1.,1.,1.
      ,0.999999999999,1.,1.,1.)
    ,(1.,1.,1.000000000001,0.999999999999,1.000000000001,1.,1.,1.,1.
      ,0.999999999999,1.,1.,1.)
    ,(1.,1.,1.000000000001,0.999999999999,1.000000000001,1.,1.,1.,1.
      ,0.999999999999,1.,1.,1.)
    ,(1.,1.,1.000000000001,0.999999999999,1.000000000001,1.,1.,1.,1.
      ,0.999999999999,1.,1.,1.)
    ,(1.,1.,1.000000000001,0.999999999999,1.000000000001,1.,1.,1.,1.
      ,0.999999999999,1.,1.,1.)
    ,(1.,1.,1.000000000001,0.999999999999,1.000000000001,1.,1.,1.,1.
      ,0.999999999999,1.,1.,1.)
    ,(1.,1.,1.000000000001,0.999999999999,1.000000000001,1.,1.,1.,1.
      ,0.999999999999,1.,1.,1.)
    ,(1.,1.,1.000000000001,0.999999999999,1.000000000001,1.,1.,1.,1.
      ,0.999999999999,1.,1.,1.)
    ,(1.,1.,1.000000000001,0.999999999999,1.000000000001,1.,1.,1.,1.
      ,0.999999999999,1.,1.,1.)
    ,(1.,1.,1.000000000001,0.999999999999,1.000000000001,1.,1.,1.,1.
      ,0.999999999999,1.,1.,1.)
    ,(1.,1.,1.000000000001,0.999999999999,1.000000000001,1.,1.,1.,1.
      ,0.999999999999,1.,1.,1.)
    ,(1.,1.,1.000000000001,0.999999999999,1.000000000001,1.,1.,1.,1.
      ,0.999999999999,1.,1.,1.)
    ,(1.,1.,1.000000000001,0.999999999999,1.000000000001,1.,1.,1.,1.
      ,0.999999999999,1.,1.,1.)
    ,(1.,1.,1.000000000001,0.999999999999,1.000000000001,1.,1.,1.,1.
      ,0.999999999999,1.,1.,1.)
    ,(1.,1.,1.000000000001,0.999999999999,1.000000000001,1.,1.,1.,1.
      ,0.999999999999,1.,1.,1.)
    ,(1.,1.,1.000000000001,0.999999999999,1.000000000001,1.,1.,1.,1.
      ,0.999999999999,1.,1.,1.)
    ,(1.,1.,1.000000000001,0.999999999999,1.000000000001,1.,1.,1.,1.
      ,0.999999999999,1.,1.,1.)
    ,(1.,1.,1.000000000001,0.999999999999,1.000000000001,1.,1.,1.,1.
      ,0.999999999999,1.,1.,1.)
    ,(1.,1.,1.000000000001,0.999999999999,1.000000000001,1.,1.,1.,1.
      ,0.999999999999,1.,1.,1.)
    ,(1.,1.,1.000000000001,0.999999999999,1.000000000001,1.,1.,1.,1.
      ,0.999999999999,1.,1.,1.)
    ,(1.,1.,1.000000000001,0.999999999999,1.000000000001,1.,1.,1.,1.
      ,0.999999999999,1.,1.,1.)
    ,(1.,1.,1.000000000001,0.999999999999,1.000000000001,1.,1.,1.,1.
      ,0.999999999999,1.,1.,1.)
    ,(1.,1.,1.000000000001,0.999999999999,1.000000000001,1.,1.,1.,1.
      ,0.999999999999,1.,1.,1.)
    ,(1.,1.,1.000000000001,0.999999999999,1.000000000001,1.,1.,1.,1.
      ,0.999999999999,1.,1.,1.)
    ,(1.,1.,1.000000000001,0.999999999999,1.000000000001,1.,1.,1.,1.
      ,0.999999999999,1.,1.,1.)
    ,(1.,1.,1.000000000001,0.999999999999,1.000000000001,1.,1.,1.,1.
      ,0.999999999999,1.,1.,1.)
    ,(1.,1.,1.000000000001,0.999999999999,1.000000000001,1.,1.,1.,1.
      ,0.999999999999,1.,1.,1.)
    ,(1.,1.,1.000000000001,0.999999999999,1.000000000001,1.,1.,1.,1.
      ,0.999999999999,1.,1.,1.)
    ,(1.,1.,1.000000000001,0.999999999999,1.000000000001,1.,1.,1.,1.
      ,0.999999999999,1.,1.,1.)
    ,(1.,1.,1.000000000001,0.999999999999,1.000000000001,1.,1.,1.,1.
      ,0.999999999999,1.,1.,1.)
    ,(1.,1.,1.000000000001,0.999999999999,1.000000000001,1.,1.,1.,1.
      ,0.999999999999,1.,1.,1.)
    ,(1.,1.,1.000000000001,0.999999999999,1.000000000001,1.,1.,1.,1.
      ,0.999999999999,1.,1.,1.)
    ,(1.,1.,1.000000000001,0.999999999999,1.000000000001,1.,1.,1.,1.
      ,0.999999999999,1.,1.,1.)
    ,(1.,1.,1.000000000001,0.999999999999,1.000000000001,1.,1.,1.,1.
      ,0.999999999999,1.,1.,1.)
    ,(1.,1.,1.000000000001,0.999999999999,1.000000000001,1.,1.,1.,1.
      ,0.999999999999,1.,1.,1.)
    ,(1.,1.,1.000000000001,0.999999999999,1.000000000001,1.,1.,1.,1.
      ,0.999999999999,1.,1.,1.)
    ,(1.,1.,1.000000000001,0.999999999999,1.000000000001,1.,1.,1.,1.
      ,0.999999999999,1.,1.,1.)
    ,(1.,1.,1.000000000001,0.999999999999,1.000000000001,1.,1.,1.,1.
      ,0.999999999999,1.,1.,1.)
    ,(1.,1.,1.000000000001,0.999999999999,1.000000000001,1.,1.,1.,1.
      ,0.999999999999,1.,1.,1.)
    ,(1.,1.,1.000000000001,0.999999999999,1.000000000001,1.,1.,1.,1.
      ,0.999999999999,1.,1.,1.)
    ,(1.,1.,1.000000000001,0.999999999999,1.000000000001,1.,1.,1.,1.
      ,0.999999999999,1.,1.,1.)
    ,(1.,1.,1.000000000001,0.999999999999,1.000000000001,1.,1.,1.,1.
      ,0.999999999999,1.,1.,1.)
    ,(1.,1.,1.000000000001,0.999999999999,1.000000000001,1.,1.,1.,1.
      ,0.999999999999,1.,1.,1.)
    ,(1.,1.,1.000000000001,0.999999999999,1.000000000001,1.,1.,1.,1.
      ,0.999999999999,1.,1.,1.)
    ,(1.,1.,1.000000000001,0.999999999999,1.000000000001,1.,1.,1.,1.
      ,0.999999999999,1.,1.,1.)
    ,(1.,1.,1.000000000001,0.999999999999,1.000000000001,1.,1.,1.,1.
      ,0.999999999999,1.,1.,1.)
    ,(1.,1.,1.000000000001,0.999999999999,1.000000000001,1.,1.,1.,1.
      ,0.999999999999,1.,1.,1.)
    ,(1.,1.,1.000000000001,0.999999999999,1.000000000001,1.,1.,1.,1.
      ,0.999999999999,1.,1.,1.)
    ,(1.,1.,1.000000000001,0.999999999999,1.000000000001,1.,1.,1.,1.
      ,0.999999999999,1.,1.,1.)
    ,(1.,1.,1.000000000001,0.999999999999,1.000000000001,1.,1.,1.,1.
      ,0.999999999999,1.,1.,1.)
    ,(1.,1.,1.000000000001,0.999999999999,1.000000000001,1.,1.,1.,1.
      ,0.999999999999,1.,1.,1.)
    ,(1.,1.,1.000000000001,0.999999999999,1.000000000001,1.,1.,1.,1.
      ,0.999999999999,1.,1.,1.)
    ,(1.,1.,1.000000000001,0.999999999999,1.000000000001,1.,1.,1.,1.
      ,0.999999999999,1.,1.,1.)
    ,(1.,1.,1.000000000001,0.999999999999,1.000000000001,1.,1.,1.,1.
      ,0.999999999999,1.,1.,1.)
    ,(1.,1.,1.000000000001,0.999999999999,1.000000000001,1.,1.,1.,1.
      ,0.999999999999,1.,1.,1.)
    ,(1.,1.,1.000000000001,0.999999999999,1.000000000001,1.,1.,1.,1.
      ,0.999999999999,1.,1.,1.)
    ,(1.,1.,1.000000000001,0.999999999999,1.000000000001,1.,1.,1.,1.
      ,0.999999999999,1.,1.,1.)
    ,(1.,1.,1.000000000001,0.999999999999,1.000000000001,1.,1.,1.,1.
      ,0.999999999999,1.,1.,1.)
    ,(1.,1.,1.000000000001,0.999999999999,1.000000000001,1.,1.,1.,1.
      ,0.999999999999,1.,1.,1.)
    ,(1.,1.,1.000000000001,0.999999999999,1.000000000001,1.,1.,1.,1.
      ,0.999999999999,1.,1.,1.)
    ,(1.,1.,1.000000000001,0.999999999999,1.000000000001,1.,1.,1.,1.
      ,0.999999999999,1.,1.,1.)
    ,(1.,1.,1.000000000001,0.999999999999,1.000000000001,1.,1.,1.,1.
      ,0.999999999999,1.,1.,1.)
    ,(1.,1.,1.000000000001,0.999999999999,1.000000000001,1.,1.,1.,1.
      ,0.999999999999,1.,1.,1.)
    ,(1.,1.,1.000000000001,0.999999999999,1.000000000001,1.,1.,1.,1.
      ,0.999999999999,1.,1.,1.)
    ,(1.,1.,1.000000000001,0.999999999999,1.000000000001,1.,1.,1.,1.
      ,0.999999999999,1.,1.,1.)
    ,(1.,1.,1.000000000001,0.999999999999,1.000000000001,1.,1.,1.,1.
      ,0.999999999999,1.,1.,1.)
    ,(1.,1.,1.000000000001,0.999999999999,1.000000000001,1.,1.,1.,1.
      ,0.999999999999,1.,1.,1.)
    ,(1.,1.,1.000000000001,0.999999999999,1.000000000001,1.,1.,1.,1.
      ,0.999999999999,1.,1.,1.)
    ,(1.,1.,1.000000000001,0.999999999999,1.000000000001,1.,1.,1.,1.
      ,0.999999999999,1.,1.,1.)
    ,(1.,1.,1.000000000001,0.999999999999,1.000000000001,1.,1.,1.,1.
      ,0.999999999999,1.,1.,1.)
    ,(1.,1.,1.000000000001,0.999999999999,1.000000000001,1.,1.,1.,1.
      ,0.999999999999,1.,1.,1.)
    ,(1.,1.,1.000000000001,0.999999999999,1.000000000001,1.,1.,1.,1.
      ,0.999999999999,1.,1.,1.)
    ,(1.,1.,1.000000000001,0.999999999999,1.000000000001,1.,1.,1.,1.
      ,0.999999999999,1.,1.,1.)
    ,(1.,1.,1.000000000001,0.999999999999,1.000000000001,1.,1.,1.,1.
      ,0.999999999999,1.,1.,1.)
    ,(1.,1.,1.000000000001,0.999999999999,1.000000000001,1.,1.,1.,1.
      ,0.999999999999,1.,1.,1.)
    ,(1.,1.,1.000000000001,0.999999999999,1.000000000001,1.,1.,1.,1.
      ,0.999999999999,1.,1.,1.)
    ,(1.,1.,1.000000000001,0.999999999999,1.000000000001,1.,1.,1.,1.
      ,0.999999999999,1.,1.,1.)
    ,(1.,1.,1.000000000001,0.999999999999,1.000000000001,1.,1.,1.,1.
      ,0.999999999999,1.,1.,1.)
    ,(1.,1.,1.000000000001,0.999999999999,1.000000000001,1.,1.,1.,1.
      ,0.999999999999,1.,1.,1.)
    ,(1.,1.,1.000000000001,0.999999999999,1.000000000001,1.,1.,1.,1.
      ,0.999999999999,1.,1.,1.)
    ,(1.,1.,1.000000000001,0.999999999999,1.000000000001,1.,1.,1.,1.
      ,0.999999999999,1.,1.,1.)
    ,(1.,1.,1.000000000001,0.999999999999,1.000000000001,1.,1.,1.,1.
      ,0.999999999999,1.,1.,1.)
    ,(1.,1.,1.000000000001,0.999999999999,1.000000000001,1.,1.,1.,1.
      ,0.999999999999,1.,1.,1.)
    ,(1.,1.,1.000000000001,0.999999999999,1.000000000001,1.,1.,1.,1.
      ,0.999999999999,1.,1.,1.)
    ,(1.,1.,1.000000000001,0.999999999999,1.000000000001,1.,1.,1.,1.
      ,0.999999999999,1.,1.,1.)
    ,(1.,1.,1.000000000001,0.999999999999,1.000000000001,1.,1.,1.,1.
      ,0.999999999999,1.,1.,1.)
    ,(1.,1.,1.000000000001,0.999999999999,1.000000000001,1.,1.,1.,1.
      ,0.999999999999,1.,1.,1.)
    ,(1.,1.,1.000000000001,0.999999999999,1.000000000001,1.,1.,1.,1.
,0.999999999999,1.,1.,1.))) REPRESENTATION_ITEM('') SURFACE() );
#4876 = CARTESIAN_POINT('',(70.320508075689,0.,-28.5));
#4877 = CARTESIAN_POINT('',(70.320508075724,9.71445146547E-18,
    -24.21428571429));
#4878 = CARTESIAN_POINT('',(58.196152422628,-9.665218361095E-17,
    -19.92857142854));
#4879 = CARTESIAN_POINT('',(74.131019852451,2.443303496035E-16,
    -15.64285714288));
#4880 = CARTESIAN_POINT('',(49.189488223296,-2.494849565031E-16,
    -11.35714285713));
#4881 = CARTESIAN_POINT('',(65.124355652999,1.072918209304E-16,
    -7.071428571431));
#4882 = CARTESIAN_POINT('',(40.875644347008,-1.35047396546E-16,1.5));
#4883 = CARTESIAN_POINT('',(65.124355652992,1.072918209304E-16,
    10.071428571429));
#4884 = CARTESIAN_POINT('',(49.189488223333,-2.494849565032E-16,
    14.357142857139));
#4885 = CARTESIAN_POINT('',(74.13101985237,2.443303496034E-16,
    18.642857142865));
#4886 = CARTESIAN_POINT('',(58.196152422692,-9.665218361099E-17,
    22.928571428564));
#4887 = CARTESIAN_POINT('',(70.320508075696,9.714451465467E-18,
    27.214285714289));
#4888 = CARTESIAN_POINT('',(70.320508075689,0.,31.5));
#4889 = CARTESIAN_POINT('',(70.320217271557,4.243924044844E-02,-28.5));
#4890 = CARTESIAN_POINT('',(70.320217271569,4.243924044846E-02,
    -24.21428571429));
#4891 = CARTESIAN_POINT('',(58.195658055665,7.214670876227E-02,
    -19.92857142855));
#4892 = CARTESIAN_POINT('',(74.130793025155,3.310260754984E-02,
    -15.64285714287));
#4893 = CARTESIAN_POINT('',(49.188842638172,9.421511379547E-02,
    -11.35714285713));
#4894 = CARTESIAN_POINT('',(65.123977607614,5.517101258299E-02,
    -7.07142857143));
#4895 = CARTESIAN_POINT('',(40.874859175867,0.114585949211,1.5));
#4896 = CARTESIAN_POINT('',(65.123977607609,5.517101258299E-02,
    10.07142857143));
#4897 = CARTESIAN_POINT('',(49.188842638197,9.421511379551E-02,
    14.35714285714));
#4898 = CARTESIAN_POINT('',(74.130793025097,3.31026075498E-02,
    18.642857142863));
#4899 = CARTESIAN_POINT('',(58.195658055708,7.214670876232E-02,
    22.928571428565));
#4900 = CARTESIAN_POINT('',(70.320217271549,4.243924044845E-02,
    27.214285714289));
#4901 = CARTESIAN_POINT('',(70.320217271557,4.243924044844E-02,31.5));
#4902 = CARTESIAN_POINT('',(70.329476184625,0.127398841277,-28.5));
#4903 = CARTESIAN_POINT('',(70.329476184644,0.127398841277,
    -24.21428571429));
#4904 = CARTESIAN_POINT('',(58.211398207862,0.216578030171,
    -19.92857142855));
#4905 = CARTESIAN_POINT('',(74.138014977373,9.9371096196E-02,
    -15.64285714287));
#4906 = CARTESIAN_POINT('',(49.209397425163,0.282825427635,
    -11.35714285713));
#4907 = CARTESIAN_POINT('',(65.136014194611,0.16561849366,-7.07142857143
    ));
#4908 = CARTESIAN_POINT('',(40.899858241138,0.343976871448,1.5));
#4909 = CARTESIAN_POINT('',(65.136014194612,0.16561849366,10.07142857143
    ));
#4910 = CARTESIAN_POINT('',(49.209397425156,0.282825427635,
    14.357142857139));
#4911 = CARTESIAN_POINT('',(74.13801497737,9.9371096196E-02,
    18.642857142863));
#4912 = CARTESIAN_POINT('',(58.211398207858,0.216578030171,
    22.928571428565));
#4913 = CARTESIAN_POINT('',(70.329476184643,0.127398841277,
    27.214285714289));
#4914 = CARTESIAN_POINT('',(70.329476184625,0.127398841277,31.5));
#4915 = CARTESIAN_POINT('',(70.369869179368,0.25204732539,-28.5));
#4916 = CARTESIAN_POINT('',(70.369869179394,0.25204732539,
    -24.21428571429));
#4917 = CARTESIAN_POINT('',(58.280066298907,0.428480453162,
    -19.92857142855));
#4918 = CARTESIAN_POINT('',(74.169521513296,0.196596913804,
    -15.64285714287));
#4919 = CARTESIAN_POINT('',(49.299069873478,0.559545062365,
    -11.35714285713));
#4920 = CARTESIAN_POINT('',(65.188525087781,0.327661523007,
    -7.07142857143));
#4921 = CARTESIAN_POINT('',(41.008919326942,0.680527778552,1.5));
#4922 = CARTESIAN_POINT('',(65.188525087779,0.327661523007,
    10.07142857143));
#4923 = CARTESIAN_POINT('',(49.299069873483,0.559545062365,
    14.35714285714));
#4924 = CARTESIAN_POINT('',(74.169521513272,0.196596913804,
    18.642857142863));
#4925 = CARTESIAN_POINT('',(58.28006629892,0.428480453162,
    22.928571428565));
#4926 = CARTESIAN_POINT('',(70.369869179386,0.25204732539,
    27.214285714289));
#4927 = CARTESIAN_POINT('',(70.369869179368,0.25204732539,31.5));
#4928 = CARTESIAN_POINT('',(70.437057686039,0.371761434061,-28.5));
#4929 = CARTESIAN_POINT('',(70.437057686068,0.371761434061,
    -24.21428571429));
#4930 = CARTESIAN_POINT('',(58.394286760239,0.631994437903,
    -19.92857142855));
#4931 = CARTESIAN_POINT('',(74.221928548508,0.289973918568,
    -15.64285714287));
#4932 = CARTESIAN_POINT('',(49.448228358284,0.825310383615,
    -11.35714285713));
#4933 = CARTESIAN_POINT('',(65.275870146453,0.48328986428,-7.07142857143
    ));
#4934 = CARTESIAN_POINT('',(41.190328294955,1.003755871965,1.5));
#4935 = CARTESIAN_POINT('',(65.275870146449,0.483289864279,
    10.07142857143));
#4936 = CARTESIAN_POINT('',(49.448228358303,0.825310383615,
    14.357142857139));
#4937 = CARTESIAN_POINT('',(74.221928548458,0.289973918568,
    18.642857142863));
#4938 = CARTESIAN_POINT('',(58.394286760275,0.631994437904,
    22.928571428565));
#4939 = CARTESIAN_POINT('',(70.437057686052,0.371761434061,
    27.214285714289));
#4940 = CARTESIAN_POINT('',(70.437057686039,0.371761434061,31.5));
#4941 = CARTESIAN_POINT('',(70.529947013813,0.486369663497,-28.5));
#4942 = CARTESIAN_POINT('',(70.52994701384,0.486369663497,
    -24.21428571429));
#4943 = CARTESIAN_POINT('',(58.552198617461,0.826828427944,
    -19.92857142854));
#4944 = CARTESIAN_POINT('',(74.294382224164,0.379368337528,
    -15.64285714288));
#4945 = CARTESIAN_POINT('',(49.654442665948,1.079740652963,
    -11.35714285713));
#4946 = CARTESIAN_POINT('',(65.396626272557,0.632280562546,
    -7.071428571431));
#4947 = CARTESIAN_POINT('',(41.441129479948,1.313198091442,
    1.500000000001));
#4948 = CARTESIAN_POINT('',(65.396626272552,0.632280562546,
    10.071428571429));
#4949 = CARTESIAN_POINT('',(49.654442665978,1.079740652963,
    14.357142857141));
#4950 = CARTESIAN_POINT('',(74.294382224095,0.379368337528,
    18.642857142861));
#4951 = CARTESIAN_POINT('',(58.552198617513,0.826828427945,
    22.928571428567));
#4952 = CARTESIAN_POINT('',(70.529947013817,0.486369663497,
    27.214285714288));
#4953 = CARTESIAN_POINT('',(70.529947013813,0.486369663497,31.5));
#4954 = CARTESIAN_POINT('',(70.647969575178,0.59561768775,-28.5));
#4955 = CARTESIAN_POINT('',(70.647969575203,0.595617687751,
    -24.21428571429));
#4956 = CARTESIAN_POINT('',(58.752836971787,1.012550069174,
    -19.92857142855));
#4957 = CARTESIAN_POINT('',(74.386439822024,0.464581796446,
    -15.64285714287));
#4958 = CARTESIAN_POINT('',(49.916452752177,1.322271266805,
    -11.35714285713));
#4959 = CARTESIAN_POINT('',(65.550055602334,0.774302994075,
    -7.07142857143));
#4960 = CARTESIAN_POINT('',(41.759790395627,1.608167756925,1.5));
#4961 = CARTESIAN_POINT('',(65.550055602334,0.774302994075,
    10.07142857143));
#4962 = CARTESIAN_POINT('',(49.916452752175,1.322271266805,
    14.357142857139));
#4963 = CARTESIAN_POINT('',(74.386439822013,0.464581796445,
    18.642857142863));
#4964 = CARTESIAN_POINT('',(58.752836971789,1.012550069175,
    22.928571428565));
#4965 = CARTESIAN_POINT('',(70.647969575199,0.59561768775,
    27.214285714289));
#4966 = CARTESIAN_POINT('',(70.647969575178,0.59561768775,31.5));
#4967 = CARTESIAN_POINT('',(70.790551761294,0.699240763595,-28.5));
#4968 = CARTESIAN_POINT('',(70.790551761314,0.699240763595,
    -24.21428571429));
#4969 = CARTESIAN_POINT('',(58.995226688194,1.18870929811,
    -19.92857142855));
#4970 = CARTESIAN_POINT('',(74.497653927178,0.545407795605,
    -15.64285714287));
#4971 = CARTESIAN_POINT('',(50.232985205367,1.55231449518,
    -11.35714285713));
#4972 = CARTESIAN_POINT('',(65.735412444279,0.909012992674,
    -7.07142857143));
#4973 = CARTESIAN_POINT('',(42.144762298146,1.887950061706,1.5));
#4974 = CARTESIAN_POINT('',(65.735412444278,0.909012992673,
    10.07142857143));
#4975 = CARTESIAN_POINT('',(50.23298520537,1.55231449518,14.357142857137
    ));
#4976 = CARTESIAN_POINT('',(74.497653927156,0.545407795604,
    18.642857142867));
#4977 = CARTESIAN_POINT('',(58.995226688206,1.188709298111,
    22.928571428562));
#4978 = CARTESIAN_POINT('',(70.790551761307,0.699240763595,
    27.21428571429));
#4979 = CARTESIAN_POINT('',(70.790551761294,0.699240763595,31.5));
#4980 = CARTESIAN_POINT('',(70.957151119799,0.796832837821,-28.5));
#4981 = CARTESIAN_POINT('',(70.95715111983,0.796832837821,
    -24.21428571429));
#4982 = CARTESIAN_POINT('',(59.278445597627,1.354615824294,
    -19.92857142855));
#4983 = CARTESIAN_POINT('',(74.627601426841,0.621529613501,
    -15.64285714287));
#4984 = CARTESIAN_POINT('',(50.602835781232,1.768968899961,
    -11.35714285713));
#4985 = CARTESIAN_POINT('',(65.951991610337,1.035882689167,
    -7.071428571431));
#4986 = CARTESIAN_POINT('',(42.594580566111,2.151448662116,
    1.500000000001));
#4987 = CARTESIAN_POINT('',(65.95199161033,1.035882689167,
    10.071428571429));
#4988 = CARTESIAN_POINT('',(50.602835781276,1.768968899962,
    14.35714285714));
#4989 = CARTESIAN_POINT('',(74.62760142675,0.6215296135,18.642857142863)
  );
#4990 = CARTESIAN_POINT('',(59.278445597698,1.354615824296,
    22.928571428565));
#4991 = CARTESIAN_POINT('',(70.957151119799,0.796832837821,
    27.214285714289));
#4992 = CARTESIAN_POINT('',(70.957151119799,0.796832837821,31.5));
#4993 = CARTESIAN_POINT('',(71.147142783163,0.887902278854,-28.5));
#4994 = CARTESIAN_POINT('',(71.147142783189,0.887902278854,
    -24.21428571429));
#4995 = CARTESIAN_POINT('',(59.601431425355,1.509433874052,
    -19.92857142855));
#4996 = CARTESIAN_POINT('',(74.775794924255,0.692563777506,
    -15.64285714287));
#4997 = CARTESIAN_POINT('',(51.024617273903,1.971143059056,
    -11.35714285713));
#4998 = CARTESIAN_POINT('',(66.198980772711,1.154272962511,
    -7.07142857143));
#4999 = CARTESIAN_POINT('',(43.107558057191,2.397336152906,1.5));
#5000 = CARTESIAN_POINT('',(66.198980772706,1.15427296251,10.07142857143
    ));
#5001 = CARTESIAN_POINT('',(51.024617273933,1.971143059056,
    14.357142857137));
#5002 = CARTESIAN_POINT('',(74.775794924189,0.692563777506,
    18.642857142867));
#5003 = CARTESIAN_POINT('',(59.601431425405,1.509433874052,
    22.928571428562));
#5004 = CARTESIAN_POINT('',(71.147142783167,0.887902278854,
    27.21428571429));
#5005 = CARTESIAN_POINT('',(71.147142783163,0.887902278854,31.5));
#5006 = CARTESIAN_POINT('',(71.359805621863,0.971912241177,-28.5));
#5007 = CARTESIAN_POINT('',(71.359805621888,0.971912241177,
    -24.21428571429));
#5008 = CARTESIAN_POINT('',(59.962958251148,1.652250809999,
    -19.92857142855));
#5009 = CARTESIAN_POINT('',(74.94167193844,0.758091548118,
    -15.64285714287));
#5010 = CARTESIAN_POINT('',(51.496728775815,2.157645175411,
    -11.35714285713));
#5011 = CARTESIAN_POINT('',(66.475442463023,1.26348591353,
    -7.071428571431));
#5012 = CARTESIAN_POINT('',(43.681747721678,2.624163051177,
    1.500000000001));
#5013 = CARTESIAN_POINT('',(66.475442463018,1.26348591353,
    10.071428571429));
#5014 = CARTESIAN_POINT('',(51.496728775838,2.157645175412,
    14.357142857141));
#5015 = CARTESIAN_POINT('',(74.941671938387,0.758091548118,
    18.642857142861));
#5016 = CARTESIAN_POINT('',(59.962958251186,1.65225081,22.928571428567)
  );
#5017 = CARTESIAN_POINT('',(71.35980562187,0.971912241177,
    27.214285714288));
#5018 = CARTESIAN_POINT('',(71.359805621863,0.971912241177,31.5));
#5019 = CARTESIAN_POINT('',(71.594312404311,1.048326260332,-28.5));
#5020 = CARTESIAN_POINT('',(71.594312404337,1.048326260333,
    -24.21428571429));
#5021 = CARTESIAN_POINT('',(60.361619781308,1.782154642563,
    -19.92857142854));
#5022 = CARTESIAN_POINT('',(75.124587228752,0.81769448306,
    -15.64285714288));
#5023 = CARTESIAN_POINT('',(52.017333832849,2.327284297936,
    -11.35714285712));
#5024 = CARTESIAN_POINT('',(66.780301280206,1.362824138432,
    -7.071428571432));
#5025 = CARTESIAN_POINT('',(44.314916034288,2.830480902897,
    1.500000000002));
#5026 = CARTESIAN_POINT('',(66.780301280203,1.362824138432,
    10.071428571428));
#5027 = CARTESIAN_POINT('',(52.017333832864,2.327284297937,
    14.357142857143));
#5028 = CARTESIAN_POINT('',(75.124587228713,0.81769448306,
    18.642857142859));
#5029 = CARTESIAN_POINT('',(60.361619781334,1.782154642564,
    22.928571428568));
#5030 = CARTESIAN_POINT('',(71.594312404325,1.048326260332,
    27.214285714287));
#5031 = CARTESIAN_POINT('',(71.594312404311,1.048326260332,31.5));
#5032 = CARTESIAN_POINT('',(71.849734226816,1.116642432156,-28.5));
#5033 = CARTESIAN_POINT('',(71.849734226843,1.116642432157,
    -24.21428571429));
#5034 = CARTESIAN_POINT('',(60.795836879566,1.898292134663,
    -19.92857142854));
#5035 = CARTESIAN_POINT('',(75.323816250306,0.870981097083,
    -15.64285714288));
#5036 = CARTESIAN_POINT('',(52.584370278813,2.478946199385,
    -11.35714285712));
#5037 = CARTESIAN_POINT('',(67.112349649461,1.451635161803,
    -7.071428571432));
#5038 = CARTESIAN_POINT('',(45.004554955056,3.014934566821,
    1.500000000002));
#5039 = CARTESIAN_POINT('',(67.112349649456,1.451635161803,
    10.071428571428));
#5040 = CARTESIAN_POINT('',(52.584370278843,2.478946199385,
    14.357142857144));
#5041 = CARTESIAN_POINT('',(75.32381625024,0.870981097083,
    18.642857142857));
#5042 = CARTESIAN_POINT('',(60.795836879615,1.898292134664,
    22.92857142857));
#5043 = CARTESIAN_POINT('',(71.849734226821,1.116642432156,
    27.214285714287));
#5044 = CARTESIAN_POINT('',(71.849734226816,1.116642432156,31.5));
#5045 = CARTESIAN_POINT('',(72.125046170635,1.176421135998,-28.5));
#5046 = CARTESIAN_POINT('',(72.125046170658,1.176421135998,
    -24.21428571429));
#5047 = CARTESIAN_POINT('',(61.263867184063,1.999915931194,
    -19.92857142855));
#5048 = CARTESIAN_POINT('',(75.538559566478,0.91760848608,
    -15.64285714287));
#5049 = CARTESIAN_POINT('',(53.195562794091,2.611654921912,
    -11.35714285713));
#5050 = CARTESIAN_POINT('',(67.470255176426,1.529347476797,
    -7.07142857143));
#5051 = CARTESIAN_POINT('',(45.747897203363,3.176337067193,1.5));
#5052 = CARTESIAN_POINT('',(67.470255176422,1.529347476797,
    10.07142857143));
#5053 = CARTESIAN_POINT('',(53.195562794115,2.611654921913,
    14.357142857136));
#5054 = CARTESIAN_POINT('',(75.538559566424,0.91760848608,
    18.642857142869));
#5055 = CARTESIAN_POINT('',(61.263867184103,1.999915931194,
    22.92857142856));
#5056 = CARTESIAN_POINT('',(72.125046170641,1.176421135998,
    27.214285714291));
#5057 = CARTESIAN_POINT('',(72.125046170635,1.176421135998,31.5));
#5058 = CARTESIAN_POINT('',(72.419134155384,1.227306277771,-28.5));
#5059 = CARTESIAN_POINT('',(72.419134155411,1.227306277772,
    -24.21428571429));
#5060 = CARTESIAN_POINT('',(61.763816758128,2.086420672208,
    -19.92857142855));
#5061 = CARTESIAN_POINT('',(75.767948194593,0.957298896663,
    -15.64285714287));
#5062 = CARTESIAN_POINT('',(53.848438120226,2.724619936649,
    -11.35714285713));
#5063 = CARTESIAN_POINT('',(67.852569556603,1.595498161103,
    -7.071428571429));
#5064 = CARTESIAN_POINT('',(46.541934762181,3.313726949981,
    1.499999999999));
#5065 = CARTESIAN_POINT('',(67.852569556601,1.595498161103,
    10.071428571431));
#5066 = CARTESIAN_POINT('',(53.848438120237,2.72461993665,
    14.357142857135));
#5067 = CARTESIAN_POINT('',(75.767948194559,0.957298896663,
    18.642857142871));
#5068 = CARTESIAN_POINT('',(61.76381675815,2.086420672209,
    22.928571428559));
#5069 = CARTESIAN_POINT('',(72.4191341554,1.227306277771,27.214285714291
    ));
#5070 = CARTESIAN_POINT('',(72.419134155384,1.227306277771,31.5));
#5071 = CARTESIAN_POINT('',(72.73080164772,1.269041097511,-28.5));
#5072 = CARTESIAN_POINT('',(72.730801647742,1.269041097512,
    -24.21428571429));
#5073 = CARTESIAN_POINT('',(62.293651495112,2.157369865766,
    -19.92857142854));
#5074 = CARTESIAN_POINT('',(76.011048838597,0.98985205606,
    -15.64285714288));
#5075 = CARTESIAN_POINT('',(54.540339953224,2.817271236472,
    -11.35714285713));
#5076 = CARTESIAN_POINT('',(68.257737296635,1.649753426765,
    -7.071428571431));
#5077 = CARTESIAN_POINT('',(47.383436991492,3.426410963279,
    1.500000000001));
#5078 = CARTESIAN_POINT('',(68.257737296633,1.649753426764,
    10.071428571428));
#5079 = CARTESIAN_POINT('',(54.540339953234,2.817271236474,
    14.357142857143));
#5080 = CARTESIAN_POINT('',(76.011048838565,0.989852056059,
    18.642857142857));
#5081 = CARTESIAN_POINT('',(62.293651495133,2.157369865768,
    22.92857142857));
#5082 = CARTESIAN_POINT('',(72.730801647731,1.269041097511,
    27.214285714287));
#5083 = CARTESIAN_POINT('',(72.73080164772,1.269041097511,31.5));
#5084 = CARTESIAN_POINT('',(73.058776277429,1.301478749521,-28.5));
#5085 = CARTESIAN_POINT('',(73.058776277446,1.301478749521,
    -24.21428571429));
#5086 = CARTESIAN_POINT('',(62.851208365632,2.212513874183,
    -19.92857142855));
#5087 = CARTESIAN_POINT('',(76.266869049752,1.015153424627,
    -15.64285714287));
#5088 = CARTESIAN_POINT('',(55.268443631194,2.889282823934,
    -11.35714285713));
#5089 = CARTESIAN_POINT('',(68.684104315251,1.691922374377,
    -7.07142857143));
#5090 = CARTESIAN_POINT('',(48.268968491717,3.513992623705,
    1.499999999999));
#5091 = CARTESIAN_POINT('',(68.684104315246,1.691922374377,
    10.071428571431));
#5092 = CARTESIAN_POINT('',(55.268443631226,2.889282823935,
    14.357142857135));
#5093 = CARTESIAN_POINT('',(76.266869049683,1.015153424627,
    18.642857142871));
#5094 = CARTESIAN_POINT('',(62.851208365685,2.212513874184,
    22.928571428559));
#5095 = CARTESIAN_POINT('',(73.058776277423,1.301478749521,
    27.214285714291));
#5096 = CARTESIAN_POINT('',(73.058776277429,1.301478749521,31.5));
#5097 = CARTESIAN_POINT('',(73.401716320548,1.324587887397,-28.5));
#5098 = CARTESIAN_POINT('',(73.401716320575,1.324587887397,
    -24.21428571429));
#5099 = CARTESIAN_POINT('',(63.43420643891,2.251799408572,
    -19.92857142855));
#5100 = CARTESIAN_POINT('',(76.534362283415,1.033178552171,
    -15.64285714287));
#5101 = CARTESIAN_POINT('',(56.029770526897,2.940585110019,
    -11.35714285713));
#5102 = CARTESIAN_POINT('',(69.129926371313,1.721964253616,
    -7.071428571431));
#5103 = CARTESIAN_POINT('',(49.194906608129,3.576387295971,1.5));
#5104 = CARTESIAN_POINT('',(69.129926371309,1.721964253616,
    10.071428571429));
#5105 = CARTESIAN_POINT('',(56.029770526919,2.940585110019,
    14.35714285714));
#5106 = CARTESIAN_POINT('',(76.534362283363,1.033178552171,
    18.642857142863));
#5107 = CARTESIAN_POINT('',(63.434206438949,2.251799408573,
    22.928571428565));
#5108 = CARTESIAN_POINT('',(73.401716320557,1.324587887397,
    27.214285714289));
#5109 = CARTESIAN_POINT('',(73.401716320548,1.324587887397,31.5));
#5110 = CARTESIAN_POINT('',(73.758217117146,1.338453488469,-28.5));
#5111 = CARTESIAN_POINT('',(73.758217117161,1.338453488469,
    -24.21428571429));
#5112 = CARTESIAN_POINT('',(64.040257793154,2.275370930394,
    -19.92857142855));
#5113 = CARTESIAN_POINT('',(76.812432904728,1.043993721007,
    -15.64285714287));
#5114 = CARTESIAN_POINT('',(56.821202295364,2.971366744398,
    -11.35714285713));
#5115 = CARTESIAN_POINT('',(69.593377406886,1.73998953501,-7.07142857143
    ));
#5116 = CARTESIAN_POINT('',(50.157458758945,3.613824418865,1.5));
#5117 = CARTESIAN_POINT('',(69.593377406887,1.73998953501,10.07142857143
    ));
#5118 = CARTESIAN_POINT('',(56.821202295353,2.971366744399,
    14.357142857137));
#5119 = CARTESIAN_POINT('',(76.812432904733,1.043993721006,
    18.642857142867));
#5120 = CARTESIAN_POINT('',(64.040257793143,2.275370930396,
    22.928571428562));
#5121 = CARTESIAN_POINT('',(73.758217117164,1.338453488469,
    27.21428571429));
#5122 = CARTESIAN_POINT('',(73.758217117146,1.338453488469,31.5));
#5123 = CARTESIAN_POINT('',(74.126817464744,1.343273291563,-28.5));
#5124 = CARTESIAN_POINT('',(74.126817464772,1.343273291564,
    -24.21428571429));
#5125 = CARTESIAN_POINT('',(64.666878384041,2.283564595655,
    -19.92857142855));
#5126 = CARTESIAN_POINT('',(77.099941175891,1.047753167421,
    -15.64285714287));
#5127 = CARTESIAN_POINT('',(57.63949506701,2.982066707268,
    -11.35714285713));
#5128 = CARTESIAN_POINT('',(70.072557858769,1.746255279032,
    -7.071428571431));
#5129 = CARTESIAN_POINT('',(51.152679697458,3.62683788722,1.5));
#5130 = CARTESIAN_POINT('',(70.072557858766,1.746255279032,
    10.07142857143));
#5131 = CARTESIAN_POINT('',(57.639495067027,2.982066707269,
    14.357142857138));
#5132 = CARTESIAN_POINT('',(77.099941175849,1.047753167419,
    18.642857142867));
#5133 = CARTESIAN_POINT('',(64.66687838407,2.283564595657,
    22.928571428562));
#5134 = CARTESIAN_POINT('',(74.126817464758,1.343273291563,
    27.21428571429));
#5135 = CARTESIAN_POINT('',(74.126817464744,1.343273291563,31.5));
#5136 = CARTESIAN_POINT('',(74.506006023591,1.339350371983,-28.5));
#5137 = CARTESIAN_POINT('',(74.506006023631,1.339350371984,
    -24.21428571429));
#5138 = CARTESIAN_POINT('',(65.311498934047,2.276895632369,
    -19.92857142854));
#5139 = CARTESIAN_POINT('',(77.395708251833,1.044693290149,
    -15.64285714288));
#5140 = CARTESIAN_POINT('',(58.481293667619,2.973357825801,
    -11.35714285713));
#5141 = CARTESIAN_POINT('',(70.565502985279,1.741155483579,
    -7.071428571431));
#5142 = CARTESIAN_POINT('',(52.176488806335,3.616246004355,
    1.500000000001));
#5143 = CARTESIAN_POINT('',(70.565502985273,1.741155483579,
    10.071428571429));
#5144 = CARTESIAN_POINT('',(58.481293667652,2.973357825802,
    14.357142857142));
#5145 = CARTESIAN_POINT('',(77.395708251765,1.044693290148,
    18.642857142861));
#5146 = CARTESIAN_POINT('',(65.3114989341,2.276895632371,22.928571428567
    ));
#5147 = CARTESIAN_POINT('',(74.506006023607,1.339350371984,
    27.214285714288));
#5148 = CARTESIAN_POINT('',(74.506006023591,1.339350371983,31.5));
#5149 = CARTESIAN_POINT('',(74.894227758419,1.3270825233,-28.5));
#5150 = CARTESIAN_POINT('',(74.894227758454,1.3270825233,-24.21428571429
    ));
#5151 = CARTESIAN_POINT('',(65.971475883266,2.256040289608,
    -19.92857142854));
#5152 = CARTESIAN_POINT('',(77.698521204983,1.035124368175,
    -15.64285714288));
#5153 = CARTESIAN_POINT('',(59.343145918948,2.946123201724,
    -11.35714285713));
#5154 = CARTESIAN_POINT('',(71.070191240551,1.72520728029,
    -7.071428571431));
#5155 = CARTESIAN_POINT('',(53.224687490374,3.583122812909,1.5));
#5156 = CARTESIAN_POINT('',(71.070191240546,1.72520728029,10.07142857143
    ));
#5157 = CARTESIAN_POINT('',(59.343145918977,2.946123201725,
    14.357142857137));
#5158 = CARTESIAN_POINT('',(77.698521204924,1.035124368174,
    18.642857142867));
#5159 = CARTESIAN_POINT('',(65.97147588331,2.25604028961,22.928571428562
    ));
#5160 = CARTESIAN_POINT('',(74.894227758435,1.3270825233,27.21428571429)
  );
#5161 = CARTESIAN_POINT('',(74.894227758419,1.3270825233,31.5));
#5162 = CARTESIAN_POINT('',(75.289890434375,1.30694922923,-28.5));
#5163 = CARTESIAN_POINT('',(75.289890434398,1.306949229231,
    -24.21428571429));
#5164 = CARTESIAN_POINT('',(66.644102432423,2.221813689689,
    -19.92857142854));
#5165 = CARTESIAN_POINT('',(78.007138092192,1.019420398802,
    -15.64285714288));
#5166 = CARTESIAN_POINT('',(60.221517059594,2.901427288889,
    -11.35714285713));
#5167 = CARTESIAN_POINT('',(71.584552719289,1.699033998,-7.071428571431)
  );
#5168 = CARTESIAN_POINT('',(54.292976715461,3.528762918921,
    1.500000000001));
#5169 = CARTESIAN_POINT('',(71.584552719285,1.699033998,10.071428571429)
  );
#5170 = CARTESIAN_POINT('',(60.221517059612,2.90142728889,
    14.357142857141));
#5171 = CARTESIAN_POINT('',(78.00713809215,1.0194203988,18.642857142861)
  );
#5172 = CARTESIAN_POINT('',(66.644102432453,2.221813689691,
    22.928571428567));
#5173 = CARTESIAN_POINT('',(75.289890434384,1.306949229231,
    27.214285714288));
#5174 = CARTESIAN_POINT('',(75.289890434375,1.30694922923,31.5));
#5175 = CARTESIAN_POINT('',(75.691371178394,1.279497079702,-28.5));
#5176 = CARTESIAN_POINT('',(75.691371178428,1.279497079702,
    -24.21428571429));
#5177 = CARTESIAN_POINT('',(67.326619697226,2.175145035491,
    -19.92857142855));
#5178 = CARTESIAN_POINT('',(78.320293072557,0.998007722168,
    -15.64285714287));
#5179 = CARTESIAN_POINT('',(61.112804311299,2.840483516936,
    -11.35714285713));
#5180 = CARTESIAN_POINT('',(72.106477686515,1.663346203612,
    -7.07142857143));
#5181 = CARTESIAN_POINT('',(55.376974724311,3.454642115194,
    1.499999999999));
#5182 = CARTESIAN_POINT('',(72.106477686508,1.663346203612,
    10.07142857143));
#5183 = CARTESIAN_POINT('',(61.112804311338,2.840483516937,
    14.357142857136));
#5184 = CARTESIAN_POINT('',(78.320293072478,0.998007722167,
    18.642857142869));
#5185 = CARTESIAN_POINT('',(67.326619697288,2.175145035492,
    22.92857142856));
#5186 = CARTESIAN_POINT('',(75.691371178402,1.279497079701,
    27.214285714291));
#5187 = CARTESIAN_POINT('',(75.691371178394,1.279497079702,31.5));
#5188 = CARTESIAN_POINT('',(76.097023111425,1.245324506391,-28.5));
#5189 = CARTESIAN_POINT('',(76.097023111449,1.245324506391,
    -24.21428571429));
#5190 = CARTESIAN_POINT('',(68.016227983404,2.117051660862,
    -19.92857142855));
#5191 = CARTESIAN_POINT('',(78.63670158029,0.971353114986,
    -15.64285714287));
#5192 = CARTESIAN_POINT('',(62.013351602646,2.764620404185,
    -11.35714285713));
#5193 = CARTESIAN_POINT('',(72.63382519945,1.618921858308,
    -7.071428571431));
#5194 = CARTESIAN_POINT('',(56.472234943498,3.362376167254,
    1.500000000001));
#5195 = CARTESIAN_POINT('',(72.633825199446,1.618921858308,
    10.071428571429));
#5196 = CARTESIAN_POINT('',(62.013351602674,2.764620404186,
    14.357142857143));
#5197 = CARTESIAN_POINT('',(78.636701580228,0.971353114985,
    18.642857142858));
#5198 = CARTESIAN_POINT('',(68.016227983453,2.117051660864,
    22.92857142857));
#5199 = CARTESIAN_POINT('',(76.097023111427,1.245324506391,
    27.214285714287));
#5200 = CARTESIAN_POINT('',(76.097023111425,1.245324506391,31.5));
#5201 = CARTESIAN_POINT('',(76.505182050885,1.205066683444,-28.5));
#5202 = CARTESIAN_POINT('',(76.505182050919,1.205066683445,
    -24.21428571429));
#5203 = CARTESIAN_POINT('',(68.71009818046,2.048613361854,
    -19.92857142855));
#5204 = CARTESIAN_POINT('',(78.955065553097,0.939952013087,
    -15.64285714287));
#5205 = CARTESIAN_POINT('',(62.919464448232,2.675248037245,
    -11.35714285713));
#5206 = CARTESIAN_POINT('',(73.164431820751,1.566586688478,
    -7.07142857143));
#5207 = CARTESIAN_POINT('',(57.574264080039,3.253680045299,
    1.499999999999));
#5208 = CARTESIAN_POINT('',(73.164431820744,1.566586688478,
    10.071428571431));
#5209 = CARTESIAN_POINT('',(62.919464448274,2.675248037246,
    14.357142857133));
#5210 = CARTESIAN_POINT('',(78.955065553012,0.939952013086,
    18.642857142874));
#5211 = CARTESIAN_POINT('',(68.710098180531,2.048613361855,
    22.928571428556));
#5212 = CARTESIAN_POINT('',(76.505182050889,1.205066683444,
    27.214285714293));
#5213 = CARTESIAN_POINT('',(76.505182050885,1.205066683444,31.5));
#5214 = CARTESIAN_POINT('',(76.914173276531,1.15938136118,-28.5));
#5215 = CARTESIAN_POINT('',(76.914173276552,1.15938136118,
    -24.21428571429));
#5216 = CARTESIAN_POINT('',(69.405383264091,1.970948314005,
    -19.92857142855));
#5217 = CARTESIAN_POINT('',(79.274078709065,0.904317461721,
    -15.64285714287));
#5218 = CARTESIAN_POINT('',(63.827424969185,2.573826621819,
    -11.35714285713));
#5219 = CARTESIAN_POINT('',(73.696120414088,1.507195769535,
    -7.071428571431));
#5220 = CARTESIAN_POINT('',(58.678540389283,3.130329675186,
    1.500000000001));
#5221 = CARTESIAN_POINT('',(73.696120414086,1.507195769535,
    10.071428571429));
#5222 = CARTESIAN_POINT('',(63.827424969193,2.573826621819,
    14.357142857141));
#5223 = CARTESIAN_POINT('',(79.274078709042,0.904317461721,
    18.642857142861));
#5224 = CARTESIAN_POINT('',(69.405383264107,1.970948314005,
    22.928571428567));
#5225 = CARTESIAN_POINT('',(76.914173276544,1.159381361181,
    27.214285714288));
#5226 = CARTESIAN_POINT('',(76.914173276531,1.15938136118,31.5));
#5227 = CARTESIAN_POINT('',(77.322318346899,1.108936280239,-28.5));
#5228 = CARTESIAN_POINT('',(77.322318346923,1.108936280239,
    -24.21428571429));
#5229 = CARTESIAN_POINT('',(70.09922988371,1.885191676404,
    -19.92857142855));
#5230 = CARTESIAN_POINT('',(79.59243186396,0.864970298588,
    -15.64285714287));
#5231 = CARTESIAN_POINT('',(64.733507025397,2.461838542129,
    -11.35714285713));
#5232 = CARTESIAN_POINT('',(74.226709005569,1.441617164311,
    -7.071428571431));
#5233 = CARTESIAN_POINT('',(59.780532079275,2.994127956645,1.5));
#5234 = CARTESIAN_POINT('',(74.226709005567,1.441617164311,
    10.071428571429));
#5235 = CARTESIAN_POINT('',(64.733507025404,2.46183854213,
    14.357142857139));
#5236 = CARTESIAN_POINT('',(79.592431863938,0.864970298586,
    18.642857142865));
#5237 = CARTESIAN_POINT('',(70.099229883725,1.885191676406,
    22.928571428564));
#5238 = CARTESIAN_POINT('',(77.322318346916,1.108936280239,
    27.214285714289));
#5239 = CARTESIAN_POINT('',(77.322318346899,1.108936280239,31.5));
#5240 = CARTESIAN_POINT('',(77.727941947871,1.054398659447,-28.5));
#5241 = CARTESIAN_POINT('',(77.727941947895,1.054398659448,
    -24.21428571429));
#5242 = CARTESIAN_POINT('',(70.788790005363,1.792477721058,
    -19.92857142855));
#5243 = CARTESIAN_POINT('',(79.90881827272,0.822430954371,
    -15.64285714287));
#5244 = CARTESIAN_POINT('',(65.633991419552,2.340765023971,
    -11.35714285713));
#5245 = CARTESIAN_POINT('',(74.754019686834,1.370718257282,
    -7.07142857143));
#5246 = CARTESIAN_POINT('',(60.875715801898,2.846876380507,1.5));
#5247 = CARTESIAN_POINT('',(74.754019686833,1.370718257282,
    10.071428571429));
#5248 = CARTESIAN_POINT('',(65.633991419558,2.340765023973,
    14.357142857141));
#5249 = CARTESIAN_POINT('',(79.908818272703,0.822430954369,
    18.642857142861));
#5250 = CARTESIAN_POINT('',(70.788790005372,1.79247772106,
    22.928571428567));
#5251 = CARTESIAN_POINT('',(77.72794194789,1.054398659447,
    27.214285714288));
#5252 = CARTESIAN_POINT('',(77.727941947871,1.054398659447,31.5));
#5253 = CARTESIAN_POINT('',(78.129378750109,0.996427073167,-28.5));
#5254 = CARTESIAN_POINT('',(78.129378750131,0.996427073167,
    -24.21428571429));
#5255 = CARTESIAN_POINT('',(71.471232569168,1.693926024382,
    -19.92857142855));
#5256 = CARTESIAN_POINT('',(80.221938978463,0.777213117072,
    -15.64285714287));
#5257 = CARTESIAN_POINT('',(66.52518112052,2.212068102429,
    -11.35714285713));
#5258 = CARTESIAN_POINT('',(75.275887529742,1.295355195117,
    -7.07142857143));
#5259 = CARTESIAN_POINT('',(61.959595167941,2.69035309755,1.499999999999
    ));
#5260 = CARTESIAN_POINT('',(75.275887529739,1.295355195117,
    10.071428571431));
#5261 = CARTESIAN_POINT('',(66.525181120537,2.21206810243,
    14.357142857135));
#5262 = CARTESIAN_POINT('',(80.221938978428,0.77721311707,
    18.642857142871));
#5263 = CARTESIAN_POINT('',(71.471232569193,1.693926024383,
    22.928571428559));
#5264 = CARTESIAN_POINT('',(78.12937875012,0.996427073167,
    27.214285714291));
#5265 = CARTESIAN_POINT('',(78.129378750109,0.996427073167,31.5));
#5266 = CARTESIAN_POINT('',(78.524980248358,0.935665845128,-28.5));
#5267 = CARTESIAN_POINT('',(78.524980248388,0.935665845129,
    -24.21428571429));
#5268 = CARTESIAN_POINT('',(72.143755116176,1.590631936716,
    -19.92857142854));
#5269 = CARTESIAN_POINT('',(80.530508147116,0.729819359202,
    -15.64285714288));
#5270 = CARTESIAN_POINT('',(67.403416446625,2.077178176182,
    -11.35714285712));
#5271 = CARTESIAN_POINT('',(75.790169477469,1.216365598667,
    -7.071428571432));
#5272 = CARTESIAN_POINT('',(63.027719213213,2.526297781845,
    1.500000000001));
#5273 = CARTESIAN_POINT('',(75.790169477465,1.216365598667,
    10.071428571429));
#5274 = CARTESIAN_POINT('',(67.403416446644,2.077178176184,
    14.357142857142));
#5275 = CARTESIAN_POINT('',(80.530508147073,0.7298193592,18.642857142859
    ));
#5276 = CARTESIAN_POINT('',(72.143755116209,1.590631936718,
    22.928571428568));
#5277 = CARTESIAN_POINT('',(78.524980248373,0.935665845128,
    27.214285714287));
#5278 = CARTESIAN_POINT('',(78.524980248358,0.935665845128,31.5));
#5279 = CARTESIAN_POINT('',(78.913121552921,0.872741898237,-28.5));
#5280 = CARTESIAN_POINT('',(78.913121552948,0.872741898237,
    -24.21428571429));
#5281 = CARTESIAN_POINT('',(72.803595333939,1.483661227001,
    -19.92857142855));
#5282 = CARTESIAN_POINT('',(80.833258364668,0.680738680626,
    -15.64285714287));
#5283 = CARTESIAN_POINT('',(68.265090142759,1.937487014084,
    -11.35714285713));
#5284 = CARTESIAN_POINT('',(76.294753173399,1.134564467708,
    -7.07142857143));
#5285 = CARTESIAN_POINT('',(64.075700735537,2.356403125239,1.5));
#5286 = CARTESIAN_POINT('',(76.294753173392,1.134564467708,
    10.07142857143));
#5287 = CARTESIAN_POINT('',(68.265090142796,1.937487014085,
    14.35714285714));
#5288 = CARTESIAN_POINT('',(80.833258364596,0.680738680625,
    18.642857142863));
#5289 = CARTESIAN_POINT('',(72.803595333996,1.483661227002,
    22.928571428565));
#5290 = CARTESIAN_POINT('',(78.913121552925,0.872741898237,
    27.214285714289));
#5291 = CARTESIAN_POINT('',(78.913121552921,0.872741898237,31.5));
#5292 = CARTESIAN_POINT('',(79.292208102401,0.808263825851,-28.5));
#5293 = CARTESIAN_POINT('',(79.292208102437,0.808263825851,
    -24.21428571429));
#5294 = CARTESIAN_POINT('',(73.448042468029,1.374048503946,
    -19.92857142854));
#5295 = CARTESIAN_POINT('',(81.12894587329,0.630445784164,
    -15.64285714288));
#5296 = CARTESIAN_POINT('',(69.106662282585,1.794345693388,
    -11.35714285712));
#5297 = CARTESIAN_POINT('',(76.787565687726,1.050742973606,
    -7.071428571432));
#5298 = CARTESIAN_POINT('',(65.099234419128,2.182312329797,
    1.500000000002));
#5299 = CARTESIAN_POINT('',(76.787565687717,1.050742973606,
    10.071428571428));
#5300 = CARTESIAN_POINT('',(69.106662282638,1.794345693389,
    14.357142857144));
#5301 = CARTESIAN_POINT('',(81.12894587319,0.630445784164,
    18.642857142857));
#5302 = CARTESIAN_POINT('',(73.448042468111,1.374048503946,
    22.92857142857));
#5303 = CARTESIAN_POINT('',(79.292208102403,0.808263825851,
    27.214285714287));
#5304 = CARTESIAN_POINT('',(79.292208102401,0.808263825851,31.5));
#5305 = CARTESIAN_POINT('',(79.66068226522,0.742822800763,-28.5));
#5306 = CARTESIAN_POINT('',(79.660682265251,0.742822800763,
    -24.21428571429));
#5307 = CARTESIAN_POINT('',(74.074448544838,1.262798761297,
    -19.92857142854));
#5308 = CARTESIAN_POINT('',(81.416355720272,0.579401784595,
    -15.64285714288));
#5309 = CARTESIAN_POINT('',(69.924674924052,1.649066617694,
    -11.35714285712));
#5310 = CARTESIAN_POINT('',(77.266582099392,0.965669640993,
    -7.071428571432));
#5311 = CARTESIAN_POINT('',(66.094114658737,2.005621562061,
    1.500000000002));
#5312 = CARTESIAN_POINT('',(77.266582099388,0.965669640993,
    10.071428571428));
#5313 = CARTESIAN_POINT('',(69.924674924069,1.649066617694,
    14.357142857144));
#5314 = CARTESIAN_POINT('',(81.416355720237,0.579401784596,
    18.642857142857));
#5315 = CARTESIAN_POINT('',(74.074448544864,1.262798761297,
    22.92857142857));
#5316 = CARTESIAN_POINT('',(79.660682265239,0.742822800764,
    27.214285714287));
#5317 = CARTESIAN_POINT('',(79.66068226522,0.742822800763,31.5));
#5318 = CARTESIAN_POINT('',(80.017029801714,0.676994822941,-28.5));
#5319 = CARTESIAN_POINT('',(80.017029801744,0.676994822941,
    -24.21428571429));
#5320 = CARTESIAN_POINT('',(74.680239356879,1.150891198999,
    -19.92857142854));
#5321 = CARTESIAN_POINT('',(81.694306798733,0.528055961894,
    -15.64285714288));
#5322 = CARTESIAN_POINT('',(70.715766455074,1.502928506928,
    -11.35714285713));
#5323 = CARTESIAN_POINT('',(77.729833896831,0.880093269823,
    -7.071428571431));
#5324 = CARTESIAN_POINT('',(67.056253007276,1.82788602194,1.500000000001
    ));
#5325 = CARTESIAN_POINT('',(77.729833896824,0.880093269823,
    10.071428571429));
#5326 = CARTESIAN_POINT('',(70.715766455112,1.502928506929,
    14.357142857139));
#5327 = CARTESIAN_POINT('',(81.69430679866,0.528055961894,
    18.642857142865));
#5328 = CARTESIAN_POINT('',(74.680239356939,1.150891199,22.928571428564)
  );
#5329 = CARTESIAN_POINT('',(80.017029801719,0.676994822941,
    27.214285714289));
#5330 = CARTESIAN_POINT('',(80.017029801714,0.676994822941,31.5));
#5331 = CARTESIAN_POINT('',(80.359786144945,0.61134373287,-28.5));
#5332 = CARTESIAN_POINT('',(80.359786144989,0.61134373287,
    -24.21428571429));
#5333 = CARTESIAN_POINT('',(75.262925140334,1.039284345878,
    -19.92857142855));
#5334 = CARTESIAN_POINT('',(81.9616567465,0.476848111639,-15.64285714287
    ));
#5335 = CARTESIAN_POINT('',(71.476685537013,1.35718308697,
    -11.35714285713));
#5336 = CARTESIAN_POINT('',(78.175417143041,0.794746852731,
    -7.071428571429));
#5337 = CARTESIAN_POINT('',(67.981695133987,1.650628078749,
    1.499999999999));
#5338 = CARTESIAN_POINT('',(78.175417143036,0.794746852731,
    10.071428571431));
#5339 = CARTESIAN_POINT('',(71.476685537048,1.357183086971,
    14.357142857134));
#5340 = CARTESIAN_POINT('',(81.961656746431,0.476848111639,
    18.642857142873));
#5341 = CARTESIAN_POINT('',(75.262925140391,1.039284345878,
    22.928571428557));
#5342 = CARTESIAN_POINT('',(80.359786144965,0.61134373287,
    27.214285714292));
#5343 = CARTESIAN_POINT('',(80.359786144945,0.61134373287,31.5));
#5344 = CARTESIAN_POINT('',(80.687542510408,0.546424388103,-28.5));
#5345 = CARTESIAN_POINT('',(80.687542510432,0.546424388103,
    -24.21428571429));
#5346 = CARTESIAN_POINT('',(75.820110961674,0.928921459774,
    -19.92857142854));
#5347 = CARTESIAN_POINT('',(82.217306711496,0.426211022721,
    -15.64285714287));
#5348 = CARTESIAN_POINT('',(72.204304668385,1.213062141587,
    -11.35714285713));
#5349 = CARTESIAN_POINT('',(78.60150041813,0.710351704534,
    -7.071428571431));
#5350 = CARTESIAN_POINT('',(68.866637320751,1.475345847877,
    1.500000000001));
#5351 = CARTESIAN_POINT('',(78.601500418127,0.710351704534,
    10.071428571429));
#5352 = CARTESIAN_POINT('',(72.204304668403,1.213062141587,
    14.357142857142));
#5353 = CARTESIAN_POINT('',(82.21730671146,0.426211022721,
    18.642857142859));
#5354 = CARTESIAN_POINT('',(75.820110961702,0.928921459774,
    22.928571428568));
#5355 = CARTESIAN_POINT('',(80.68754251042,0.546424388103,
    27.214285714287));
#5356 = CARTESIAN_POINT('',(80.687542510408,0.546424388103,31.5));
#5357 = CARTESIAN_POINT('',(80.998951666935,0.482785417179,-28.5));
#5358 = CARTESIAN_POINT('',(80.998951666961,0.482785417179,
    -24.21428571429));
#5359 = CARTESIAN_POINT('',(76.349506527761,0.820735209204,
    -19.92857142854));
#5360 = CARTESIAN_POINT('',(82.460205853597,0.3765726254,-15.64285714288
    ));
#5361 = CARTESIAN_POINT('',(72.895632995865,1.071783626137,
    -11.35714285713));
#5362 = CARTESIAN_POINT('',(79.006332321618,0.627621042333,
    -7.071428571431));
#5363 = CARTESIAN_POINT('',(69.707442043367,1.303520626383,
    1.500000000001));
#5364 = CARTESIAN_POINT('',(79.006332321616,0.627621042333,
    10.071428571429));
#5365 = CARTESIAN_POINT('',(72.895632995874,1.071783626137,
    14.357142857141));
#5366 = CARTESIAN_POINT('',(82.460205853576,0.3765726254,18.642857142861
    ));
#5367 = CARTESIAN_POINT('',(76.349506527776,0.820735209204,
    22.928571428567));
#5368 = CARTESIAN_POINT('',(80.998951666954,0.482785417179,
    27.214285714288));
#5369 = CARTESIAN_POINT('',(80.998951666935,0.482785417179,31.5));
#5370 = CARTESIAN_POINT('',(81.292733824525,0.420971025041,-28.5));
#5371 = CARTESIAN_POINT('',(81.292733824558,0.420971025041,
    -24.21428571429));
#5372 = CARTESIAN_POINT('',(76.848936195648,0.715650742569,
    -19.92857142854));
#5373 = CARTESIAN_POINT('',(82.689355936537,0.328357399532,
    -15.64285714288));
#5374 = CARTESIAN_POINT('',(73.547829385703,0.93455567559,
    -11.35714285713));
#5375 = CARTESIAN_POINT('',(79.388249126487,0.547262332553,
    -7.071428571431));
#5376 = CARTESIAN_POINT('',(70.500653868861,1.136621767609,
    1.500000000001));
#5377 = CARTESIAN_POINT('',(79.388249126481,0.547262332553,
    10.071428571428));
#5378 = CARTESIAN_POINT('',(73.547829385745,0.93455567559,
    14.357142857143));
#5379 = CARTESIAN_POINT('',(82.689355936458,0.328357399532,
    18.642857142858));
#5380 = CARTESIAN_POINT('',(76.848936195714,0.715650742569,
    22.92857142857));
#5381 = CARTESIAN_POINT('',(81.29273382453,0.420971025041,
    27.214285714287));
#5382 = CARTESIAN_POINT('',(81.292733824525,0.420971025041,31.5));
#5383 = CARTESIAN_POINT('',(81.567680953155,0.361521422418,-28.5));
#5384 = CARTESIAN_POINT('',(81.567680953171,0.361521422418,
    -24.21428571429));
#5385 = CARTESIAN_POINT('',(77.316346314365,0.61458641811,
    -19.92857142855));
#5386 = CARTESIAN_POINT('',(82.903814696808,0.281986709486,
    -15.64285714287));
#5387 = CARTESIAN_POINT('',(74.158212011306,0.802577557767,
    -11.35714285713));
#5388 = CARTESIAN_POINT('',(79.745680393691,0.469977849143,
    -7.071428571431));
#5389 = CARTESIAN_POINT('',(71.243011116179,0.976107840528,
    1.500000000001));
#5390 = CARTESIAN_POINT('',(79.745680393684,0.469977849143,
    10.071428571429));
#5391 = CARTESIAN_POINT('',(74.158212011348,0.802577557767,
    14.357142857142));
#5392 = CARTESIAN_POINT('',(82.90381469673,0.281986709486,
    18.642857142861));
#5393 = CARTESIAN_POINT('',(77.31634631443,0.61458641811,22.928571428567
    ));
#5394 = CARTESIAN_POINT('',(81.567680953144,0.361521422418,
    27.214285714288));
#5395 = CARTESIAN_POINT('',(81.567680953155,0.361521422418,31.5));
#5396 = CARTESIAN_POINT('',(81.822665143312,0.304971579336,-28.5));
#5397 = CARTESIAN_POINT('',(81.822665143344,0.304971579336,
    -24.21428571429));
#5398 = CARTESIAN_POINT('',(77.749819437589,0.518451684871,
    -19.92857142855));
#5399 = CARTESIAN_POINT('',(83.102702365185,0.237877831883,
    -15.64285714287));
#5400 = CARTESIAN_POINT('',(74.724276913415,0.677036906126,
    -11.35714285713));
#5401 = CARTESIAN_POINT('',(80.077159840908,0.396463053137,
    -7.071428571431));
#5402 = CARTESIAN_POINT('',(71.931468429588,0.823423264208,
    1.500000000001));
#5403 = CARTESIAN_POINT('',(80.077159840901,0.396463053137,
    10.071428571429));
#5404 = CARTESIAN_POINT('',(74.724276913457,0.677036906126,
    14.357142857142));
#5405 = CARTESIAN_POINT('',(83.102702365106,0.237877831882,
    18.642857142859));
#5406 = CARTESIAN_POINT('',(77.749819437654,0.518451684871,
    22.928571428568));
#5407 = CARTESIAN_POINT('',(81.822665143317,0.304971579336,
    27.214285714287));
#5408 = CARTESIAN_POINT('',(81.822665143312,0.304971579336,31.5));
#5409 = CARTESIAN_POINT('',(82.056632095705,0.251848154072,-28.5));
#5410 = CARTESIAN_POINT('',(82.056632095726,0.251848154072,
    -24.21428571429));
#5411 = CARTESIAN_POINT('',(78.147563256684,0.428141861922,
    -19.92857142855));
#5412 = CARTESIAN_POINT('',(83.285196588018,0.196441560176,
    -15.64285714287));
#5413 = CARTESIAN_POINT('',(75.243683547751,0.559102902039,
    -11.35714285713));
#5414 = CARTESIAN_POINT('',(80.381316879011,0.327402600294,
    -7.071428571431));
#5415 = CARTESIAN_POINT('',(72.563179201059,0.679990015994,
    1.500000000001));
#5416 = CARTESIAN_POINT('',(80.381316879005,0.327402600294,
    10.071428571429));
#5417 = CARTESIAN_POINT('',(75.243683547792,0.55910290204,
    14.357142857141));
#5418 = CARTESIAN_POINT('',(83.285196587942,0.196441560176,
    18.642857142861));
#5419 = CARTESIAN_POINT('',(78.147563256746,0.428141861922,
    22.928571428567));
#5420 = CARTESIAN_POINT('',(82.056632095701,0.251848154072,
    27.214285714288));
#5421 = CARTESIAN_POINT('',(82.056632095705,0.251848154072,31.5));
#5422 = CARTESIAN_POINT('',(82.268642076835,0.20266459879,-28.5));
#5423 = CARTESIAN_POINT('',(82.268642076859,0.20266459879,
    -24.21428571429));
#5424 = CARTESIAN_POINT('',(78.507980224596,0.344529817942,
    -19.92857142854));
#5425 = CARTESIAN_POINT('',(83.450564373312,0.158078387056,
    -15.64285714288));
#5426 = CARTESIAN_POINT('',(75.714345705846,0.449915409313,
    -11.35714285712));
#5427 = CARTESIAN_POINT('',(80.656929854487,0.263463978427,
    -7.071428571432));
#5428 = CARTESIAN_POINT('',(73.135606150098,0.547194416732,
    1.500000000002));
#5429 = CARTESIAN_POINT('',(80.656929854484,0.263463978427,
    10.071428571427));
#5430 = CARTESIAN_POINT('',(75.714345705859,0.449915409313,
    14.357142857146));
#5431 = CARTESIAN_POINT('',(83.450564373284,0.158078387056,
    18.642857142853));
#5432 = CARTESIAN_POINT('',(78.507980224618,0.344529817943,
    22.928571428573));
#5433 = CARTESIAN_POINT('',(82.268642076849,0.20266459879,
    27.214285714286));
#5434 = CARTESIAN_POINT('',(82.268642076835,0.20266459879,31.5));
#5435 = CARTESIAN_POINT('',(82.457756094654,0.157914624877,-28.5));
#5436 = CARTESIAN_POINT('',(82.457756094682,0.157914624877,
    -24.21428571429));
#5437 = CARTESIAN_POINT('',(78.829474054881,0.26845486229,
    -19.92857142854));
#5438 = CARTESIAN_POINT('',(83.598073307219,0.123173407404,
    -15.64285714288));
#5439 = CARTESIAN_POINT('',(76.134178825402,0.350570467225,
    -11.35714285713));
#5440 = CARTESIAN_POINT('',(80.902778077652,0.20528901234,
    -7.071428571431));
#5441 = CARTESIAN_POINT('',(73.646213998213,0.426369487166,
    1.500000000001));
#5442 = CARTESIAN_POINT('',(80.902778077647,0.20528901234,
    10.071428571429));
#5443 = CARTESIAN_POINT('',(76.134178825434,0.350570467226,
    14.357142857142));
#5444 = CARTESIAN_POINT('',(83.598073307157,0.123173407404,
    18.642857142859));
#5445 = CARTESIAN_POINT('',(78.829474054933,0.26845486229,
    22.928571428568));
#5446 = CARTESIAN_POINT('',(82.45775609466,0.157914624877,
    27.214285714287));
#5447 = CARTESIAN_POINT('',(82.457756094654,0.157914624877,31.5));
#5448 = CARTESIAN_POINT('',(82.623409153051,0.118064269176,-28.5));
#5449 = CARTESIAN_POINT('',(82.623409153075,0.118064269176,
    -24.21428571429));
#5450 = CARTESIAN_POINT('',(79.111084254161,0.200709257599,
    -19.92857142854));
#5451 = CARTESIAN_POINT('',(83.727282692763,9.209012995706E-02,
    -15.64285714288));
#5452 = CARTESIAN_POINT('',(76.501928615043,0.26210267757,
    -11.35714285712));
#5453 = CARTESIAN_POINT('',(81.118127053569,0.153483549929,
    -7.071428571432));
#5454 = CARTESIAN_POINT('',(74.093477255881,0.318773526775,
    1.500000000002));
#5455 = CARTESIAN_POINT('',(81.118127053566,0.153483549929,
    10.071428571428));
#5456 = CARTESIAN_POINT('',(76.501928615055,0.262102677571,
    14.357142857143));
#5457 = CARTESIAN_POINT('',(83.727282692739,9.209012995697E-02,
    18.642857142859));
#5458 = CARTESIAN_POINT('',(79.111084254179,0.200709257599,
    22.928571428569));
#5459 = CARTESIAN_POINT('',(82.623409153068,0.118064269176,
    27.214285714287));
#5460 = CARTESIAN_POINT('',(82.623409153051,0.118064269176,31.5));
#5461 = CARTESIAN_POINT('',(82.764286789259,8.354318066014E-02,-28.5));
#5462 = CARTESIAN_POINT('',(82.764286789298,8.354318066018E-02,
    -24.21428571429));
#5463 = CARTESIAN_POINT('',(79.350576235679,0.142023407122,
    -19.92857142854));
#5464 = CARTESIAN_POINT('',(83.83716724905,6.516368091503E-02,
    -15.64285714288));
#5465 = CARTESIAN_POINT('',(76.814676967396,0.185465861065,
    -11.35714285713));
#5466 = CARTESIAN_POINT('',(81.301267980648,0.108606134858,
    -7.071428571431));
#5467 = CARTESIAN_POINT('',(74.473846873634,0.225566587782,
    1.500000000001));
#5468 = CARTESIAN_POINT('',(81.301267980643,0.108606134858,
    10.071428571428));
#5469 = CARTESIAN_POINT('',(76.814676967425,0.185465861065,
    14.357142857144));
#5470 = CARTESIAN_POINT('',(83.837167248995,6.516368091495E-02,
    18.642857142857));
#5471 = CARTESIAN_POINT('',(79.350576235724,0.142023407122,
    22.92857142857));
#5472 = CARTESIAN_POINT('',(82.764286789279,8.354318066015E-02,
    27.214285714287));
#5473 = CARTESIAN_POINT('',(82.764286789259,8.354318066014E-02,31.5));
#5474 = CARTESIAN_POINT('',(82.881630110237,5.473504920414E-02,-28.5));
#5475 = CARTESIAN_POINT('',(82.881630110268,5.473504920419E-02,
    -24.21428571429));
#5476 = CARTESIAN_POINT('',(79.550059881362,9.304958364693E-02,
    -19.92857142854));
#5477 = CARTESIAN_POINT('',(83.928695039385,4.269333837931E-02,
    -15.64285714288));
#5478 = CARTESIAN_POINT('',(77.075179139988,0.121511809233,
    -11.35714285713));
#5479 = CARTESIAN_POINT('',(81.453814297911,7.115556396541E-02,
    -7.071428571431));
#5480 = CARTESIAN_POINT('',(74.790673840284,0.147784632851,1.5));
#5481 = CARTESIAN_POINT('',(81.453814297907,7.115556396541E-02,
    10.07142857143));
#5482 = CARTESIAN_POINT('',(77.075179140015,0.121511809233,
    14.357142857136));
#5483 = CARTESIAN_POINT('',(83.928695039332,4.269333837934E-02,
    18.64285714287));
#5484 = CARTESIAN_POINT('',(79.550059881406,9.304958364693E-02,
    22.928571428559));
#5485 = CARTESIAN_POINT('',(82.881630110249,5.473504920419E-02,
    27.214285714291));
#5486 = CARTESIAN_POINT('',(82.881630110237,5.473504920414E-02,31.5));
#5487 = CARTESIAN_POINT('',(82.970062478126,3.196940927653E-02,-28.5));
#5488 = CARTESIAN_POINT('',(82.970062478152,3.196940927651E-02,
    -24.21428571429));
#5489 = CARTESIAN_POINT('',(79.700394906786,5.434799577012E-02,
    -19.92857142855));
#5490 = CARTESIAN_POINT('',(83.997672286324,2.493613923567E-02,
    -15.64285714287));
#5491 = CARTESIAN_POINT('',(77.27149899671,7.097208859384E-02,
    -11.35714285713));
#5492 = CARTESIAN_POINT('',(81.568776376165,4.15602320595E-02,
    -7.071428571429));
#5493 = CARTESIAN_POINT('',(75.029441233586,8.631740504659E-02,
    1.499999999999));
#5494 = CARTESIAN_POINT('',(81.568776376161,4.15602320595E-02,
    10.071428571431));
#5495 = CARTESIAN_POINT('',(77.271498996737,7.097208859386E-02,
    14.357142857137));
#5496 = CARTESIAN_POINT('',(83.997672286271,2.493613923566E-02,
    18.642857142868));
#5497 = CARTESIAN_POINT('',(79.700394906831,5.434799577013E-02,
    22.928571428562));
#5498 = CARTESIAN_POINT('',(82.970062478133,3.19694092765E-02,
    27.21428571429));
#5499 = CARTESIAN_POINT('',(82.970062478126,3.196940927653E-02,31.5));
#5500 = CARTESIAN_POINT('',(83.041156786355,1.551090089671E-02,-28.5));
#5501 = CARTESIAN_POINT('',(83.041156786409,1.551090089673E-02,
    -24.21428571429));
#5502 = CARTESIAN_POINT('',(79.821255230705,2.636853152435E-02,
    -19.92857142854));
#5503 = CARTESIAN_POINT('',(84.053125846828,1.209850269946E-02,
    -15.64285714288));
#5504 = CARTESIAN_POINT('',(77.429328360923,3.443419999068E-02,
    -11.35714285713));
#5505 = CARTESIAN_POINT('',(81.661198976879,2.016417116572E-02,
    -7.071428571432));
#5506 = CARTESIAN_POINT('',(75.221395865788,4.187943242113E-02,
    1.500000000002));
#5507 = CARTESIAN_POINT('',(81.661198976873,2.016417116572E-02,
    10.071428571428));
#5508 = CARTESIAN_POINT('',(77.42932836096,3.443419999069E-02,
    14.357142857144));
#5509 = CARTESIAN_POINT('',(84.05312584676,1.209850269945E-02,
    18.642857142857));
#5510 = CARTESIAN_POINT('',(79.821255230762,2.636853152436E-02,
    22.92857142857));
#5511 = CARTESIAN_POINT('',(83.041156786385,1.551090089673E-02,
    27.214285714287));
#5512 = CARTESIAN_POINT('',(83.041156786355,1.551090089671E-02,31.5));
#5513 = CARTESIAN_POINT('',(83.070158945229,5.557379670426E-03,-28.5));
#5514 = CARTESIAN_POINT('',(83.070158945261,5.557379670425E-03,
    -24.21428571429));
#5515 = CARTESIAN_POINT('',(79.870558900849,9.447545439702E-03,
    -19.92857142855));
#5516 = CARTESIAN_POINT('',(84.075747530677,4.334756142989E-03,
    -15.64285714287));
#5517 = CARTESIAN_POINT('',(77.493713153674,1.233738286828E-02,
    -11.35714285713));
#5518 = CARTESIAN_POINT('',(81.698901783399,7.224593571576E-03,
    -7.07142857143));
#5519 = CARTESIAN_POINT('',(75.299701694767,1.500492511012E-02,1.5));
#5520 = CARTESIAN_POINT('',(81.698901783392,7.224593571575E-03,
    10.07142857143));
#5521 = CARTESIAN_POINT('',(77.49371315372,1.233738286829E-02,
    14.357142857138));
#5522 = CARTESIAN_POINT('',(84.075747530592,4.334756142981E-03,
    18.642857142865));
#5523 = CARTESIAN_POINT('',(79.870558900922,9.447545439711E-03,
    22.928571428563));
#5524 = CARTESIAN_POINT('',(83.070158945231,5.557379670421E-03,
    27.214285714289));
#5525 = CARTESIAN_POINT('',(83.070158945229,5.557379670426E-03,31.5));
#5526 = CARTESIAN_POINT('',(83.105325662551,-5.992533391094E-16,-28.5));
#5527 = CARTESIAN_POINT('',(83.10532566258,1.125864428271E-15,
    -24.21428571429));
#5528 = CARTESIAN_POINT('',(79.930342320303,-3.146470437101E-15,
    -19.92857142854));
#5529 = CARTESIAN_POINT('',(84.103177570178,9.82749933338E-16,
    -15.64285714288));
#5530 = CARTESIAN_POINT('',(77.571783266135,-1.917071670981E-15,
    -11.35714285712));
#5531 = CARTESIAN_POINT('',(81.744618515915,-6.644627495978E-16,
    -7.071428571432));
#5532 = CARTESIAN_POINT('',(75.394651831538,-1.73255060684E-15,
    1.500000000001));
#5533 = CARTESIAN_POINT('',(81.744618515908,-6.644627495978E-16,
    10.071428571429));
#5534 = CARTESIAN_POINT('',(77.571783266176,-1.917071670982E-15,
    14.357142857141));
#5535 = CARTESIAN_POINT('',(84.103177570101,9.827499333377E-16,
    18.642857142863));
#5536 = CARTESIAN_POINT('',(79.930342320369,-3.146470437103E-15,
    22.928571428565));
#5537 = CARTESIAN_POINT('',(83.105325662553,1.12586442827E-15,
    27.214285714289));
#5538 = CARTESIAN_POINT('',(83.105325662551,-5.992533391094E-16,31.5));
#5539 = CARTESIAN_POINT('',(83.070158945229,-5.557379670425E-03,-28.5));
#5540 = CARTESIAN_POINT('',(83.070158945256,-5.557379670427E-03,
    -24.21428571429));
#5541 = CARTESIAN_POINT('',(79.870558900859,-9.447545439698E-03,
    -19.92857142855));
#5542 = CARTESIAN_POINT('',(84.07574753067,-4.334756142987E-03,
    -15.64285714287));
#5543 = CARTESIAN_POINT('',(77.493713153675,-1.233738286828E-02,
    -11.35714285713));
#5544 = CARTESIAN_POINT('',(81.698901783402,-7.224593571574E-03,
    -7.07142857143));
#5545 = CARTESIAN_POINT('',(75.299701694761,-1.500492511012E-02,1.5));
#5546 = CARTESIAN_POINT('',(81.698901783401,-7.224593571573E-03,
    10.07142857143));
#5547 = CARTESIAN_POINT('',(77.493713153683,-1.233738286828E-02,
    14.357142857138));
#5548 = CARTESIAN_POINT('',(84.075747530653,-4.334756142985E-03,
    18.642857142865));
#5549 = CARTESIAN_POINT('',(79.87055890087,-9.447545439703E-03,
    22.928571428563));
#5550 = CARTESIAN_POINT('',(83.070158945251,-5.557379670425E-03,
    27.214285714289));
#5551 = CARTESIAN_POINT('',(83.070158945229,-5.557379670425E-03,31.5));
#5552 = CARTESIAN_POINT('',(83.041156786355,-1.551090089671E-02,-28.5));
#5553 = CARTESIAN_POINT('',(83.041156786398,-1.551090089673E-02,
    -24.21428571429));
#5554 = CARTESIAN_POINT('',(79.821255230732,-2.636853152436E-02,
    -19.92857142855));
#5555 = CARTESIAN_POINT('',(84.053125846794,-1.209850269945E-02,
    -15.64285714287));
#5556 = CARTESIAN_POINT('',(77.429328360945,-3.443419999069E-02,
    -11.35714285713));
#5557 = CARTESIAN_POINT('',(81.661198976872,-2.016417116572E-02,
    -7.07142857143));
#5558 = CARTESIAN_POINT('',(75.221395865797,-4.187943242113E-02,
    1.499999999999));
#5559 = CARTESIAN_POINT('',(81.661198976864,-2.016417116571E-02,
    10.071428571431));
#5560 = CARTESIAN_POINT('',(77.429328360994,-3.443419999071E-02,
    14.357142857135));
#5561 = CARTESIAN_POINT('',(84.053125846706,-1.209850269943E-02,
    18.642857142871));
#5562 = CARTESIAN_POINT('',(79.821255230807,-2.636853152438E-02,
    22.928571428559));
#5563 = CARTESIAN_POINT('',(83.041156786367,-1.551090089672E-02,
    27.214285714291));
#5564 = CARTESIAN_POINT('',(83.041156786355,-1.551090089671E-02,31.5));
#5565 = CARTESIAN_POINT('',(82.970062478126,-3.196940927653E-02,-28.5));
#5566 = CARTESIAN_POINT('',(82.97006247815,-3.196940927651E-02,
    -24.21428571429));
#5567 = CARTESIAN_POINT('',(79.700394906793,-5.43479957701E-02,
    -19.92857142854));
#5568 = CARTESIAN_POINT('',(83.997672286315,-2.493613923568E-02,
    -15.64285714288));
#5569 = CARTESIAN_POINT('',(77.271498996717,-7.097208859383E-02,
    -11.35714285712));
#5570 = CARTESIAN_POINT('',(81.568776376163,-4.15602320595E-02,
    -7.071428571432));
#5571 = CARTESIAN_POINT('',(75.029441233588,-8.631740504659E-02,
    1.500000000001));
#5572 = CARTESIAN_POINT('',(81.568776376159,-4.15602320595E-02,
    10.071428571429));
#5573 = CARTESIAN_POINT('',(77.27149899674,-7.097208859386E-02,
    14.357142857139));
#5574 = CARTESIAN_POINT('',(83.997672286269,-2.493613923567E-02,
    18.642857142865));
#5575 = CARTESIAN_POINT('',(79.700394906831,-5.434799577013E-02,
    22.928571428564));
#5576 = CARTESIAN_POINT('',(82.970062478133,-3.19694092765E-02,
    27.214285714289));
#5577 = CARTESIAN_POINT('',(82.970062478126,-3.196940927653E-02,31.5));
#5578 = CARTESIAN_POINT('',(82.881630110237,-5.473504920414E-02,-28.5));
#5579 = CARTESIAN_POINT('',(82.881630110262,-5.473504920421E-02,
    -24.21428571429));
#5580 = CARTESIAN_POINT('',(79.550059881378,-9.304958364687E-02,
    -19.92857142854));
#5581 = CARTESIAN_POINT('',(83.928695039366,-4.269333837938E-02,
    -15.64285714288));
#5582 = CARTESIAN_POINT('',(77.07517914,-0.121511809233,-11.35714285713)
  );
#5583 = CARTESIAN_POINT('',(81.453814297908,-7.115556396542E-02,
    -7.071428571431));
#5584 = CARTESIAN_POINT('',(74.790673840286,-0.147784632851,
    1.500000000001));
#5585 = CARTESIAN_POINT('',(81.453814297905,-7.115556396541E-02,
    10.071428571429));
#5586 = CARTESIAN_POINT('',(77.075179140018,-0.121511809233,
    14.357142857142));
#5587 = CARTESIAN_POINT('',(83.928695039329,-4.26933383793E-02,
    18.642857142859));
#5588 = CARTESIAN_POINT('',(79.550059881407,-9.304958364697E-02,
    22.928571428568));
#5589 = CARTESIAN_POINT('',(82.881630110249,-5.473504920418E-02,
    27.214285714287));
#5590 = CARTESIAN_POINT('',(82.881630110237,-5.473504920414E-02,31.5));
#5591 = CARTESIAN_POINT('',(82.764286789259,-8.354318066014E-02,-28.5));
#5592 = CARTESIAN_POINT('',(82.764286789301,-8.354318066017E-02,
    -24.21428571429));
#5593 = CARTESIAN_POINT('',(79.350576235671,-0.142023407122,
    -19.92857142855));
#5594 = CARTESIAN_POINT('',(83.837167249058,-6.516368091499E-02,
    -15.64285714287));
#5595 = CARTESIAN_POINT('',(76.814676967392,-0.185465861065,
    -11.35714285713));
#5596 = CARTESIAN_POINT('',(81.301267980647,-0.108606134858,
    -7.071428571431));
#5597 = CARTESIAN_POINT('',(74.473846873637,-0.225566587782,1.5));
#5598 = CARTESIAN_POINT('',(81.30126798064,-0.108606134858,
    10.07142857143));
#5599 = CARTESIAN_POINT('',(76.814676967436,-0.185465861065,
    14.357142857138));
#5600 = CARTESIAN_POINT('',(83.837167248978,-6.516368091493E-02,
    18.642857142867));
#5601 = CARTESIAN_POINT('',(79.350576235738,-0.142023407122,
    22.928571428562));
#5602 = CARTESIAN_POINT('',(82.764286789274,-8.354318066015E-02,
    27.21428571429));
#5603 = CARTESIAN_POINT('',(82.764286789259,-8.354318066014E-02,31.5));
#5604 = CARTESIAN_POINT('',(82.623409153051,-0.118064269176,-28.5));
#5605 = CARTESIAN_POINT('',(82.623409153075,-0.118064269176,
    -24.21428571429));
#5606 = CARTESIAN_POINT('',(79.111084254163,-0.200709257599,
    -19.92857142855));
#5607 = CARTESIAN_POINT('',(83.727282692757,-9.209012995704E-02,
    -15.64285714287));
#5608 = CARTESIAN_POINT('',(76.501928615051,-0.26210267757,
    -11.35714285713));
#5609 = CARTESIAN_POINT('',(81.118127053563,-0.153483549929,
    -7.07142857143));
#5610 = CARTESIAN_POINT('',(74.093477255889,-0.318773526775,
    1.499999999999));
#5611 = CARTESIAN_POINT('',(81.118127053556,-0.153483549929,
    10.07142857143));
#5612 = CARTESIAN_POINT('',(76.501928615098,-0.262102677571,
    14.357142857136));
#5613 = CARTESIAN_POINT('',(83.72728269267,-9.209012995695E-02,
    18.642857142869));
#5614 = CARTESIAN_POINT('',(79.111084254238,-0.200709257599,
    22.92857142856));
#5615 = CARTESIAN_POINT('',(82.623409153044,-0.118064269176,
    27.214285714291));
#5616 = CARTESIAN_POINT('',(82.623409153051,-0.118064269176,31.5));
#5617 = CARTESIAN_POINT('',(82.457756094654,-0.157914624877,-28.5));
#5618 = CARTESIAN_POINT('',(82.457756094684,-0.157914624877,
    -24.21428571429));
#5619 = CARTESIAN_POINT('',(78.829474054874,-0.26845486229,
    -19.92857142854));
#5620 = CARTESIAN_POINT('',(83.598073307229,-0.123173407404,
    -15.64285714288));
#5621 = CARTESIAN_POINT('',(76.134178825393,-0.350570467225,
    -11.35714285713));
#5622 = CARTESIAN_POINT('',(80.902778077656,-0.20528901234,
    -7.071428571432));
#5623 = CARTESIAN_POINT('',(73.646213998206,-0.426369487166,
    1.500000000002));
#5624 = CARTESIAN_POINT('',(80.902778077654,-0.20528901234,
    10.071428571428));
#5625 = CARTESIAN_POINT('',(76.134178825404,-0.350570467226,
    14.357142857144));
#5626 = CARTESIAN_POINT('',(83.598073307204,-0.123173407404,
    18.642857142857));
#5627 = CARTESIAN_POINT('',(78.829474054894,-0.26845486229,
    22.92857142857));
#5628 = CARTESIAN_POINT('',(82.457756094675,-0.157914624877,
    27.214285714287));
#5629 = CARTESIAN_POINT('',(82.457756094654,-0.157914624877,31.5));
#5630 = CARTESIAN_POINT('',(82.268642076835,-0.20266459879,-28.5));
#5631 = CARTESIAN_POINT('',(82.268642076857,-0.20266459879,
    -24.21428571429));
#5632 = CARTESIAN_POINT('',(78.5079802246,-0.344529817943,
    -19.92857142855));
#5633 = CARTESIAN_POINT('',(83.450564373306,-0.158078387056,
    -15.64285714287));
#5634 = CARTESIAN_POINT('',(75.714345705851,-0.449915409313,
    -11.35714285713));
#5635 = CARTESIAN_POINT('',(80.656929854485,-0.263463978427,
    -7.071428571431));
#5636 = CARTESIAN_POINT('',(73.135606150101,-0.547194416732,
    1.500000000001));
#5637 = CARTESIAN_POINT('',(80.656929854481,-0.263463978427,
    10.071428571428));
#5638 = CARTESIAN_POINT('',(75.714345705871,-0.449915409313,
    14.357142857144));
#5639 = CARTESIAN_POINT('',(83.450564373267,-0.158078387056,
    18.642857142856));
#5640 = CARTESIAN_POINT('',(78.507980224631,-0.344529817943,
    22.928571428572));
#5641 = CARTESIAN_POINT('',(82.268642076844,-0.20266459879,
    27.214285714286));
#5642 = CARTESIAN_POINT('',(82.268642076835,-0.20266459879,31.5));
#5643 = CARTESIAN_POINT('',(82.056632095705,-0.251848154072,-28.5));
#5644 = CARTESIAN_POINT('',(82.056632095733,-0.251848154072,
    -24.21428571429));
#5645 = CARTESIAN_POINT('',(78.147563256667,-0.428141861922,
    -19.92857142854));
#5646 = CARTESIAN_POINT('',(83.285196588039,-0.196441560176,
    -15.64285714288));
#5647 = CARTESIAN_POINT('',(75.243683547736,-0.559102902039,
    -11.35714285713));
#5648 = CARTESIAN_POINT('',(80.381316879018,-0.327402600294,
    -7.071428571432));
#5649 = CARTESIAN_POINT('',(72.56317920105,-0.679990015994,
    1.500000000002));
#5650 = CARTESIAN_POINT('',(80.381316879013,-0.327402600294,
    10.071428571428));
#5651 = CARTESIAN_POINT('',(75.243683547761,-0.55910290204,
    14.357142857146));
#5652 = CARTESIAN_POINT('',(83.28519658799,-0.196441560176,
    18.642857142853));
#5653 = CARTESIAN_POINT('',(78.147563256707,-0.428141861922,
    22.928571428573));
#5654 = CARTESIAN_POINT('',(82.056632095716,-0.251848154072,
    27.214285714286));
#5655 = CARTESIAN_POINT('',(82.056632095705,-0.251848154072,31.5));
#5656 = CARTESIAN_POINT('',(81.822665143312,-0.304971579336,-28.5));
#5657 = CARTESIAN_POINT('',(81.822665143339,-0.304971579336,
    -24.21428571429));
#5658 = CARTESIAN_POINT('',(77.749819437599,-0.518451684871,
    -19.92857142854));
#5659 = CARTESIAN_POINT('',(83.102702365173,-0.237877831883,
    -15.64285714288));
#5660 = CARTESIAN_POINT('',(74.72427691342,-0.677036906126,
    -11.35714285713));
#5661 = CARTESIAN_POINT('',(80.077159840908,-0.396463053137,
    -7.071428571431));
#5662 = CARTESIAN_POINT('',(71.931468429585,-0.823423264208,
    1.500000000001));
#5663 = CARTESIAN_POINT('',(80.077159840906,-0.396463053137,
    10.07142857143));
#5664 = CARTESIAN_POINT('',(74.724276913436,-0.677036906126,
    14.357142857138));
#5665 = CARTESIAN_POINT('',(83.102702365139,-0.237877831882,
    18.642857142867));
#5666 = CARTESIAN_POINT('',(77.749819437627,-0.518451684872,
    22.928571428562));
#5667 = CARTESIAN_POINT('',(81.822665143327,-0.304971579336,
    27.21428571429));
#5668 = CARTESIAN_POINT('',(81.822665143312,-0.304971579336,31.5));
#5669 = CARTESIAN_POINT('',(81.567680953155,-0.361521422418,-28.5));
#5670 = CARTESIAN_POINT('',(81.567680953172,-0.361521422418,
    -24.21428571429));
#5671 = CARTESIAN_POINT('',(77.31634631436,-0.61458641811,
    -19.92857142854));
#5672 = CARTESIAN_POINT('',(82.903814696817,-0.281986709486,
    -15.64285714288));
#5673 = CARTESIAN_POINT('',(74.158212011296,-0.802577557767,
    -11.35714285713));
#5674 = CARTESIAN_POINT('',(79.745680393697,-0.469977849143,
    -7.071428571431));
#5675 = CARTESIAN_POINT('',(71.243011116171,-0.976107840528,
    1.500000000001));
#5676 = CARTESIAN_POINT('',(79.745680393695,-0.469977849143,
    10.071428571429));
#5677 = CARTESIAN_POINT('',(74.158212011309,-0.802577557767,
    14.357142857141));
#5678 = CARTESIAN_POINT('',(82.903814696788,-0.281986709486,
    18.642857142861));
#5679 = CARTESIAN_POINT('',(77.316346314383,-0.61458641811,
    22.928571428567));
#5680 = CARTESIAN_POINT('',(81.567680953162,-0.361521422418,
    27.214285714288));
#5681 = CARTESIAN_POINT('',(81.567680953155,-0.361521422418,31.5));
#5682 = CARTESIAN_POINT('',(81.292733824525,-0.420971025041,-28.5));
#5683 = CARTESIAN_POINT('',(81.292733824551,-0.420971025041,
    -24.21428571429));
#5684 = CARTESIAN_POINT('',(76.848936195665,-0.715650742568,
    -19.92857142855));
#5685 = CARTESIAN_POINT('',(82.689355936517,-0.328357399532,
    -15.64285714287));
#5686 = CARTESIAN_POINT('',(73.547829385715,-0.934555675589,
    -11.35714285713));
#5687 = CARTESIAN_POINT('',(79.388249126485,-0.547262332553,
    -7.071428571431));
#5688 = CARTESIAN_POINT('',(70.500653868861,-1.136621767609,
    1.500000000001));
#5689 = CARTESIAN_POINT('',(79.388249126483,-0.547262332553,
    10.071428571429));
#5690 = CARTESIAN_POINT('',(73.54782938573,-0.93455567559,
    14.357142857139));
#5691 = CARTESIAN_POINT('',(82.689355936486,-0.328357399532,
    18.642857142865));
#5692 = CARTESIAN_POINT('',(76.848936195688,-0.715650742569,
    22.928571428564));
#5693 = CARTESIAN_POINT('',(81.292733824541,-0.420971025041,
    27.214285714289));
#5694 = CARTESIAN_POINT('',(81.292733824525,-0.420971025041,31.5));
#5695 = CARTESIAN_POINT('',(80.998951666935,-0.482785417179,-28.5));
#5696 = CARTESIAN_POINT('',(80.998951666947,-0.482785417179,
    -24.21428571429));
#5697 = CARTESIAN_POINT('',(76.349506527799,-0.820735209204,
    -19.92857142854));
#5698 = CARTESIAN_POINT('',(82.460205853549,-0.3765726254,
    -15.64285714287));
#5699 = CARTESIAN_POINT('',(72.895632995899,-1.071783626137,
    -11.35714285713));
#5700 = CARTESIAN_POINT('',(79.006332321606,-0.627621042333,
    -7.071428571431));
#5701 = CARTESIAN_POINT('',(69.707442043381,-1.303520626383,
    1.500000000001));
#5702 = CARTESIAN_POINT('',(79.006332321603,-0.627621042333,
    10.071428571428));
#5703 = CARTESIAN_POINT('',(72.895632995922,-1.071783626137,
    14.357142857143));
#5704 = CARTESIAN_POINT('',(82.460205853503,-0.3765726254,
    18.642857142857));
#5705 = CARTESIAN_POINT('',(76.349506527836,-0.820735209204,
    22.92857142857));
#5706 = CARTESIAN_POINT('',(80.998951666931,-0.482785417179,
    27.214285714287));
#5707 = CARTESIAN_POINT('',(80.998951666935,-0.482785417179,31.5));
#5708 = CARTESIAN_POINT('',(80.687542510408,-0.546424388103,-28.5));
#5709 = CARTESIAN_POINT('',(80.687542510442,-0.546424388103,
    -24.21428571429));
#5710 = CARTESIAN_POINT('',(75.820110961649,-0.928921459774,
    -19.92857142855));
#5711 = CARTESIAN_POINT('',(82.217306711527,-0.426211022721,
    -15.64285714287));
#5712 = CARTESIAN_POINT('',(72.204304668366,-1.213062141587,
    -11.35714285713));
#5713 = CARTESIAN_POINT('',(78.601500418135,-0.710351704534,
    -7.071428571431));
#5714 = CARTESIAN_POINT('',(68.866637320748,-1.475345847877,
    1.500000000001));
#5715 = CARTESIAN_POINT('',(78.601500418129,-0.710351704534,
    10.071428571429));
#5716 = CARTESIAN_POINT('',(72.204304668404,-1.213062141588,
    14.357142857143));
#5717 = CARTESIAN_POINT('',(82.217306711454,-0.42621102272,
    18.642857142858));
#5718 = CARTESIAN_POINT('',(75.820110961708,-0.928921459774,
    22.92857142857));
#5719 = CARTESIAN_POINT('',(80.687542510417,-0.546424388103,
    27.214285714287));
#5720 = CARTESIAN_POINT('',(80.687542510408,-0.546424388103,31.5));
#5721 = CARTESIAN_POINT('',(80.359786144945,-0.61134373287,-28.5));
#5722 = CARTESIAN_POINT('',(80.359786144979,-0.61134373287,
    -24.21428571429));
#5723 = CARTESIAN_POINT('',(75.26292514036,-1.039284345878,
    -19.92857142854));
#5724 = CARTESIAN_POINT('',(81.961656746468,-0.476848111639,
    -15.64285714288));
#5725 = CARTESIAN_POINT('',(71.476685537034,-1.357183086971,
    -11.35714285713));
#5726 = CARTESIAN_POINT('',(78.175417143036,-0.794746852731,
    -7.071428571431));
#5727 = CARTESIAN_POINT('',(67.98169513399,-1.650628078749,
    1.500000000001));
#5728 = CARTESIAN_POINT('',(78.175417143035,-0.794746852731,
    10.071428571429));
#5729 = CARTESIAN_POINT('',(71.476685537041,-1.357183086971,
    14.357142857141));
#5730 = CARTESIAN_POINT('',(81.96165674645,-0.476848111639,
    18.642857142861));
#5731 = CARTESIAN_POINT('',(75.262925140373,-1.039284345879,
    22.928571428567));
#5732 = CARTESIAN_POINT('',(80.359786144973,-0.61134373287,
    27.214285714288));
#5733 = CARTESIAN_POINT('',(80.359786144945,-0.61134373287,31.5));
#5734 = CARTESIAN_POINT('',(80.017029801714,-0.676994822941,-28.5));
#5735 = CARTESIAN_POINT('',(80.017029801761,-0.676994822941,
    -24.21428571429));
#5736 = CARTESIAN_POINT('',(74.680239356836,-1.150891198998,
    -19.92857142855));
#5737 = CARTESIAN_POINT('',(81.694306798785,-0.528055961895,
    -15.64285714287));
#5738 = CARTESIAN_POINT('',(70.715766455042,-1.502928506928,
    -11.35714285713));
#5739 = CARTESIAN_POINT('',(77.729833896839,-0.880093269824,
    -7.07142857143));
#5740 = CARTESIAN_POINT('',(67.056253007269,-1.82788602194,1.5));
#5741 = CARTESIAN_POINT('',(77.729833896829,-0.880093269823,
    10.07142857143));
#5742 = CARTESIAN_POINT('',(70.7157664551,-1.502928506928,14.35714285714
    ));
#5743 = CARTESIAN_POINT('',(81.694306798676,-0.528055961895,
    18.642857142863));
#5744 = CARTESIAN_POINT('',(74.680239356926,-1.150891198999,
    22.928571428565));
#5745 = CARTESIAN_POINT('',(80.017029801724,-0.676994822941,
    27.214285714289));
#5746 = CARTESIAN_POINT('',(80.017029801714,-0.676994822941,31.5));
#5747 = CARTESIAN_POINT('',(79.66068226522,-0.742822800763,-28.5));
#5748 = CARTESIAN_POINT('',(79.660682265254,-0.742822800764,
    -24.21428571429));
#5749 = CARTESIAN_POINT('',(74.07444854483,-1.262798761297,
    -19.92857142854));
#5750 = CARTESIAN_POINT('',(81.416355720279,-0.579401784596,
    -15.64285714288));
#5751 = CARTESIAN_POINT('',(69.924674924049,-1.649066617694,
    -11.35714285713));
#5752 = CARTESIAN_POINT('',(77.266582099391,-0.965669640993,
    -7.071428571431));
#5753 = CARTESIAN_POINT('',(66.094114658737,-2.005621562061,
    1.500000000001));
#5754 = CARTESIAN_POINT('',(77.266582099387,-0.965669640993,
    10.071428571429));
#5755 = CARTESIAN_POINT('',(69.924674924073,-1.649066617694,
    14.35714285714));
#5756 = CARTESIAN_POINT('',(81.41635572023,-0.579401784596,
    18.642857142863));
#5757 = CARTESIAN_POINT('',(74.07444854487,-1.262798761297,
    22.928571428565));
#5758 = CARTESIAN_POINT('',(79.660682265237,-0.742822800764,
    27.214285714289));
#5759 = CARTESIAN_POINT('',(79.66068226522,-0.742822800763,31.5));
#5760 = CARTESIAN_POINT('',(79.292208102401,-0.808263825851,-28.5));
#5761 = CARTESIAN_POINT('',(79.292208102428,-0.808263825851,
    -24.21428571429));
#5762 = CARTESIAN_POINT('',(73.448042468052,-1.374048503945,
    -19.92857142855));
#5763 = CARTESIAN_POINT('',(81.128945873264,-0.630445784165,
    -15.64285714287));
#5764 = CARTESIAN_POINT('',(69.106662282599,-1.794345693388,
    -11.35714285713));
#5765 = CARTESIAN_POINT('',(76.787565687723,-1.050742973607,
    -7.071428571431));
#5766 = CARTESIAN_POINT('',(65.099234419128,-2.182312329797,
    1.500000000001));
#5767 = CARTESIAN_POINT('',(76.787565687717,-1.050742973606,
    10.071428571429));
#5768 = CARTESIAN_POINT('',(69.106662282634,-1.794345693389,
    14.357142857141));
#5769 = CARTESIAN_POINT('',(81.128945873197,-0.630445784164,
    18.642857142861));
#5770 = CARTESIAN_POINT('',(73.448042468105,-1.374048503946,
    22.928571428567));
#5771 = CARTESIAN_POINT('',(79.292208102406,-0.808263825851,
    27.214285714288));
#5772 = CARTESIAN_POINT('',(79.292208102401,-0.808263825851,31.5));
#5773 = CARTESIAN_POINT('',(78.913121552921,-0.872741898237,-28.5));
#5774 = CARTESIAN_POINT('',(78.913121552948,-0.872741898237,
    -24.21428571429));
#5775 = CARTESIAN_POINT('',(72.803595333939,-1.483661227001,
    -19.92857142854));
#5776 = CARTESIAN_POINT('',(80.833258364668,-0.680738680625,
    -15.64285714288));
#5777 = CARTESIAN_POINT('',(68.265090142759,-1.937487014084,
    -11.35714285713));
#5778 = CARTESIAN_POINT('',(76.294753173399,-1.134564467708,
    -7.071428571431));
#5779 = CARTESIAN_POINT('',(64.075700735537,-2.356403125239,1.5));
#5780 = CARTESIAN_POINT('',(76.294753173392,-1.134564467708,
    10.07142857143));
#5781 = CARTESIAN_POINT('',(68.265090142796,-1.937487014085,
    14.357142857137));
#5782 = CARTESIAN_POINT('',(80.833258364596,-0.680738680624,
    18.642857142869));
#5783 = CARTESIAN_POINT('',(72.803595333996,-1.483661227002,
    22.92857142856));
#5784 = CARTESIAN_POINT('',(78.913121552925,-0.872741898237,
    27.214285714291));
#5785 = CARTESIAN_POINT('',(78.913121552921,-0.872741898237,31.5));
#5786 = CARTESIAN_POINT('',(78.524980248358,-0.935665845128,-28.5));
#5787 = CARTESIAN_POINT('',(78.52498024839,-0.935665845128,
    -24.21428571429));
#5788 = CARTESIAN_POINT('',(72.143755116172,-1.590631936716,
    -19.92857142854));
#5789 = CARTESIAN_POINT('',(80.530508147121,-0.729819359201,
    -15.64285714288));
#5790 = CARTESIAN_POINT('',(67.403416446622,-2.077178176183,
    -11.35714285713));
#5791 = CARTESIAN_POINT('',(75.790169477468,-1.216365598667,
    -7.071428571431));
#5792 = CARTESIAN_POINT('',(63.027719213215,-2.526297781846,
    1.500000000001));
#5793 = CARTESIAN_POINT('',(75.790169477462,-1.216365598667,
    10.071428571429));
#5794 = CARTESIAN_POINT('',(67.403416446663,-2.077178176184,
    14.357142857141));
#5795 = CARTESIAN_POINT('',(80.530508147042,-0.729819359199,
    18.642857142861));
#5796 = CARTESIAN_POINT('',(72.143755116235,-1.590631936718,
    22.928571428567));
#5797 = CARTESIAN_POINT('',(78.524980248363,-0.935665845128,
    27.214285714288));
#5798 = CARTESIAN_POINT('',(78.524980248358,-0.935665845128,31.5));
#5799 = CARTESIAN_POINT('',(78.129378750109,-0.996427073167,-28.5));
#5800 = CARTESIAN_POINT('',(78.129378750133,-0.996427073167,
    -24.21428571429));
#5801 = CARTESIAN_POINT('',(71.471232569166,-1.693926024383,
    -19.92857142854));
#5802 = CARTESIAN_POINT('',(80.221938978462,-0.777213117071,
    -15.64285714288));
#5803 = CARTESIAN_POINT('',(66.525181120524,-2.212068102429,
    -11.35714285713));
#5804 = CARTESIAN_POINT('',(75.275887529739,-1.295355195117,
    -7.071428571431));
#5805 = CARTESIAN_POINT('',(61.959595167946,-2.69035309755,
    1.500000000001));
#5806 = CARTESIAN_POINT('',(75.275887529732,-1.295355195117,
    10.071428571428));
#5807 = CARTESIAN_POINT('',(66.525181120564,-2.21206810243,
    14.357142857144));
#5808 = CARTESIAN_POINT('',(80.221938978383,-0.77721311707,
    18.642857142857));
#5809 = CARTESIAN_POINT('',(71.471232569232,-1.693926024383,
    22.92857142857));
#5810 = CARTESIAN_POINT('',(78.129378750105,-0.996427073167,
    27.214285714287));
#5811 = CARTESIAN_POINT('',(78.129378750109,-0.996427073167,31.5));
#5812 = CARTESIAN_POINT('',(77.727941947871,-1.054398659447,-28.5));
#5813 = CARTESIAN_POINT('',(77.727941947892,-1.054398659448,
    -24.21428571429));
#5814 = CARTESIAN_POINT('',(70.78879000537,-1.792477721058,
    -19.92857142855));
#5815 = CARTESIAN_POINT('',(79.908818272709,-0.822430954371,
    -15.64285714287));
#5816 = CARTESIAN_POINT('',(65.633991419562,-2.340765023971,
    -11.35714285713));
#5817 = CARTESIAN_POINT('',(74.754019686829,-1.370718257282,
    -7.071428571429));
#5818 = CARTESIAN_POINT('',(60.875715801905,-2.846876380507,
    1.499999999999));
#5819 = CARTESIAN_POINT('',(74.754019686825,-1.370718257282,
    10.07142857143));
#5820 = CARTESIAN_POINT('',(65.633991419584,-2.340765023972,
    14.357142857137));
#5821 = CARTESIAN_POINT('',(79.908818272662,-0.822430954369,
    18.642857142867));
#5822 = CARTESIAN_POINT('',(70.788790005405,-1.79247772106,
    22.928571428562));
#5823 = CARTESIAN_POINT('',(77.727941947877,-1.054398659448,
    27.21428571429));
#5824 = CARTESIAN_POINT('',(77.727941947871,-1.054398659447,31.5));
#5825 = CARTESIAN_POINT('',(77.322318346899,-1.108936280239,-28.5));
#5826 = CARTESIAN_POINT('',(77.322318346924,-1.108936280239,
    -24.21428571429));
#5827 = CARTESIAN_POINT('',(70.099229883709,-1.885191676404,
    -19.92857142854));
#5828 = CARTESIAN_POINT('',(79.592431863963,-0.864970298588,
    -15.64285714288));
#5829 = CARTESIAN_POINT('',(64.733507025395,-2.461838542129,
    -11.35714285712));
#5830 = CARTESIAN_POINT('',(74.226709005569,-1.441617164311,
    -7.071428571432));
#5831 = CARTESIAN_POINT('',(59.780532079276,-2.994127956644,
    1.500000000002));
#5832 = CARTESIAN_POINT('',(74.226709005566,-1.441617164311,
    10.071428571428));
#5833 = CARTESIAN_POINT('',(64.733507025415,-2.461838542129,
    14.357142857143));
#5834 = CARTESIAN_POINT('',(79.592431863918,-0.864970298587,
    18.642857142859));
#5835 = CARTESIAN_POINT('',(70.099229883743,-1.885191676405,
    22.928571428569));
#5836 = CARTESIAN_POINT('',(77.322318346908,-1.108936280239,
    27.214285714287));
#5837 = CARTESIAN_POINT('',(77.322318346899,-1.108936280239,31.5));
#5838 = CARTESIAN_POINT('',(76.914173276531,-1.15938136118,-28.5));
#5839 = CARTESIAN_POINT('',(76.914173276558,-1.159381361181,
    -24.21428571429));
#5840 = CARTESIAN_POINT('',(69.405383264076,-1.970948314005,
    -19.92857142855));
#5841 = CARTESIAN_POINT('',(79.274078709082,-0.904317461721,
    -15.64285714287));
#5842 = CARTESIAN_POINT('',(63.827424969175,-2.573826621819,
    -11.35714285713));
#5843 = CARTESIAN_POINT('',(73.69612041409,-1.507195769534,
    -7.071428571431));
#5844 = CARTESIAN_POINT('',(58.678540389283,-3.130329675186,
    1.500000000001));
#5845 = CARTESIAN_POINT('',(73.696120414085,-1.507195769534,
    10.071428571428));
#5846 = CARTESIAN_POINT('',(63.827424969202,-2.57382662182,
    14.357142857147));
#5847 = CARTESIAN_POINT('',(79.274078709026,-0.90431746172,
    18.642857142852));
#5848 = CARTESIAN_POINT('',(69.40538326412,-1.970948314006,
    22.928571428575));
#5849 = CARTESIAN_POINT('',(76.914173276539,-1.15938136118,
    27.214285714285));
#5850 = CARTESIAN_POINT('',(76.914173276531,-1.15938136118,31.5));
#5851 = CARTESIAN_POINT('',(76.505182050885,-1.205066683444,-28.5));
#5852 = CARTESIAN_POINT('',(76.505182050902,-1.205066683445,
    -24.21428571429));
#5853 = CARTESIAN_POINT('',(68.710098180505,-2.048613361853,
    -19.92857142855));
#5854 = CARTESIAN_POINT('',(78.955065553045,-0.939952013088,
    -15.64285714287));
#5855 = CARTESIAN_POINT('',(62.919464448263,-2.675248037244,
    -11.35714285713));
#5856 = CARTESIAN_POINT('',(73.164431820744,-1.566586688478,
    -7.07142857143));
#5857 = CARTESIAN_POINT('',(57.574264080045,-3.253680045299,1.5));
#5858 = CARTESIAN_POINT('',(73.164431820741,-1.566586688478,
    10.07142857143));
#5859 = CARTESIAN_POINT('',(62.919464448281,-2.675248037246,
    14.357142857138));
#5860 = CARTESIAN_POINT('',(78.955065553003,-0.939952013087,
    18.642857142865));
#5861 = CARTESIAN_POINT('',(68.710098180537,-2.048613361855,
    22.928571428564));
#5862 = CARTESIAN_POINT('',(76.505182050887,-1.205066683444,
    27.214285714289));
#5863 = CARTESIAN_POINT('',(76.505182050885,-1.205066683444,31.5));
#5864 = CARTESIAN_POINT('',(76.097023111425,-1.245324506391,-28.5));
#5865 = CARTESIAN_POINT('',(76.097023111448,-1.245324506391,
    -24.21428571429));
#5866 = CARTESIAN_POINT('',(68.016227983405,-2.117051660861,
    -19.92857142855));
#5867 = CARTESIAN_POINT('',(78.636701580289,-0.971353114987,
    -15.64285714287));
#5868 = CARTESIAN_POINT('',(62.013351602646,-2.764620404184,
    -11.35714285713));
#5869 = CARTESIAN_POINT('',(72.63382519945,-1.618921858308,
    -7.07142857143));
#5870 = CARTESIAN_POINT('',(56.472234943498,-3.362376167254,
    1.499999999999));
#5871 = CARTESIAN_POINT('',(72.633825199446,-1.618921858308,
    10.071428571431));
#5872 = CARTESIAN_POINT('',(62.013351602671,-2.764620404185,
    14.357142857131));
#5873 = CARTESIAN_POINT('',(78.636701580235,-0.971353114986,
    18.642857142877));
#5874 = CARTESIAN_POINT('',(68.016227983447,-2.117051660862,
    22.928571428554));
#5875 = CARTESIAN_POINT('',(76.09702311143,-1.245324506391,
    27.214285714293));
#5876 = CARTESIAN_POINT('',(76.097023111425,-1.245324506391,31.5));
#5877 = CARTESIAN_POINT('',(75.691371178394,-1.279497079702,-28.5));
#5878 = CARTESIAN_POINT('',(75.691371178419,-1.279497079702,
    -24.21428571429));
#5879 = CARTESIAN_POINT('',(67.326619697248,-2.175145035492,
    -19.92857142854));
#5880 = CARTESIAN_POINT('',(78.320293072531,-0.998007722167,
    -15.64285714288));
#5881 = CARTESIAN_POINT('',(61.112804311314,-2.840483516936,
    -11.35714285712));
#5882 = CARTESIAN_POINT('',(72.106477686511,-1.663346203612,
    -7.071428571431));
#5883 = CARTESIAN_POINT('',(55.376974724315,-3.454642115194,
    1.500000000001));
#5884 = CARTESIAN_POINT('',(72.106477686505,-1.663346203612,
    10.071428571429));
#5885 = CARTESIAN_POINT('',(61.112804311348,-2.840483516937,
    14.357142857139));
#5886 = CARTESIAN_POINT('',(78.320293072463,-0.998007722167,
    18.642857142865));
#5887 = CARTESIAN_POINT('',(67.326619697301,-2.175145035492,
    22.928571428564));
#5888 = CARTESIAN_POINT('',(75.691371178397,-1.279497079702,
    27.214285714289));
#5889 = CARTESIAN_POINT('',(75.691371178394,-1.279497079702,31.5));
#5890 = CARTESIAN_POINT('',(75.289890434375,-1.30694922923,-28.5));
#5891 = CARTESIAN_POINT('',(75.28989043441,-1.306949229231,
    -24.21428571429));
#5892 = CARTESIAN_POINT('',(66.644102432393,-2.22181368969,
    -19.92857142854));
#5893 = CARTESIAN_POINT('',(78.007138092226,-1.019420398801,
    -15.64285714288));
#5894 = CARTESIAN_POINT('',(60.221517059574,-2.901427288889,
    -11.35714285713));
#5895 = CARTESIAN_POINT('',(71.584552719293,-1.699033998,-7.071428571431
    ));
#5896 = CARTESIAN_POINT('',(54.292976715459,-3.528762918921,
    1.500000000001));
#5897 = CARTESIAN_POINT('',(71.584552719286,-1.699033998,10.071428571429
    ));
#5898 = CARTESIAN_POINT('',(60.221517059611,-2.90142728889,
    14.35714285714));
#5899 = CARTESIAN_POINT('',(78.00713809215,-1.0194203988,18.642857142863
    ));
#5900 = CARTESIAN_POINT('',(66.644102432453,-2.221813689691,
    22.928571428565));
#5901 = CARTESIAN_POINT('',(75.289890434384,-1.306949229231,
    27.214285714289));
#5902 = CARTESIAN_POINT('',(75.289890434375,-1.30694922923,31.5));
#5903 = CARTESIAN_POINT('',(74.894227758419,-1.3270825233,-28.5));
#5904 = CARTESIAN_POINT('',(74.894227758442,-1.3270825233,
    -24.21428571429));
#5905 = CARTESIAN_POINT('',(65.971475883295,-2.256040289608,
    -19.92857142855));
#5906 = CARTESIAN_POINT('',(77.698521204948,-1.035124368175,
    -15.64285714287));
#5907 = CARTESIAN_POINT('',(59.34314591897,-2.946123201724,
    -11.35714285713));
#5908 = CARTESIAN_POINT('',(71.070191240545,-1.72520728029,
    -7.071428571429));
#5909 = CARTESIAN_POINT('',(53.224687490381,-3.583122812909,
    1.499999999999));
#5910 = CARTESIAN_POINT('',(71.07019124054,-1.72520728029,
    10.071428571431));
#5911 = CARTESIAN_POINT('',(59.343145918999,-2.946123201724,
    14.357142857136));
#5912 = CARTESIAN_POINT('',(77.698521204887,-1.035124368175,
    18.642857142869));
#5913 = CARTESIAN_POINT('',(65.971475883342,-2.256040289609,
    22.92857142856));
#5914 = CARTESIAN_POINT('',(74.894227758422,-1.3270825233,
    27.214285714291));
#5915 = CARTESIAN_POINT('',(74.894227758419,-1.3270825233,31.5));
#5916 = CARTESIAN_POINT('',(74.506006023591,-1.339350371983,-28.5));
#5917 = CARTESIAN_POINT('',(74.50600602362,-1.339350371984,
    -24.21428571429));
#5918 = CARTESIAN_POINT('',(65.311498934074,-2.27689563237,
    -19.92857142855));
#5919 = CARTESIAN_POINT('',(77.395708251799,-1.044693290148,
    -15.64285714287));
#5920 = CARTESIAN_POINT('',(58.481293667642,-2.973357825802,
    -11.35714285713));
#5921 = CARTESIAN_POINT('',(70.565502985272,-1.741155483579,
    -7.07142857143));
#5922 = CARTESIAN_POINT('',(52.176488806341,-3.616246004355,1.5));
#5923 = CARTESIAN_POINT('',(70.565502985268,-1.741155483579,
    10.07142857143));
#5924 = CARTESIAN_POINT('',(58.481293667658,-2.973357825802,
    14.357142857138));
#5925 = CARTESIAN_POINT('',(77.39570825176,-1.044693290148,
    18.642857142867));
#5926 = CARTESIAN_POINT('',(65.311498934101,-2.276895632371,
    22.928571428562));
#5927 = CARTESIAN_POINT('',(74.506006023607,-1.339350371984,
    27.21428571429));
#5928 = CARTESIAN_POINT('',(74.506006023591,-1.339350371983,31.5));
#5929 = CARTESIAN_POINT('',(74.126817464745,-1.343273291563,-28.5));
#5930 = CARTESIAN_POINT('',(74.126817464777,-1.343273291563,
    -24.21428571429));
#5931 = CARTESIAN_POINT('',(64.666878384027,-2.283564595656,
    -19.92857142855));
#5932 = CARTESIAN_POINT('',(77.099941175909,-1.047753167419,
    -15.64285714287));
#5933 = CARTESIAN_POINT('',(57.639495066997,-2.982066707269,
    -11.35714285713));
#5934 = CARTESIAN_POINT('',(70.072557858774,-1.746255279032,
    -7.07142857143));
#5935 = CARTESIAN_POINT('',(51.152679697455,-3.62683788722,1.5));
#5936 = CARTESIAN_POINT('',(70.072557858769,-1.746255279032,
    10.07142857143));
#5937 = CARTESIAN_POINT('',(57.639495067024,-2.98206670727,
    14.357142857139));
#5938 = CARTESIAN_POINT('',(77.099941175851,-1.047753167418,
    18.642857142865));
#5939 = CARTESIAN_POINT('',(64.666878384071,-2.283564595658,
    22.928571428564));
#5940 = CARTESIAN_POINT('',(74.126817464758,-1.343273291563,
    27.214285714289));
#5941 = CARTESIAN_POINT('',(74.126817464745,-1.343273291563,31.5));
#5942 = CARTESIAN_POINT('',(73.758217117145,-1.338453488469,-28.5));
#5943 = CARTESIAN_POINT('',(73.758217117161,-1.338453488469,
    -24.21428571429));
#5944 = CARTESIAN_POINT('',(64.040257793152,-2.275370930395,
    -19.92857142855));
#5945 = CARTESIAN_POINT('',(76.812432904726,-1.043993721007,
    -15.64285714287));
#5946 = CARTESIAN_POINT('',(56.821202295365,-2.971366744398,
    -11.35714285713));
#5947 = CARTESIAN_POINT('',(69.593377406881,-1.73998953501,
    -7.071428571431));
#5948 = CARTESIAN_POINT('',(50.15745875895,-3.613824418865,
    1.500000000001));
#5949 = CARTESIAN_POINT('',(69.593377406875,-1.73998953501,
    10.071428571429));
#5950 = CARTESIAN_POINT('',(56.821202295396,-2.971366744399,
    14.357142857141));
#5951 = CARTESIAN_POINT('',(76.812432904659,-1.043993721006,
    18.642857142861));
#5952 = CARTESIAN_POINT('',(64.040257793204,-2.275370930396,
    22.928571428567));
#5953 = CARTESIAN_POINT('',(73.758217117138,-1.338453488469,
    27.214285714288));
#5954 = CARTESIAN_POINT('',(73.758217117145,-1.338453488469,31.5));
#5955 = CARTESIAN_POINT('',(73.401716320552,-1.324587887397,-28.5));
#5956 = CARTESIAN_POINT('',(73.401716320585,-1.324587887397,
    -24.21428571429));
#5957 = CARTESIAN_POINT('',(63.434206438898,-2.251799408572,
    -19.92857142855));
#5958 = CARTESIAN_POINT('',(76.534362283438,-1.033178552171,
    -15.64285714287));
#5959 = CARTESIAN_POINT('',(56.029770526892,-2.940585110018,
    -11.35714285713));
#5960 = CARTESIAN_POINT('',(69.12992637132,-1.721964253616,
    -7.07142857143));
#5961 = CARTESIAN_POINT('',(49.194906608137,-3.576387295971,
    1.499999999999));
#5962 = CARTESIAN_POINT('',(69.129926371314,-1.721964253616,
    10.071428571431));
#5963 = CARTESIAN_POINT('',(56.029770526928,-2.94058511002,
    14.357142857134));
#5964 = CARTESIAN_POINT('',(76.534362283362,-1.03317855217,
    18.642857142873));
#5965 = CARTESIAN_POINT('',(63.434206438957,-2.251799408574,
    22.928571428557));
#5966 = CARTESIAN_POINT('',(73.401716320559,-1.324587887397,
    27.214285714292));
#5967 = CARTESIAN_POINT('',(73.401716320552,-1.324587887397,31.5));
#5968 = CARTESIAN_POINT('',(73.058776277418,-1.301478749521,-28.5));
#5969 = CARTESIAN_POINT('',(73.058776277447,-1.301478749521,
    -24.21428571429));
#5970 = CARTESIAN_POINT('',(62.851208365582,-2.212513874184,
    -19.92857142855));
#5971 = CARTESIAN_POINT('',(76.266869049778,-1.015153424627,
    -15.64285714287));
#5972 = CARTESIAN_POINT('',(55.268443631147,-2.889282823935,
    -11.35714285713));
#5973 = CARTESIAN_POINT('',(68.684104315241,-1.691922374377,
    -7.07142857143));
#5974 = CARTESIAN_POINT('',(48.268968491683,-3.513992623706,1.5));
#5975 = CARTESIAN_POINT('',(68.684104315232,-1.691922374377,
    10.07142857143));
#5976 = CARTESIAN_POINT('',(55.268443631197,-2.889282823936,
    14.35714285714));
#5977 = CARTESIAN_POINT('',(76.266869049678,-1.015153424626,
    18.642857142863));
#5978 = CARTESIAN_POINT('',(62.851208365662,-2.212513874185,
    22.928571428565));
#5979 = CARTESIAN_POINT('',(73.058776277413,-1.301478749521,
    27.214285714289));
#5980 = CARTESIAN_POINT('',(73.058776277418,-1.301478749521,31.5));
#5981 = CARTESIAN_POINT('',(72.73080164776,-1.269041097511,-28.5));
#5982 = CARTESIAN_POINT('',(72.730801647782,-1.269041097512,
    -24.21428571429));
#5983 = CARTESIAN_POINT('',(62.293651495182,-2.157369865766,
    -19.92857142854));
#5984 = CARTESIAN_POINT('',(76.011048838625,-0.989852056061,
    -15.64285714288));
#5985 = CARTESIAN_POINT('',(54.540339953317,-2.817271236472,
    -11.35714285712));
#5986 = CARTESIAN_POINT('',(68.257737296685,-1.649753426765,
    -7.071428571431));
#5987 = CARTESIAN_POINT('',(47.383436991605,-3.426410963279,
    1.500000000001));
#5988 = CARTESIAN_POINT('',(68.257737296681,-1.649753426765,
    10.07142857143));
#5989 = CARTESIAN_POINT('',(54.54033995334,-2.817271236473,
    14.357142857138));
#5990 = CARTESIAN_POINT('',(76.011048838574,-0.989852056059,
    18.642857142867));
#5991 = CARTESIAN_POINT('',(62.29365149522,-2.157369865768,
    22.928571428562));
#5992 = CARTESIAN_POINT('',(72.730801647764,-1.269041097511,
    27.21428571429));
#5993 = CARTESIAN_POINT('',(72.73080164776,-1.269041097511,31.5));
#5994 = CARTESIAN_POINT('',(72.419134155244,-1.227306277771,-28.5));
#5995 = CARTESIAN_POINT('',(72.419134155266,-1.227306277772,
    -24.21428571429));
#5996 = CARTESIAN_POINT('',(61.763816757904,-2.086420672208,
    -19.92857142854));
#5997 = CARTESIAN_POINT('',(75.767948194464,-0.957298896663,
    -15.64285714288));
#5998 = CARTESIAN_POINT('',(53.84843811993,-2.724619936649,
    -11.35714285713));
#5999 = CARTESIAN_POINT('',(67.852569556415,-1.595498161103,
    -7.071428571431));
#6000 = CARTESIAN_POINT('',(46.541934761809,-3.313726949981,
    1.500000000001));
#6001 = CARTESIAN_POINT('',(67.852569556413,-1.595498161103,
    10.071428571428));
#6002 = CARTESIAN_POINT('',(53.84843811994,-2.72461993665,
    14.357142857143));
#6003 = CARTESIAN_POINT('',(75.767948194433,-0.957298896662,
    18.642857142857));
#6004 = CARTESIAN_POINT('',(61.763816757925,-2.086420672209,
    22.92857142857));
#6005 = CARTESIAN_POINT('',(72.419134155255,-1.227306277771,
    27.214285714287));
#6006 = CARTESIAN_POINT('',(72.419134155244,-1.227306277771,31.5));
#6007 = CARTESIAN_POINT('',(72.125046171117,-1.176421135998,-28.5));
#6008 = CARTESIAN_POINT('',(72.125046171147,-1.176421135998,
    -24.21428571429));
#6009 = CARTESIAN_POINT('',(61.263867184867,-1.999915931194,
    -19.92857142855));
#6010 = CARTESIAN_POINT('',(75.538559566872,-0.917608486079,
    -15.64285714287));
#6011 = CARTESIAN_POINT('',(53.19556279515,-2.611654921913,
    -11.35714285713));
#6012 = CARTESIAN_POINT('',(67.470255177056,-1.529347476797,
    -7.071428571429));
#6013 = CARTESIAN_POINT('',(45.747897204659,-3.176337067193,
    1.499999999999));
#6014 = CARTESIAN_POINT('',(67.470255177055,-1.529347476797,
    10.071428571431));
#6015 = CARTESIAN_POINT('',(53.195562795156,-2.611654921914,
    14.357142857136));
#6016 = CARTESIAN_POINT('',(75.538559566848,-0.917608486078,
    18.642857142869));
#6017 = CARTESIAN_POINT('',(61.263867184882,-1.999915931195,
    22.92857142856));
#6018 = CARTESIAN_POINT('',(72.125046171139,-1.176421135998,
    27.214285714291));
#6019 = CARTESIAN_POINT('',(72.125046171117,-1.176421135998,31.5));
#6020 = CARTESIAN_POINT('',(71.849734225171,-1.116642432156,-28.5));
#6021 = CARTESIAN_POINT('',(71.849734225194,-1.116642432156,
    -24.21428571429));
#6022 = CARTESIAN_POINT('',(60.795836876776,-1.898292134665,
    -19.92857142855));
#6023 = CARTESIAN_POINT('',(75.323816249011,-0.870981097082,
    -15.64285714287));
#6024 = CARTESIAN_POINT('',(52.584370275167,-2.478946199386,
    -11.35714285713));
#6025 = CARTESIAN_POINT('',(67.11234964732,-1.451635161803,
    -7.071428571431));
#6026 = CARTESIAN_POINT('',(45.004554950613,-3.014934566821,
    1.500000000001));
#6027 = CARTESIAN_POINT('',(67.112349647318,-1.451635161803,
    10.071428571429));
#6028 = CARTESIAN_POINT('',(52.584370275179,-2.478946199386,
    14.357142857142));
#6029 = CARTESIAN_POINT('',(75.323816248977,-0.870981097081,
    18.642857142859));
#6030 = CARTESIAN_POINT('',(60.795836876799,-1.898292134666,
    22.928571428568));
#6031 = CARTESIAN_POINT('',(71.849734225183,-1.116642432156,
    27.214285714287));
#6032 = CARTESIAN_POINT('',(71.849734225171,-1.116642432156,31.5));
#6033 = CARTESIAN_POINT('',(71.594312409882,-1.048326260332,-28.5));
#6034 = CARTESIAN_POINT('',(71.594312409908,-1.048326260333,
    -24.21428571429));
#6035 = CARTESIAN_POINT('',(60.361619790778,-1.782154642563,
    -19.92857142855));
#6036 = CARTESIAN_POINT('',(75.124587233096,-0.817694483061,
    -15.64285714287));
#6037 = CARTESIAN_POINT('',(52.017333845218,-2.327284297936,
    -11.35714285713));
#6038 = CARTESIAN_POINT('',(66.780301287446,-1.362824138432,
    -7.071428571431));
#6039 = CARTESIAN_POINT('',(44.314916049331,-2.830480902897,
    1.500000000001));
#6040 = CARTESIAN_POINT('',(66.780301287441,-1.362824138432,
    10.071428571429));
#6041 = CARTESIAN_POINT('',(52.017333845243,-2.327284297937,
    14.357142857141));
#6042 = CARTESIAN_POINT('',(75.124587233038,-0.817694483059,
    18.642857142861));
#6043 = CARTESIAN_POINT('',(60.36161979082,-1.782154642565,
    22.928571428567));
#6044 = CARTESIAN_POINT('',(71.594312409889,-1.048326260332,
    27.214285714288));
#6045 = CARTESIAN_POINT('',(71.594312409882,-1.048326260332,31.5));
#6046 = CARTESIAN_POINT('',(71.35980560318,-0.971912241177,-28.5));
#6047 = CARTESIAN_POINT('',(71.359805603202,-0.971912241177,
    -24.21428571429));
#6048 = CARTESIAN_POINT('',(59.962958219398,-1.652250809999,
    -19.92857142855));
#6049 = CARTESIAN_POINT('',(74.941671923853,-0.758091548118,
    -15.64285714287));
#6050 = CARTESIAN_POINT('',(51.496728734353,-2.157645175411,
    -11.35714285713));
#6051 = CARTESIAN_POINT('',(66.475442438731,-1.26348591353,
    -7.071428571431));
#6052 = CARTESIAN_POINT('',(43.681747671241,-2.624163051177,
    1.500000000001));
#6053 = CARTESIAN_POINT('',(66.475442438727,-1.26348591353,
    10.071428571429));
#6054 = CARTESIAN_POINT('',(51.496728734372,-2.157645175412,
    14.357142857141));
#6055 = CARTESIAN_POINT('',(74.941671923806,-0.758091548118,
    18.642857142861));
#6056 = CARTESIAN_POINT('',(59.962958219431,-1.652250810001,
    22.928571428567));
#6057 = CARTESIAN_POINT('',(71.359805603187,-0.971912241177,
    27.214285714288));
#6058 = CARTESIAN_POINT('',(71.35980560318,-0.971912241177,31.5));
#6059 = CARTESIAN_POINT('',(71.147142845233,-0.887902278854,-28.5));
#6060 = CARTESIAN_POINT('',(71.147142845255,-0.887902278854,
    -24.21428571429));
#6061 = CARTESIAN_POINT('',(59.601431530884,-1.509433874051,
    -19.92857142855));
#6062 = CARTESIAN_POINT('',(74.775794972658,-0.692563777506,
    -15.64285714287));
#6063 = CARTESIAN_POINT('',(51.024617411705,-1.971143059055,
    -11.35714285713));
#6064 = CARTESIAN_POINT('',(66.198980853401,-1.154272962511,
    -7.07142857143));
#6065 = CARTESIAN_POINT('',(43.107558224779,-2.397336152906,1.5));
#6066 = CARTESIAN_POINT('',(66.198980853399,-1.15427296251,
    10.07142857143));
#6067 = CARTESIAN_POINT('',(51.024617411714,-1.971143059056,
    14.357142857138));
#6068 = CARTESIAN_POINT('',(74.775794972629,-0.692563777506,
    18.642857142867));
#6069 = CARTESIAN_POINT('',(59.601431530902,-1.509433874052,
    22.928571428562));
#6070 = CARTESIAN_POINT('',(71.147142845246,-0.887902278854,
    27.21428571429));
#6071 = CARTESIAN_POINT('',(71.147142845233,-0.887902278854,31.5));
#6072 = CARTESIAN_POINT('',(70.957150915461,-0.796832837821,-28.5));
#6073 = CARTESIAN_POINT('',(70.957150915486,-0.796832837821,
    -24.21428571429));
#6074 = CARTESIAN_POINT('',(59.278445250267,-1.354615824295,
    -19.92857142854));
#6075 = CARTESIAN_POINT('',(74.627601267444,-0.621529613501,
    -15.64285714288));
#6076 = CARTESIAN_POINT('',(50.602835327608,-1.768968899962,
    -11.35714285713));
#6077 = CARTESIAN_POINT('',(65.951991344699,-1.035882689167,
    -7.071428571431));
#6078 = CARTESIAN_POINT('',(42.594580014396,-2.151448662116,
    1.500000000001));
#6079 = CARTESIAN_POINT('',(65.951991344694,-1.035882689167,
    10.071428571429));
#6080 = CARTESIAN_POINT('',(50.602835327632,-1.768968899962,
    14.357142857141));
#6081 = CARTESIAN_POINT('',(74.627601267386,-0.621529613501,
    18.642857142861));
#6082 = CARTESIAN_POINT('',(59.278445250309,-1.354615824295,
    22.928571428567));
#6083 = CARTESIAN_POINT('',(70.957150915466,-0.796832837821,
    27.214285714288));
#6084 = CARTESIAN_POINT('',(70.957150915461,-0.796832837821,31.5));
#6085 = CARTESIAN_POINT('',(70.790552428575,-0.699240763595,-28.5));
#6086 = CARTESIAN_POINT('',(70.790552428586,-0.699240763595,
    -24.21428571429));
#6087 = CARTESIAN_POINT('',(58.995227822597,-1.18870929811,
    -19.92857142855));
#6088 = CARTESIAN_POINT('',(74.497654447627,-0.545407795605,
    -15.64285714287));
#6089 = CARTESIAN_POINT('',(50.232986686752,-1.552314495179,
    -11.35714285713));
#6090 = CARTESIAN_POINT('',(65.735413311738,-0.909012992674,
    -7.071428571431));
#6091 = CARTESIAN_POINT('',(42.144764099812,-1.887950061706,
    1.500000000001));
#6092 = CARTESIAN_POINT('',(65.735413311735,-0.909012992674,
    10.071428571429));
#6093 = CARTESIAN_POINT('',(50.232986686761,-1.55231449518,
    14.357142857143));
#6094 = CARTESIAN_POINT('',(74.497654447595,-0.545407795604,
    18.642857142858));
#6095 = CARTESIAN_POINT('',(58.995227822618,-1.188709298111,
    22.92857142857));
#6096 = CARTESIAN_POINT('',(70.790552428575,-0.699240763595,
    27.214285714287));
#6097 = CARTESIAN_POINT('',(70.790552428575,-0.699240763595,31.5));
#6098 = CARTESIAN_POINT('',(70.6479674077,-0.59561768775,-28.5));
#6099 = CARTESIAN_POINT('',(70.647967407728,-0.595617687751,
    -24.21428571429));
#6100 = CARTESIAN_POINT('',(58.752833287068,-1.012550069174,
    -19.92857142854));
#6101 = CARTESIAN_POINT('',(74.386438131396,-0.464581796446,
    -15.64285714288));
#6102 = CARTESIAN_POINT('',(49.916447940377,-1.322271266804,
    -11.35714285713));
#6103 = CARTESIAN_POINT('',(65.550052784611,-0.774302994076,
    -7.071428571431));
#6104 = CARTESIAN_POINT('',(41.759784543442,-1.608167756925,
    1.500000000001));
#6105 = CARTESIAN_POINT('',(65.550052784606,-0.774302994075,
    10.071428571429));
#6106 = CARTESIAN_POINT('',(49.916447940401,-1.322271266805,
    14.357142857141));
#6107 = CARTESIAN_POINT('',(74.386438131337,-0.464581796446,
    18.642857142861));
#6108 = CARTESIAN_POINT('',(58.752833287113,-1.012550069175,
    22.928571428567));
#6109 = CARTESIAN_POINT('',(70.647967407707,-0.59561768775,
    27.214285714288));
#6110 = CARTESIAN_POINT('',(70.6479674077,-0.59561768775,31.5));
#6111 = CARTESIAN_POINT('',(70.529954056048,-0.486369663497,-28.5));
#6112 = CARTESIAN_POINT('',(70.529954056062,-0.486369663497,
    -24.21428571429));
#6113 = CARTESIAN_POINT('',(58.552210589294,-0.826828427944,
    -19.92857142855));
#6114 = CARTESIAN_POINT('',(74.294387717066,-0.379368337528,
    -15.64285714287));
#6115 = CARTESIAN_POINT('',(49.654458299735,-1.079740652963,
    -11.35714285713));
#6116 = CARTESIAN_POINT('',(65.396635427456,-0.632280562546,
    -7.071428571431));
#6117 = CARTESIAN_POINT('',(41.441148493986,-1.313198091442,1.5));
#6118 = CARTESIAN_POINT('',(65.396635427456,-0.632280562546,
    10.071428571429));
#6119 = CARTESIAN_POINT('',(49.654458299731,-1.079740652963,
    14.35714285714));
#6120 = CARTESIAN_POINT('',(74.294387717059,-0.379368337528,
    18.642857142863));
#6121 = CARTESIAN_POINT('',(58.552210589292,-0.826828427945,
    22.928571428565));
#6122 = CARTESIAN_POINT('',(70.52995405606,-0.486369663497,
    27.214285714289));
#6123 = CARTESIAN_POINT('',(70.529954056048,-0.486369663497,31.5));
#6124 = CARTESIAN_POINT('',(70.437034572389,-0.371761434061,-28.5));
#6125 = CARTESIAN_POINT('',(70.437034572408,-0.371761434061,
    -24.21428571429));
#6126 = CARTESIAN_POINT('',(58.39424746706,-0.631994437904,
    -19.92857142854));
#6127 = CARTESIAN_POINT('',(74.221910519829,-0.289973918568,
    -15.64285714288));
#6128 = CARTESIAN_POINT('',(49.448177046002,-0.825310383615,
    -11.35714285712));
#6129 = CARTESIAN_POINT('',(65.275840098702,-0.483289864279,
    -7.071428571431));
#6130 = CARTESIAN_POINT('',(41.190265888106,-1.003755871965,
    1.500000000001));
#6131 = CARTESIAN_POINT('',(65.275840098698,-0.483289864279,
    10.071428571429));
#6132 = CARTESIAN_POINT('',(49.448177046019,-0.825310383616,
    14.357142857139));
#6133 = CARTESIAN_POINT('',(74.221910519785,-0.289973918568,
    18.642857142865));
#6134 = CARTESIAN_POINT('',(58.39424746709,-0.631994437904,
    22.928571428564));
#6135 = CARTESIAN_POINT('',(70.437034572394,-0.371761434061,
    27.214285714289));
#6136 = CARTESIAN_POINT('',(70.437034572389,-0.371761434061,31.5));
#6137 = CARTESIAN_POINT('',(70.369946971473,-0.25204732539,-28.5));
#6138 = CARTESIAN_POINT('',(70.369946971499,-0.25204732539,
    -24.21428571429));
#6139 = CARTESIAN_POINT('',(58.280198545484,-0.428480453162,
    -19.92857142854));
#6140 = CARTESIAN_POINT('',(74.16958219114,-0.196596913804,
    -15.64285714288));
#6141 = CARTESIAN_POINT('',(49.299242571947,-0.559545062365,
    -11.35714285713));
#6142 = CARTESIAN_POINT('',(65.188626217519,-0.327661523007,
    -7.071428571431));
#6143 = CARTESIAN_POINT('',(41.009129365623,-0.680527778552,
    1.500000000001));
#6144 = CARTESIAN_POINT('',(65.188626217517,-0.327661523007,
    10.071428571429));
#6145 = CARTESIAN_POINT('',(49.299242571955,-0.559545062365,
    14.357142857142));
#6146 = CARTESIAN_POINT('',(74.169582191114,-0.196596913804,
    18.642857142859));
#6147 = CARTESIAN_POINT('',(58.280198545498,-0.428480453162,
    22.928571428568));
#6148 = CARTESIAN_POINT('',(70.369946971491,-0.25204732539,
    27.214285714287));
#6149 = CARTESIAN_POINT('',(70.369946971473,-0.25204732539,31.5));
#6150 = CARTESIAN_POINT('',(70.329202814064,-0.127398841277,-28.5));
#6151 = CARTESIAN_POINT('',(70.329202814087,-0.127398841277,
    -24.21428571429));
#6152 = CARTESIAN_POINT('',(58.210933477897,-0.216578030171,
    -19.92857142854));
#6153 = CARTESIAN_POINT('',(74.137801748348,-9.937109619584E-02,
    -15.64285714287));
#6154 = CARTESIAN_POINT('',(49.20879054251,-0.282825427635,
    -11.35714285713));
#6155 = CARTESIAN_POINT('',(65.135658812882,-0.16561849366,
    -7.071428571431));
#6156 = CARTESIAN_POINT('',(40.899120140623,-0.343976871448,1.5));
#6157 = CARTESIAN_POINT('',(65.135658812879,-0.16561849366,
    10.07142857143));
#6158 = CARTESIAN_POINT('',(49.20879054252,-0.282825427635,
    14.357142857139));
#6159 = CARTESIAN_POINT('',(74.137801748315,-9.937109619581E-02,
    18.642857142865));
#6160 = CARTESIAN_POINT('',(58.210933477918,-0.216578030171,
    22.928571428564));
#6161 = CARTESIAN_POINT('',(70.329202814076,-0.127398841277,
    27.214285714289));
#6162 = CARTESIAN_POINT('',(70.329202814064,-0.127398841277,31.5));
#6163 = CARTESIAN_POINT('',(70.32079887982,-4.243924044844E-02,-28.5));
#6164 = CARTESIAN_POINT('',(70.32079887984,-4.243924044848E-02,
    -24.21428571429));
#6165 = CARTESIAN_POINT('',(58.196646789692,-7.214670876222E-02,
    -19.92857142855));
#6166 = CARTESIAN_POINT('',(74.131246679625,-3.310260754991E-02,
    -15.64285714287));
#6167 = CARTESIAN_POINT('',(49.190133808499,-9.421511379542E-02,
    -11.35714285713));
#6168 = CARTESIAN_POINT('',(65.124733698361,-5.517101258301E-02,
    -7.071428571431));
#6169 = CARTESIAN_POINT('',(40.87642951817,-0.114585949211,
    1.500000000001));
#6170 = CARTESIAN_POINT('',(65.124733698358,-5.5171012583E-02,
    10.071428571429));
#6171 = CARTESIAN_POINT('',(49.190133808516,-9.421511379545E-02,
    14.357142857141));
#6172 = CARTESIAN_POINT('',(74.13124667958,-3.310260754988E-02,
    18.642857142861));
#6173 = CARTESIAN_POINT('',(58.196646789724,-7.214670876226E-02,
    22.928571428567));
#6174 = CARTESIAN_POINT('',(70.320798879824,-4.243924044847E-02,
    27.214285714288));
#6175 = CARTESIAN_POINT('',(70.32079887982,-4.243924044844E-02,31.5));
#6176 = CARTESIAN_POINT('',(70.320508075689,2.775557561563E-17,-28.5));
#6177 = CARTESIAN_POINT('',(70.320508075724,-1.170075940899E-14,
    -24.21428571429));
#6178 = CARTESIAN_POINT('',(58.196152422628,3.139732191166E-14,
    -19.92857142854));
#6179 = CARTESIAN_POINT('',(74.131019852451,-3.889546423041E-14,
    -15.64285714288));
#6180 = CARTESIAN_POINT('',(49.189488223296,2.616675725302E-14,
    -11.35714285713));
#6181 = CARTESIAN_POINT('',(65.124355652999,-9.022428967964E-15,
    -7.071428571431));
#6182 = CARTESIAN_POINT('',(40.875644347008,9.633051631505E-15,1.5));
#6183 = CARTESIAN_POINT('',(65.124355652992,-9.022428967964E-15,
    10.071428571429));
#6184 = CARTESIAN_POINT('',(49.189488223333,2.616675725303E-14,
    14.357142857139));
#6185 = CARTESIAN_POINT('',(74.13101985237,-3.889546423038E-14,
    18.642857142865));
#6186 = CARTESIAN_POINT('',(58.196152422692,3.139732191167E-14,
    22.928571428564));
#6187 = CARTESIAN_POINT('',(70.320508075696,-1.170075940899E-14,
    27.214285714289));
#6188 = CARTESIAN_POINT('',(70.320508075689,2.775557561563E-17,31.5));
#6189 = DEFINITIONAL_REPRESENTATION('',(#6190),#6196);
#6190 = B_SPLINE_CURVE_WITH_KNOTS('',4,(#6191,#6192,#6193,#6194,#6195),
  .UNSPECIFIED.,.F.,.F.,(5,5),(0.,1.),.PIECEWISE_BEZIER_KNOTS.);
#6191 = CARTESIAN_POINT('',(1.,0.625));
#6192 = CARTESIAN_POINT('',(0.99865900286,0.625));
#6193 = CARTESIAN_POINT('',(0.997311770906,0.625));
#6194 = CARTESIAN_POINT('',(0.995961341859,0.625));
#6195 = CARTESIAN_POINT('',(0.994613787773,0.625));
#6196 = ( GEOMETRIC_REPRESENTATION_CONTEXT(2) 
PARAMETRIC_REPRESENTATION_CONTEXT() REPRESENTATION_CONTEXT('2D SPACE',''
  ) );
#6197 = ORIENTED_EDGE('',*,*,#6198,.F.);
#6198 = EDGE_CURVE('',#4808,#4856,#6199,.T.);
#6199 = SURFACE_CURVE('',#6200,(#6206,#6215),.PCURVE_S1.);
#6200 = B_SPLINE_CURVE_WITH_KNOTS('',4,(#6201,#6202,#6203,#6204,#6205),
  .UNSPECIFIED.,.F.,.F.,(5,5),(0.,1.),.PIECEWISE_BEZIER_KNOTS.);
#6201 = CARTESIAN_POINT('',(57.448746656494,0.25,9.));
#6202 = CARTESIAN_POINT('',(57.433821438842,0.188694436225,9.));
#6203 = CARTESIAN_POINT('',(57.423574657111,0.126235295005,9.));
#6204 = CARTESIAN_POINT('',(57.418496057979,6.31025105287E-02,9.));
#6205 = CARTESIAN_POINT('',(57.418928451928,0.,9.));
#6206 = PCURVE('',#3585,#6207);
#6207 = DEFINITIONAL_REPRESENTATION('',(#6208),#6214);
#6208 = B_SPLINE_CURVE_WITH_KNOTS('',4,(#6209,#6210,#6211,#6212,#6213),
  .UNSPECIFIED.,.F.,.F.,(5,5),(0.,1.),.PIECEWISE_BEZIER_KNOTS.);
#6209 = CARTESIAN_POINT('',(40.448746656494,0.5));
#6210 = CARTESIAN_POINT('',(40.433821438842,0.438694436225));
#6211 = CARTESIAN_POINT('',(40.423574657111,0.376235295005));
#6212 = CARTESIAN_POINT('',(40.418496057979,0.313102510529));
#6213 = CARTESIAN_POINT('',(40.418928451928,0.25));
#6214 = ( GEOMETRIC_REPRESENTATION_CONTEXT(2) 
PARAMETRIC_REPRESENTATION_CONTEXT() REPRESENTATION_CONTEXT('2D SPACE',''
  ) );
#6215 = PCURVE('',#4875,#6216);
#6216 = DEFINITIONAL_REPRESENTATION('',(#6217),#6223);
#6217 = B_SPLINE_CURVE_WITH_KNOTS('',4,(#6218,#6219,#6220,#6221,#6222),
  .UNSPECIFIED.,.F.,.F.,(5,5),(0.,1.),.PIECEWISE_BEZIER_KNOTS.);
#6218 = CARTESIAN_POINT('',(5.386212227141E-03,0.625));
#6219 = CARTESIAN_POINT('',(4.038998298892E-03,0.625));
#6220 = CARTESIAN_POINT('',(2.690277809451E-03,0.625));
#6221 = CARTESIAN_POINT('',(1.341645640079E-03,0.625));
#6222 = CARTESIAN_POINT('',(0.,0.625));
#6223 = ( GEOMETRIC_REPRESENTATION_CONTEXT(2) 
PARAMETRIC_REPRESENTATION_CONTEXT() REPRESENTATION_CONTEXT('2D SPACE',''
  ) );
#6224 = ADVANCED_FACE('',(#6225),#3774,.F.);
#6225 = FACE_BOUND('',#6226,.F.);
#6226 = EDGE_LOOP('',(#6227,#6228,#6229,#6252));
#6227 = ORIENTED_EDGE('',*,*,#4832,.F.);
#6228 = ORIENTED_EDGE('',*,*,#3754,.F.);
#6229 = ORIENTED_EDGE('',*,*,#6230,.T.);
#6230 = EDGE_CURVE('',#3723,#6231,#6233,.T.);
#6231 = VERTEX_POINT('',#6232);
#6232 = CARTESIAN_POINT('',(60.789650205578,-0.25,15.));
#6233 = SURFACE_CURVE('',#6234,(#6238,#6245),.PCURVE_S1.);
#6234 = LINE('',#6235,#6236);
#6235 = CARTESIAN_POINT('',(17.,-0.25,15.));
#6236 = VECTOR('',#6237,1.);
#6237 = DIRECTION('',(1.,0.,0.));
#6238 = PCURVE('',#3774,#6239);
#6239 = DEFINITIONAL_REPRESENTATION('',(#6240),#6244);
#6240 = LINE('',#6241,#6242);
#6241 = CARTESIAN_POINT('',(6.,0.));
#6242 = VECTOR('',#6243,1.);
#6243 = DIRECTION('',(0.,1.));
#6244 = ( GEOMETRIC_REPRESENTATION_CONTEXT(2) 
PARAMETRIC_REPRESENTATION_CONTEXT() REPRESENTATION_CONTEXT('2D SPACE',''
  ) );
#6245 = PCURVE('',#3656,#6246);
#6246 = DEFINITIONAL_REPRESENTATION('',(#6247),#6251);
#6247 = LINE('',#6248,#6249);
#6248 = CARTESIAN_POINT('',(0.,0.));
#6249 = VECTOR('',#6250,1.);
#6250 = DIRECTION('',(1.,0.));
#6251 = ( GEOMETRIC_REPRESENTATION_CONTEXT(2) 
PARAMETRIC_REPRESENTATION_CONTEXT() REPRESENTATION_CONTEXT('2D SPACE',''
  ) );
#6252 = ORIENTED_EDGE('',*,*,#6253,.F.);
#6253 = EDGE_CURVE('',#4833,#6231,#6254,.T.);
#6254 = SURFACE_CURVE('',#6255,(#6270,#6288),.PCURVE_S1.);
#6255 = B_SPLINE_CURVE_WITH_KNOTS('',7,(#6256,#6257,#6258,#6259,#6260,
    #6261,#6262,#6263,#6264,#6265,#6266,#6267,#6268,#6269),
  .UNSPECIFIED.,.F.,.F.,(8,6,8),(0.,0.264625118734,1.),.UNSPECIFIED.);
#6256 = CARTESIAN_POINT('',(57.448657142116,-0.25,9.));
#6257 = CARTESIAN_POINT('',(57.575825296382,-0.25,9.226361143707));
#6258 = CARTESIAN_POINT('',(57.701643251825,-0.25,9.453478408785));
#6259 = CARTESIAN_POINT('',(57.826338021688,-0.25,9.681214962532));
#6260 = CARTESIAN_POINT('',(57.950160816621,-0.25,9.909425393043));
#6261 = CARTESIAN_POINT('',(58.073371209622,-0.25,10.137964322747));
#6262 = CARTESIAN_POINT('',(58.196221300976,-0.25,10.366695021947));
#6263 = CARTESIAN_POINT('',(58.659966325667,-0.25,11.231325717282));
#6264 = CARTESIAN_POINT('',(59.000002663037,-0.25,11.867754053246));
#6265 = CARTESIAN_POINT('',(59.343921709258,-0.25,12.502087056295));
#6266 = CARTESIAN_POINT('',(59.695274803556,-0.25,13.132332738173));
#6267 = CARTESIAN_POINT('',(60.054359855503,-0.25,13.758260053561));
#6268 = CARTESIAN_POINT('',(60.41989081319,-0.25,14.380463742307));
#6269 = CARTESIAN_POINT('',(60.789650205578,-0.25,15.));
#6270 = PCURVE('',#3774,#6271);
#6271 = DEFINITIONAL_REPRESENTATION('',(#6272),#6287);
#6272 = B_SPLINE_CURVE_WITH_KNOTS('',7,(#6273,#6274,#6275,#6276,#6277,
    #6278,#6279,#6280,#6281,#6282,#6283,#6284,#6285,#6286),
  .UNSPECIFIED.,.F.,.F.,(8,6,8),(0.,0.264625118734,1.),.UNSPECIFIED.);
#6273 = CARTESIAN_POINT('',(0.,40.448657142116));
#6274 = CARTESIAN_POINT('',(0.226361143707,40.575825296382));
#6275 = CARTESIAN_POINT('',(0.453478408785,40.701643251825));
#6276 = CARTESIAN_POINT('',(0.681214962532,40.826338021688));
#6277 = CARTESIAN_POINT('',(0.909425393043,40.950160816621));
#6278 = CARTESIAN_POINT('',(1.137964322747,41.073371209622));
#6279 = CARTESIAN_POINT('',(1.366695021947,41.196221300976));
#6280 = CARTESIAN_POINT('',(2.231325717282,41.659966325667));
#6281 = CARTESIAN_POINT('',(2.867754053246,42.000002663037));
#6282 = CARTESIAN_POINT('',(3.502087056295,42.343921709258));
#6283 = CARTESIAN_POINT('',(4.132332738173,42.695274803556));
#6284 = CARTESIAN_POINT('',(4.758260053561,43.054359855503));
#6285 = CARTESIAN_POINT('',(5.380463742307,43.41989081319));
#6286 = CARTESIAN_POINT('',(6.,43.789650205578));
#6287 = ( GEOMETRIC_REPRESENTATION_CONTEXT(2) 
PARAMETRIC_REPRESENTATION_CONTEXT() REPRESENTATION_CONTEXT('2D SPACE',''
  ) );
#6288 = PCURVE('',#4875,#6289);
#6289 = DEFINITIONAL_REPRESENTATION('',(#6290),#6305);
#6290 = B_SPLINE_CURVE_WITH_KNOTS('',7,(#6291,#6292,#6293,#6294,#6295,
    #6296,#6297,#6298,#6299,#6300,#6301,#6302,#6303,#6304),
  .UNSPECIFIED.,.F.,.F.,(8,6,8),(0.,0.264625118734,1.),.UNSPECIFIED.);
#6291 = CARTESIAN_POINT('',(0.994613788422,0.625));
#6292 = CARTESIAN_POINT('',(0.994590694851,0.628772685728));
#6293 = CARTESIAN_POINT('',(0.994567612856,0.63255797348));
#6294 = CARTESIAN_POINT('',(0.994544508051,0.636353582709));
#6295 = CARTESIAN_POINT('',(0.994521336763,0.640157089884));
#6296 = CARTESIAN_POINT('',(0.99449805023,0.643966072046));
#6297 = CARTESIAN_POINT('',(0.994474598791,0.647778250366));
#6298 = CARTESIAN_POINT('',(0.994385179041,0.662188761955));
#6299 = CARTESIAN_POINT('',(0.994317774988,0.672795900887));
#6300 = CARTESIAN_POINT('',(0.994247757075,0.683368117605));
#6301 = CARTESIAN_POINT('',(0.994174076398,0.693872212303));
#6302 = CARTESIAN_POINT('',(0.994096524547,0.704304334226));
#6303 = CARTESIAN_POINT('',(0.994014859716,0.714674395705));
#6304 = CARTESIAN_POINT('',(0.993929413163,0.725));
#6305 = ( GEOMETRIC_REPRESENTATION_CONTEXT(2) 
PARAMETRIC_REPRESENTATION_CONTEXT() REPRESENTATION_CONTEXT('2D SPACE',''
  ) );
#6306 = ADVANCED_FACE('',(#6307),#3656,.T.);
#6307 = FACE_BOUND('',#6308,.T.);
#6308 = EDGE_LOOP('',(#6309,#6332,#6333,#6334,#6335,#6364));
#6309 = ORIENTED_EDGE('',*,*,#6310,.F.);
#6310 = EDGE_CURVE('',#3601,#6311,#6313,.T.);
#6311 = VERTEX_POINT('',#6312);
#6312 = CARTESIAN_POINT('',(60.789769673134,0.25,15.));
#6313 = SURFACE_CURVE('',#6314,(#6318,#6325),.PCURVE_S1.);
#6314 = LINE('',#6315,#6316);
#6315 = CARTESIAN_POINT('',(17.,0.25,15.));
#6316 = VECTOR('',#6317,1.);
#6317 = DIRECTION('',(1.,0.,0.));
#6318 = PCURVE('',#3656,#6319);
#6319 = DEFINITIONAL_REPRESENTATION('',(#6320),#6324);
#6320 = LINE('',#6321,#6322);
#6321 = CARTESIAN_POINT('',(0.,0.5));
#6322 = VECTOR('',#6323,1.);
#6323 = DIRECTION('',(1.,0.));
#6324 = ( GEOMETRIC_REPRESENTATION_CONTEXT(2) 
PARAMETRIC_REPRESENTATION_CONTEXT() REPRESENTATION_CONTEXT('2D SPACE',''
  ) );
#6325 = PCURVE('',#3620,#6326);
#6326 = DEFINITIONAL_REPRESENTATION('',(#6327),#6331);
#6327 = LINE('',#6328,#6329);
#6328 = CARTESIAN_POINT('',(6.,0.));
#6329 = VECTOR('',#6330,1.);
#6330 = DIRECTION('',(0.,1.));
#6331 = ( GEOMETRIC_REPRESENTATION_CONTEXT(2) 
PARAMETRIC_REPRESENTATION_CONTEXT() REPRESENTATION_CONTEXT('2D SPACE',''
  ) );
#6332 = ORIENTED_EDGE('',*,*,#3634,.T.);
#6333 = ORIENTED_EDGE('',*,*,#3722,.T.);
#6334 = ORIENTED_EDGE('',*,*,#6230,.T.);
#6335 = ORIENTED_EDGE('',*,*,#6336,.F.);
#6336 = EDGE_CURVE('',#6337,#6231,#6339,.T.);
#6337 = VERTEX_POINT('',#6338);
#6338 = CARTESIAN_POINT('',(60.756096247318,-3.94702867482E-18,15.));
#6339 = SURFACE_CURVE('',#6340,(#6346,#6355),.PCURVE_S1.);
#6340 = B_SPLINE_CURVE_WITH_KNOTS('',4,(#6341,#6342,#6343,#6344,#6345),
  .UNSPECIFIED.,.F.,.F.,(5,5),(0.,1.),.PIECEWISE_BEZIER_KNOTS.);
#6341 = CARTESIAN_POINT('',(60.756096247318,0.,15.));
#6342 = CARTESIAN_POINT('',(60.75652943113,-6.321778108912E-02,15.));
#6343 = CARTESIAN_POINT('',(60.761816302924,-0.126495041574,15.));
#6344 = CARTESIAN_POINT('',(60.772953431198,-0.188990786718,15.));
#6345 = CARTESIAN_POINT('',(60.789650205578,-0.25,15.));
#6346 = PCURVE('',#3656,#6347);
#6347 = DEFINITIONAL_REPRESENTATION('',(#6348),#6354);
#6348 = B_SPLINE_CURVE_WITH_KNOTS('',4,(#6349,#6350,#6351,#6352,#6353),
  .UNSPECIFIED.,.F.,.F.,(5,5),(0.,1.),.PIECEWISE_BEZIER_KNOTS.);
#6349 = CARTESIAN_POINT('',(43.756096247318,0.25));
#6350 = CARTESIAN_POINT('',(43.75652943113,0.186782218911));
#6351 = CARTESIAN_POINT('',(43.761816302924,0.123504958426));
#6352 = CARTESIAN_POINT('',(43.772953431198,6.100921328248E-02));
#6353 = CARTESIAN_POINT('',(43.789650205578,0.));
#6354 = ( GEOMETRIC_REPRESENTATION_CONTEXT(2) 
PARAMETRIC_REPRESENTATION_CONTEXT() REPRESENTATION_CONTEXT('2D SPACE',''
  ) );
#6355 = PCURVE('',#4875,#6356);
#6356 = DEFINITIONAL_REPRESENTATION('',(#6357),#6363);
#6357 = B_SPLINE_CURVE_WITH_KNOTS('',4,(#6358,#6359,#6360,#6361,#6362),
  .UNSPECIFIED.,.F.,.F.,(5,5),(0.,1.),.PIECEWISE_BEZIER_KNOTS.);
#6358 = CARTESIAN_POINT('',(1.,0.725));
#6359 = CARTESIAN_POINT('',(0.998489063723,0.725));
#6360 = CARTESIAN_POINT('',(0.996968517948,0.725));
#6361 = CARTESIAN_POINT('',(0.995447523001,0.725));
#6362 = CARTESIAN_POINT('',(0.993929417217,0.725));
#6363 = ( GEOMETRIC_REPRESENTATION_CONTEXT(2) 
PARAMETRIC_REPRESENTATION_CONTEXT() REPRESENTATION_CONTEXT('2D SPACE',''
  ) );
#6364 = ORIENTED_EDGE('',*,*,#6365,.F.);
#6365 = EDGE_CURVE('',#6311,#6337,#6366,.T.);
#6366 = SURFACE_CURVE('',#6367,(#6373,#6382),.PCURVE_S1.);
#6367 = B_SPLINE_CURVE_WITH_KNOTS('',4,(#6368,#6369,#6370,#6371,#6372),
  .UNSPECIFIED.,.F.,.F.,(5,5),(0.,1.),.PIECEWISE_BEZIER_KNOTS.);
#6368 = CARTESIAN_POINT('',(60.789769673134,0.25,15.));
#6369 = CARTESIAN_POINT('',(60.773027203167,0.188997289397,15.));
#6370 = CARTESIAN_POINT('',(60.76146531362,0.126558891862,15.));
#6371 = CARTESIAN_POINT('',(60.755662735647,6.326562824467E-02,15.));
#6372 = CARTESIAN_POINT('',(60.756096247318,0.,15.));
#6373 = PCURVE('',#3656,#6374);
#6374 = DEFINITIONAL_REPRESENTATION('',(#6375),#6381);
#6375 = B_SPLINE_CURVE_WITH_KNOTS('',4,(#6376,#6377,#6378,#6379,#6380),
  .UNSPECIFIED.,.F.,.F.,(5,5),(0.,1.),.PIECEWISE_BEZIER_KNOTS.);
#6376 = CARTESIAN_POINT('',(43.789769673134,0.5));
#6377 = CARTESIAN_POINT('',(43.773027203167,0.438997289397));
#6378 = CARTESIAN_POINT('',(43.76146531362,0.376558891862));
#6379 = CARTESIAN_POINT('',(43.755662735647,0.313265628245));
#6380 = CARTESIAN_POINT('',(43.756096247318,0.25));
#6381 = ( GEOMETRIC_REPRESENTATION_CONTEXT(2) 
PARAMETRIC_REPRESENTATION_CONTEXT() REPRESENTATION_CONTEXT('2D SPACE',''
  ) );
#6382 = PCURVE('',#4875,#6383);
#6383 = DEFINITIONAL_REPRESENTATION('',(#6384),#6390);
#6384 = B_SPLINE_CURVE_WITH_KNOTS('',4,(#6385,#6386,#6387,#6388,#6389),
  .UNSPECIFIED.,.F.,.F.,(5,5),(0.,1.),.PIECEWISE_BEZIER_KNOTS.);
#6385 = CARTESIAN_POINT('',(6.070582783028E-03,0.725));
#6386 = CARTESIAN_POINT('',(4.552638806295E-03,0.725));
#6387 = CARTESIAN_POINT('',(3.033036358581E-03,0.725));
#6388 = CARTESIAN_POINT('',(1.512079847507E-03,0.725));
#6389 = CARTESIAN_POINT('',(0.,0.725));
#6390 = ( GEOMETRIC_REPRESENTATION_CONTEXT(2) 
PARAMETRIC_REPRESENTATION_CONTEXT() REPRESENTATION_CONTEXT('2D SPACE',''
  ) );
#6391 = ADVANCED_FACE('',(#6392),#3709,.T.);
#6392 = FACE_BOUND('',#6393,.T.);
#6393 = EDGE_LOOP('',(#6394));
#6394 = ORIENTED_EDGE('',*,*,#3694,.T.);
#6395 = ADVANCED_FACE('',(#6396),#3620,.T.);
#6396 = FACE_BOUND('',#6397,.T.);
#6397 = EDGE_LOOP('',(#6398,#6399,#6400,#6401));
#6398 = ORIENTED_EDGE('',*,*,#4807,.F.);
#6399 = ORIENTED_EDGE('',*,*,#3600,.F.);
#6400 = ORIENTED_EDGE('',*,*,#6310,.T.);
#6401 = ORIENTED_EDGE('',*,*,#6402,.F.);
#6402 = EDGE_CURVE('',#4808,#6311,#6403,.T.);
#6403 = SURFACE_CURVE('',#6404,(#6419,#6437),.PCURVE_S1.);
#6404 = B_SPLINE_CURVE_WITH_KNOTS('',7,(#6405,#6406,#6407,#6408,#6409,
    #6410,#6411,#6412,#6413,#6414,#6415,#6416,#6417,#6418),
  .UNSPECIFIED.,.F.,.F.,(8,6,8),(0.,0.264625374738,1.),.UNSPECIFIED.);
#6405 = CARTESIAN_POINT('',(57.448746656494,0.25,9.));
#6406 = CARTESIAN_POINT('',(57.575916641127,0.25,9.226361031161));
#6407 = CARTESIAN_POINT('',(57.70173636926,0.25,9.453478227305));
#6408 = CARTESIAN_POINT('',(57.826432855601,0.25,9.681214751921));
#6409 = CARTESIAN_POINT('',(57.950257312644,0.25,9.909425189298));
#6410 = CARTESIAN_POINT('',(58.073469315372,0.25,10.13796415832));
#6411 = CARTESIAN_POINT('',(58.196320965962,0.25,10.366694926246));
#6412 = CARTESIAN_POINT('',(58.660071249336,0.25,11.231325147272));
#6413 = CARTESIAN_POINT('',(59.000110956847,0.25,11.867753114774));
#6414 = CARTESIAN_POINT('',(59.344033014102,0.25,12.502085921499));
#6415 = CARTESIAN_POINT('',(59.695388758493,0.25,13.132331570082));
#6416 = CARTESIAN_POINT('',(60.054476068711,0.25,13.758259040602));
#6417 = CARTESIAN_POINT('',(60.420008869472,0.25,14.380463105895));
#6418 = CARTESIAN_POINT('',(60.789769673134,0.25,15.));
#6419 = PCURVE('',#3620,#6420);
#6420 = DEFINITIONAL_REPRESENTATION('',(#6421),#6436);
#6421 = B_SPLINE_CURVE_WITH_KNOTS('',7,(#6422,#6423,#6424,#6425,#6426,
    #6427,#6428,#6429,#6430,#6431,#6432,#6433,#6434,#6435),
  .UNSPECIFIED.,.F.,.F.,(8,6,8),(0.,0.264625374738,1.),.UNSPECIFIED.);
#6422 = CARTESIAN_POINT('',(0.,40.448746656494));
#6423 = CARTESIAN_POINT('',(0.226361031161,40.575916641127));
#6424 = CARTESIAN_POINT('',(0.453478227305,40.70173636926));
#6425 = CARTESIAN_POINT('',(0.681214751921,40.826432855601));
#6426 = CARTESIAN_POINT('',(0.909425189298,40.950257312644));
#6427 = CARTESIAN_POINT('',(1.13796415832,41.073469315372));
#6428 = CARTESIAN_POINT('',(1.366694926246,41.196320965962));
#6429 = CARTESIAN_POINT('',(2.231325147272,41.660071249336));
#6430 = CARTESIAN_POINT('',(2.867753114774,42.000110956847));
#6431 = CARTESIAN_POINT('',(3.502085921499,42.344033014102));
#6432 = CARTESIAN_POINT('',(4.132331570082,42.695388758493));
#6433 = CARTESIAN_POINT('',(4.758259040602,43.054476068711));
#6434 = CARTESIAN_POINT('',(5.380463105895,43.420008869472));
#6435 = CARTESIAN_POINT('',(6.,43.789769673134));
#6436 = ( GEOMETRIC_REPRESENTATION_CONTEXT(2) 
PARAMETRIC_REPRESENTATION_CONTEXT() REPRESENTATION_CONTEXT('2D SPACE',''
  ) );
#6437 = PCURVE('',#4875,#6438);
#6438 = DEFINITIONAL_REPRESENTATION('',(#6439),#6454);
#6439 = B_SPLINE_CURVE_WITH_KNOTS('',7,(#6440,#6441,#6442,#6443,#6444,
    #6445,#6446,#6447,#6448,#6449,#6450,#6451,#6452,#6453),
  .UNSPECIFIED.,.F.,.F.,(8,6,8),(0.,0.264625374738,1.),.UNSPECIFIED.);
#6440 = CARTESIAN_POINT('',(5.386211578241E-03,0.625));
#6441 = CARTESIAN_POINT('',(5.409305138011E-03,0.628772683853));
#6442 = CARTESIAN_POINT('',(5.432387125565E-03,0.632557970455));
#6443 = CARTESIAN_POINT('',(5.455491928014E-03,0.636353579199));
#6444 = CARTESIAN_POINT('',(5.478663216484E-03,0.640157086488));
#6445 = CARTESIAN_POINT('',(5.501949753341E-03,0.643966069305));
#6446 = CARTESIAN_POINT('',(5.525401199401E-03,0.647778248771));
#6447 = CARTESIAN_POINT('',(5.614820899921E-03,0.662188752455));
#6448 = CARTESIAN_POINT('',(5.682224911984E-03,0.672795885246));
#6449 = CARTESIAN_POINT('',(5.752242797837E-03,0.683368098692));
#6450 = CARTESIAN_POINT('',(5.825923460876E-03,0.693872192835));
#6451 = CARTESIAN_POINT('',(5.90347532202E-03,0.704304317343));
#6452 = CARTESIAN_POINT('',(5.985140196418E-03,0.714674385098));
#6453 = CARTESIAN_POINT('',(6.07058683733E-03,0.725));
#6454 = ( GEOMETRIC_REPRESENTATION_CONTEXT(2) 
PARAMETRIC_REPRESENTATION_CONTEXT() REPRESENTATION_CONTEXT('2D SPACE',''
  ) );
#6455 = ADVANCED_FACE('',(#6456),#3896,.F.);
#6456 = FACE_BOUND('',#6457,.F.);
#6457 = EDGE_LOOP('',(#6458,#6481,#6482,#6483,#6506,#6535));
#6458 = ORIENTED_EDGE('',*,*,#6459,.F.);
#6459 = EDGE_CURVE('',#3875,#6460,#6462,.T.);
#6460 = VERTEX_POINT('',#6461);
#6461 = CARTESIAN_POINT('',(60.789769673134,0.25,-12.));
#6462 = SURFACE_CURVE('',#6463,(#6467,#6474),.PCURVE_S1.);
#6463 = LINE('',#6464,#6465);
#6464 = CARTESIAN_POINT('',(17.,0.25,-12.));
#6465 = VECTOR('',#6466,1.);
#6466 = DIRECTION('',(1.,0.,0.));
#6467 = PCURVE('',#3896,#6468);
#6468 = DEFINITIONAL_REPRESENTATION('',(#6469),#6473);
#6469 = LINE('',#6470,#6471);
#6470 = CARTESIAN_POINT('',(0.,0.5));
#6471 = VECTOR('',#6472,1.);
#6472 = DIRECTION('',(1.,0.));
#6473 = ( GEOMETRIC_REPRESENTATION_CONTEXT(2) 
PARAMETRIC_REPRESENTATION_CONTEXT() REPRESENTATION_CONTEXT('2D SPACE',''
  ) );
#6474 = PCURVE('',#3931,#6475);
#6475 = DEFINITIONAL_REPRESENTATION('',(#6476),#6480);
#6476 = LINE('',#6477,#6478);
#6477 = CARTESIAN_POINT('',(0.,0.));
#6478 = VECTOR('',#6479,1.);
#6479 = DIRECTION('',(0.,1.));
#6480 = ( GEOMETRIC_REPRESENTATION_CONTEXT(2) 
PARAMETRIC_REPRESENTATION_CONTEXT() REPRESENTATION_CONTEXT('2D SPACE',''
  ) );
#6481 = ORIENTED_EDGE('',*,*,#3874,.T.);
#6482 = ORIENTED_EDGE('',*,*,#4071,.T.);
#6483 = ORIENTED_EDGE('',*,*,#6484,.T.);
#6484 = EDGE_CURVE('',#4038,#6485,#6487,.T.);
#6485 = VERTEX_POINT('',#6486);
#6486 = CARTESIAN_POINT('',(60.789650205578,-0.25,-12.));
#6487 = SURFACE_CURVE('',#6488,(#6492,#6499),.PCURVE_S1.);
#6488 = LINE('',#6489,#6490);
#6489 = CARTESIAN_POINT('',(17.,-0.25,-12.));
#6490 = VECTOR('',#6491,1.);
#6491 = DIRECTION('',(1.,0.,0.));
#6492 = PCURVE('',#3896,#6493);
#6493 = DEFINITIONAL_REPRESENTATION('',(#6494),#6498);
#6494 = LINE('',#6495,#6496);
#6495 = CARTESIAN_POINT('',(0.,0.));
#6496 = VECTOR('',#6497,1.);
#6497 = DIRECTION('',(1.,0.));
#6498 = ( GEOMETRIC_REPRESENTATION_CONTEXT(2) 
PARAMETRIC_REPRESENTATION_CONTEXT() REPRESENTATION_CONTEXT('2D SPACE',''
  ) );
#6499 = PCURVE('',#4057,#6500);
#6500 = DEFINITIONAL_REPRESENTATION('',(#6501),#6505);
#6501 = LINE('',#6502,#6503);
#6502 = CARTESIAN_POINT('',(0.,0.));
#6503 = VECTOR('',#6504,1.);
#6504 = DIRECTION('',(0.,1.));
#6505 = ( GEOMETRIC_REPRESENTATION_CONTEXT(2) 
PARAMETRIC_REPRESENTATION_CONTEXT() REPRESENTATION_CONTEXT('2D SPACE',''
  ) );
#6506 = ORIENTED_EDGE('',*,*,#6507,.F.);
#6507 = EDGE_CURVE('',#6508,#6485,#6510,.T.);
#6508 = VERTEX_POINT('',#6509);
#6509 = CARTESIAN_POINT('',(60.756096247319,-3.94702867482E-18,-12.));
#6510 = SURFACE_CURVE('',#6511,(#6517,#6526),.PCURVE_S1.);
#6511 = B_SPLINE_CURVE_WITH_KNOTS('',4,(#6512,#6513,#6514,#6515,#6516),
  .UNSPECIFIED.,.F.,.F.,(5,5),(0.,1.),.PIECEWISE_BEZIER_KNOTS.);
#6512 = CARTESIAN_POINT('',(60.756096247319,-4.440892098501E-16,-12.));
#6513 = CARTESIAN_POINT('',(60.75652943113,-6.321778108912E-02,-12.));
#6514 = CARTESIAN_POINT('',(60.761816302925,-0.126495041574,-12.));
#6515 = CARTESIAN_POINT('',(60.772953431198,-0.188990786718,-12.));
#6516 = CARTESIAN_POINT('',(60.789650205578,-0.25,-12.));
#6517 = PCURVE('',#3896,#6518);
#6518 = DEFINITIONAL_REPRESENTATION('',(#6519),#6525);
#6519 = B_SPLINE_CURVE_WITH_KNOTS('',4,(#6520,#6521,#6522,#6523,#6524),
  .UNSPECIFIED.,.F.,.F.,(5,5),(0.,1.),.PIECEWISE_BEZIER_KNOTS.);
#6520 = CARTESIAN_POINT('',(43.756096247319,0.25));
#6521 = CARTESIAN_POINT('',(43.75652943113,0.186782218911));
#6522 = CARTESIAN_POINT('',(43.761816302925,0.123504958426));
#6523 = CARTESIAN_POINT('',(43.772953431198,6.100921328247E-02));
#6524 = CARTESIAN_POINT('',(43.789650205578,0.));
#6525 = ( GEOMETRIC_REPRESENTATION_CONTEXT(2) 
PARAMETRIC_REPRESENTATION_CONTEXT() REPRESENTATION_CONTEXT('2D SPACE',''
  ) );
#6526 = PCURVE('',#4875,#6527);
#6527 = DEFINITIONAL_REPRESENTATION('',(#6528),#6534);
#6528 = B_SPLINE_CURVE_WITH_KNOTS('',4,(#6529,#6530,#6531,#6532,#6533),
  .UNSPECIFIED.,.F.,.F.,(5,5),(0.,1.),.PIECEWISE_BEZIER_KNOTS.);
#6529 = CARTESIAN_POINT('',(1.,0.275));
#6530 = CARTESIAN_POINT('',(0.998489063723,0.275));
#6531 = CARTESIAN_POINT('',(0.996968517948,0.275));
#6532 = CARTESIAN_POINT('',(0.995447523001,0.275));
#6533 = CARTESIAN_POINT('',(0.993929417217,0.275));
#6534 = ( GEOMETRIC_REPRESENTATION_CONTEXT(2) 
PARAMETRIC_REPRESENTATION_CONTEXT() REPRESENTATION_CONTEXT('2D SPACE',''
  ) );
#6535 = ORIENTED_EDGE('',*,*,#6536,.F.);
#6536 = EDGE_CURVE('',#6460,#6508,#6537,.T.);
#6537 = SURFACE_CURVE('',#6538,(#6544,#6553),.PCURVE_S1.);
#6538 = B_SPLINE_CURVE_WITH_KNOTS('',4,(#6539,#6540,#6541,#6542,#6543),
  .UNSPECIFIED.,.F.,.F.,(5,5),(0.,1.),.PIECEWISE_BEZIER_KNOTS.);
#6539 = CARTESIAN_POINT('',(60.789769673134,0.25,-12.));
#6540 = CARTESIAN_POINT('',(60.773027203167,0.188997289397,-12.));
#6541 = CARTESIAN_POINT('',(60.76146531362,0.126558891862,-12.));
#6542 = CARTESIAN_POINT('',(60.755662735647,6.326562824466E-02,-12.));
#6543 = CARTESIAN_POINT('',(60.756096247319,0.,-12.));
#6544 = PCURVE('',#3896,#6545);
#6545 = DEFINITIONAL_REPRESENTATION('',(#6546),#6552);
#6546 = B_SPLINE_CURVE_WITH_KNOTS('',4,(#6547,#6548,#6549,#6550,#6551),
  .UNSPECIFIED.,.F.,.F.,(5,5),(0.,1.),.PIECEWISE_BEZIER_KNOTS.);
#6547 = CARTESIAN_POINT('',(43.789769673134,0.5));
#6548 = CARTESIAN_POINT('',(43.773027203167,0.438997289397));
#6549 = CARTESIAN_POINT('',(43.76146531362,0.376558891862));
#6550 = CARTESIAN_POINT('',(43.755662735647,0.313265628245));
#6551 = CARTESIAN_POINT('',(43.756096247319,0.25));
#6552 = ( GEOMETRIC_REPRESENTATION_CONTEXT(2) 
PARAMETRIC_REPRESENTATION_CONTEXT() REPRESENTATION_CONTEXT('2D SPACE',''
  ) );
#6553 = PCURVE('',#4875,#6554);
#6554 = DEFINITIONAL_REPRESENTATION('',(#6555),#6561);
#6555 = B_SPLINE_CURVE_WITH_KNOTS('',4,(#6556,#6557,#6558,#6559,#6560),
  .UNSPECIFIED.,.F.,.F.,(5,5),(0.,1.),.PIECEWISE_BEZIER_KNOTS.);
#6556 = CARTESIAN_POINT('',(6.070582783028E-03,0.275));
#6557 = CARTESIAN_POINT('',(4.552638806295E-03,0.275));
#6558 = CARTESIAN_POINT('',(3.033036358581E-03,0.275));
#6559 = CARTESIAN_POINT('',(1.512079847507E-03,0.275));
#6560 = CARTESIAN_POINT('',(0.,0.275));
#6561 = ( GEOMETRIC_REPRESENTATION_CONTEXT(2) 
PARAMETRIC_REPRESENTATION_CONTEXT() REPRESENTATION_CONTEXT('2D SPACE',''
  ) );
#6562 = ADVANCED_FACE('',(#6563),#4057,.F.);
#6563 = FACE_BOUND('',#6564,.F.);
#6564 = EDGE_LOOP('',(#6565,#6566,#6567,#6590));
#6565 = ORIENTED_EDGE('',*,*,#6484,.F.);
#6566 = ORIENTED_EDGE('',*,*,#4037,.F.);
#6567 = ORIENTED_EDGE('',*,*,#6568,.T.);
#6568 = EDGE_CURVE('',#4006,#6569,#6571,.T.);
#6569 = VERTEX_POINT('',#6570);
#6570 = CARTESIAN_POINT('',(57.448657142115,-0.25,-6.));
#6571 = SURFACE_CURVE('',#6572,(#6576,#6583),.PCURVE_S1.);
#6572 = LINE('',#6573,#6574);
#6573 = CARTESIAN_POINT('',(17.,-0.25,-6.));
#6574 = VECTOR('',#6575,1.);
#6575 = DIRECTION('',(1.,0.,0.));
#6576 = PCURVE('',#4057,#6577);
#6577 = DEFINITIONAL_REPRESENTATION('',(#6578),#6582);
#6578 = LINE('',#6579,#6580);
#6579 = CARTESIAN_POINT('',(6.,0.));
#6580 = VECTOR('',#6581,1.);
#6581 = DIRECTION('',(0.,1.));
#6582 = ( GEOMETRIC_REPRESENTATION_CONTEXT(2) 
PARAMETRIC_REPRESENTATION_CONTEXT() REPRESENTATION_CONTEXT('2D SPACE',''
  ) );
#6583 = PCURVE('',#3967,#6584);
#6584 = DEFINITIONAL_REPRESENTATION('',(#6585),#6589);
#6585 = LINE('',#6586,#6587);
#6586 = CARTESIAN_POINT('',(0.,0.));
#6587 = VECTOR('',#6588,1.);
#6588 = DIRECTION('',(1.,0.));
#6589 = ( GEOMETRIC_REPRESENTATION_CONTEXT(2) 
PARAMETRIC_REPRESENTATION_CONTEXT() REPRESENTATION_CONTEXT('2D SPACE',''
  ) );
#6590 = ORIENTED_EDGE('',*,*,#6591,.F.);
#6591 = EDGE_CURVE('',#6485,#6569,#6592,.T.);
#6592 = SURFACE_CURVE('',#6593,(#6616,#6642),.PCURVE_S1.);
#6593 = B_SPLINE_CURVE_WITH_KNOTS('',6,(#6594,#6595,#6596,#6597,#6598,
    #6599,#6600,#6601,#6602,#6603,#6604,#6605,#6606,#6607,#6608,#6609,
    #6610,#6611,#6612,#6613,#6614,#6615),.UNSPECIFIED.,.F.,.F.,(7,5,5,5,
    7),(0.,0.289688791899,0.628702075011,0.836961390433,1.),
  .UNSPECIFIED.);
#6594 = CARTESIAN_POINT('',(60.789650205578,-0.25,-12.));
#6595 = CARTESIAN_POINT('',(60.619703732892,-0.25,-11.71525266464));
#6596 = CARTESIAN_POINT('',(60.450689567554,-0.25,-11.42994787136));
#6597 = CARTESIAN_POINT('',(60.282834284103,-0.25,-11.14395764891));
#6598 = CARTESIAN_POINT('',(60.116318781983,-0.25,-10.85718422075));
#6599 = CARTESIAN_POINT('',(59.951249221413,-0.25,-10.56957697966));
#6600 = CARTESIAN_POINT('',(59.596147367618,-0.25,-9.943612207619));
#6601 = CARTESIAN_POINT('',(59.406648288145,-0.25,-9.604947551943));
#6602 = CARTESIAN_POINT('',(59.219135728339,-0.25,-9.26518011928));
#6603 = CARTESIAN_POINT('',(59.033416774931,-0.25,-8.924433089079));
#6604 = CARTESIAN_POINT('',(58.8490298083,-0.25,-8.582967026142));
#6605 = CARTESIAN_POINT('',(58.552434597916,-0.25,-8.031167143645));
#6606 = CARTESIAN_POINT('',(58.439816396362,-0.25,-7.821052265469));
#6607 = CARTESIAN_POINT('',(58.327290327276,-0.25,-7.61088766371));
#6608 = CARTESIAN_POINT('',(58.214669174246,-0.25,-7.400773704755));
#6609 = CARTESIAN_POINT('',(58.101746022864,-0.25,-7.190821985981));
#6610 = CARTESIAN_POINT('',(57.899497349636,-0.25,-6.817004080949));
#6611 = CARTESIAN_POINT('',(57.810372413013,-0.25,-6.653030392472));
#6612 = CARTESIAN_POINT('',(57.720828157668,-0.25,-6.489284212309));
#6613 = CARTESIAN_POINT('',(57.630760068546,-0.25,-6.325824678275));
#6614 = CARTESIAN_POINT('',(57.540067129554,-0.25,-6.162711092426));
#6615 = CARTESIAN_POINT('',(57.448657142116,-0.25,-6.));
#6616 = PCURVE('',#4057,#6617);
#6617 = DEFINITIONAL_REPRESENTATION('',(#6618),#6641);
#6618 = B_SPLINE_CURVE_WITH_KNOTS('',6,(#6619,#6620,#6621,#6622,#6623,
    #6624,#6625,#6626,#6627,#6628,#6629,#6630,#6631,#6632,#6633,#6634,
    #6635,#6636,#6637,#6638,#6639,#6640),.UNSPECIFIED.,.F.,.F.,(7,5,5,5,
    7),(0.,0.289688791899,0.628702075011,0.836961390433,1.),
  .UNSPECIFIED.);
#6619 = CARTESIAN_POINT('',(0.,43.789650205578));
#6620 = CARTESIAN_POINT('',(0.284747335359,43.619703732892));
#6621 = CARTESIAN_POINT('',(0.570052128631,43.450689567554));
#6622 = CARTESIAN_POINT('',(0.856042351081,43.282834284103));
#6623 = CARTESIAN_POINT('',(1.14281577925,43.116318781983));
#6624 = CARTESIAN_POINT('',(1.430423020338,42.951249221413));
#6625 = CARTESIAN_POINT('',(2.056387792381,42.596147367618));
#6626 = CARTESIAN_POINT('',(2.395052448057,42.406648288145));
#6627 = CARTESIAN_POINT('',(2.73481988072,42.219135728339));
#6628 = CARTESIAN_POINT('',(3.075566910921,42.033416774931));
#6629 = CARTESIAN_POINT('',(3.417032973858,41.8490298083));
#6630 = CARTESIAN_POINT('',(3.968832856355,41.552434597916));
#6631 = CARTESIAN_POINT('',(4.178947734531,41.439816396362));
#6632 = CARTESIAN_POINT('',(4.38911233629,41.327290327276));
#6633 = CARTESIAN_POINT('',(4.599226295245,41.214669174246));
#6634 = CARTESIAN_POINT('',(4.809178014019,41.101746022864));
#6635 = CARTESIAN_POINT('',(5.182995919051,40.899497349636));
#6636 = CARTESIAN_POINT('',(5.346969607528,40.810372413013));
#6637 = CARTESIAN_POINT('',(5.510715787691,40.720828157668));
#6638 = CARTESIAN_POINT('',(5.674175321725,40.630760068546));
#6639 = CARTESIAN_POINT('',(5.837288907574,40.540067129554));
#6640 = CARTESIAN_POINT('',(6.,40.448657142116));
#6641 = ( GEOMETRIC_REPRESENTATION_CONTEXT(2) 
PARAMETRIC_REPRESENTATION_CONTEXT() REPRESENTATION_CONTEXT('2D SPACE',''
  ) );
#6642 = PCURVE('',#4875,#6643);
#6643 = DEFINITIONAL_REPRESENTATION('',(#6644),#6667);
#6644 = B_SPLINE_CURVE_WITH_KNOTS('',6,(#6645,#6646,#6647,#6648,#6649,
    #6650,#6651,#6652,#6653,#6654,#6655,#6656,#6657,#6658,#6659,#6660,
    #6661,#6662,#6663,#6664,#6665,#6666),.UNSPECIFIED.,.F.,.F.,(7,5,5,5,
    7),(0.,0.289688791899,0.628702075011,0.836961390433,1.),
  .UNSPECIFIED.);
#6645 = CARTESIAN_POINT('',(0.993929413384,0.275));
#6646 = CARTESIAN_POINT('',(0.993968685787,0.279745788923));
#6647 = CARTESIAN_POINT('',(0.994007136742,0.284500868811));
#6648 = CARTESIAN_POINT('',(0.994044723557,0.289267372518));
#6649 = CARTESIAN_POINT('',(0.994081448394,0.294046929654));
#6650 = CARTESIAN_POINT('',(0.994117333411,0.298840383672));
#6651 = CARTESIAN_POINT('',(0.994193428373,0.309273129873));
#6652 = CARTESIAN_POINT('',(0.994233339818,0.314917540801));
#6653 = CARTESIAN_POINT('',(0.994272178478,0.320580331345));
#6654 = CARTESIAN_POINT('',(0.994310031415,0.326259448515));
#6655 = CARTESIAN_POINT('',(0.99434702982,0.331950549564));
#6656 = CARTESIAN_POINT('',(0.994405631382,0.341147214273));
#6657 = CARTESIAN_POINT('',(0.994427668594,0.344649128909));
#6658 = CARTESIAN_POINT('',(0.994449479296,0.348151872272));
#6659 = CARTESIAN_POINT('',(0.994471103847,0.351653771587));
#6660 = CARTESIAN_POINT('',(0.994492583978,0.3551529669));
#6661 = CARTESIAN_POINT('',(0.994530695114,0.361383265318));
#6662 = CARTESIAN_POINT('',(0.994547366828,0.364116160125));
#6663 = CARTESIAN_POINT('',(0.994563992765,0.366845263128));
#6664 = CARTESIAN_POINT('',(0.994580593707,0.369569588695));
#6665 = CARTESIAN_POINT('',(0.994597188462,0.37228814846));
#6666 = CARTESIAN_POINT('',(0.994613788397,0.375));
#6667 = ( GEOMETRIC_REPRESENTATION_CONTEXT(2) 
PARAMETRIC_REPRESENTATION_CONTEXT() REPRESENTATION_CONTEXT('2D SPACE',''
  ) );
#6668 = ADVANCED_FACE('',(#6669),#3967,.T.);
#6669 = FACE_BOUND('',#6670,.T.);
#6670 = EDGE_LOOP('',(#6671,#6694,#6695,#6696,#6697,#6726));
#6671 = ORIENTED_EDGE('',*,*,#6672,.F.);
#6672 = EDGE_CURVE('',#3912,#6673,#6675,.T.);
#6673 = VERTEX_POINT('',#6674);
#6674 = CARTESIAN_POINT('',(57.448746656494,0.25,-6.));
#6675 = SURFACE_CURVE('',#6676,(#6680,#6687),.PCURVE_S1.);
#6676 = LINE('',#6677,#6678);
#6677 = CARTESIAN_POINT('',(17.,0.25,-6.));
#6678 = VECTOR('',#6679,1.);
#6679 = DIRECTION('',(1.,0.,0.));
#6680 = PCURVE('',#3967,#6681);
#6681 = DEFINITIONAL_REPRESENTATION('',(#6682),#6686);
#6682 = LINE('',#6683,#6684);
#6683 = CARTESIAN_POINT('',(0.,0.5));
#6684 = VECTOR('',#6685,1.);
#6685 = DIRECTION('',(1.,0.));
#6686 = ( GEOMETRIC_REPRESENTATION_CONTEXT(2) 
PARAMETRIC_REPRESENTATION_CONTEXT() REPRESENTATION_CONTEXT('2D SPACE',''
  ) );
#6687 = PCURVE('',#3931,#6688);
#6688 = DEFINITIONAL_REPRESENTATION('',(#6689),#6693);
#6689 = LINE('',#6690,#6691);
#6690 = CARTESIAN_POINT('',(6.,0.));
#6691 = VECTOR('',#6692,1.);
#6692 = DIRECTION('',(0.,1.));
#6693 = ( GEOMETRIC_REPRESENTATION_CONTEXT(2) 
PARAMETRIC_REPRESENTATION_CONTEXT() REPRESENTATION_CONTEXT('2D SPACE',''
  ) );
#6694 = ORIENTED_EDGE('',*,*,#3945,.T.);
#6695 = ORIENTED_EDGE('',*,*,#4005,.T.);
#6696 = ORIENTED_EDGE('',*,*,#6568,.T.);
#6697 = ORIENTED_EDGE('',*,*,#6698,.F.);
#6698 = EDGE_CURVE('',#6699,#6569,#6701,.T.);
#6699 = VERTEX_POINT('',#6700);
#6700 = CARTESIAN_POINT('',(57.418928451927,-2.93700204131E-18,-6.));
#6701 = SURFACE_CURVE('',#6702,(#6708,#6717),.PCURVE_S1.);
#6702 = B_SPLINE_CURVE_WITH_KNOTS('',4,(#6703,#6704,#6705,#6706,#6707),
  .UNSPECIFIED.,.F.,.F.,(5,5),(0.,1.),.PIECEWISE_BEZIER_KNOTS.);
#6703 = CARTESIAN_POINT('',(57.418928451927,0.,-6.));
#6704 = CARTESIAN_POINT('',(57.419360636874,-6.307200921223E-02,-6.));
#6705 = CARTESIAN_POINT('',(57.42413076324,-0.126140078873,-6.));
#6706 = CARTESIAN_POINT('',(57.433860607255,-0.188678957173,-6.));
#6707 = CARTESIAN_POINT('',(57.448657142115,-0.25,-6.));
#6708 = PCURVE('',#3967,#6709);
#6709 = DEFINITIONAL_REPRESENTATION('',(#6710),#6716);
#6710 = B_SPLINE_CURVE_WITH_KNOTS('',4,(#6711,#6712,#6713,#6714,#6715),
  .UNSPECIFIED.,.F.,.F.,(5,5),(0.,1.),.PIECEWISE_BEZIER_KNOTS.);
#6711 = CARTESIAN_POINT('',(40.418928451927,0.25));
#6712 = CARTESIAN_POINT('',(40.419360636874,0.186927990788));
#6713 = CARTESIAN_POINT('',(40.42413076324,0.123859921127));
#6714 = CARTESIAN_POINT('',(40.433860607255,6.132104282659E-02));
#6715 = CARTESIAN_POINT('',(40.448657142115,0.));
#6716 = ( GEOMETRIC_REPRESENTATION_CONTEXT(2) 
PARAMETRIC_REPRESENTATION_CONTEXT() REPRESENTATION_CONTEXT('2D SPACE',''
  ) );
#6717 = PCURVE('',#4875,#6718);
#6718 = DEFINITIONAL_REPRESENTATION('',(#6719),#6725);
#6719 = B_SPLINE_CURVE_WITH_KNOTS('',4,(#6720,#6721,#6722,#6723,#6724),
  .UNSPECIFIED.,.F.,.F.,(5,5),(0.,1.),.PIECEWISE_BEZIER_KNOTS.);
#6720 = CARTESIAN_POINT('',(1.,0.375));
#6721 = CARTESIAN_POINT('',(0.99865900286,0.375));
#6722 = CARTESIAN_POINT('',(0.997311770906,0.375));
#6723 = CARTESIAN_POINT('',(0.995961341859,0.375));
#6724 = CARTESIAN_POINT('',(0.994613787773,0.375));
#6725 = ( GEOMETRIC_REPRESENTATION_CONTEXT(2) 
PARAMETRIC_REPRESENTATION_CONTEXT() REPRESENTATION_CONTEXT('2D SPACE',''
  ) );
#6726 = ORIENTED_EDGE('',*,*,#6727,.F.);
#6727 = EDGE_CURVE('',#6673,#6699,#6728,.T.);
#6728 = SURFACE_CURVE('',#6729,(#6735,#6744),.PCURVE_S1.);
#6729 = B_SPLINE_CURVE_WITH_KNOTS('',4,(#6730,#6731,#6732,#6733,#6734),
  .UNSPECIFIED.,.F.,.F.,(5,5),(0.,1.),.PIECEWISE_BEZIER_KNOTS.);
#6730 = CARTESIAN_POINT('',(57.448746656494,0.25,-6.));
#6731 = CARTESIAN_POINT('',(57.433821438841,0.188694436225,-6.));
#6732 = CARTESIAN_POINT('',(57.423574657111,0.126235295005,-6.));
#6733 = CARTESIAN_POINT('',(57.418496057978,6.31025105287E-02,-6.));
#6734 = CARTESIAN_POINT('',(57.418928451927,4.440892098501E-16,-6.));
#6735 = PCURVE('',#3967,#6736);
#6736 = DEFINITIONAL_REPRESENTATION('',(#6737),#6743);
#6737 = B_SPLINE_CURVE_WITH_KNOTS('',4,(#6738,#6739,#6740,#6741,#6742),
  .UNSPECIFIED.,.F.,.F.,(5,5),(0.,1.),.PIECEWISE_BEZIER_KNOTS.);
#6738 = CARTESIAN_POINT('',(40.448746656494,0.5));
#6739 = CARTESIAN_POINT('',(40.433821438841,0.438694436225));
#6740 = CARTESIAN_POINT('',(40.423574657111,0.376235295005));
#6741 = CARTESIAN_POINT('',(40.418496057978,0.313102510529));
#6742 = CARTESIAN_POINT('',(40.418928451927,0.25));
#6743 = ( GEOMETRIC_REPRESENTATION_CONTEXT(2) 
PARAMETRIC_REPRESENTATION_CONTEXT() REPRESENTATION_CONTEXT('2D SPACE',''
  ) );
#6744 = PCURVE('',#4875,#6745);
#6745 = DEFINITIONAL_REPRESENTATION('',(#6746),#6752);
#6746 = B_SPLINE_CURVE_WITH_KNOTS('',4,(#6747,#6748,#6749,#6750,#6751),
  .UNSPECIFIED.,.F.,.F.,(5,5),(0.,1.),.PIECEWISE_BEZIER_KNOTS.);
#6747 = CARTESIAN_POINT('',(5.386212227141E-03,0.375));
#6748 = CARTESIAN_POINT('',(4.038998298891E-03,0.375));
#6749 = CARTESIAN_POINT('',(2.690277809452E-03,0.375));
#6750 = CARTESIAN_POINT('',(1.341645640079E-03,0.375));
#6751 = CARTESIAN_POINT('',(0.,0.375));
#6752 = ( GEOMETRIC_REPRESENTATION_CONTEXT(2) 
PARAMETRIC_REPRESENTATION_CONTEXT() REPRESENTATION_CONTEXT('2D SPACE',''
  ) );
#6753 = ADVANCED_FACE('',(#6754),#3931,.T.);
#6754 = FACE_BOUND('',#6755,.T.);
#6755 = EDGE_LOOP('',(#6756,#6757,#6758,#6759));
#6756 = ORIENTED_EDGE('',*,*,#6459,.F.);
#6757 = ORIENTED_EDGE('',*,*,#3911,.F.);
#6758 = ORIENTED_EDGE('',*,*,#6672,.T.);
#6759 = ORIENTED_EDGE('',*,*,#6760,.F.);
#6760 = EDGE_CURVE('',#6460,#6673,#6761,.T.);
#6761 = SURFACE_CURVE('',#6762,(#6785,#6811),.PCURVE_S1.);
#6762 = B_SPLINE_CURVE_WITH_KNOTS('',6,(#6763,#6764,#6765,#6766,#6767,
    #6768,#6769,#6770,#6771,#6772,#6773,#6774,#6775,#6776,#6777,#6778,
    #6779,#6780,#6781,#6782,#6783,#6784),.UNSPECIFIED.,.F.,.F.,(7,5,5,5,
    7),(0.,0.289688525919,0.62870177424,0.836961204489,1.),
  .UNSPECIFIED.);
#6763 = CARTESIAN_POINT('',(60.789769673134,0.25,-12.));
#6764 = CARTESIAN_POINT('',(60.619822649227,0.25,-11.71525253536));
#6765 = CARTESIAN_POINT('',(60.450807836975,0.25,-11.42994766848));
#6766 = CARTESIAN_POINT('',(60.282951812892,0.25,-11.14395742524));
#6767 = CARTESIAN_POINT('',(60.116435478733,0.25,-10.85718402599));
#6768 = CARTESIAN_POINT('',(59.951364997134,0.25,-10.56957686043));
#6769 = CARTESIAN_POINT('',(59.596260800121,0.25,-9.943612071837));
#6770 = CARTESIAN_POINT('',(59.406760269789,0.25,-9.604947338666));
#6771 = CARTESIAN_POINT('',(59.21924614727,0.25,-9.265179882089));
#6772 = CARTESIAN_POINT('',(59.033525522464,0.25,-8.924432878745));
#6773 = CARTESIAN_POINT('',(58.849136776939,0.25,-8.582966893733));
#6774 = CARTESIAN_POINT('',(58.552538445389,0.25,-8.031167087636));
#6775 = CARTESIAN_POINT('',(58.439918969686,0.25,-7.821052173934));
#6776 = CARTESIAN_POINT('',(58.327391585182,0.25,-7.610887558112));
#6777 = CARTESIAN_POINT('',(58.214769074516,0.25,-7.40077360821));
#6778 = CARTESIAN_POINT('',(58.101844522062,0.25,-7.190821923776));
#6779 = CARTESIAN_POINT('',(57.899593218711,0.25,-6.81700403292));
#6780 = CARTESIAN_POINT('',(57.810467070025,0.25,-6.653030313712));
#6781 = CARTESIAN_POINT('',(57.720921573975,0.25,-6.48928412144));
#6782 = CARTESIAN_POINT('',(57.630852214671,0.25,-6.325824595429));
#6783 = CARTESIAN_POINT('',(57.540157975245,0.25,-6.162711039336));
#6784 = CARTESIAN_POINT('',(57.448746656494,0.25,-6.));
#6785 = PCURVE('',#3931,#6786);
#6786 = DEFINITIONAL_REPRESENTATION('',(#6787),#6810);
#6787 = B_SPLINE_CURVE_WITH_KNOTS('',6,(#6788,#6789,#6790,#6791,#6792,
    #6793,#6794,#6795,#6796,#6797,#6798,#6799,#6800,#6801,#6802,#6803,
    #6804,#6805,#6806,#6807,#6808,#6809),.UNSPECIFIED.,.F.,.F.,(7,5,5,5,
    7),(0.,0.289688525919,0.62870177424,0.836961204489,1.),
  .UNSPECIFIED.);
#6788 = CARTESIAN_POINT('',(0.,43.789769673134));
#6789 = CARTESIAN_POINT('',(0.284747464633,43.619822649227));
#6790 = CARTESIAN_POINT('',(0.570052331511,43.450807836975));
#6791 = CARTESIAN_POINT('',(0.856042574756,43.282951812892));
#6792 = CARTESIAN_POINT('',(1.142815974001,43.116435478733));
#6793 = CARTESIAN_POINT('',(1.430423139561,42.951364997134));
#6794 = CARTESIAN_POINT('',(2.056387928163,42.596260800121));
#6795 = CARTESIAN_POINT('',(2.395052661334,42.406760269789));
#6796 = CARTESIAN_POINT('',(2.734820117911,42.21924614727));
#6797 = CARTESIAN_POINT('',(3.075567121255,42.033525522464));
#6798 = CARTESIAN_POINT('',(3.417033106267,41.849136776939));
#6799 = CARTESIAN_POINT('',(3.968832912364,41.552538445389));
#6800 = CARTESIAN_POINT('',(4.178947826066,41.439918969686));
#6801 = CARTESIAN_POINT('',(4.389112441888,41.327391585182));
#6802 = CARTESIAN_POINT('',(4.59922639179,41.214769074516));
#6803 = CARTESIAN_POINT('',(4.809178076224,41.101844522062));
#6804 = CARTESIAN_POINT('',(5.18299596708,40.899593218711));
#6805 = CARTESIAN_POINT('',(5.346969686288,40.810467070025));
#6806 = CARTESIAN_POINT('',(5.51071587856,40.720921573975));
#6807 = CARTESIAN_POINT('',(5.674175404571,40.630852214671));
#6808 = CARTESIAN_POINT('',(5.837288960664,40.540157975245));
#6809 = CARTESIAN_POINT('',(6.,40.448746656494));
#6810 = ( GEOMETRIC_REPRESENTATION_CONTEXT(2) 
PARAMETRIC_REPRESENTATION_CONTEXT() REPRESENTATION_CONTEXT('2D SPACE',''
  ) );
#6811 = PCURVE('',#4875,#6812);
#6812 = DEFINITIONAL_REPRESENTATION('',(#6813),#6836);
#6813 = B_SPLINE_CURVE_WITH_KNOTS('',6,(#6814,#6815,#6816,#6817,#6818,
    #6819,#6820,#6821,#6822,#6823,#6824,#6825,#6826,#6827,#6828,#6829,
    #6830,#6831,#6832,#6833,#6834,#6835),.UNSPECIFIED.,.F.,.F.,(7,5,5,5,
    7),(0.,0.289688525919,0.62870177424,0.836961204489,1.),
  .UNSPECIFIED.);
#6814 = CARTESIAN_POINT('',(6.070586616163E-03,0.275));
#6815 = CARTESIAN_POINT('',(6.031314195639E-03,0.279745791077));
#6816 = CARTESIAN_POINT('',(5.992863230535E-03,0.284500872192));
#6817 = CARTESIAN_POINT('',(5.955276414274E-03,0.289267376246));
#6818 = CARTESIAN_POINT('',(5.918551581973E-03,0.2940469329));
#6819 = CARTESIAN_POINT('',(5.8826665746E-03,0.298840385659));
#6820 = CARTESIAN_POINT('',(5.806571610345E-03,0.309273132136));
#6821 = CARTESIAN_POINT('',(5.766660156989E-03,0.314917544356));
#6822 = CARTESIAN_POINT('',(5.727821495546E-03,0.320580335299));
#6823 = CARTESIAN_POINT('',(5.689968562061E-03,0.326259452021));
#6824 = CARTESIAN_POINT('',(5.652970166219E-03,0.331950551771));
#6825 = CARTESIAN_POINT('',(5.594368612305E-03,0.341147215206));
#6826 = CARTESIAN_POINT('',(5.572331396486E-03,0.344649130434));
#6827 = CARTESIAN_POINT('',(5.550520692997E-03,0.348151874031));
#6828 = CARTESIAN_POINT('',(5.528896143033E-03,0.351653773197));
#6829 = CARTESIAN_POINT('',(5.507416016126E-03,0.355152967937));
#6830 = CARTESIAN_POINT('',(5.469304881118E-03,0.361383266118));
#6831 = CARTESIAN_POINT('',(5.452633164409E-03,0.364116161438));
#6832 = CARTESIAN_POINT('',(5.436007225718E-03,0.366845264643));
#6833 = CARTESIAN_POINT('',(5.419406284598E-03,0.369569590076));
#6834 = CARTESIAN_POINT('',(5.402811532844E-03,0.372288149344));
#6835 = CARTESIAN_POINT('',(5.38621160347E-03,0.375));
#6836 = ( GEOMETRIC_REPRESENTATION_CONTEXT(2) 
PARAMETRIC_REPRESENTATION_CONTEXT() REPRESENTATION_CONTEXT('2D SPACE',''
  ) );
#6837 = ADVANCED_FACE('',(#6838),#3861,.F.);
#6838 = FACE_BOUND('',#6839,.F.);
#6839 = EDGE_LOOP('',(#6840));
#6840 = ORIENTED_EDGE('',*,*,#3846,.T.);
#6841 = ADVANCED_FACE('',(#6842),#4148,.T.);
#6842 = FACE_BOUND('',#6843,.T.);
#6843 = EDGE_LOOP('',(#6844,#6845,#6864,#6865));
#6844 = ORIENTED_EDGE('',*,*,#4374,.F.);
#6845 = ORIENTED_EDGE('',*,*,#6846,.F.);
#6846 = EDGE_CURVE('',#4131,#4375,#6847,.T.);
#6847 = SURFACE_CURVE('',#6848,(#6852,#6858),.PCURVE_S1.);
#6848 = LINE('',#6849,#6850);
#6849 = CARTESIAN_POINT('',(44.,-3.75,-1.7));
#6850 = VECTOR('',#6851,1.);
#6851 = DIRECTION('',(0.,-1.,0.));
#6852 = PCURVE('',#4148,#6853);
#6853 = DEFINITIONAL_REPRESENTATION('',(#6854),#6857);
#6854 = B_SPLINE_CURVE_WITH_KNOTS('',1,(#6855,#6856),.UNSPECIFIED.,.F.,
  .F.,(2,2),(-7.5,4.440892098501E-16),.PIECEWISE_BEZIER_KNOTS.);
#6855 = CARTESIAN_POINT('',(2.5,-7.5));
#6856 = CARTESIAN_POINT('',(2.5,4.440892098501E-16));
#6857 = ( GEOMETRIC_REPRESENTATION_CONTEXT(2) 
PARAMETRIC_REPRESENTATION_CONTEXT() REPRESENTATION_CONTEXT('2D SPACE',''
  ) );
#6858 = PCURVE('',#4176,#6859);
#6859 = DEFINITIONAL_REPRESENTATION('',(#6860),#6863);
#6860 = B_SPLINE_CURVE_WITH_KNOTS('',1,(#6861,#6862),.UNSPECIFIED.,.F.,
  .F.,(2,2),(-7.5,4.440892098501E-16),.PIECEWISE_BEZIER_KNOTS.);
#6861 = CARTESIAN_POINT('',(4.,7.5));
#6862 = CARTESIAN_POINT('',(4.,-4.440892098501E-16));
#6863 = ( GEOMETRIC_REPRESENTATION_CONTEXT(2) 
PARAMETRIC_REPRESENTATION_CONTEXT() REPRESENTATION_CONTEXT('2D SPACE',''
  ) );
#6864 = ORIENTED_EDGE('',*,*,#4130,.T.);
#6865 = ORIENTED_EDGE('',*,*,#6866,.T.);
#6866 = EDGE_CURVE('',#4133,#4377,#6867,.T.);
#6867 = SURFACE_CURVE('',#6868,(#6872,#6878),.PCURVE_S1.);
#6868 = LINE('',#6869,#6870);
#6869 = CARTESIAN_POINT('',(44.,-3.75,4.7));
#6870 = VECTOR('',#6871,1.);
#6871 = DIRECTION('',(0.,-1.,0.));
#6872 = PCURVE('',#4148,#6873);
#6873 = DEFINITIONAL_REPRESENTATION('',(#6874),#6877);
#6874 = B_SPLINE_CURVE_WITH_KNOTS('',1,(#6875,#6876),.UNSPECIFIED.,.F.,
  .F.,(2,2),(-7.5,4.440892098501E-16),.PIECEWISE_BEZIER_KNOTS.);
#6875 = CARTESIAN_POINT('',(8.9,-7.5));
#6876 = CARTESIAN_POINT('',(8.9,4.440892098501E-16));
#6877 = ( GEOMETRIC_REPRESENTATION_CONTEXT(2) 
PARAMETRIC_REPRESENTATION_CONTEXT() REPRESENTATION_CONTEXT('2D SPACE',''
  ) );
#6878 = PCURVE('',#4327,#6879);
#6879 = DEFINITIONAL_REPRESENTATION('',(#6880),#6883);
#6880 = B_SPLINE_CURVE_WITH_KNOTS('',1,(#6881,#6882),.UNSPECIFIED.,.F.,
  .F.,(2,2),(-7.5,4.440892098501E-16),.PIECEWISE_BEZIER_KNOTS.);
#6881 = CARTESIAN_POINT('',(4.,7.5));
#6882 = CARTESIAN_POINT('',(4.,-4.440892098501E-16));
#6883 = ( GEOMETRIC_REPRESENTATION_CONTEXT(2) 
PARAMETRIC_REPRESENTATION_CONTEXT() REPRESENTATION_CONTEXT('2D SPACE',''
  ) );
#6884 = ADVANCED_FACE('',(#6885,#6963),#4176,.T.);
#6885 = FACE_BOUND('',#6886,.T.);
#6886 = EDGE_LOOP('',(#6887,#6888,#6889,#6890,#6918,#6941));
#6887 = ORIENTED_EDGE('',*,*,#4160,.F.);
#6888 = ORIENTED_EDGE('',*,*,#6846,.T.);
#6889 = ORIENTED_EDGE('',*,*,#4399,.T.);
#6890 = ORIENTED_EDGE('',*,*,#6891,.F.);
#6891 = EDGE_CURVE('',#6892,#4400,#6894,.T.);
#6892 = VERTEX_POINT('',#6893);
#6893 = CARTESIAN_POINT('',(53.,-0.2,-1.7));
#6894 = SURFACE_CURVE('',#6895,(#6900,#6911),.PCURVE_S1.);
#6895 = CIRCLE('',#6896,3.55);
#6896 = AXIS2_PLACEMENT_3D('',#6897,#6898,#6899);
#6897 = CARTESIAN_POINT('',(49.45,-0.2,-1.7));
#6898 = DIRECTION('',(-0.,-0.,-1.));
#6899 = DIRECTION('',(0.,-1.,0.));
#6900 = PCURVE('',#4176,#6901);
#6901 = DEFINITIONAL_REPRESENTATION('',(#6902),#6910);
#6902 = ( BOUNDED_CURVE() B_SPLINE_CURVE(2,(#6903,#6904,#6905,#6906,
#6907,#6908,#6909),.UNSPECIFIED.,.T.,.F.) B_SPLINE_CURVE_WITH_KNOTS((1,2
    ,2,2,2,1),(-2.094395102393,0.,2.094395102393,4.188790204786,
6.28318530718,8.377580409573),.UNSPECIFIED.) CURVE() 
GEOMETRIC_REPRESENTATION_ITEM() RATIONAL_B_SPLINE_CURVE((1.,0.5,1.,0.5,
1.,0.5,1.)) REPRESENTATION_ITEM('') );
#6903 = CARTESIAN_POINT('',(9.45,-8.881784197001E-16));
#6904 = CARTESIAN_POINT('',(3.30121963313,-8.881784197001E-16));
#6905 = CARTESIAN_POINT('',(6.375609816565,5.325));
#6906 = CARTESIAN_POINT('',(9.45,10.65));
#6907 = CARTESIAN_POINT('',(12.524390183435,5.325));
#6908 = CARTESIAN_POINT('',(15.59878036687,4.440892098501E-15));
#6909 = CARTESIAN_POINT('',(9.45,-8.881784197001E-16));
#6910 = ( GEOMETRIC_REPRESENTATION_CONTEXT(2) 
PARAMETRIC_REPRESENTATION_CONTEXT() REPRESENTATION_CONTEXT('2D SPACE',''
  ) );
#6911 = PCURVE('',#4438,#6912);
#6912 = DEFINITIONAL_REPRESENTATION('',(#6913),#6917);
#6913 = LINE('',#6914,#6915);
#6914 = CARTESIAN_POINT('',(4.712388980385,2.5));
#6915 = VECTOR('',#6916,1.);
#6916 = DIRECTION('',(-1.,0.));
#6917 = ( GEOMETRIC_REPRESENTATION_CONTEXT(2) 
PARAMETRIC_REPRESENTATION_CONTEXT() REPRESENTATION_CONTEXT('2D SPACE',''
  ) );
#6918 = ORIENTED_EDGE('',*,*,#6919,.T.);
#6919 = EDGE_CURVE('',#6892,#6920,#6922,.T.);
#6920 = VERTEX_POINT('',#6921);
#6921 = CARTESIAN_POINT('',(53.,0.2,-1.7));
#6922 = SURFACE_CURVE('',#6923,(#6927,#6934),.PCURVE_S1.);
#6923 = LINE('',#6924,#6925);
#6924 = CARTESIAN_POINT('',(53.,-3.75,-1.7));
#6925 = VECTOR('',#6926,1.);
#6926 = DIRECTION('',(0.,1.,0.));
#6927 = PCURVE('',#4176,#6928);
#6928 = DEFINITIONAL_REPRESENTATION('',(#6929),#6933);
#6929 = LINE('',#6930,#6931);
#6930 = CARTESIAN_POINT('',(13.,0.));
#6931 = VECTOR('',#6932,1.);
#6932 = DIRECTION('',(0.,1.));
#6933 = ( GEOMETRIC_REPRESENTATION_CONTEXT(2) 
PARAMETRIC_REPRESENTATION_CONTEXT() REPRESENTATION_CONTEXT('2D SPACE',''
  ) );
#6934 = PCURVE('',#4618,#6935);
#6935 = DEFINITIONAL_REPRESENTATION('',(#6936),#6940);
#6936 = LINE('',#6937,#6938);
#6937 = CARTESIAN_POINT('',(2.5,0.));
#6938 = VECTOR('',#6939,1.);
#6939 = DIRECTION('',(0.,-1.));
#6940 = ( GEOMETRIC_REPRESENTATION_CONTEXT(2) 
PARAMETRIC_REPRESENTATION_CONTEXT() REPRESENTATION_CONTEXT('2D SPACE',''
  ) );
#6941 = ORIENTED_EDGE('',*,*,#6942,.T.);
#6942 = EDGE_CURVE('',#6920,#4161,#6943,.T.);
#6943 = SURFACE_CURVE('',#6944,(#6949,#6956),.PCURVE_S1.);
#6944 = CIRCLE('',#6945,3.55);
#6945 = AXIS2_PLACEMENT_3D('',#6946,#6947,#6948);
#6946 = CARTESIAN_POINT('',(49.45,0.2,-1.7));
#6947 = DIRECTION('',(0.,0.,1.));
#6948 = DIRECTION('',(0.,-1.,0.));
#6949 = PCURVE('',#4176,#6950);
#6950 = DEFINITIONAL_REPRESENTATION('',(#6951),#6955);
#6951 = CIRCLE('',#6952,3.55);
#6952 = AXIS2_PLACEMENT_2D('',#6953,#6954);
#6953 = CARTESIAN_POINT('',(9.45,3.95));
#6954 = DIRECTION('',(0.,-1.));
#6955 = ( GEOMETRIC_REPRESENTATION_CONTEXT(2) 
PARAMETRIC_REPRESENTATION_CONTEXT() REPRESENTATION_CONTEXT('2D SPACE',''
  ) );
#6956 = PCURVE('',#4204,#6957);
#6957 = DEFINITIONAL_REPRESENTATION('',(#6958),#6962);
#6958 = LINE('',#6959,#6960);
#6959 = CARTESIAN_POINT('',(-1.570796326795,2.5));
#6960 = VECTOR('',#6961,1.);
#6961 = DIRECTION('',(1.,0.));
#6962 = ( GEOMETRIC_REPRESENTATION_CONTEXT(2) 
PARAMETRIC_REPRESENTATION_CONTEXT() REPRESENTATION_CONTEXT('2D SPACE',''
  ) );
#6963 = FACE_BOUND('',#6964,.T.);
#6964 = EDGE_LOOP('',(#6965));
#6965 = ORIENTED_EDGE('',*,*,#6966,.F.);
#6966 = EDGE_CURVE('',#6967,#6967,#6969,.T.);
#6967 = VERTEX_POINT('',#6968);
#6968 = CARTESIAN_POINT('',(50.95,-2.32682891838E-16,-1.7));
#6969 = SURFACE_CURVE('',#6970,(#6975,#6982),.PCURVE_S1.);
#6970 = CIRCLE('',#6971,0.95);
#6971 = AXIS2_PLACEMENT_3D('',#6972,#6973,#6974);
#6972 = CARTESIAN_POINT('',(50.,0.,-1.7));
#6973 = DIRECTION('',(0.,0.,1.));
#6974 = DIRECTION('',(1.,0.,-0.));
#6975 = PCURVE('',#4176,#6976);
#6976 = DEFINITIONAL_REPRESENTATION('',(#6977),#6981);
#6977 = CIRCLE('',#6978,0.95);
#6978 = AXIS2_PLACEMENT_2D('',#6979,#6980);
#6979 = CARTESIAN_POINT('',(10.,3.75));
#6980 = DIRECTION('',(1.,0.));
#6981 = ( GEOMETRIC_REPRESENTATION_CONTEXT(2) 
PARAMETRIC_REPRESENTATION_CONTEXT() REPRESENTATION_CONTEXT('2D SPACE',''
  ) );
#6982 = PCURVE('',#4671,#6983);
#6983 = DEFINITIONAL_REPRESENTATION('',(#6984),#6988);
#6984 = LINE('',#6985,#6986);
#6985 = CARTESIAN_POINT('',(0.,3.));
#6986 = VECTOR('',#6987,1.);
#6987 = DIRECTION('',(1.,0.));
#6988 = ( GEOMETRIC_REPRESENTATION_CONTEXT(2) 
PARAMETRIC_REPRESENTATION_CONTEXT() REPRESENTATION_CONTEXT('2D SPACE',''
  ) );
#6989 = ADVANCED_FACE('',(#6990),#4204,.T.);
#6990 = FACE_BOUND('',#6991,.T.);
#6991 = EDGE_LOOP('',(#6992,#6993,#6994,#6995));
#6992 = ORIENTED_EDGE('',*,*,#4630,.T.);
#6993 = ORIENTED_EDGE('',*,*,#4188,.T.);
#6994 = ORIENTED_EDGE('',*,*,#6942,.F.);
#6995 = ORIENTED_EDGE('',*,*,#6996,.F.);
#6996 = EDGE_CURVE('',#4603,#6920,#6997,.T.);
#6997 = SURFACE_CURVE('',#6998,(#7002,#7009),.PCURVE_S1.);
#6998 = LINE('',#6999,#7000);
#6999 = CARTESIAN_POINT('',(53.,0.2,-4.2));
#7000 = VECTOR('',#7001,1.);
#7001 = DIRECTION('',(0.,0.,1.));
#7002 = PCURVE('',#4204,#7003);
#7003 = DEFINITIONAL_REPRESENTATION('',(#7004),#7008);
#7004 = LINE('',#7005,#7006);
#7005 = CARTESIAN_POINT('',(0.,0.));
#7006 = VECTOR('',#7007,1.);
#7007 = DIRECTION('',(0.,1.));
#7008 = ( GEOMETRIC_REPRESENTATION_CONTEXT(2) 
PARAMETRIC_REPRESENTATION_CONTEXT() REPRESENTATION_CONTEXT('2D SPACE',''
  ) );
#7009 = PCURVE('',#4618,#7010);
#7010 = DEFINITIONAL_REPRESENTATION('',(#7011),#7015);
#7011 = LINE('',#7012,#7013);
#7012 = CARTESIAN_POINT('',(0.,-3.95));
#7013 = VECTOR('',#7014,1.);
#7014 = DIRECTION('',(1.,0.));
#7015 = ( GEOMETRIC_REPRESENTATION_CONTEXT(2) 
PARAMETRIC_REPRESENTATION_CONTEXT() REPRESENTATION_CONTEXT('2D SPACE',''
  ) );
#7016 = ADVANCED_FACE('',(#7017),#4301,.T.);
#7017 = FACE_BOUND('',#7018,.T.);
#7018 = EDGE_LOOP('',(#7019,#7043,#7044,#7045));
#7019 = ORIENTED_EDGE('',*,*,#7020,.T.);
#7020 = EDGE_CURVE('',#7021,#4286,#7023,.T.);
#7021 = VERTEX_POINT('',#7022);
#7022 = CARTESIAN_POINT('',(53.,0.2,4.7));
#7023 = SURFACE_CURVE('',#7024,(#7029,#7036),.PCURVE_S1.);
#7024 = CIRCLE('',#7025,3.55);
#7025 = AXIS2_PLACEMENT_3D('',#7026,#7027,#7028);
#7026 = CARTESIAN_POINT('',(49.45,0.2,4.7));
#7027 = DIRECTION('',(0.,0.,1.));
#7028 = DIRECTION('',(0.,-1.,0.));
#7029 = PCURVE('',#4301,#7030);
#7030 = DEFINITIONAL_REPRESENTATION('',(#7031),#7035);
#7031 = LINE('',#7032,#7033);
#7032 = CARTESIAN_POINT('',(-1.570796326795,0.));
#7033 = VECTOR('',#7034,1.);
#7034 = DIRECTION('',(1.,0.));
#7035 = ( GEOMETRIC_REPRESENTATION_CONTEXT(2) 
PARAMETRIC_REPRESENTATION_CONTEXT() REPRESENTATION_CONTEXT('2D SPACE',''
  ) );
#7036 = PCURVE('',#4327,#7037);
#7037 = DEFINITIONAL_REPRESENTATION('',(#7038),#7042);
#7038 = CIRCLE('',#7039,3.55);
#7039 = AXIS2_PLACEMENT_2D('',#7040,#7041);
#7040 = CARTESIAN_POINT('',(9.45,3.95));
#7041 = DIRECTION('',(0.,-1.));
#7042 = ( GEOMETRIC_REPRESENTATION_CONTEXT(2) 
PARAMETRIC_REPRESENTATION_CONTEXT() REPRESENTATION_CONTEXT('2D SPACE',''
  ) );
#7043 = ORIENTED_EDGE('',*,*,#4285,.T.);
#7044 = ORIENTED_EDGE('',*,*,#4751,.F.);
#7045 = ORIENTED_EDGE('',*,*,#7046,.F.);
#7046 = EDGE_CURVE('',#7021,#4724,#7047,.T.);
#7047 = SURFACE_CURVE('',#7048,(#7052,#7059),.PCURVE_S1.);
#7048 = LINE('',#7049,#7050);
#7049 = CARTESIAN_POINT('',(53.,0.2,4.7));
#7050 = VECTOR('',#7051,1.);
#7051 = DIRECTION('',(0.,0.,1.));
#7052 = PCURVE('',#4301,#7053);
#7053 = DEFINITIONAL_REPRESENTATION('',(#7054),#7058);
#7054 = LINE('',#7055,#7056);
#7055 = CARTESIAN_POINT('',(0.,0.));
#7056 = VECTOR('',#7057,1.);
#7057 = DIRECTION('',(0.,1.));
#7058 = ( GEOMETRIC_REPRESENTATION_CONTEXT(2) 
PARAMETRIC_REPRESENTATION_CONTEXT() REPRESENTATION_CONTEXT('2D SPACE',''
  ) );
#7059 = PCURVE('',#4739,#7060);
#7060 = DEFINITIONAL_REPRESENTATION('',(#7061),#7065);
#7061 = LINE('',#7062,#7063);
#7062 = CARTESIAN_POINT('',(0.,-3.95));
#7063 = VECTOR('',#7064,1.);
#7064 = DIRECTION('',(1.,0.));
#7065 = ( GEOMETRIC_REPRESENTATION_CONTEXT(2) 
PARAMETRIC_REPRESENTATION_CONTEXT() REPRESENTATION_CONTEXT('2D SPACE',''
  ) );
#7066 = ADVANCED_FACE('',(#7067,#7122),#4327,.F.);
#7067 = FACE_BOUND('',#7068,.F.);
#7068 = EDGE_LOOP('',(#7069,#7070,#7071,#7072,#7100,#7121));
#7069 = ORIENTED_EDGE('',*,*,#4313,.F.);
#7070 = ORIENTED_EDGE('',*,*,#6866,.T.);
#7071 = ORIENTED_EDGE('',*,*,#4547,.T.);
#7072 = ORIENTED_EDGE('',*,*,#7073,.F.);
#7073 = EDGE_CURVE('',#7074,#4520,#7076,.T.);
#7074 = VERTEX_POINT('',#7075);
#7075 = CARTESIAN_POINT('',(53.,-0.2,4.7));
#7076 = SURFACE_CURVE('',#7077,(#7082,#7093),.PCURVE_S1.);
#7077 = CIRCLE('',#7078,3.55);
#7078 = AXIS2_PLACEMENT_3D('',#7079,#7080,#7081);
#7079 = CARTESIAN_POINT('',(49.45,-0.2,4.7));
#7080 = DIRECTION('',(-0.,-0.,-1.));
#7081 = DIRECTION('',(0.,-1.,0.));
#7082 = PCURVE('',#4327,#7083);
#7083 = DEFINITIONAL_REPRESENTATION('',(#7084),#7092);
#7084 = ( BOUNDED_CURVE() B_SPLINE_CURVE(2,(#7085,#7086,#7087,#7088,
#7089,#7090,#7091),.UNSPECIFIED.,.T.,.F.) B_SPLINE_CURVE_WITH_KNOTS((1,2
    ,2,2,2,1),(-2.094395102393,0.,2.094395102393,4.188790204786,
6.28318530718,8.377580409573),.UNSPECIFIED.) CURVE() 
GEOMETRIC_REPRESENTATION_ITEM() RATIONAL_B_SPLINE_CURVE((1.,0.5,1.,0.5,
1.,0.5,1.)) REPRESENTATION_ITEM('') );
#7085 = CARTESIAN_POINT('',(9.45,-8.881784197001E-16));
#7086 = CARTESIAN_POINT('',(3.30121963313,-8.881784197001E-16));
#7087 = CARTESIAN_POINT('',(6.375609816565,5.325));
#7088 = CARTESIAN_POINT('',(9.45,10.65));
#7089 = CARTESIAN_POINT('',(12.524390183435,5.325));
#7090 = CARTESIAN_POINT('',(15.59878036687,4.440892098501E-15));
#7091 = CARTESIAN_POINT('',(9.45,-8.881784197001E-16));
#7092 = ( GEOMETRIC_REPRESENTATION_CONTEXT(2) 
PARAMETRIC_REPRESENTATION_CONTEXT() REPRESENTATION_CONTEXT('2D SPACE',''
  ) );
#7093 = PCURVE('',#4535,#7094);
#7094 = DEFINITIONAL_REPRESENTATION('',(#7095),#7099);
#7095 = LINE('',#7096,#7097);
#7096 = CARTESIAN_POINT('',(4.712388980385,-0.));
#7097 = VECTOR('',#7098,1.);
#7098 = DIRECTION('',(-1.,0.));
#7099 = ( GEOMETRIC_REPRESENTATION_CONTEXT(2) 
PARAMETRIC_REPRESENTATION_CONTEXT() REPRESENTATION_CONTEXT('2D SPACE',''
  ) );
#7100 = ORIENTED_EDGE('',*,*,#7101,.T.);
#7101 = EDGE_CURVE('',#7074,#7021,#7102,.T.);
#7102 = SURFACE_CURVE('',#7103,(#7107,#7114),.PCURVE_S1.);
#7103 = LINE('',#7104,#7105);
#7104 = CARTESIAN_POINT('',(53.,-3.75,4.7));
#7105 = VECTOR('',#7106,1.);
#7106 = DIRECTION('',(0.,1.,0.));
#7107 = PCURVE('',#4327,#7108);
#7108 = DEFINITIONAL_REPRESENTATION('',(#7109),#7113);
#7109 = LINE('',#7110,#7111);
#7110 = CARTESIAN_POINT('',(13.,0.));
#7111 = VECTOR('',#7112,1.);
#7112 = DIRECTION('',(0.,1.));
#7113 = ( GEOMETRIC_REPRESENTATION_CONTEXT(2) 
PARAMETRIC_REPRESENTATION_CONTEXT() REPRESENTATION_CONTEXT('2D SPACE',''
  ) );
#7114 = PCURVE('',#4739,#7115);
#7115 = DEFINITIONAL_REPRESENTATION('',(#7116),#7120);
#7116 = LINE('',#7117,#7118);
#7117 = CARTESIAN_POINT('',(0.,0.));
#7118 = VECTOR('',#7119,1.);
#7119 = DIRECTION('',(0.,-1.));
#7120 = ( GEOMETRIC_REPRESENTATION_CONTEXT(2) 
PARAMETRIC_REPRESENTATION_CONTEXT() REPRESENTATION_CONTEXT('2D SPACE',''
  ) );
#7121 = ORIENTED_EDGE('',*,*,#7020,.T.);
#7122 = FACE_BOUND('',#7123,.F.);
#7123 = EDGE_LOOP('',(#7124));
#7124 = ORIENTED_EDGE('',*,*,#7125,.F.);
#7125 = EDGE_CURVE('',#7126,#7126,#7128,.T.);
#7126 = VERTEX_POINT('',#7127);
#7127 = CARTESIAN_POINT('',(50.95,-2.32682891838E-16,4.7));
#7128 = SURFACE_CURVE('',#7129,(#7134,#7141),.PCURVE_S1.);
#7129 = CIRCLE('',#7130,0.95);
#7130 = AXIS2_PLACEMENT_3D('',#7131,#7132,#7133);
#7131 = CARTESIAN_POINT('',(50.,0.,4.7));
#7132 = DIRECTION('',(0.,0.,1.));
#7133 = DIRECTION('',(1.,0.,-0.));
#7134 = PCURVE('',#4327,#7135);
#7135 = DEFINITIONAL_REPRESENTATION('',(#7136),#7140);
#7136 = CIRCLE('',#7137,0.95);
#7137 = AXIS2_PLACEMENT_2D('',#7138,#7139);
#7138 = CARTESIAN_POINT('',(10.,3.75));
#7139 = DIRECTION('',(1.,0.));
#7140 = ( GEOMETRIC_REPRESENTATION_CONTEXT(2) 
PARAMETRIC_REPRESENTATION_CONTEXT() REPRESENTATION_CONTEXT('2D SPACE',''
  ) );
#7141 = PCURVE('',#4792,#7142);
#7142 = DEFINITIONAL_REPRESENTATION('',(#7143),#7147);
#7143 = LINE('',#7144,#7145);
#7144 = CARTESIAN_POINT('',(0.,9.4));
#7145 = VECTOR('',#7146,1.);
#7146 = DIRECTION('',(1.,0.));
#7147 = ( GEOMETRIC_REPRESENTATION_CONTEXT(2) 
PARAMETRIC_REPRESENTATION_CONTEXT() REPRESENTATION_CONTEXT('2D SPACE',''
  ) );
#7148 = ADVANCED_FACE('',(#7149),#4438,.T.);
#7149 = FACE_BOUND('',#7150,.F.);
#7150 = EDGE_LOOP('',(#7151,#7152,#7153,#7154));
#7151 = ORIENTED_EDGE('',*,*,#4574,.T.);
#7152 = ORIENTED_EDGE('',*,*,#4422,.T.);
#7153 = ORIENTED_EDGE('',*,*,#6891,.F.);
#7154 = ORIENTED_EDGE('',*,*,#7155,.F.);
#7155 = EDGE_CURVE('',#4575,#6892,#7156,.T.);
#7156 = SURFACE_CURVE('',#7157,(#7161,#7168),.PCURVE_S1.);
#7157 = LINE('',#7158,#7159);
#7158 = CARTESIAN_POINT('',(53.,-0.2,-4.2));
#7159 = VECTOR('',#7160,1.);
#7160 = DIRECTION('',(0.,0.,1.));
#7161 = PCURVE('',#4438,#7162);
#7162 = DEFINITIONAL_REPRESENTATION('',(#7163),#7167);
#7163 = LINE('',#7164,#7165);
#7164 = CARTESIAN_POINT('',(-0.,0.));
#7165 = VECTOR('',#7166,1.);
#7166 = DIRECTION('',(-0.,1.));
#7167 = ( GEOMETRIC_REPRESENTATION_CONTEXT(2) 
PARAMETRIC_REPRESENTATION_CONTEXT() REPRESENTATION_CONTEXT('2D SPACE',''
  ) );
#7168 = PCURVE('',#4618,#7169);
#7169 = DEFINITIONAL_REPRESENTATION('',(#7170),#7174);
#7170 = LINE('',#7171,#7172);
#7171 = CARTESIAN_POINT('',(0.,-3.55));
#7172 = VECTOR('',#7173,1.);
#7173 = DIRECTION('',(1.,0.));
#7174 = ( GEOMETRIC_REPRESENTATION_CONTEXT(2) 
PARAMETRIC_REPRESENTATION_CONTEXT() REPRESENTATION_CONTEXT('2D SPACE',''
  ) );
#7175 = ADVANCED_FACE('',(#7176),#4535,.T.);
#7176 = FACE_BOUND('',#7177,.F.);
#7177 = EDGE_LOOP('',(#7178,#7179,#7180,#7181));
#7178 = ORIENTED_EDGE('',*,*,#7073,.T.);
#7179 = ORIENTED_EDGE('',*,*,#4519,.T.);
#7180 = ORIENTED_EDGE('',*,*,#4695,.F.);
#7181 = ORIENTED_EDGE('',*,*,#7182,.F.);
#7182 = EDGE_CURVE('',#7074,#4696,#7183,.T.);
#7183 = SURFACE_CURVE('',#7184,(#7188,#7195),.PCURVE_S1.);
#7184 = LINE('',#7185,#7186);
#7185 = CARTESIAN_POINT('',(53.,-0.2,4.7));
#7186 = VECTOR('',#7187,1.);
#7187 = DIRECTION('',(0.,0.,1.));
#7188 = PCURVE('',#4535,#7189);
#7189 = DEFINITIONAL_REPRESENTATION('',(#7190),#7194);
#7190 = LINE('',#7191,#7192);
#7191 = CARTESIAN_POINT('',(-0.,0.));
#7192 = VECTOR('',#7193,1.);
#7193 = DIRECTION('',(-0.,1.));
#7194 = ( GEOMETRIC_REPRESENTATION_CONTEXT(2) 
PARAMETRIC_REPRESENTATION_CONTEXT() REPRESENTATION_CONTEXT('2D SPACE',''
  ) );
#7195 = PCURVE('',#4739,#7196);
#7196 = DEFINITIONAL_REPRESENTATION('',(#7197),#7201);
#7197 = LINE('',#7198,#7199);
#7198 = CARTESIAN_POINT('',(0.,-3.55));
#7199 = VECTOR('',#7200,1.);
#7200 = DIRECTION('',(1.,0.));
#7201 = ( GEOMETRIC_REPRESENTATION_CONTEXT(2) 
PARAMETRIC_REPRESENTATION_CONTEXT() REPRESENTATION_CONTEXT('2D SPACE',''
  ) );
#7202 = ADVANCED_FACE('',(#7203),#4618,.T.);
#7203 = FACE_BOUND('',#7204,.T.);
#7204 = EDGE_LOOP('',(#7205,#7206,#7207,#7208));
#7205 = ORIENTED_EDGE('',*,*,#6919,.F.);
#7206 = ORIENTED_EDGE('',*,*,#7155,.F.);
#7207 = ORIENTED_EDGE('',*,*,#4602,.T.);
#7208 = ORIENTED_EDGE('',*,*,#6996,.T.);
#7209 = ADVANCED_FACE('',(#7210),#4671,.F.);
#7210 = FACE_BOUND('',#7211,.F.);
#7211 = EDGE_LOOP('',(#7212,#7213,#7234,#7235));
#7212 = ORIENTED_EDGE('',*,*,#6966,.F.);
#7213 = ORIENTED_EDGE('',*,*,#7214,.F.);
#7214 = EDGE_CURVE('',#4655,#6967,#7215,.T.);
#7215 = SEAM_CURVE('',#7216,(#7220,#7227),.PCURVE_S1.);
#7216 = LINE('',#7217,#7218);
#7217 = CARTESIAN_POINT('',(50.95,-2.32682891838E-16,-4.7));
#7218 = VECTOR('',#7219,1.);
#7219 = DIRECTION('',(0.,0.,1.));
#7220 = PCURVE('',#4671,#7221);
#7221 = DEFINITIONAL_REPRESENTATION('',(#7222),#7226);
#7222 = LINE('',#7223,#7224);
#7223 = CARTESIAN_POINT('',(6.28318530718,-0.));
#7224 = VECTOR('',#7225,1.);
#7225 = DIRECTION('',(0.,1.));
#7226 = ( GEOMETRIC_REPRESENTATION_CONTEXT(2) 
PARAMETRIC_REPRESENTATION_CONTEXT() REPRESENTATION_CONTEXT('2D SPACE',''
  ) );
#7227 = PCURVE('',#4671,#7228);
#7228 = DEFINITIONAL_REPRESENTATION('',(#7229),#7233);
#7229 = LINE('',#7230,#7231);
#7230 = CARTESIAN_POINT('',(0.,-0.));
#7231 = VECTOR('',#7232,1.);
#7232 = DIRECTION('',(0.,1.));
#7233 = ( GEOMETRIC_REPRESENTATION_CONTEXT(2) 
PARAMETRIC_REPRESENTATION_CONTEXT() REPRESENTATION_CONTEXT('2D SPACE',''
  ) );
#7234 = ORIENTED_EDGE('',*,*,#4654,.T.);
#7235 = ORIENTED_EDGE('',*,*,#7214,.T.);
#7236 = ADVANCED_FACE('',(#7237),#4739,.T.);
#7237 = FACE_BOUND('',#7238,.T.);
#7238 = EDGE_LOOP('',(#7239,#7240,#7241,#7242));
#7239 = ORIENTED_EDGE('',*,*,#4723,.F.);
#7240 = ORIENTED_EDGE('',*,*,#7182,.F.);
#7241 = ORIENTED_EDGE('',*,*,#7101,.T.);
#7242 = ORIENTED_EDGE('',*,*,#7046,.T.);
#7243 = ADVANCED_FACE('',(#7244),#4792,.F.);
#7244 = FACE_BOUND('',#7245,.F.);
#7245 = EDGE_LOOP('',(#7246,#7247,#7268,#7269));
#7246 = ORIENTED_EDGE('',*,*,#4775,.F.);
#7247 = ORIENTED_EDGE('',*,*,#7248,.F.);
#7248 = EDGE_CURVE('',#7126,#4776,#7249,.T.);
#7249 = SEAM_CURVE('',#7250,(#7254,#7261),.PCURVE_S1.);
#7250 = LINE('',#7251,#7252);
#7251 = CARTESIAN_POINT('',(50.95,-2.32682891838E-16,-4.7));
#7252 = VECTOR('',#7253,1.);
#7253 = DIRECTION('',(0.,0.,1.));
#7254 = PCURVE('',#4792,#7255);
#7255 = DEFINITIONAL_REPRESENTATION('',(#7256),#7260);
#7256 = LINE('',#7257,#7258);
#7257 = CARTESIAN_POINT('',(6.28318530718,-0.));
#7258 = VECTOR('',#7259,1.);
#7259 = DIRECTION('',(0.,1.));
#7260 = ( GEOMETRIC_REPRESENTATION_CONTEXT(2) 
PARAMETRIC_REPRESENTATION_CONTEXT() REPRESENTATION_CONTEXT('2D SPACE',''
  ) );
#7261 = PCURVE('',#4792,#7262);
#7262 = DEFINITIONAL_REPRESENTATION('',(#7263),#7267);
#7263 = LINE('',#7264,#7265);
#7264 = CARTESIAN_POINT('',(0.,-0.));
#7265 = VECTOR('',#7266,1.);
#7266 = DIRECTION('',(0.,1.));
#7267 = ( GEOMETRIC_REPRESENTATION_CONTEXT(2) 
PARAMETRIC_REPRESENTATION_CONTEXT() REPRESENTATION_CONTEXT('2D SPACE',''
  ) );
#7268 = ORIENTED_EDGE('',*,*,#7125,.T.);
#7269 = ORIENTED_EDGE('',*,*,#7248,.T.);
#7270 = ADVANCED_FACE('',(#7271),#4875,.F.);
#7271 = FACE_BOUND('',#7272,.F.);
#7272 = EDGE_LOOP('',(#7273,#7306,#7528,#7529,#7530,#7531,#7532,#7565,
    #7821,#7936,#8192,#8223,#8224,#8225,#8226,#8259,#8481,#8482,#8483,
    #8484,#8485,#8486,#8737,#8852,#9101,#9102,#9103,#9104));
#7273 = ORIENTED_EDGE('',*,*,#7274,.F.);
#7274 = EDGE_CURVE('',#7275,#6508,#7277,.T.);
#7275 = VERTEX_POINT('',#7276);
#7276 = CARTESIAN_POINT('',(70.320508075689,0.,-28.5));
#7277 = SEAM_CURVE('',#7278,(#7292,#7299),.PCURVE_S1.);
#7278 = ( BOUNDED_CURVE() B_SPLINE_CURVE(7,(#7279,#7280,#7281,#7282,
    #7283,#7284,#7285,#7286,#7287,#7288,#7289,#7290,#7291),
.UNSPECIFIED.,.F.,.F.) B_SPLINE_CURVE_WITH_KNOTS((8,5,8),(0.,0.5,1.),
.UNSPECIFIED.) CURVE() GEOMETRIC_REPRESENTATION_ITEM() 
RATIONAL_B_SPLINE_CURVE((1.,1.,1.000000000001,0.999999999999,
    1.000000000001,1.,1.,1.,1.,0.999999999999,1.,1.,1.)) 
REPRESENTATION_ITEM('') );
#7279 = CARTESIAN_POINT('',(70.320508075689,0.,-28.5));
#7280 = CARTESIAN_POINT('',(70.320508075724,9.71445146547E-18,
    -24.21428571429));
#7281 = CARTESIAN_POINT('',(58.196152422628,-9.665218361095E-17,
    -19.92857142854));
#7282 = CARTESIAN_POINT('',(74.131019852451,2.443303496035E-16,
    -15.64285714288));
#7283 = CARTESIAN_POINT('',(49.189488223296,-2.494849565031E-16,
    -11.35714285713));
#7284 = CARTESIAN_POINT('',(65.124355652999,1.072918209304E-16,
    -7.071428571431));
#7285 = CARTESIAN_POINT('',(40.875644347008,-1.35047396546E-16,1.5));
#7286 = CARTESIAN_POINT('',(65.124355652992,1.072918209304E-16,
    10.071428571429));
#7287 = CARTESIAN_POINT('',(49.189488223333,-2.494849565032E-16,
    14.357142857139));
#7288 = CARTESIAN_POINT('',(74.13101985237,2.443303496034E-16,
    18.642857142865));
#7289 = CARTESIAN_POINT('',(58.196152422692,-9.665218361099E-17,
    22.928571428564));
#7290 = CARTESIAN_POINT('',(70.320508075696,9.714451465467E-18,
    27.214285714289));
#7291 = CARTESIAN_POINT('',(70.320508075689,0.,31.5));
#7292 = PCURVE('',#4875,#7293);
#7293 = DEFINITIONAL_REPRESENTATION('',(#7294),#7298);
#7294 = LINE('',#7295,#7296);
#7295 = CARTESIAN_POINT('',(0.,0.));
#7296 = VECTOR('',#7297,1.);
#7297 = DIRECTION('',(0.,1.));
#7298 = ( GEOMETRIC_REPRESENTATION_CONTEXT(2) 
PARAMETRIC_REPRESENTATION_CONTEXT() REPRESENTATION_CONTEXT('2D SPACE',''
  ) );
#7299 = PCURVE('',#4875,#7300);
#7300 = DEFINITIONAL_REPRESENTATION('',(#7301),#7305);
#7301 = LINE('',#7302,#7303);
#7302 = CARTESIAN_POINT('',(1.,0.));
#7303 = VECTOR('',#7304,1.);
#7304 = DIRECTION('',(0.,1.));
#7305 = ( GEOMETRIC_REPRESENTATION_CONTEXT(2) 
PARAMETRIC_REPRESENTATION_CONTEXT() REPRESENTATION_CONTEXT('2D SPACE',''
  ) );
#7306 = ORIENTED_EDGE('',*,*,#7307,.T.);
#7307 = EDGE_CURVE('',#7275,#7275,#7308,.T.);
#7308 = SURFACE_CURVE('',#7309,(#7411,#7418),.PCURVE_S1.);
#7309 = B_SPLINE_CURVE_WITH_KNOTS('',3,(#7310,#7311,#7312,#7313,#7314,
    #7315,#7316,#7317,#7318,#7319,#7320,#7321,#7322,#7323,#7324,#7325,
    #7326,#7327,#7328,#7329,#7330,#7331,#7332,#7333,#7334,#7335,#7336,
    #7337,#7338,#7339,#7340,#7341,#7342,#7343,#7344,#7345,#7346,#7347,
    #7348,#7349,#7350,#7351,#7352,#7353,#7354,#7355,#7356,#7357,#7358,
    #7359,#7360,#7361,#7362,#7363,#7364,#7365,#7366,#7367,#7368,#7369,
    #7370,#7371,#7372,#7373,#7374,#7375,#7376,#7377,#7378,#7379,#7380,
    #7381,#7382,#7383,#7384,#7385,#7386,#7387,#7388,#7389,#7390,#7391,
    #7392,#7393,#7394,#7395,#7396,#7397,#7398,#7399,#7400,#7401,#7402,
    #7403,#7404,#7405,#7406,#7407,#7408,#7409,#7410),.UNSPECIFIED.,.T.,
  .F.,(4,1,1,1,1,1,1,1,1,1,1,1,1,1,1,1,1,1,1,1,1,1,1,1,1,1,1,1,1,1,1,1,1
    ,1,1,1,1,1,1,1,1,1,1,1,1,1,1,1,1,1,1,1,1,1,1,1,1,1,1,1,1,1,1,1,1,1,1
    ,1,1,1,1,1,1,1,1,1,1,1,1,1,1,1,1,1,1,1,1,1,1,1,1,1,1,1,1,1,1,1,4),(
    0.,4.723282016847E-03,9.514454336009E-03,1.455684604926E-02,
    2.000091975438E-02,2.595818016451E-02,3.250479129167E-02,
    3.96887894112E-02,4.753708013963E-02,5.606092810048E-02,
    6.525988994889E-02,7.512451417629E-02,8.563815405804E-02,
    9.677817025697E-02,0.108516725585,0.120821316956,0.133655148333,
    0.146977418882,0.16074357851,0.174905585911,0.189412190531,
    0.204209248955,0.219240077706,0.234445838157,0.249765945186,
    0.26513848898,0.28050065887,0.295789158863,0.310940606169,
    0.325891906261,0.340580600428,0.354945184105,0.368925396403,
    0.382462482971,0.395499435671,0.407981213444,0.419854949216,
    0.431070147802,0.441578879446,0.451335972959,0.460299211368,
    0.468429531632,0.47569122832,0.482052159426,0.487483950692,
    0.491962193245,0.49546662814,0.497981310719,0.499494747627,0.5,
    0.500505252373,0.502018689281,0.50453337186,0.508037806755,
    0.512516049308,0.517947840574,0.52430877168,0.531570468368,
    0.539700788632,0.548664027041,0.558421120554,0.568929852198,
    0.580145050784,0.592018786556,0.604500564329,0.617537517029,
    0.631074603597,0.645054815895,0.659419399572,0.674108093739,
    0.689059393831,0.704210841137,0.71949934113,0.73486151102,
    0.750234054814,0.765554161843,0.780759922294,0.795790751045,
    0.810587809469,0.825094414089,0.83925642149,0.853022581118,
    0.866344851667,0.879178683044,0.891483274415,0.903221829743,
    0.914361845942,0.924875485824,0.934740110051,0.9439390719,
    0.95246291986,0.960311210589,0.967495208708,0.974041819835,
    0.979999080246,0.985443153951,0.990485545664,0.995276717983,1.),
  .UNSPECIFIED.);
#7310 = CARTESIAN_POINT('',(70.320508075689,0.,-28.5));
#7311 = CARTESIAN_POINT('',(70.320217271557,4.243924044844E-02,-28.5));
#7312 = CARTESIAN_POINT('',(70.329476184625,0.127398841277,-28.5));
#7313 = CARTESIAN_POINT('',(70.369869179368,0.25204732539,-28.5));
#7314 = CARTESIAN_POINT('',(70.437057686039,0.371761434061,-28.5));
#7315 = CARTESIAN_POINT('',(70.529947013813,0.486369663497,-28.5));
#7316 = CARTESIAN_POINT('',(70.647969575178,0.59561768775,-28.5));
#7317 = CARTESIAN_POINT('',(70.790551761294,0.699240763595,-28.5));
#7318 = CARTESIAN_POINT('',(70.957151119799,0.796832837821,-28.5));
#7319 = CARTESIAN_POINT('',(71.147142783163,0.887902278854,-28.5));
#7320 = CARTESIAN_POINT('',(71.359805621863,0.971912241177,-28.5));
#7321 = CARTESIAN_POINT('',(71.594312404311,1.048326260332,-28.5));
#7322 = CARTESIAN_POINT('',(71.849734226816,1.116642432156,-28.5));
#7323 = CARTESIAN_POINT('',(72.125046170635,1.176421135998,-28.5));
#7324 = CARTESIAN_POINT('',(72.419134155384,1.227306277771,-28.5));
#7325 = CARTESIAN_POINT('',(72.73080164772,1.269041097511,-28.5));
#7326 = CARTESIAN_POINT('',(73.058776277429,1.301478749521,-28.5));
#7327 = CARTESIAN_POINT('',(73.401716320548,1.324587887397,-28.5));
#7328 = CARTESIAN_POINT('',(73.758217117146,1.338453488469,-28.5));
#7329 = CARTESIAN_POINT('',(74.126817464744,1.343273291563,-28.5));
#7330 = CARTESIAN_POINT('',(74.506006023591,1.339350371983,-28.5));
#7331 = CARTESIAN_POINT('',(74.894227758419,1.3270825233,-28.5));
#7332 = CARTESIAN_POINT('',(75.289890434375,1.30694922923,-28.5));
#7333 = CARTESIAN_POINT('',(75.691371178394,1.279497079702,-28.5));
#7334 = CARTESIAN_POINT('',(76.097023111425,1.245324506391,-28.5));
#7335 = CARTESIAN_POINT('',(76.505182050885,1.205066683444,-28.5));
#7336 = CARTESIAN_POINT('',(76.914173276531,1.15938136118,-28.5));
#7337 = CARTESIAN_POINT('',(77.322318346899,1.108936280239,-28.5));
#7338 = CARTESIAN_POINT('',(77.727941947871,1.054398659447,-28.5));
#7339 = CARTESIAN_POINT('',(78.129378750109,0.996427073167,-28.5));
#7340 = CARTESIAN_POINT('',(78.524980248358,0.935665845128,-28.5));
#7341 = CARTESIAN_POINT('',(78.913121552921,0.872741898237,-28.5));
#7342 = CARTESIAN_POINT('',(79.292208102401,0.808263825851,-28.5));
#7343 = CARTESIAN_POINT('',(79.66068226522,0.742822800763,-28.5));
#7344 = CARTESIAN_POINT('',(80.017029801714,0.676994822941,-28.5));
#7345 = CARTESIAN_POINT('',(80.359786144945,0.61134373287,-28.5));
#7346 = CARTESIAN_POINT('',(80.687542510408,0.546424388103,-28.5));
#7347 = CARTESIAN_POINT('',(80.998951666935,0.482785417179,-28.5));
#7348 = CARTESIAN_POINT('',(81.292733824525,0.420971025041,-28.5));
#7349 = CARTESIAN_POINT('',(81.567680953155,0.361521422418,-28.5));
#7350 = CARTESIAN_POINT('',(81.822665143312,0.304971579336,-28.5));
#7351 = CARTESIAN_POINT('',(82.056632095705,0.251848154072,-28.5));
#7352 = CARTESIAN_POINT('',(82.268642076835,0.20266459879,-28.5));
#7353 = CARTESIAN_POINT('',(82.457756094654,0.157914624877,-28.5));
#7354 = CARTESIAN_POINT('',(82.623409153051,0.118064269176,-28.5));
#7355 = CARTESIAN_POINT('',(82.764286789259,8.354318066014E-02,-28.5));
#7356 = CARTESIAN_POINT('',(82.881630110237,5.473504920414E-02,-28.5));
#7357 = CARTESIAN_POINT('',(82.970062478126,3.196940927653E-02,-28.5));
#7358 = CARTESIAN_POINT('',(83.041156786355,1.551090089671E-02,-28.5));
#7359 = CARTESIAN_POINT('',(83.070158945229,5.557379670426E-03,-28.5));
#7360 = CARTESIAN_POINT('',(83.105325662551,-5.992533391094E-16,-28.5));
#7361 = CARTESIAN_POINT('',(83.070158945229,-5.557379670425E-03,-28.5));
#7362 = CARTESIAN_POINT('',(83.041156786355,-1.551090089671E-02,-28.5));
#7363 = CARTESIAN_POINT('',(82.970062478126,-3.196940927653E-02,-28.5));
#7364 = CARTESIAN_POINT('',(82.881630110237,-5.473504920414E-02,-28.5));
#7365 = CARTESIAN_POINT('',(82.764286789259,-8.354318066014E-02,-28.5));
#7366 = CARTESIAN_POINT('',(82.623409153051,-0.118064269176,-28.5));
#7367 = CARTESIAN_POINT('',(82.457756094654,-0.157914624877,-28.5));
#7368 = CARTESIAN_POINT('',(82.268642076835,-0.20266459879,-28.5));
#7369 = CARTESIAN_POINT('',(82.056632095705,-0.251848154072,-28.5));
#7370 = CARTESIAN_POINT('',(81.822665143312,-0.304971579336,-28.5));
#7371 = CARTESIAN_POINT('',(81.567680953155,-0.361521422418,-28.5));
#7372 = CARTESIAN_POINT('',(81.292733824525,-0.420971025041,-28.5));
#7373 = CARTESIAN_POINT('',(80.998951666935,-0.482785417179,-28.5));
#7374 = CARTESIAN_POINT('',(80.687542510408,-0.546424388103,-28.5));
#7375 = CARTESIAN_POINT('',(80.359786144945,-0.61134373287,-28.5));
#7376 = CARTESIAN_POINT('',(80.017029801714,-0.676994822941,-28.5));
#7377 = CARTESIAN_POINT('',(79.66068226522,-0.742822800763,-28.5));
#7378 = CARTESIAN_POINT('',(79.292208102401,-0.808263825851,-28.5));
#7379 = CARTESIAN_POINT('',(78.913121552921,-0.872741898237,-28.5));
#7380 = CARTESIAN_POINT('',(78.524980248358,-0.935665845128,-28.5));
#7381 = CARTESIAN_POINT('',(78.129378750109,-0.996427073167,-28.5));
#7382 = CARTESIAN_POINT('',(77.727941947871,-1.054398659447,-28.5));
#7383 = CARTESIAN_POINT('',(77.322318346899,-1.108936280239,-28.5));
#7384 = CARTESIAN_POINT('',(76.914173276531,-1.15938136118,-28.5));
#7385 = CARTESIAN_POINT('',(76.505182050885,-1.205066683444,-28.5));
#7386 = CARTESIAN_POINT('',(76.097023111425,-1.245324506391,-28.5));
#7387 = CARTESIAN_POINT('',(75.691371178394,-1.279497079702,-28.5));
#7388 = CARTESIAN_POINT('',(75.289890434375,-1.30694922923,-28.5));
#7389 = CARTESIAN_POINT('',(74.894227758419,-1.3270825233,-28.5));
#7390 = CARTESIAN_POINT('',(74.506006023591,-1.339350371983,-28.5));
#7391 = CARTESIAN_POINT('',(74.126817464745,-1.343273291563,-28.5));
#7392 = CARTESIAN_POINT('',(73.758217117145,-1.338453488469,-28.5));
#7393 = CARTESIAN_POINT('',(73.401716320552,-1.324587887397,-28.5));
#7394 = CARTESIAN_POINT('',(73.058776277418,-1.301478749521,-28.5));
#7395 = CARTESIAN_POINT('',(72.73080164776,-1.269041097511,-28.5));
#7396 = CARTESIAN_POINT('',(72.419134155244,-1.227306277771,-28.5));
#7397 = CARTESIAN_POINT('',(72.125046171117,-1.176421135998,-28.5));
#7398 = CARTESIAN_POINT('',(71.849734225171,-1.116642432156,-28.5));
#7399 = CARTESIAN_POINT('',(71.594312409882,-1.048326260332,-28.5));
#7400 = CARTESIAN_POINT('',(71.35980560318,-0.971912241177,-28.5));
#7401 = CARTESIAN_POINT('',(71.147142845233,-0.887902278854,-28.5));
#7402 = CARTESIAN_POINT('',(70.957150915461,-0.796832837821,-28.5));
#7403 = CARTESIAN_POINT('',(70.790552428575,-0.699240763595,-28.5));
#7404 = CARTESIAN_POINT('',(70.6479674077,-0.59561768775,-28.5));
#7405 = CARTESIAN_POINT('',(70.529954056048,-0.486369663497,-28.5));
#7406 = CARTESIAN_POINT('',(70.437034572389,-0.371761434061,-28.5));
#7407 = CARTESIAN_POINT('',(70.369946971473,-0.25204732539,-28.5));
#7408 = CARTESIAN_POINT('',(70.329202814064,-0.127398841277,-28.5));
#7409 = CARTESIAN_POINT('',(70.32079887982,-4.243924044844E-02,-28.5));
#7410 = CARTESIAN_POINT('',(70.320508075689,2.775557561563E-17,-28.5));
#7411 = PCURVE('',#4875,#7412);
#7412 = DEFINITIONAL_REPRESENTATION('',(#7413),#7417);
#7413 = LINE('',#7414,#7415);
#7414 = CARTESIAN_POINT('',(0.,0.));
#7415 = VECTOR('',#7416,1.);
#7416 = DIRECTION('',(1.,0.));
#7417 = ( GEOMETRIC_REPRESENTATION_CONTEXT(2) 
PARAMETRIC_REPRESENTATION_CONTEXT() REPRESENTATION_CONTEXT('2D SPACE',''
  ) );
#7418 = PCURVE('',#7419,#7424);
#7419 = PLANE('',#7420);
#7420 = AXIS2_PLACEMENT_3D('',#7421,#7422,#7423);
#7421 = CARTESIAN_POINT('',(70.320508075689,0.,-28.5));
#7422 = DIRECTION('',(2.780384618192E-16,1.86391857321E-15,1.));
#7423 = DIRECTION('',(1.,-1.917585958567E-16,-2.780384618192E-16));
#7424 = DEFINITIONAL_REPRESENTATION('',(#7425),#7527);
#7425 = B_SPLINE_CURVE_WITH_KNOTS('',3,(#7426,#7427,#7428,#7429,#7430,
    #7431,#7432,#7433,#7434,#7435,#7436,#7437,#7438,#7439,#7440,#7441,
    #7442,#7443,#7444,#7445,#7446,#7447,#7448,#7449,#7450,#7451,#7452,
    #7453,#7454,#7455,#7456,#7457,#7458,#7459,#7460,#7461,#7462,#7463,
    #7464,#7465,#7466,#7467,#7468,#7469,#7470,#7471,#7472,#7473,#7474,
    #7475,#7476,#7477,#7478,#7479,#7480,#7481,#7482,#7483,#7484,#7485,
    #7486,#7487,#7488,#7489,#7490,#7491,#7492,#7493,#7494,#7495,#7496,
    #7497,#7498,#7499,#7500,#7501,#7502,#7503,#7504,#7505,#7506,#7507,
    #7508,#7509,#7510,#7511,#7512,#7513,#7514,#7515,#7516,#7517,#7518,
    #7519,#7520,#7521,#7522,#7523,#7524,#7525,#7526),.UNSPECIFIED.,.F.,
  .F.,(4,1,1,1,1,1,1,1,1,1,1,1,1,1,1,1,1,1,1,1,1,1,1,1,1,1,1,1,1,1,1,1,1
    ,1,1,1,1,1,1,1,1,1,1,1,1,1,1,1,1,1,1,1,1,1,1,1,1,1,1,1,1,1,1,1,1,1,1
    ,1,1,1,1,1,1,1,1,1,1,1,1,1,1,1,1,1,1,1,1,1,1,1,1,1,1,1,1,1,1,1,4),(
    0.,4.723282016847E-03,9.514454336009E-03,1.455684604926E-02,
    2.000091975438E-02,2.595818016451E-02,3.250479129167E-02,
    3.96887894112E-02,4.753708013963E-02,5.606092810048E-02,
    6.525988994889E-02,7.512451417629E-02,8.563815405804E-02,
    9.677817025697E-02,0.108516725585,0.120821316956,0.133655148333,
    0.146977418882,0.16074357851,0.174905585911,0.189412190531,
    0.204209248955,0.219240077706,0.234445838157,0.249765945186,
    0.26513848898,0.28050065887,0.295789158863,0.310940606169,
    0.325891906261,0.340580600428,0.354945184105,0.368925396403,
    0.382462482971,0.395499435671,0.407981213444,0.419854949216,
    0.431070147802,0.441578879446,0.451335972959,0.460299211368,
    0.468429531632,0.47569122832,0.482052159426,0.487483950692,
    0.491962193245,0.49546662814,0.497981310719,0.499494747627,0.5,
    0.500505252373,0.502018689281,0.50453337186,0.508037806755,
    0.512516049308,0.517947840574,0.52430877168,0.531570468368,
    0.539700788632,0.548664027041,0.558421120554,0.568929852198,
    0.580145050784,0.592018786556,0.604500564329,0.617537517029,
    0.631074603597,0.645054815895,0.659419399572,0.674108093739,
    0.689059393831,0.704210841137,0.71949934113,0.73486151102,
    0.750234054814,0.765554161843,0.780759922294,0.795790751045,
    0.810587809469,0.825094414089,0.83925642149,0.853022581118,
    0.866344851667,0.879178683044,0.891483274415,0.903221829743,
    0.914361845942,0.924875485824,0.934740110051,0.9439390719,
    0.95246291986,0.960311210589,0.967495208708,0.974041819835,
    0.979999080246,0.985443153951,0.990485545664,0.995276717983,1.),
  .UNSPECIFIED.);
#7426 = CARTESIAN_POINT('',(0.,0.));
#7427 = CARTESIAN_POINT('',(-2.908041315095E-04,4.243924044844E-02));
#7428 = CARTESIAN_POINT('',(8.968108936443E-03,0.127398841277));
#7429 = CARTESIAN_POINT('',(4.936110367947E-02,0.25204732539));
#7430 = CARTESIAN_POINT('',(0.116549610351,0.371761434061));
#7431 = CARTESIAN_POINT('',(0.209438938125,0.486369663497));
#7432 = CARTESIAN_POINT('',(0.327461499489,0.59561768775));
#7433 = CARTESIAN_POINT('',(0.470043685605,0.699240763595));
#7434 = CARTESIAN_POINT('',(0.63664304411,0.796832837821));
#7435 = CARTESIAN_POINT('',(0.826634707474,0.887902278854));
#7436 = CARTESIAN_POINT('',(1.039297546174,0.971912241177));
#7437 = CARTESIAN_POINT('',(1.273804328622,1.048326260332));
#7438 = CARTESIAN_POINT('',(1.529226151128,1.116642432156));
#7439 = CARTESIAN_POINT('',(1.804538094946,1.176421135998));
#7440 = CARTESIAN_POINT('',(2.098626079695,1.227306277771));
#7441 = CARTESIAN_POINT('',(2.410293572031,1.269041097511));
#7442 = CARTESIAN_POINT('',(2.738268201741,1.301478749521));
#7443 = CARTESIAN_POINT('',(3.081208244859,1.324587887397));
#7444 = CARTESIAN_POINT('',(3.437709041457,1.338453488469));
#7445 = CARTESIAN_POINT('',(3.806309389056,1.343273291563));
#7446 = CARTESIAN_POINT('',(4.185497947902,1.339350371983));
#7447 = CARTESIAN_POINT('',(4.57371968273,1.3270825233));
#7448 = CARTESIAN_POINT('',(4.969382358687,1.30694922923));
#7449 = CARTESIAN_POINT('',(5.370863102705,1.279497079702));
#7450 = CARTESIAN_POINT('',(5.776515035736,1.245324506391));
#7451 = CARTESIAN_POINT('',(6.184673975196,1.205066683444));
#7452 = CARTESIAN_POINT('',(6.593665200842,1.15938136118));
#7453 = CARTESIAN_POINT('',(7.00181027121,1.108936280239));
#7454 = CARTESIAN_POINT('',(7.407433872182,1.054398659447));
#7455 = CARTESIAN_POINT('',(7.80887067442,0.996427073167));
#7456 = CARTESIAN_POINT('',(8.20447217267,0.935665845128));
#7457 = CARTESIAN_POINT('',(8.592613477233,0.872741898237));
#7458 = CARTESIAN_POINT('',(8.971700026712,0.808263825851));
#7459 = CARTESIAN_POINT('',(9.340174189531,0.742822800763));
#7460 = CARTESIAN_POINT('',(9.696521726026,0.676994822941));
#7461 = CARTESIAN_POINT('',(10.039278069256,0.61134373287));
#7462 = CARTESIAN_POINT('',(10.36703443472,0.546424388103));
#7463 = CARTESIAN_POINT('',(10.678443591246,0.482785417179));
#7464 = CARTESIAN_POINT('',(10.972225748836,0.420971025041));
#7465 = CARTESIAN_POINT('',(11.247172877466,0.361521422418));
#7466 = CARTESIAN_POINT('',(11.502157067623,0.304971579336));
#7467 = CARTESIAN_POINT('',(11.736124020016,0.251848154072));
#7468 = CARTESIAN_POINT('',(11.948134001146,0.20266459879));
#7469 = CARTESIAN_POINT('',(12.137248018965,0.157914624877));
#7470 = CARTESIAN_POINT('',(12.302901077362,0.118064269176));
#7471 = CARTESIAN_POINT('',(12.44377871357,8.354318066014E-02));
#7472 = CARTESIAN_POINT('',(12.561122034548,5.473504920415E-02));
#7473 = CARTESIAN_POINT('',(12.649554402437,3.196940927653E-02));
#7474 = CARTESIAN_POINT('',(12.720648710666,1.551090089671E-02));
#7475 = CARTESIAN_POINT('',(12.749650869541,5.557379670429E-03));
#7476 = CARTESIAN_POINT('',(12.784817586862,1.852345329631E-15));
#7477 = CARTESIAN_POINT('',(12.749650869541,-5.557379670423E-03));
#7478 = CARTESIAN_POINT('',(12.720648710666,-1.551090089671E-02));
#7479 = CARTESIAN_POINT('',(12.649554402437,-3.196940927653E-02));
#7480 = CARTESIAN_POINT('',(12.561122034548,-5.473504920414E-02));
#7481 = CARTESIAN_POINT('',(12.44377871357,-8.354318066014E-02));
#7482 = CARTESIAN_POINT('',(12.302901077362,-0.118064269176));
#7483 = CARTESIAN_POINT('',(12.137248018965,-0.157914624877));
#7484 = CARTESIAN_POINT('',(11.948134001146,-0.20266459879));
#7485 = CARTESIAN_POINT('',(11.736124020016,-0.251848154072));
#7486 = CARTESIAN_POINT('',(11.502157067623,-0.304971579336));
#7487 = CARTESIAN_POINT('',(11.247172877466,-0.361521422418));
#7488 = CARTESIAN_POINT('',(10.972225748836,-0.420971025041));
#7489 = CARTESIAN_POINT('',(10.678443591246,-0.482785417179));
#7490 = CARTESIAN_POINT('',(10.36703443472,-0.546424388103));
#7491 = CARTESIAN_POINT('',(10.039278069256,-0.61134373287));
#7492 = CARTESIAN_POINT('',(9.696521726026,-0.676994822941));
#7493 = CARTESIAN_POINT('',(9.340174189531,-0.742822800763));
#7494 = CARTESIAN_POINT('',(8.971700026712,-0.808263825851));
#7495 = CARTESIAN_POINT('',(8.592613477233,-0.872741898237));
#7496 = CARTESIAN_POINT('',(8.20447217267,-0.935665845128));
#7497 = CARTESIAN_POINT('',(7.80887067442,-0.996427073167));
#7498 = CARTESIAN_POINT('',(7.407433872182,-1.054398659447));
#7499 = CARTESIAN_POINT('',(7.00181027121,-1.108936280239));
#7500 = CARTESIAN_POINT('',(6.593665200842,-1.15938136118));
#7501 = CARTESIAN_POINT('',(6.184673975196,-1.205066683444));
#7502 = CARTESIAN_POINT('',(5.776515035736,-1.245324506391));
#7503 = CARTESIAN_POINT('',(5.370863102705,-1.279497079702));
#7504 = CARTESIAN_POINT('',(4.969382358687,-1.30694922923));
#7505 = CARTESIAN_POINT('',(4.57371968273,-1.3270825233));
#7506 = CARTESIAN_POINT('',(4.185497947902,-1.339350371983));
#7507 = CARTESIAN_POINT('',(3.806309389056,-1.343273291563));
#7508 = CARTESIAN_POINT('',(3.437709041456,-1.338453488469));
#7509 = CARTESIAN_POINT('',(3.081208244863,-1.324587887397));
#7510 = CARTESIAN_POINT('',(2.738268201729,-1.301478749521));
#7511 = CARTESIAN_POINT('',(2.410293572071,-1.269041097511));
#7512 = CARTESIAN_POINT('',(2.098626079555,-1.227306277771));
#7513 = CARTESIAN_POINT('',(1.804538095428,-1.176421135998));
#7514 = CARTESIAN_POINT('',(1.529226149482,-1.116642432156));
#7515 = CARTESIAN_POINT('',(1.273804334193,-1.048326260332));
#7516 = CARTESIAN_POINT('',(1.039297527492,-0.971912241177));
#7517 = CARTESIAN_POINT('',(0.826634769544,-0.887902278854));
#7518 = CARTESIAN_POINT('',(0.636642839772,-0.796832837821));
#7519 = CARTESIAN_POINT('',(0.470044352886,-0.699240763595));
#7520 = CARTESIAN_POINT('',(0.327459332012,-0.59561768775));
#7521 = CARTESIAN_POINT('',(0.209445980359,-0.486369663497));
#7522 = CARTESIAN_POINT('',(0.116526496701,-0.371761434061));
#7523 = CARTESIAN_POINT('',(4.943889578449E-02,-0.25204732539));
#7524 = CARTESIAN_POINT('',(8.694738374999E-03,-0.127398841277));
#7525 = CARTESIAN_POINT('',(2.908041315095E-04,-4.243924044844E-02));
#7526 = CARTESIAN_POINT('',(0.,2.775557561563E-17));
#7527 = ( GEOMETRIC_REPRESENTATION_CONTEXT(2) 
PARAMETRIC_REPRESENTATION_CONTEXT() REPRESENTATION_CONTEXT('2D SPACE',''
  ) );
#7528 = ORIENTED_EDGE('',*,*,#7274,.T.);
#7529 = ORIENTED_EDGE('',*,*,#6507,.T.);
#7530 = ORIENTED_EDGE('',*,*,#6591,.T.);
#7531 = ORIENTED_EDGE('',*,*,#6698,.F.);
#7532 = ORIENTED_EDGE('',*,*,#7533,.T.);
#7533 = EDGE_CURVE('',#6699,#7534,#7536,.T.);
#7534 = VERTEX_POINT('',#7535);
#7535 = CARTESIAN_POINT('',(54.328170819932,-4.326517816662E-18,-1.3));
#7536 = SEAM_CURVE('',#7537,(#7551,#7558),.PCURVE_S1.);
#7537 = ( BOUNDED_CURVE() B_SPLINE_CURVE(7,(#7538,#7539,#7540,#7541,
    #7542,#7543,#7544,#7545,#7546,#7547,#7548,#7549,#7550),
.UNSPECIFIED.,.F.,.F.) B_SPLINE_CURVE_WITH_KNOTS((8,5,8),(0.,0.5,1.),
.UNSPECIFIED.) CURVE() GEOMETRIC_REPRESENTATION_ITEM() 
RATIONAL_B_SPLINE_CURVE((1.,1.,1.000000000001,0.999999999999,
    1.000000000001,1.,1.,1.,1.,0.999999999999,1.,1.,1.)) 
REPRESENTATION_ITEM('') );
#7538 = CARTESIAN_POINT('',(70.320508075689,0.,-28.5));
#7539 = CARTESIAN_POINT('',(70.320508075724,9.71445146547E-18,
    -24.21428571429));
#7540 = CARTESIAN_POINT('',(58.196152422628,-9.665218361095E-17,
    -19.92857142854));
#7541 = CARTESIAN_POINT('',(74.131019852451,2.443303496035E-16,
    -15.64285714288));
#7542 = CARTESIAN_POINT('',(49.189488223296,-2.494849565031E-16,
    -11.35714285713));
#7543 = CARTESIAN_POINT('',(65.124355652999,1.072918209304E-16,
    -7.071428571431));
#7544 = CARTESIAN_POINT('',(40.875644347008,-1.35047396546E-16,1.5));
#7545 = CARTESIAN_POINT('',(65.124355652992,1.072918209304E-16,
    10.071428571429));
#7546 = CARTESIAN_POINT('',(49.189488223333,-2.494849565032E-16,
    14.357142857139));
#7547 = CARTESIAN_POINT('',(74.13101985237,2.443303496034E-16,
    18.642857142865));
#7548 = CARTESIAN_POINT('',(58.196152422692,-9.665218361099E-17,
    22.928571428564));
#7549 = CARTESIAN_POINT('',(70.320508075696,9.714451465467E-18,
    27.214285714289));
#7550 = CARTESIAN_POINT('',(70.320508075689,0.,31.5));
#7551 = PCURVE('',#4875,#7552);
#7552 = DEFINITIONAL_REPRESENTATION('',(#7553),#7557);
#7553 = LINE('',#7554,#7555);
#7554 = CARTESIAN_POINT('',(0.,0.));
#7555 = VECTOR('',#7556,1.);
#7556 = DIRECTION('',(0.,1.));
#7557 = ( GEOMETRIC_REPRESENTATION_CONTEXT(2) 
PARAMETRIC_REPRESENTATION_CONTEXT() REPRESENTATION_CONTEXT('2D SPACE',''
  ) );
#7558 = PCURVE('',#4875,#7559);
#7559 = DEFINITIONAL_REPRESENTATION('',(#7560),#7564);
#7560 = LINE('',#7561,#7562);
#7561 = CARTESIAN_POINT('',(1.,0.));
#7562 = VECTOR('',#7563,1.);
#7563 = DIRECTION('',(0.,1.));
#7564 = ( GEOMETRIC_REPRESENTATION_CONTEXT(2) 
PARAMETRIC_REPRESENTATION_CONTEXT() REPRESENTATION_CONTEXT('2D SPACE',''
  ) );
#7565 = ORIENTED_EDGE('',*,*,#7566,.T.);
#7566 = EDGE_CURVE('',#7534,#7567,#7569,.T.);
#7567 = VERTEX_POINT('',#7568);
#7568 = CARTESIAN_POINT('',(56.187508447655,-1.812497345023,-1.3));
#7569 = SURFACE_CURVE('',#7570,(#7650,#7733),.PCURVE_S1.);
#7570 = B_SPLINE_CURVE_WITH_KNOTS('',8,(#7571,#7572,#7573,#7574,#7575,
    #7576,#7577,#7578,#7579,#7580,#7581,#7582,#7583,#7584,#7585,#7586,
    #7587,#7588,#7589,#7590,#7591,#7592,#7593,#7594,#7595,#7596,#7597,
    #7598,#7599,#7600,#7601,#7602,#7603,#7604,#7605,#7606,#7607,#7608,
    #7609,#7610,#7611,#7612,#7613,#7614,#7615,#7616,#7617,#7618,#7619,
    #7620,#7621,#7622,#7623,#7624,#7625,#7626,#7627,#7628,#7629,#7630,
    #7631,#7632,#7633,#7634,#7635,#7636,#7637,#7638,#7639,#7640,#7641,
    #7642,#7643,#7644,#7645,#7646,#7647,#7648,#7649),.UNSPECIFIED.,.F.,
  .F.,(9,7,7,7,7,7,7,7,7,7,7,9),(0.,8.25507756819E-02,0.173453884568,
    0.231288418412,0.330449156682,0.404803270958,0.462631088037,
    0.553503243165,0.652637312355,0.735249530824,0.867429253073,1.),
  .UNSPECIFIED.);
#7571 = CARTESIAN_POINT('',(54.328170819932,0.,-1.3));
#7572 = CARTESIAN_POINT('',(54.328614819367,-6.479618668165E-02,-1.3));
#7573 = CARTESIAN_POINT('',(54.332678976072,-0.129366739575,-1.3));
#7574 = CARTESIAN_POINT('',(54.340362101049,-0.193506605767,-1.3));
#7575 = CARTESIAN_POINT('',(54.352227079091,-0.256998705722,-1.3));
#7576 = CARTESIAN_POINT('',(54.368502761329,-0.319651968395,-1.3));
#7577 = CARTESIAN_POINT('',(54.388795701934,-0.381282411479,-1.3));
#7578 = CARTESIAN_POINT('',(54.412411738966,-0.441637266775,-1.3));
#7579 = CARTESIAN_POINT('',(54.468882330911,-0.564818590777,-1.3));
#7580 = CARTESIAN_POINT('',(54.502423010692,-0.627519305159,-1.3));
#7581 = CARTESIAN_POINT('',(54.53949603507,-0.688252540003,-1.3));
#7582 = CARTESIAN_POINT('',(54.579737090663,-0.746930292356,-1.3));
#7583 = CARTESIAN_POINT('',(54.622807646705,-0.803525178819,-1.3));
#7584 = CARTESIAN_POINT('',(54.668356407485,-0.858085219248,-1.3));
#7585 = CARTESIAN_POINT('',(54.716033427416,-0.910708096114,-1.3));
#7586 = CARTESIAN_POINT('',(54.797175862143,-0.993743656188,-1.3));
#7587 = CARTESIAN_POINT('',(54.829504987011,-1.025268854575,-1.3));
#7588 = CARTESIAN_POINT('',(54.862548858503,-1.056055912461,-1.3));
#7589 = CARTESIAN_POINT('',(54.896249019931,-1.086127922032,-1.3));
#7590 = CARTESIAN_POINT('',(54.930551845263,-1.115507200552,-1.3));
#7591 = CARTESIAN_POINT('',(54.965408539113,-1.144215290365,-1.3));
#7592 = CARTESIAN_POINT('',(55.000775136748,-1.1722729589,-1.3));
#7593 = CARTESIAN_POINT('',(55.098057795799,-1.246725827866,-1.3));
#7594 = CARTESIAN_POINT('',(55.160906956238,-1.291910715048,-1.3));
#7595 = CARTESIAN_POINT('',(55.225016569922,-1.335318932697,-1.3));
#7596 = CARTESIAN_POINT('',(55.290151251552,-1.377168785387,-1.3));
#7597 = CARTESIAN_POINT('',(55.356215792211,-1.417494614517,-1.3));
#7598 = CARTESIAN_POINT('',(55.42315687953,-1.456308485747,-1.3));
#7599 = CARTESIAN_POINT('',(55.490842141549,-1.493783806878,-1.3));
#7600 = CARTESIAN_POINT('',(55.610499519159,-1.557126260378,-1.3));
#7601 = CARTESIAN_POINT('',(55.662155836542,-1.583549058352,-1.3));
#7602 = CARTESIAN_POINT('',(55.714166900893,-1.609272632809,-1.3));
#7603 = CARTESIAN_POINT('',(55.766506266631,-1.634323187582,-1.3));
#7604 = CARTESIAN_POINT('',(55.819148398063,-1.65872918908,-1.3));
#7605 = CARTESIAN_POINT('',(55.87206970953,-1.682518740014,-1.3));
#7606 = CARTESIAN_POINT('',(55.925249605561,-1.705716953132,-1.3));
#7607 = CARTESIAN_POINT('',(56.020219628824,-1.745940652302,-1.3));
#7608 = CARTESIAN_POINT('',(56.061913975823,-1.763190893671,-1.3));
#7609 = CARTESIAN_POINT('',(56.10374771726,-1.780102873134,-1.3));
#7610 = CARTESIAN_POINT('',(56.145714008377,-1.796685414783,-1.3));
#7611 = CARTESIAN_POINT('',(56.187806004416,-1.812947342709,-1.3));
#7612 = CARTESIAN_POINT('',(56.230016860618,-1.828897481003,-1.3));
#7613 = CARTESIAN_POINT('',(56.272339732224,-1.844544653758,-1.3));
#7614 = CARTESIAN_POINT('',(56.381440317761,-1.884023842905,-1.3));
#7615 = CARTESIAN_POINT('',(56.44837242544,-1.907424303004,-1.3));
#7616 = CARTESIAN_POINT('',(56.515547877375,-1.930122039889,-1.3));
#7617 = CARTESIAN_POINT('',(56.582949123028,-1.952145360922,-1.3));
#7618 = CARTESIAN_POINT('',(56.650561144631,-1.973514634076,-1.3));
#7619 = CARTESIAN_POINT('',(56.718367934464,-1.994254138551,-1.3));
#7620 = CARTESIAN_POINT('',(56.786350893258,-2.014397340539,-1.3));
#7621 = CARTESIAN_POINT('',(56.928841860145,-2.055288495149,-1.3));
#7622 = CARTESIAN_POINT('',(57.0033852522,-2.075927631729,-1.3));
#7623 = CARTESIAN_POINT('',(57.078114750314,-2.095892320511,-1.3));
#7624 = CARTESIAN_POINT('',(57.153013156997,-2.115213634204,-1.3));
#7625 = CARTESIAN_POINT('',(57.228074144993,-2.133893780635,-1.3));
#7626 = CARTESIAN_POINT('',(57.303275024329,-2.15199184708,-1.3));
#7627 = CARTESIAN_POINT('',(57.378613402606,-2.169496673638,-1.3));
#7628 = CARTESIAN_POINT('',(57.516965413811,-2.200549056308,-1.3));
#7629 = CARTESIAN_POINT('',(57.579942093374,-2.214269718666,-1.3));
#7630 = CARTESIAN_POINT('',(57.643002359624,-2.227605075299,-1.3));
#7631 = CARTESIAN_POINT('',(57.7061408513,-2.240565836457,-1.3));
#7632 = CARTESIAN_POINT('',(57.769352493338,-2.253162867179,-1.3));
#7633 = CARTESIAN_POINT('',(57.832632643966,-2.265405945939,-1.3));
#7634 = CARTESIAN_POINT('',(57.895977351324,-2.277303040021,-1.3));
#7635 = CARTESIAN_POINT('',(58.060834041374,-2.307351413987,-1.3));
#7636 = CARTESIAN_POINT('',(58.162442602993,-2.324972954737,-1.3));
#7637 = CARTESIAN_POINT('',(58.264193929799,-2.341761437927,-1.3));
#7638 = CARTESIAN_POINT('',(58.36607913505,-2.357725350976,-1.3));
#7639 = CARTESIAN_POINT('',(58.468076907276,-2.372946730509,-1.3));
#7640 = CARTESIAN_POINT('',(58.570185760445,-2.387394650769,-1.3));
#7641 = CARTESIAN_POINT('',(58.672391970853,-2.401121001904,-1.3));
#7642 = CARTESIAN_POINT('',(58.877287401644,-2.427201328425,-1.3));
#7643 = CARTESIAN_POINT('',(58.979976741559,-2.439551226467,-1.3));
#7644 = CARTESIAN_POINT('',(59.082747054574,-2.451220605041,-1.3));
#7645 = CARTESIAN_POINT('',(59.185590789336,-2.462227889276,-1.3));
#7646 = CARTESIAN_POINT('',(59.288501180166,-2.472589809215,-1.3));
#7647 = CARTESIAN_POINT('',(59.391471762304,-2.482325576219,-1.3));
#7648 = CARTESIAN_POINT('',(59.494496406048,-2.491456350536,-1.3));
#7649 = CARTESIAN_POINT('',(59.597569869807,-2.5,-1.3));
#7650 = PCURVE('',#4875,#7651);
#7651 = DEFINITIONAL_REPRESENTATION('',(#7652),#7732);
#7652 = B_SPLINE_CURVE_WITH_KNOTS('',8,(#7653,#7654,#7655,#7656,#7657,
    #7658,#7659,#7660,#7661,#7662,#7663,#7664,#7665,#7666,#7667,#7668,
    #7669,#7670,#7671,#7672,#7673,#7674,#7675,#7676,#7677,#7678,#7679,
    #7680,#7681,#7682,#7683,#7684,#7685,#7686,#7687,#7688,#7689,#7690,
    #7691,#7692,#7693,#7694,#7695,#7696,#7697,#7698,#7699,#7700,#7701,
    #7702,#7703,#7704,#7705,#7706,#7707,#7708,#7709,#7710,#7711,#7712,
    #7713,#7714,#7715,#7716,#7717,#7718,#7719,#7720,#7721,#7722,#7723,
    #7724,#7725,#7726,#7727,#7728,#7729,#7730,#7731),.UNSPECIFIED.,.F.,
  .F.,(9,7,7,7,7,7,7,7,7,7,7,9),(0.,8.25507756819E-02,0.173453884568,
    0.231288418412,0.330449156682,0.404803270958,0.462631088037,
    0.553503243165,0.652637312355,0.735249530824,0.867429253073,1.),
  .UNSPECIFIED.);
#7653 = CARTESIAN_POINT('',(1.,0.453333333333));
#7654 = CARTESIAN_POINT('',(0.99875016303,0.453333333333));
#7655 = CARTESIAN_POINT('',(0.997500215472,0.453333333333));
#7656 = CARTESIAN_POINT('',(0.996249357994,0.453333333333));
#7657 = CARTESIAN_POINT('',(0.994999496808,0.453333333333));
#7658 = CARTESIAN_POINT('',(0.993750802948,0.453333333333));
#7659 = CARTESIAN_POINT('',(0.992501051803,0.453333333333));
#7660 = CARTESIAN_POINT('',(0.991248742913,0.453333333333));
#7661 = CARTESIAN_POINT('',(0.988624911613,0.453333333333));
#7662 = CARTESIAN_POINT('',(0.987249035429,0.453333333333));
#7663 = CARTESIAN_POINT('',(0.985876438981,0.453333333333));
#7664 = CARTESIAN_POINT('',(0.98450038634,0.453333333333));
#7665 = CARTESIAN_POINT('',(0.983123667139,0.453333333333));
#7666 = CARTESIAN_POINT('',(0.981750256083,0.453333333333));
#7667 = CARTESIAN_POINT('',(0.980375246317,0.453333333333));
#7668 = CARTESIAN_POINT('',(0.978125038399,0.453333333333));
#7669 = CARTESIAN_POINT('',(0.977250064868,0.453333333333));
#7670 = CARTESIAN_POINT('',(0.976375061013,0.453333333333));
#7671 = CARTESIAN_POINT('',(0.975500023538,0.453333333333));
#7672 = CARTESIAN_POINT('',(0.974624964249,0.453333333333));
#7673 = CARTESIAN_POINT('',(0.973749910046,0.453333333333));
#7674 = CARTESIAN_POINT('',(0.97287490293,0.453333333333));
#7675 = CARTESIAN_POINT('',(0.970499927038,0.453333333333));
#7676 = CARTESIAN_POINT('',(0.96899981698,0.453333333333));
#7677 = CARTESIAN_POINT('',(0.967500537258,0.453333333333));
#7678 = CARTESIAN_POINT('',(0.96600002332,0.453333333333));
#7679 = CARTESIAN_POINT('',(0.964499407836,0.453333333333));
#7680 = CARTESIAN_POINT('',(0.963000070512,0.453333333333));
#7681 = CARTESIAN_POINT('',(0.96150026757,0.453333333333));
#7682 = CARTESIAN_POINT('',(0.958875048045,0.453333333333));
#7683 = CARTESIAN_POINT('',(0.957750006532,0.453333333333));
#7684 = CARTESIAN_POINT('',(0.956624984179,0.453333333333));
#7685 = CARTESIAN_POINT('',(0.95550000829,0.453333333333));
#7686 = CARTESIAN_POINT('',(0.954375055717,0.453333333333));
#7687 = CARTESIAN_POINT('',(0.953250083831,0.453333333333));
#7688 = CARTESIAN_POINT('',(0.952125061489,0.453333333333));
#7689 = CARTESIAN_POINT('',(0.950125,0.453333333333));
#7690 = CARTESIAN_POINT('',(0.94925,0.453333333333));
#7691 = CARTESIAN_POINT('',(0.948375,0.453333333333));
#7692 = CARTESIAN_POINT('',(0.9475,0.453333333333));
#7693 = CARTESIAN_POINT('',(0.946625,0.453333333333));
#7694 = CARTESIAN_POINT('',(0.94575,0.453333333333));
#7695 = CARTESIAN_POINT('',(0.944875,0.453333333333));
#7696 = CARTESIAN_POINT('',(0.94262500195,0.453333333333));
#7697 = CARTESIAN_POINT('',(0.941249996173,0.453333333333));
#7698 = CARTESIAN_POINT('',(0.939875004027,0.453333333333));
#7699 = CARTESIAN_POINT('',(0.938499991412,0.453333333333));
#7700 = CARTESIAN_POINT('',(0.937124998635,0.453333333333));
#7701 = CARTESIAN_POINT('',(0.935750025255,0.453333333333));
#7702 = CARTESIAN_POINT('',(0.934374979275,0.453333333333));
#7703 = CARTESIAN_POINT('',(0.931500010367,0.453333333333));
#7704 = CARTESIAN_POINT('',(0.929999995838,0.453333333333));
#7705 = CARTESIAN_POINT('',(0.928499993602,0.453333333333));
#7706 = CARTESIAN_POINT('',(0.926999963197,0.453333333333));
#7707 = CARTESIAN_POINT('',(0.925500065852,0.453333333333));
#7708 = CARTESIAN_POINT('',(0.92399998349,0.453333333333));
#7709 = CARTESIAN_POINT('',(0.922499985044,0.453333333333));
#7710 = CARTESIAN_POINT('',(0.919750004986,0.453333333333));
#7711 = CARTESIAN_POINT('',(0.91849999536,0.453333333333));
#7712 = CARTESIAN_POINT('',(0.917249995313,0.453333333333));
#7713 = CARTESIAN_POINT('',(0.916000001909,0.453333333333));
#7714 = CARTESIAN_POINT('',(0.914750005345,0.453333333333));
#7715 = CARTESIAN_POINT('',(0.913500001321,0.453333333333));
#7716 = CARTESIAN_POINT('',(0.912249995489,0.453333333333));
#7717 = CARTESIAN_POINT('',(0.909000004605,0.453333333333));
#7718 = CARTESIAN_POINT('',(0.907000019489,0.453333333333));
#7719 = CARTESIAN_POINT('',(0.905000011492,0.453333333333));
#7720 = CARTESIAN_POINT('',(0.90300015103,0.453333333333));
#7721 = CARTESIAN_POINT('',(0.900999995872,0.453333333333));
#7722 = CARTESIAN_POINT('',(0.899000027761,0.453333333333));
#7723 = CARTESIAN_POINT('',(0.897000012138,0.453333333333));
#7724 = CARTESIAN_POINT('',(0.892994071265,0.453333333333));
#7725 = CARTESIAN_POINT('',(0.890988151725,0.453333333333));
#7726 = CARTESIAN_POINT('',(0.888982190744,0.453333333333));
#7727 = CARTESIAN_POINT('',(0.886976216254,0.453333333333));
#7728 = CARTESIAN_POINT('',(0.88497025992,0.453333333333));
#7729 = CARTESIAN_POINT('',(0.882964322028,0.453333333333));
#7730 = CARTESIAN_POINT('',(0.880958376109,0.453333333333));
#7731 = CARTESIAN_POINT('',(0.878952413267,0.453333333333));
#7732 = ( GEOMETRIC_REPRESENTATION_CONTEXT(2) 
PARAMETRIC_REPRESENTATION_CONTEXT() REPRESENTATION_CONTEXT('2D SPACE',''
  ) );
#7733 = PCURVE('',#7734,#7739);
#7734 = PLANE('',#7735);
#7735 = AXIS2_PLACEMENT_3D('',#7736,#7737,#7738);
#7736 = CARTESIAN_POINT('',(50.,-2.5,-1.3));
#7737 = DIRECTION('',(0.,0.,1.));
#7738 = DIRECTION('',(1.,0.,0.));
#7739 = DEFINITIONAL_REPRESENTATION('',(#7740),#7820);
#7740 = B_SPLINE_CURVE_WITH_KNOTS('',8,(#7741,#7742,#7743,#7744,#7745,
    #7746,#7747,#7748,#7749,#7750,#7751,#7752,#7753,#7754,#7755,#7756,
    #7757,#7758,#7759,#7760,#7761,#7762,#7763,#7764,#7765,#7766,#7767,
    #7768,#7769,#7770,#7771,#7772,#7773,#7774,#7775,#7776,#7777,#7778,
    #7779,#7780,#7781,#7782,#7783,#7784,#7785,#7786,#7787,#7788,#7789,
    #7790,#7791,#7792,#7793,#7794,#7795,#7796,#7797,#7798,#7799,#7800,
    #7801,#7802,#7803,#7804,#7805,#7806,#7807,#7808,#7809,#7810,#7811,
    #7812,#7813,#7814,#7815,#7816,#7817,#7818,#7819),.UNSPECIFIED.,.F.,
  .F.,(9,7,7,7,7,7,7,7,7,7,7,9),(0.,8.25507756819E-02,0.173453884568,
    0.231288418412,0.330449156682,0.404803270958,0.462631088037,
    0.553503243165,0.652637312355,0.735249530824,0.867429253073,1.),
  .UNSPECIFIED.);
#7741 = CARTESIAN_POINT('',(4.328170819932,2.5));
#7742 = CARTESIAN_POINT('',(4.328614819367,2.435203813318));
#7743 = CARTESIAN_POINT('',(4.332678976072,2.370633260425));
#7744 = CARTESIAN_POINT('',(4.340362101049,2.306493394233));
#7745 = CARTESIAN_POINT('',(4.352227079091,2.243001294278));
#7746 = CARTESIAN_POINT('',(4.368502761329,2.180348031605));
#7747 = CARTESIAN_POINT('',(4.388795701934,2.118717588521));
#7748 = CARTESIAN_POINT('',(4.412411738966,2.058362733225));
#7749 = CARTESIAN_POINT('',(4.468882330911,1.935181409223));
#7750 = CARTESIAN_POINT('',(4.502423010692,1.872480694841));
#7751 = CARTESIAN_POINT('',(4.53949603507,1.811747459997));
#7752 = CARTESIAN_POINT('',(4.579737090663,1.753069707644));
#7753 = CARTESIAN_POINT('',(4.622807646705,1.696474821181));
#7754 = CARTESIAN_POINT('',(4.668356407485,1.641914780752));
#7755 = CARTESIAN_POINT('',(4.716033427416,1.589291903886));
#7756 = CARTESIAN_POINT('',(4.797175862143,1.506256343812));
#7757 = CARTESIAN_POINT('',(4.829504987011,1.474731145425));
#7758 = CARTESIAN_POINT('',(4.862548858503,1.443944087539));
#7759 = CARTESIAN_POINT('',(4.896249019931,1.413872077968));
#7760 = CARTESIAN_POINT('',(4.930551845263,1.384492799448));
#7761 = CARTESIAN_POINT('',(4.965408539113,1.355784709635));
#7762 = CARTESIAN_POINT('',(5.000775136748,1.3277270411));
#7763 = CARTESIAN_POINT('',(5.098057795799,1.253274172134));
#7764 = CARTESIAN_POINT('',(5.160906956238,1.208089284952));
#7765 = CARTESIAN_POINT('',(5.225016569922,1.164681067303));
#7766 = CARTESIAN_POINT('',(5.290151251552,1.122831214613));
#7767 = CARTESIAN_POINT('',(5.356215792211,1.082505385483));
#7768 = CARTESIAN_POINT('',(5.42315687953,1.043691514253));
#7769 = CARTESIAN_POINT('',(5.490842141549,1.006216193122));
#7770 = CARTESIAN_POINT('',(5.610499519159,0.942873739622));
#7771 = CARTESIAN_POINT('',(5.662155836542,0.916450941648));
#7772 = CARTESIAN_POINT('',(5.714166900893,0.890727367191));
#7773 = CARTESIAN_POINT('',(5.766506266631,0.865676812418));
#7774 = CARTESIAN_POINT('',(5.819148398063,0.84127081092));
#7775 = CARTESIAN_POINT('',(5.87206970953,0.817481259986));
#7776 = CARTESIAN_POINT('',(5.925249605561,0.794283046868));
#7777 = CARTESIAN_POINT('',(6.020219628824,0.754059347698));
#7778 = CARTESIAN_POINT('',(6.061913975823,0.736809106329));
#7779 = CARTESIAN_POINT('',(6.10374771726,0.719897126866));
#7780 = CARTESIAN_POINT('',(6.145714008377,0.703314585217));
#7781 = CARTESIAN_POINT('',(6.187806004416,0.687052657291));
#7782 = CARTESIAN_POINT('',(6.230016860618,0.671102518997));
#7783 = CARTESIAN_POINT('',(6.272339732224,0.655455346242));
#7784 = CARTESIAN_POINT('',(6.381440317761,0.615976157095));
#7785 = CARTESIAN_POINT('',(6.44837242544,0.592575696996));
#7786 = CARTESIAN_POINT('',(6.515547877375,0.569877960111));
#7787 = CARTESIAN_POINT('',(6.582949123028,0.547854639078));
#7788 = CARTESIAN_POINT('',(6.650561144631,0.526485365924));
#7789 = CARTESIAN_POINT('',(6.718367934464,0.505745861449));
#7790 = CARTESIAN_POINT('',(6.786350893258,0.485602659461));
#7791 = CARTESIAN_POINT('',(6.928841860145,0.444711504851));
#7792 = CARTESIAN_POINT('',(7.0033852522,0.424072368271));
#7793 = CARTESIAN_POINT('',(7.078114750314,0.404107679489));
#7794 = CARTESIAN_POINT('',(7.153013156997,0.384786365796));
#7795 = CARTESIAN_POINT('',(7.228074144993,0.366106219365));
#7796 = CARTESIAN_POINT('',(7.303275024329,0.34800815292));
#7797 = CARTESIAN_POINT('',(7.378613402606,0.330503326362));
#7798 = CARTESIAN_POINT('',(7.516965413811,0.299450943692));
#7799 = CARTESIAN_POINT('',(7.579942093374,0.285730281334));
#7800 = CARTESIAN_POINT('',(7.643002359624,0.272394924701));
#7801 = CARTESIAN_POINT('',(7.7061408513,0.259434163543));
#7802 = CARTESIAN_POINT('',(7.769352493338,0.246837132821));
#7803 = CARTESIAN_POINT('',(7.832632643966,0.234594054061));
#7804 = CARTESIAN_POINT('',(7.895977351324,0.222696959979));
#7805 = CARTESIAN_POINT('',(8.060834041374,0.192648586013));
#7806 = CARTESIAN_POINT('',(8.162442602993,0.175027045263));
#7807 = CARTESIAN_POINT('',(8.264193929799,0.158238562073));
#7808 = CARTESIAN_POINT('',(8.36607913505,0.142274649024));
#7809 = CARTESIAN_POINT('',(8.468076907276,0.127053269491));
#7810 = CARTESIAN_POINT('',(8.570185760445,0.112605349231));
#7811 = CARTESIAN_POINT('',(8.672391970853,9.887899809626E-02));
#7812 = CARTESIAN_POINT('',(8.877287401644,7.279867157513E-02));
#7813 = CARTESIAN_POINT('',(8.979976741559,6.044877353273E-02));
#7814 = CARTESIAN_POINT('',(9.082747054574,4.877939495923E-02));
#7815 = CARTESIAN_POINT('',(9.185590789336,3.777211072351E-02));
#7816 = CARTESIAN_POINT('',(9.288501180166,2.741019078534E-02));
#7817 = CARTESIAN_POINT('',(9.391471762304,1.767442378113E-02));
#7818 = CARTESIAN_POINT('',(9.494496406048,8.543649464274E-03));
#7819 = CARTESIAN_POINT('',(9.597569869807,-8.881784197001E-16));
#7820 = ( GEOMETRIC_REPRESENTATION_CONTEXT(2) 
PARAMETRIC_REPRESENTATION_CONTEXT() REPRESENTATION_CONTEXT('2D SPACE',''
  ) );
#7821 = ORIENTED_EDGE('',*,*,#7822,.T.);
#7822 = EDGE_CURVE('',#7567,#7823,#7825,.T.);
#7823 = VERTEX_POINT('',#7824);
#7824 = CARTESIAN_POINT('',(56.187508447655,-1.812497345023,4.3));
#7825 = SURFACE_CURVE('',#7826,(#7859,#7895),.PCURVE_S1.);
#7826 = B_SPLINE_CURVE_WITH_KNOTS('',7,(#7827,#7828,#7829,#7830,#7831,
    #7832,#7833,#7834,#7835,#7836,#7837,#7838,#7839,#7840,#7841,#7842,
    #7843,#7844,#7845,#7846,#7847,#7848,#7849,#7850,#7851,#7852,#7853,
    #7854,#7855,#7856,#7857,#7858),.UNSPECIFIED.,.F.,.F.,(8,6,6,6,6,8),(
    0.,0.226824724428,0.499320035787,0.62811268443,0.776737298177,1.),
  .UNSPECIFIED.);
#7827 = CARTESIAN_POINT('',(56.187508447655,-1.812497345023,-1.3));
#7828 = CARTESIAN_POINT('',(56.113928329709,-1.835622524948,
    -1.126244640849));
#7829 = CARTESIAN_POINT('',(56.04160600223,-1.858352399299,
    -0.951928086252));
#7830 = CARTESIAN_POINT('',(55.970900279587,-1.880574197844,
    -0.776861307391));
#7831 = CARTESIAN_POINT('',(55.902238618666,-1.902153576991,
    -0.600871463699));
#7832 = CARTESIAN_POINT('',(55.836185279646,-1.922913197826,
    -0.423776038179));
#7833 = CARTESIAN_POINT('',(55.773418983111,-1.942639748165,
    -0.245387548912));
#7834 = CARTESIAN_POINT('',(55.644414081994,-1.983184145659,
    0.150644916335));
#7835 = CARTESIAN_POINT('',(55.580121566942,-2.003390364675,
    0.368653425636));
#7836 = CARTESIAN_POINT('',(55.523299333485,-2.021248780905,
    0.589302218644));
#7837 = CARTESIAN_POINT('',(55.475971853967,-2.03612313161,
    0.812827912331));
#7838 = CARTESIAN_POINT('',(55.440835323233,-2.04716604127,
    1.038958093453));
#7839 = CARTESIAN_POINT('',(55.421333349498,-2.053295233015,
    1.266927983227));
#7840 = CARTESIAN_POINT('',(55.420841859161,-2.053449701407,
    1.603334809464));
#7841 = CARTESIAN_POINT('',(55.424986247146,-2.052147179468,
    1.71129797531));
#7842 = CARTESIAN_POINT('',(55.433078828252,-2.049603796835,
    1.819048743428));
#7843 = CARTESIAN_POINT('',(55.444736556884,-2.045939939265,
    1.926430104667));
#7844 = CARTESIAN_POINT('',(55.45961104694,-2.041265099533,2.03333878557
    ));
#7845 = CARTESIAN_POINT('',(55.477371240878,-2.035683324296,2.1397155898
    ));
#7846 = CARTESIAN_POINT('',(55.521227944316,-2.021899788929,
    2.367684530711));
#7847 = CARTESIAN_POINT('',(55.548182119489,-2.013428476732,
    2.489073712831));
#7848 = CARTESIAN_POINT('',(55.578150460676,-2.004009855216,
    2.609702064659));
#7849 = CARTESIAN_POINT('',(55.610745539741,-1.99376568751,
    2.729571806269));
#7850 = CARTESIAN_POINT('',(55.645632709759,-1.982801148361,
    2.848705569321));
#7851 = CARTESIAN_POINT('',(55.682526267742,-1.971206030138,
    2.967147551936));
#7852 = CARTESIAN_POINT('',(55.779259382086,-1.940804194201,
    3.261948608044));
#7853 = CARTESIAN_POINT('',(55.841302982934,-1.921304776792,
    3.43747778415));
#7854 = CARTESIAN_POINT('',(55.90649200467,-1.900816798532,
    3.611764453141));
#7855 = CARTESIAN_POINT('',(55.974183974207,-1.879542179535,
    3.784988456496));
#7856 = CARTESIAN_POINT('',(56.043844853633,-1.857648760287,
    3.957323444736));
#7857 = CARTESIAN_POINT('',(56.115067308815,-1.835264560087,
    4.128934276707));
#7858 = CARTESIAN_POINT('',(56.187508447655,-1.812497345023,4.3));
#7859 = PCURVE('',#4875,#7860);
#7860 = DEFINITIONAL_REPRESENTATION('',(#7861),#7894);
#7861 = B_SPLINE_CURVE_WITH_KNOTS('',7,(#7862,#7863,#7864,#7865,#7866,
    #7867,#7868,#7869,#7870,#7871,#7872,#7873,#7874,#7875,#7876,#7877,
    #7878,#7879,#7880,#7881,#7882,#7883,#7884,#7885,#7886,#7887,#7888,
    #7889,#7890,#7891,#7892,#7893),.UNSPECIFIED.,.F.,.F.,(8,6,6,6,6,8),(
    0.,0.226824724428,0.499320035787,0.62811268443,0.776737298177,1.),
  .UNSPECIFIED.);
#7862 = CARTESIAN_POINT('',(0.94663350515,0.453333333333));
#7863 = CARTESIAN_POINT('',(0.94574421346,0.456229255986));
#7864 = CARTESIAN_POINT('',(0.944862572194,0.459134531896));
#7865 = CARTESIAN_POINT('',(0.943993223702,0.462052311543));
#7866 = CARTESIAN_POINT('',(0.943142333049,0.464985475605));
#7867 = CARTESIAN_POINT('',(0.942317283621,0.46793706603));
#7868 = CARTESIAN_POINT('',(0.941527629842,0.470910207518));
#7869 = CARTESIAN_POINT('',(0.939894356656,0.477510748606));
#7870 = CARTESIAN_POINT('',(0.939073157053,0.481144223761));
#7871 = CARTESIAN_POINT('',(0.93834148325,0.484821703644));
#7872 = CARTESIAN_POINT('',(0.937727747565,0.488547131872));
#7873 = CARTESIAN_POINT('',(0.937269821789,0.492315968224));
#7874 = CARTESIAN_POINT('',(0.937015644982,0.496115466387));
#7875 = CARTESIAN_POINT('',(0.937009239154,0.501722246824));
#7876 = CARTESIAN_POINT('',(0.937063254877,0.503521632922));
#7877 = CARTESIAN_POINT('',(0.937168733078,0.505317479057));
#7878 = CARTESIAN_POINT('',(0.937320533648,0.507107168411));
#7879 = CARTESIAN_POINT('',(0.937513889954,0.508888979759));
#7880 = CARTESIAN_POINT('',(0.937744237275,0.510661926497));
#7881 = CARTESIAN_POINT('',(0.938311525701,0.514461408845));
#7882 = CARTESIAN_POINT('',(0.938659357863,0.516484561881));
#7883 = CARTESIAN_POINT('',(0.939044914291,0.518495034411));
#7884 = CARTESIAN_POINT('',(0.939462761995,0.520492863438));
#7885 = CARTESIAN_POINT('',(0.939908187028,0.522478426155));
#7886 = CARTESIAN_POINT('',(0.940377159953,0.524452459199));
#7887 = CARTESIAN_POINT('',(0.941601085524,0.529365810134));
#7888 = CARTESIAN_POINT('',(0.942381191644,0.532291296403));
#7889 = CARTESIAN_POINT('',(0.943195031906,0.535196074219));
#7890 = CARTESIAN_POINT('',(0.944033593385,0.538083140942));
#7891 = CARTESIAN_POINT('',(0.944889862622,0.540955390746));
#7892 = CARTESIAN_POINT('',(0.945757979198,0.543815571278));
#7893 = CARTESIAN_POINT('',(0.94663350515,0.546666666667));
#7894 = ( GEOMETRIC_REPRESENTATION_CONTEXT(2) 
PARAMETRIC_REPRESENTATION_CONTEXT() REPRESENTATION_CONTEXT('2D SPACE',''
  ) );
#7895 = PCURVE('',#7896,#7901);
#7896 = PLANE('',#7897);
#7897 = AXIS2_PLACEMENT_3D('',#7898,#7899,#7900);
#7898 = CARTESIAN_POINT('',(57.5,-1.4,-1.3));
#7899 = DIRECTION('',(-0.29982659674,0.953993716901,0.));
#7900 = DIRECTION('',(-0.,-0.,-1.));
#7901 = DEFINITIONAL_REPRESENTATION('',(#7902),#7935);
#7902 = B_SPLINE_CURVE_WITH_KNOTS('',7,(#7903,#7904,#7905,#7906,#7907,
    #7908,#7909,#7910,#7911,#7912,#7913,#7914,#7915,#7916,#7917,#7918,
    #7919,#7920,#7921,#7922,#7923,#7924,#7925,#7926,#7927,#7928,#7929,
    #7930,#7931,#7932,#7933,#7934),.UNSPECIFIED.,.F.,.F.,(8,6,6,6,6,8),(
    0.,0.226824724428,0.499320035787,0.62811268443,0.776737298177,1.),
  .UNSPECIFIED.);
#7903 = CARTESIAN_POINT('',(0.,1.375786369546));
#7904 = CARTESIAN_POINT('',(-0.173755359151,1.452914883751));
#7905 = CARTESIAN_POINT('',(-0.348071913748,1.528724950629));
#7906 = CARTESIAN_POINT('',(-0.523138692609,1.60284045201));
#7907 = CARTESIAN_POINT('',(-0.699128536301,1.67481331693));
#7908 = CARTESIAN_POINT('',(-0.876223961821,1.7440520738));
#7909 = CARTESIAN_POINT('',(-1.054612451088,1.809845270781));
#7910 = CARTESIAN_POINT('',(-1.450644916335,1.945071424614));
#7911 = CARTESIAN_POINT('',(-1.668653425636,2.012464441898));
#7912 = CARTESIAN_POINT('',(-1.889302218644,2.072026923757));
#7913 = CARTESIAN_POINT('',(-2.112827912331,2.121636767806));
#7914 = CARTESIAN_POINT('',(-2.338958093453,2.15846775538));
#7915 = CARTESIAN_POINT('',(-2.566927983227,2.178910210492));
#7916 = CARTESIAN_POINT('',(-2.903334809464,2.179425402919));
#7917 = CARTESIAN_POINT('',(-3.01129797531,2.1750811521));
#7918 = CARTESIAN_POINT('',(-3.119048743428,2.166598306812));
#7919 = CARTESIAN_POINT('',(-3.226430104667,2.154378384998));
#7920 = CARTESIAN_POINT('',(-3.33333878557,2.138786573655));
#7921 = CARTESIAN_POINT('',(-3.4397155898,2.120169895554));
#7922 = CARTESIAN_POINT('',(-3.667684530711,2.074198205531));
#7923 = CARTESIAN_POINT('',(-3.789073712831,2.045944167065));
#7924 = CARTESIAN_POINT('',(-3.909702064659,2.014530604632));
#7925 = CARTESIAN_POINT('',(-4.029571806269,1.980363630062));
#7926 = CARTESIAN_POINT('',(-4.148705569321,1.943794028606));
#7927 = CARTESIAN_POINT('',(-4.267147551936,1.905121281261));
#7928 = CARTESIAN_POINT('',(-4.561948608044,1.803723218957));
#7929 = CARTESIAN_POINT('',(-4.73747778415,1.738687569614));
#7930 = CARTESIAN_POINT('',(-4.911764453141,1.670354811671));
#7931 = CARTESIAN_POINT('',(-5.084988456496,1.599398401437));
#7932 = CARTESIAN_POINT('',(-5.257323444736,1.526378130767));
#7933 = CARTESIAN_POINT('',(-5.428934276707,1.451720977454));
#7934 = CARTESIAN_POINT('',(-5.6,1.375786369546));
#7935 = ( GEOMETRIC_REPRESENTATION_CONTEXT(2) 
PARAMETRIC_REPRESENTATION_CONTEXT() REPRESENTATION_CONTEXT('2D SPACE',''
  ) );
#7936 = ORIENTED_EDGE('',*,*,#7937,.F.);
#7937 = EDGE_CURVE('',#7938,#7823,#7940,.T.);
#7938 = VERTEX_POINT('',#7939);
#7939 = CARTESIAN_POINT('',(54.328170819931,-4.326517816662E-18,4.3));
#7940 = SURFACE_CURVE('',#7941,(#8021,#8104),.PCURVE_S1.);
#7941 = B_SPLINE_CURVE_WITH_KNOTS('',8,(#7942,#7943,#7944,#7945,#7946,
    #7947,#7948,#7949,#7950,#7951,#7952,#7953,#7954,#7955,#7956,#7957,
    #7958,#7959,#7960,#7961,#7962,#7963,#7964,#7965,#7966,#7967,#7968,
    #7969,#7970,#7971,#7972,#7973,#7974,#7975,#7976,#7977,#7978,#7979,
    #7980,#7981,#7982,#7983,#7984,#7985,#7986,#7987,#7988,#7989,#7990,
    #7991,#7992,#7993,#7994,#7995,#7996,#7997,#7998,#7999,#8000,#8001,
    #8002,#8003,#8004,#8005,#8006,#8007,#8008,#8009,#8010,#8011,#8012,
    #8013,#8014,#8015,#8016,#8017,#8018,#8019,#8020),.UNSPECIFIED.,.F.,
  .F.,(9,7,7,7,7,7,7,7,7,7,7,9),(0.,8.255077568224E-02,0.17345388457,
    0.231288418413,0.330449156684,0.404803270962,0.462631088041,
    0.553503243169,0.652637312358,0.735249530825,0.867429253073,1.),
  .UNSPECIFIED.);
#7942 = CARTESIAN_POINT('',(54.328170819931,-4.440892098501E-16,4.3));
#7943 = CARTESIAN_POINT('',(54.328614819366,-6.479618668168E-02,4.3));
#7944 = CARTESIAN_POINT('',(54.332678976072,-0.129366739575,4.3));
#7945 = CARTESIAN_POINT('',(54.340362101049,-0.193506605767,4.3));
#7946 = CARTESIAN_POINT('',(54.35222707909,-0.256998705722,4.3));
#7947 = CARTESIAN_POINT('',(54.368502761329,-0.319651968395,4.3));
#7948 = CARTESIAN_POINT('',(54.388795701934,-0.381282411479,4.3));
#7949 = CARTESIAN_POINT('',(54.412411738966,-0.441637266775,4.3));
#7950 = CARTESIAN_POINT('',(54.46888233091,-0.564818590777,4.3));
#7951 = CARTESIAN_POINT('',(54.502423010692,-0.627519305159,4.3));
#7952 = CARTESIAN_POINT('',(54.539496035069,-0.688252540004,4.3));
#7953 = CARTESIAN_POINT('',(54.579737090662,-0.746930292356,4.3));
#7954 = CARTESIAN_POINT('',(54.622807646704,-0.803525178819,4.3));
#7955 = CARTESIAN_POINT('',(54.668356407485,-0.858085219248,4.3));
#7956 = CARTESIAN_POINT('',(54.716033427416,-0.910708096114,4.3));
#7957 = CARTESIAN_POINT('',(54.797175862142,-0.993743656188,4.3));
#7958 = CARTESIAN_POINT('',(54.829504987011,-1.025268854575,4.3));
#7959 = CARTESIAN_POINT('',(54.862548858502,-1.056055912461,4.3));
#7960 = CARTESIAN_POINT('',(54.896249019931,-1.086127922032,4.3));
#7961 = CARTESIAN_POINT('',(54.930551845262,-1.115507200552,4.3));
#7962 = CARTESIAN_POINT('',(54.965408539112,-1.144215290366,4.3));
#7963 = CARTESIAN_POINT('',(55.000775136748,-1.1722729589,4.3));
#7964 = CARTESIAN_POINT('',(55.098057795798,-1.246725827866,4.3));
#7965 = CARTESIAN_POINT('',(55.160906956238,-1.291910715048,4.3));
#7966 = CARTESIAN_POINT('',(55.225016569922,-1.335318932697,4.3));
#7967 = CARTESIAN_POINT('',(55.290151251551,-1.377168785387,4.3));
#7968 = CARTESIAN_POINT('',(55.35621579221,-1.417494614516,4.3));
#7969 = CARTESIAN_POINT('',(55.423156879529,-1.456308485747,4.3));
#7970 = CARTESIAN_POINT('',(55.490842141549,-1.493783806878,4.3));
#7971 = CARTESIAN_POINT('',(55.610499519158,-1.557126260378,4.3));
#7972 = CARTESIAN_POINT('',(55.662155836542,-1.583549058352,4.3));
#7973 = CARTESIAN_POINT('',(55.714166900892,-1.609272632809,4.3));
#7974 = CARTESIAN_POINT('',(55.766506266631,-1.634323187582,4.3));
#7975 = CARTESIAN_POINT('',(55.819148398063,-1.65872918908,4.3));
#7976 = CARTESIAN_POINT('',(55.87206970953,-1.682518740014,4.3));
#7977 = CARTESIAN_POINT('',(55.925249605561,-1.705716953132,4.3));
#7978 = CARTESIAN_POINT('',(56.020219628824,-1.745940652302,4.3));
#7979 = CARTESIAN_POINT('',(56.061913975822,-1.763190893671,4.3));
#7980 = CARTESIAN_POINT('',(56.103747717259,-1.780102873134,4.3));
#7981 = CARTESIAN_POINT('',(56.145714008377,-1.796685414783,4.3));
#7982 = CARTESIAN_POINT('',(56.187806004416,-1.812947342709,4.3));
#7983 = CARTESIAN_POINT('',(56.230016860618,-1.828897481003,4.3));
#7984 = CARTESIAN_POINT('',(56.272339732224,-1.844544653758,4.3));
#7985 = CARTESIAN_POINT('',(56.38144031776,-1.884023842905,4.3));
#7986 = CARTESIAN_POINT('',(56.448372425438,-1.907424303004,4.3));
#7987 = CARTESIAN_POINT('',(56.515547877375,-1.930122039888,4.3));
#7988 = CARTESIAN_POINT('',(56.582949123027,-1.952145360922,4.3));
#7989 = CARTESIAN_POINT('',(56.65056114463,-1.973514634076,4.3));
#7990 = CARTESIAN_POINT('',(56.718367934463,-1.994254138551,4.3));
#7991 = CARTESIAN_POINT('',(56.786350893257,-2.014397340539,4.3));
#7992 = CARTESIAN_POINT('',(56.928841860143,-2.055288495149,4.3));
#7993 = CARTESIAN_POINT('',(57.003385252203,-2.075927631729,4.3));
#7994 = CARTESIAN_POINT('',(57.078114750307,-2.09589232051,4.3));
#7995 = CARTESIAN_POINT('',(57.153013157003,-2.115213634206,4.3));
#7996 = CARTESIAN_POINT('',(57.228074144988,-2.133893780633,4.3));
#7997 = CARTESIAN_POINT('',(57.30327502433,-2.151991847081,4.3));
#7998 = CARTESIAN_POINT('',(57.378613402605,-2.169496673638,4.3));
#7999 = CARTESIAN_POINT('',(57.516965413811,-2.200549056308,4.3));
#8000 = CARTESIAN_POINT('',(57.579942093374,-2.214269718666,4.3));
#8001 = CARTESIAN_POINT('',(57.643002359623,-2.227605075299,4.3));
#8002 = CARTESIAN_POINT('',(57.7061408513,-2.240565836457,4.3));
#8003 = CARTESIAN_POINT('',(57.769352493337,-2.253162867179,4.3));
#8004 = CARTESIAN_POINT('',(57.832632643966,-2.265405945938,4.3));
#8005 = CARTESIAN_POINT('',(57.895977351324,-2.277303040021,4.3));
#8006 = CARTESIAN_POINT('',(58.060834041375,-2.307351413987,4.3));
#8007 = CARTESIAN_POINT('',(58.162442602988,-2.324972954736,4.3));
#8008 = CARTESIAN_POINT('',(58.264193929807,-2.341761437929,4.3));
#8009 = CARTESIAN_POINT('',(58.366079135041,-2.357725350974,4.3));
#8010 = CARTESIAN_POINT('',(58.468076907281,-2.37294673051,4.3));
#8011 = CARTESIAN_POINT('',(58.570185760443,-2.387394650769,4.3));
#8012 = CARTESIAN_POINT('',(58.672391970853,-2.401121001904,4.3));
#8013 = CARTESIAN_POINT('',(58.877287401643,-2.427201328425,4.3));
#8014 = CARTESIAN_POINT('',(58.979976741558,-2.439551226467,4.3));
#8015 = CARTESIAN_POINT('',(59.082747054574,-2.451220605041,4.3));
#8016 = CARTESIAN_POINT('',(59.185590789335,-2.462227889276,4.3));
#8017 = CARTESIAN_POINT('',(59.288501180165,-2.472589809215,4.3));
#8018 = CARTESIAN_POINT('',(59.391471762303,-2.482325576219,4.3));
#8019 = CARTESIAN_POINT('',(59.494496406048,-2.491456350536,4.3));
#8020 = CARTESIAN_POINT('',(59.597569869806,-2.5,4.3));
#8021 = PCURVE('',#4875,#8022);
#8022 = DEFINITIONAL_REPRESENTATION('',(#8023),#8103);
#8023 = B_SPLINE_CURVE_WITH_KNOTS('',8,(#8024,#8025,#8026,#8027,#8028,
    #8029,#8030,#8031,#8032,#8033,#8034,#8035,#8036,#8037,#8038,#8039,
    #8040,#8041,#8042,#8043,#8044,#8045,#8046,#8047,#8048,#8049,#8050,
    #8051,#8052,#8053,#8054,#8055,#8056,#8057,#8058,#8059,#8060,#8061,
    #8062,#8063,#8064,#8065,#8066,#8067,#8068,#8069,#8070,#8071,#8072,
    #8073,#8074,#8075,#8076,#8077,#8078,#8079,#8080,#8081,#8082,#8083,
    #8084,#8085,#8086,#8087,#8088,#8089,#8090,#8091,#8092,#8093,#8094,
    #8095,#8096,#8097,#8098,#8099,#8100,#8101,#8102),.UNSPECIFIED.,.F.,
  .F.,(9,7,7,7,7,7,7,7,7,7,7,9),(0.,8.255077568224E-02,0.17345388457,
    0.231288418413,0.330449156684,0.404803270962,0.462631088041,
    0.553503243169,0.652637312358,0.735249530825,0.867429253073,1.),
  .UNSPECIFIED.);
#8024 = CARTESIAN_POINT('',(1.,0.546666666667));
#8025 = CARTESIAN_POINT('',(0.99875016303,0.546666666667));
#8026 = CARTESIAN_POINT('',(0.997500215472,0.546666666667));
#8027 = CARTESIAN_POINT('',(0.996249357994,0.546666666667));
#8028 = CARTESIAN_POINT('',(0.994999496808,0.546666666667));
#8029 = CARTESIAN_POINT('',(0.993750802948,0.546666666667));
#8030 = CARTESIAN_POINT('',(0.992501051803,0.546666666667));
#8031 = CARTESIAN_POINT('',(0.991248742913,0.546666666667));
#8032 = CARTESIAN_POINT('',(0.988624911613,0.546666666667));
#8033 = CARTESIAN_POINT('',(0.987249035429,0.546666666667));
#8034 = CARTESIAN_POINT('',(0.985876438981,0.546666666667));
#8035 = CARTESIAN_POINT('',(0.98450038634,0.546666666667));
#8036 = CARTESIAN_POINT('',(0.983123667139,0.546666666667));
#8037 = CARTESIAN_POINT('',(0.981750256083,0.546666666667));
#8038 = CARTESIAN_POINT('',(0.980375246317,0.546666666667));
#8039 = CARTESIAN_POINT('',(0.978125038399,0.546666666667));
#8040 = CARTESIAN_POINT('',(0.977250064868,0.546666666667));
#8041 = CARTESIAN_POINT('',(0.976375061013,0.546666666667));
#8042 = CARTESIAN_POINT('',(0.975500023538,0.546666666667));
#8043 = CARTESIAN_POINT('',(0.974624964249,0.546666666667));
#8044 = CARTESIAN_POINT('',(0.973749910046,0.546666666667));
#8045 = CARTESIAN_POINT('',(0.97287490293,0.546666666667));
#8046 = CARTESIAN_POINT('',(0.970499927038,0.546666666667));
#8047 = CARTESIAN_POINT('',(0.96899981698,0.546666666667));
#8048 = CARTESIAN_POINT('',(0.967500537258,0.546666666667));
#8049 = CARTESIAN_POINT('',(0.96600002332,0.546666666667));
#8050 = CARTESIAN_POINT('',(0.964499407836,0.546666666667));
#8051 = CARTESIAN_POINT('',(0.963000070512,0.546666666667));
#8052 = CARTESIAN_POINT('',(0.96150026757,0.546666666667));
#8053 = CARTESIAN_POINT('',(0.958875048045,0.546666666667));
#8054 = CARTESIAN_POINT('',(0.957750006532,0.546666666667));
#8055 = CARTESIAN_POINT('',(0.956624984179,0.546666666667));
#8056 = CARTESIAN_POINT('',(0.95550000829,0.546666666667));
#8057 = CARTESIAN_POINT('',(0.954375055717,0.546666666667));
#8058 = CARTESIAN_POINT('',(0.953250083831,0.546666666667));
#8059 = CARTESIAN_POINT('',(0.952125061489,0.546666666667));
#8060 = CARTESIAN_POINT('',(0.950125,0.546666666667));
#8061 = CARTESIAN_POINT('',(0.94925,0.546666666667));
#8062 = CARTESIAN_POINT('',(0.948375,0.546666666667));
#8063 = CARTESIAN_POINT('',(0.9475,0.546666666667));
#8064 = CARTESIAN_POINT('',(0.946625,0.546666666667));
#8065 = CARTESIAN_POINT('',(0.94575,0.546666666667));
#8066 = CARTESIAN_POINT('',(0.944875,0.546666666667));
#8067 = CARTESIAN_POINT('',(0.94262500195,0.546666666667));
#8068 = CARTESIAN_POINT('',(0.941249996173,0.546666666667));
#8069 = CARTESIAN_POINT('',(0.939875004027,0.546666666667));
#8070 = CARTESIAN_POINT('',(0.938499991412,0.546666666667));
#8071 = CARTESIAN_POINT('',(0.937124998635,0.546666666667));
#8072 = CARTESIAN_POINT('',(0.935750025255,0.546666666667));
#8073 = CARTESIAN_POINT('',(0.934374979275,0.546666666667));
#8074 = CARTESIAN_POINT('',(0.931500010367,0.546666666667));
#8075 = CARTESIAN_POINT('',(0.929999995838,0.546666666667));
#8076 = CARTESIAN_POINT('',(0.928499993602,0.546666666667));
#8077 = CARTESIAN_POINT('',(0.926999963196,0.546666666667));
#8078 = CARTESIAN_POINT('',(0.925500065853,0.546666666667));
#8079 = CARTESIAN_POINT('',(0.92399998349,0.546666666667));
#8080 = CARTESIAN_POINT('',(0.922499985044,0.546666666667));
#8081 = CARTESIAN_POINT('',(0.919750004986,0.546666666667));
#8082 = CARTESIAN_POINT('',(0.91849999536,0.546666666667));
#8083 = CARTESIAN_POINT('',(0.917249995313,0.546666666667));
#8084 = CARTESIAN_POINT('',(0.916000001909,0.546666666667));
#8085 = CARTESIAN_POINT('',(0.914750005345,0.546666666667));
#8086 = CARTESIAN_POINT('',(0.913500001321,0.546666666667));
#8087 = CARTESIAN_POINT('',(0.912249995489,0.546666666667));
#8088 = CARTESIAN_POINT('',(0.909000004605,0.546666666667));
#8089 = CARTESIAN_POINT('',(0.907000019489,0.546666666667));
#8090 = CARTESIAN_POINT('',(0.905000011492,0.546666666667));
#8091 = CARTESIAN_POINT('',(0.90300015103,0.546666666667));
#8092 = CARTESIAN_POINT('',(0.900999995872,0.546666666667));
#8093 = CARTESIAN_POINT('',(0.899000027761,0.546666666667));
#8094 = CARTESIAN_POINT('',(0.897000012138,0.546666666667));
#8095 = CARTESIAN_POINT('',(0.892994071265,0.546666666667));
#8096 = CARTESIAN_POINT('',(0.890988151725,0.546666666667));
#8097 = CARTESIAN_POINT('',(0.888982190744,0.546666666667));
#8098 = CARTESIAN_POINT('',(0.886976216254,0.546666666667));
#8099 = CARTESIAN_POINT('',(0.88497025992,0.546666666667));
#8100 = CARTESIAN_POINT('',(0.882964322028,0.546666666667));
#8101 = CARTESIAN_POINT('',(0.880958376109,0.546666666667));
#8102 = CARTESIAN_POINT('',(0.878952413267,0.546666666667));
#8103 = ( GEOMETRIC_REPRESENTATION_CONTEXT(2) 
PARAMETRIC_REPRESENTATION_CONTEXT() REPRESENTATION_CONTEXT('2D SPACE',''
  ) );
#8104 = PCURVE('',#8105,#8110);
#8105 = PLANE('',#8106);
#8106 = AXIS2_PLACEMENT_3D('',#8107,#8108,#8109);
#8107 = CARTESIAN_POINT('',(50.,-2.5,4.3));
#8108 = DIRECTION('',(0.,0.,1.));
#8109 = DIRECTION('',(1.,0.,0.));
#8110 = DEFINITIONAL_REPRESENTATION('',(#8111),#8191);
#8111 = B_SPLINE_CURVE_WITH_KNOTS('',8,(#8112,#8113,#8114,#8115,#8116,
    #8117,#8118,#8119,#8120,#8121,#8122,#8123,#8124,#8125,#8126,#8127,
    #8128,#8129,#8130,#8131,#8132,#8133,#8134,#8135,#8136,#8137,#8138,
    #8139,#8140,#8141,#8142,#8143,#8144,#8145,#8146,#8147,#8148,#8149,
    #8150,#8151,#8152,#8153,#8154,#8155,#8156,#8157,#8158,#8159,#8160,
    #8161,#8162,#8163,#8164,#8165,#8166,#8167,#8168,#8169,#8170,#8171,
    #8172,#8173,#8174,#8175,#8176,#8177,#8178,#8179,#8180,#8181,#8182,
    #8183,#8184,#8185,#8186,#8187,#8188,#8189,#8190),.UNSPECIFIED.,.F.,
  .F.,(9,7,7,7,7,7,7,7,7,7,7,9),(0.,8.255077568224E-02,0.17345388457,
    0.231288418413,0.330449156684,0.404803270962,0.462631088041,
    0.553503243169,0.652637312358,0.735249530825,0.867429253073,1.),
  .UNSPECIFIED.);
#8112 = CARTESIAN_POINT('',(4.328170819931,2.5));
#8113 = CARTESIAN_POINT('',(4.328614819366,2.435203813318));
#8114 = CARTESIAN_POINT('',(4.332678976072,2.370633260425));
#8115 = CARTESIAN_POINT('',(4.340362101049,2.306493394233));
#8116 = CARTESIAN_POINT('',(4.35222707909,2.243001294278));
#8117 = CARTESIAN_POINT('',(4.368502761329,2.180348031605));
#8118 = CARTESIAN_POINT('',(4.388795701934,2.118717588521));
#8119 = CARTESIAN_POINT('',(4.412411738966,2.058362733225));
#8120 = CARTESIAN_POINT('',(4.46888233091,1.935181409223));
#8121 = CARTESIAN_POINT('',(4.502423010692,1.872480694841));
#8122 = CARTESIAN_POINT('',(4.539496035069,1.811747459996));
#8123 = CARTESIAN_POINT('',(4.579737090662,1.753069707644));
#8124 = CARTESIAN_POINT('',(4.622807646704,1.696474821181));
#8125 = CARTESIAN_POINT('',(4.668356407485,1.641914780752));
#8126 = CARTESIAN_POINT('',(4.716033427416,1.589291903886));
#8127 = CARTESIAN_POINT('',(4.797175862142,1.506256343812));
#8128 = CARTESIAN_POINT('',(4.829504987011,1.474731145425));
#8129 = CARTESIAN_POINT('',(4.862548858502,1.443944087539));
#8130 = CARTESIAN_POINT('',(4.896249019931,1.413872077968));
#8131 = CARTESIAN_POINT('',(4.930551845262,1.384492799448));
#8132 = CARTESIAN_POINT('',(4.965408539112,1.355784709634));
#8133 = CARTESIAN_POINT('',(5.000775136748,1.3277270411));
#8134 = CARTESIAN_POINT('',(5.098057795798,1.253274172134));
#8135 = CARTESIAN_POINT('',(5.160906956238,1.208089284952));
#8136 = CARTESIAN_POINT('',(5.225016569922,1.164681067303));
#8137 = CARTESIAN_POINT('',(5.290151251551,1.122831214613));
#8138 = CARTESIAN_POINT('',(5.35621579221,1.082505385484));
#8139 = CARTESIAN_POINT('',(5.423156879529,1.043691514253));
#8140 = CARTESIAN_POINT('',(5.490842141549,1.006216193122));
#8141 = CARTESIAN_POINT('',(5.610499519158,0.942873739622));
#8142 = CARTESIAN_POINT('',(5.662155836542,0.916450941648));
#8143 = CARTESIAN_POINT('',(5.714166900892,0.890727367191));
#8144 = CARTESIAN_POINT('',(5.766506266631,0.865676812418));
#8145 = CARTESIAN_POINT('',(5.819148398063,0.84127081092));
#8146 = CARTESIAN_POINT('',(5.87206970953,0.817481259986));
#8147 = CARTESIAN_POINT('',(5.925249605561,0.794283046868));
#8148 = CARTESIAN_POINT('',(6.020219628824,0.754059347698));
#8149 = CARTESIAN_POINT('',(6.061913975822,0.736809106329));
#8150 = CARTESIAN_POINT('',(6.103747717259,0.719897126866));
#8151 = CARTESIAN_POINT('',(6.145714008377,0.703314585217));
#8152 = CARTESIAN_POINT('',(6.187806004416,0.687052657291));
#8153 = CARTESIAN_POINT('',(6.230016860618,0.671102518997));
#8154 = CARTESIAN_POINT('',(6.272339732224,0.655455346242));
#8155 = CARTESIAN_POINT('',(6.38144031776,0.615976157095));
#8156 = CARTESIAN_POINT('',(6.448372425438,0.592575696996));
#8157 = CARTESIAN_POINT('',(6.515547877375,0.569877960112));
#8158 = CARTESIAN_POINT('',(6.582949123027,0.547854639078));
#8159 = CARTESIAN_POINT('',(6.65056114463,0.526485365924));
#8160 = CARTESIAN_POINT('',(6.718367934463,0.505745861449));
#8161 = CARTESIAN_POINT('',(6.786350893257,0.485602659461));
#8162 = CARTESIAN_POINT('',(6.928841860143,0.444711504851));
#8163 = CARTESIAN_POINT('',(7.003385252203,0.424072368271));
#8164 = CARTESIAN_POINT('',(7.078114750307,0.40410767949));
#8165 = CARTESIAN_POINT('',(7.153013157003,0.384786365794));
#8166 = CARTESIAN_POINT('',(7.228074144988,0.366106219367));
#8167 = CARTESIAN_POINT('',(7.30327502433,0.348008152919));
#8168 = CARTESIAN_POINT('',(7.378613402605,0.330503326362));
#8169 = CARTESIAN_POINT('',(7.516965413811,0.299450943692));
#8170 = CARTESIAN_POINT('',(7.579942093374,0.285730281334));
#8171 = CARTESIAN_POINT('',(7.643002359623,0.272394924701));
#8172 = CARTESIAN_POINT('',(7.7061408513,0.259434163543));
#8173 = CARTESIAN_POINT('',(7.769352493337,0.246837132821));
#8174 = CARTESIAN_POINT('',(7.832632643966,0.234594054062));
#8175 = CARTESIAN_POINT('',(7.895977351324,0.222696959979));
#8176 = CARTESIAN_POINT('',(8.060834041375,0.192648586013));
#8177 = CARTESIAN_POINT('',(8.162442602988,0.175027045264));
#8178 = CARTESIAN_POINT('',(8.264193929807,0.158238562071));
#8179 = CARTESIAN_POINT('',(8.366079135041,0.142274649026));
#8180 = CARTESIAN_POINT('',(8.468076907281,0.12705326949));
#8181 = CARTESIAN_POINT('',(8.570185760443,0.112605349231));
#8182 = CARTESIAN_POINT('',(8.672391970853,9.887899809626E-02));
#8183 = CARTESIAN_POINT('',(8.877287401643,7.279867157517E-02));
#8184 = CARTESIAN_POINT('',(8.979976741558,6.044877353279E-02));
#8185 = CARTESIAN_POINT('',(9.082747054574,4.877939495926E-02));
#8186 = CARTESIAN_POINT('',(9.185590789335,3.777211072351E-02));
#8187 = CARTESIAN_POINT('',(9.288501180165,2.741019078536E-02));
#8188 = CARTESIAN_POINT('',(9.391471762303,1.767442378118E-02));
#8189 = CARTESIAN_POINT('',(9.494496406048,8.543649464265E-03));
#8190 = CARTESIAN_POINT('',(9.597569869806,-8.881784197001E-16));
#8191 = ( GEOMETRIC_REPRESENTATION_CONTEXT(2) 
PARAMETRIC_REPRESENTATION_CONTEXT() REPRESENTATION_CONTEXT('2D SPACE',''
  ) );
#8192 = ORIENTED_EDGE('',*,*,#8193,.T.);
#8193 = EDGE_CURVE('',#7938,#4856,#8194,.T.);
#8194 = SEAM_CURVE('',#8195,(#8209,#8216),.PCURVE_S1.);
#8195 = ( BOUNDED_CURVE() B_SPLINE_CURVE(7,(#8196,#8197,#8198,#8199,
    #8200,#8201,#8202,#8203,#8204,#8205,#8206,#8207,#8208),
.UNSPECIFIED.,.F.,.F.) B_SPLINE_CURVE_WITH_KNOTS((8,5,8),(0.,0.5,1.),
.UNSPECIFIED.) CURVE() GEOMETRIC_REPRESENTATION_ITEM() 
RATIONAL_B_SPLINE_CURVE((1.,1.,1.000000000001,0.999999999999,
    1.000000000001,1.,1.,1.,1.,0.999999999999,1.,1.,1.)) 
REPRESENTATION_ITEM('') );
#8196 = CARTESIAN_POINT('',(70.320508075689,0.,-28.5));
#8197 = CARTESIAN_POINT('',(70.320508075724,9.71445146547E-18,
    -24.21428571429));
#8198 = CARTESIAN_POINT('',(58.196152422628,-9.665218361095E-17,
    -19.92857142854));
#8199 = CARTESIAN_POINT('',(74.131019852451,2.443303496035E-16,
    -15.64285714288));
#8200 = CARTESIAN_POINT('',(49.189488223296,-2.494849565031E-16,
    -11.35714285713));
#8201 = CARTESIAN_POINT('',(65.124355652999,1.072918209304E-16,
    -7.071428571431));
#8202 = CARTESIAN_POINT('',(40.875644347008,-1.35047396546E-16,1.5));
#8203 = CARTESIAN_POINT('',(65.124355652992,1.072918209304E-16,
    10.071428571429));
#8204 = CARTESIAN_POINT('',(49.189488223333,-2.494849565032E-16,
    14.357142857139));
#8205 = CARTESIAN_POINT('',(74.13101985237,2.443303496034E-16,
    18.642857142865));
#8206 = CARTESIAN_POINT('',(58.196152422692,-9.665218361099E-17,
    22.928571428564));
#8207 = CARTESIAN_POINT('',(70.320508075696,9.714451465467E-18,
    27.214285714289));
#8208 = CARTESIAN_POINT('',(70.320508075689,0.,31.5));
#8209 = PCURVE('',#4875,#8210);
#8210 = DEFINITIONAL_REPRESENTATION('',(#8211),#8215);
#8211 = LINE('',#8212,#8213);
#8212 = CARTESIAN_POINT('',(0.,0.));
#8213 = VECTOR('',#8214,1.);
#8214 = DIRECTION('',(0.,1.));
#8215 = ( GEOMETRIC_REPRESENTATION_CONTEXT(2) 
PARAMETRIC_REPRESENTATION_CONTEXT() REPRESENTATION_CONTEXT('2D SPACE',''
  ) );
#8216 = PCURVE('',#4875,#8217);
#8217 = DEFINITIONAL_REPRESENTATION('',(#8218),#8222);
#8218 = LINE('',#8219,#8220);
#8219 = CARTESIAN_POINT('',(1.,0.));
#8220 = VECTOR('',#8221,1.);
#8221 = DIRECTION('',(0.,1.));
#8222 = ( GEOMETRIC_REPRESENTATION_CONTEXT(2) 
PARAMETRIC_REPRESENTATION_CONTEXT() REPRESENTATION_CONTEXT('2D SPACE',''
  ) );
#8223 = ORIENTED_EDGE('',*,*,#4855,.T.);
#8224 = ORIENTED_EDGE('',*,*,#6253,.T.);
#8225 = ORIENTED_EDGE('',*,*,#6336,.F.);
#8226 = ORIENTED_EDGE('',*,*,#8227,.T.);
#8227 = EDGE_CURVE('',#6337,#8228,#8230,.T.);
#8228 = VERTEX_POINT('',#8229);
#8229 = CARTESIAN_POINT('',(70.320508075689,0.,31.5));
#8230 = SEAM_CURVE('',#8231,(#8245,#8252),.PCURVE_S1.);
#8231 = ( BOUNDED_CURVE() B_SPLINE_CURVE(7,(#8232,#8233,#8234,#8235,
    #8236,#8237,#8238,#8239,#8240,#8241,#8242,#8243,#8244),
.UNSPECIFIED.,.F.,.F.) B_SPLINE_CURVE_WITH_KNOTS((8,5,8),(0.,0.5,1.),
.UNSPECIFIED.) CURVE() GEOMETRIC_REPRESENTATION_ITEM() 
RATIONAL_B_SPLINE_CURVE((1.,1.,1.000000000001,0.999999999999,
    1.000000000001,1.,1.,1.,1.,0.999999999999,1.,1.,1.)) 
REPRESENTATION_ITEM('') );
#8232 = CARTESIAN_POINT('',(70.320508075689,0.,-28.5));
#8233 = CARTESIAN_POINT('',(70.320508075724,9.71445146547E-18,
    -24.21428571429));
#8234 = CARTESIAN_POINT('',(58.196152422628,-9.665218361095E-17,
    -19.92857142854));
#8235 = CARTESIAN_POINT('',(74.131019852451,2.443303496035E-16,
    -15.64285714288));
#8236 = CARTESIAN_POINT('',(49.189488223296,-2.494849565031E-16,
    -11.35714285713));
#8237 = CARTESIAN_POINT('',(65.124355652999,1.072918209304E-16,
    -7.071428571431));
#8238 = CARTESIAN_POINT('',(40.875644347008,-1.35047396546E-16,1.5));
#8239 = CARTESIAN_POINT('',(65.124355652992,1.072918209304E-16,
    10.071428571429));
#8240 = CARTESIAN_POINT('',(49.189488223333,-2.494849565032E-16,
    14.357142857139));
#8241 = CARTESIAN_POINT('',(74.13101985237,2.443303496034E-16,
    18.642857142865));
#8242 = CARTESIAN_POINT('',(58.196152422692,-9.665218361099E-17,
    22.928571428564));
#8243 = CARTESIAN_POINT('',(70.320508075696,9.714451465467E-18,
    27.214285714289));
#8244 = CARTESIAN_POINT('',(70.320508075689,0.,31.5));
#8245 = PCURVE('',#4875,#8246);
#8246 = DEFINITIONAL_REPRESENTATION('',(#8247),#8251);
#8247 = LINE('',#8248,#8249);
#8248 = CARTESIAN_POINT('',(0.,0.));
#8249 = VECTOR('',#8250,1.);
#8250 = DIRECTION('',(0.,1.));
#8251 = ( GEOMETRIC_REPRESENTATION_CONTEXT(2) 
PARAMETRIC_REPRESENTATION_CONTEXT() REPRESENTATION_CONTEXT('2D SPACE',''
  ) );
#8252 = PCURVE('',#4875,#8253);
#8253 = DEFINITIONAL_REPRESENTATION('',(#8254),#8258);
#8254 = LINE('',#8255,#8256);
#8255 = CARTESIAN_POINT('',(1.,0.));
#8256 = VECTOR('',#8257,1.);
#8257 = DIRECTION('',(0.,1.));
#8258 = ( GEOMETRIC_REPRESENTATION_CONTEXT(2) 
PARAMETRIC_REPRESENTATION_CONTEXT() REPRESENTATION_CONTEXT('2D SPACE',''
  ) );
#8259 = ORIENTED_EDGE('',*,*,#8260,.F.);
#8260 = EDGE_CURVE('',#8228,#8228,#8261,.T.);
#8261 = SURFACE_CURVE('',#8262,(#8364,#8371),.PCURVE_S1.);
#8262 = B_SPLINE_CURVE_WITH_KNOTS('',3,(#8263,#8264,#8265,#8266,#8267,
    #8268,#8269,#8270,#8271,#8272,#8273,#8274,#8275,#8276,#8277,#8278,
    #8279,#8280,#8281,#8282,#8283,#8284,#8285,#8286,#8287,#8288,#8289,
    #8290,#8291,#8292,#8293,#8294,#8295,#8296,#8297,#8298,#8299,#8300,
    #8301,#8302,#8303,#8304,#8305,#8306,#8307,#8308,#8309,#8310,#8311,
    #8312,#8313,#8314,#8315,#8316,#8317,#8318,#8319,#8320,#8321,#8322,
    #8323,#8324,#8325,#8326,#8327,#8328,#8329,#8330,#8331,#8332,#8333,
    #8334,#8335,#8336,#8337,#8338,#8339,#8340,#8341,#8342,#8343,#8344,
    #8345,#8346,#8347,#8348,#8349,#8350,#8351,#8352,#8353,#8354,#8355,
    #8356,#8357,#8358,#8359,#8360,#8361,#8362,#8363),.UNSPECIFIED.,.T.,
  .F.,(4,1,1,1,1,1,1,1,1,1,1,1,1,1,1,1,1,1,1,1,1,1,1,1,1,1,1,1,1,1,1,1,1
    ,1,1,1,1,1,1,1,1,1,1,1,1,1,1,1,1,1,1,1,1,1,1,1,1,1,1,1,1,1,1,1,1,1,1
    ,1,1,1,1,1,1,1,1,1,1,1,1,1,1,1,1,1,1,1,1,1,1,1,1,1,1,1,1,1,1,1,4),(
    0.,4.723282016847E-03,9.514454336009E-03,1.455684604926E-02,
    2.000091975438E-02,2.595818016451E-02,3.250479129167E-02,
    3.96887894112E-02,4.753708013963E-02,5.606092810048E-02,
    6.525988994889E-02,7.512451417629E-02,8.563815405804E-02,
    9.677817025697E-02,0.108516725585,0.120821316956,0.133655148333,
    0.146977418882,0.16074357851,0.174905585911,0.189412190531,
    0.204209248955,0.219240077706,0.234445838157,0.249765945186,
    0.26513848898,0.28050065887,0.295789158863,0.310940606169,
    0.325891906261,0.340580600428,0.354945184105,0.368925396403,
    0.382462482971,0.395499435671,0.407981213444,0.419854949216,
    0.431070147802,0.441578879446,0.451335972959,0.460299211368,
    0.468429531632,0.47569122832,0.482052159426,0.487483950692,
    0.491962193245,0.49546662814,0.497981310719,0.499494747627,0.5,
    0.500505252373,0.502018689281,0.50453337186,0.508037806755,
    0.512516049308,0.517947840574,0.52430877168,0.531570468368,
    0.539700788632,0.548664027041,0.558421120554,0.568929852198,
    0.580145050784,0.592018786556,0.604500564329,0.617537517029,
    0.631074603597,0.645054815895,0.659419399572,0.674108093739,
    0.689059393831,0.704210841137,0.71949934113,0.73486151102,
    0.750234054814,0.765554161843,0.780759922294,0.795790751045,
    0.810587809469,0.825094414089,0.83925642149,0.853022581118,
    0.866344851667,0.879178683044,0.891483274415,0.903221829743,
    0.914361845942,0.924875485824,0.934740110051,0.9439390719,
    0.95246291986,0.960311210589,0.967495208708,0.974041819835,
    0.979999080246,0.985443153951,0.990485545664,0.995276717983,1.),
  .UNSPECIFIED.);
#8263 = CARTESIAN_POINT('',(70.320508075689,0.,31.5));
#8264 = CARTESIAN_POINT('',(70.320217271557,4.243924044844E-02,31.5));
#8265 = CARTESIAN_POINT('',(70.329476184625,0.127398841277,31.5));
#8266 = CARTESIAN_POINT('',(70.369869179368,0.25204732539,31.5));
#8267 = CARTESIAN_POINT('',(70.437057686039,0.371761434061,31.5));
#8268 = CARTESIAN_POINT('',(70.529947013813,0.486369663497,31.5));
#8269 = CARTESIAN_POINT('',(70.647969575178,0.59561768775,31.5));
#8270 = CARTESIAN_POINT('',(70.790551761294,0.699240763595,31.5));
#8271 = CARTESIAN_POINT('',(70.957151119799,0.796832837821,31.5));
#8272 = CARTESIAN_POINT('',(71.147142783163,0.887902278854,31.5));
#8273 = CARTESIAN_POINT('',(71.359805621863,0.971912241177,31.5));
#8274 = CARTESIAN_POINT('',(71.594312404311,1.048326260332,31.5));
#8275 = CARTESIAN_POINT('',(71.849734226816,1.116642432156,31.5));
#8276 = CARTESIAN_POINT('',(72.125046170635,1.176421135998,31.5));
#8277 = CARTESIAN_POINT('',(72.419134155384,1.227306277771,31.5));
#8278 = CARTESIAN_POINT('',(72.73080164772,1.269041097511,31.5));
#8279 = CARTESIAN_POINT('',(73.058776277429,1.301478749521,31.5));
#8280 = CARTESIAN_POINT('',(73.401716320548,1.324587887397,31.5));
#8281 = CARTESIAN_POINT('',(73.758217117146,1.338453488469,31.5));
#8282 = CARTESIAN_POINT('',(74.126817464744,1.343273291563,31.5));
#8283 = CARTESIAN_POINT('',(74.506006023591,1.339350371983,31.5));
#8284 = CARTESIAN_POINT('',(74.894227758419,1.3270825233,31.5));
#8285 = CARTESIAN_POINT('',(75.289890434375,1.30694922923,31.5));
#8286 = CARTESIAN_POINT('',(75.691371178394,1.279497079702,31.5));
#8287 = CARTESIAN_POINT('',(76.097023111425,1.245324506391,31.5));
#8288 = CARTESIAN_POINT('',(76.505182050885,1.205066683444,31.5));
#8289 = CARTESIAN_POINT('',(76.914173276531,1.15938136118,31.5));
#8290 = CARTESIAN_POINT('',(77.322318346899,1.108936280239,31.5));
#8291 = CARTESIAN_POINT('',(77.727941947871,1.054398659447,31.5));
#8292 = CARTESIAN_POINT('',(78.129378750109,0.996427073167,31.5));
#8293 = CARTESIAN_POINT('',(78.524980248358,0.935665845128,31.5));
#8294 = CARTESIAN_POINT('',(78.913121552921,0.872741898237,31.5));
#8295 = CARTESIAN_POINT('',(79.292208102401,0.808263825851,31.5));
#8296 = CARTESIAN_POINT('',(79.66068226522,0.742822800763,31.5));
#8297 = CARTESIAN_POINT('',(80.017029801714,0.676994822941,31.5));
#8298 = CARTESIAN_POINT('',(80.359786144945,0.61134373287,31.5));
#8299 = CARTESIAN_POINT('',(80.687542510408,0.546424388103,31.5));
#8300 = CARTESIAN_POINT('',(80.998951666935,0.482785417179,31.5));
#8301 = CARTESIAN_POINT('',(81.292733824525,0.420971025041,31.5));
#8302 = CARTESIAN_POINT('',(81.567680953155,0.361521422418,31.5));
#8303 = CARTESIAN_POINT('',(81.822665143312,0.304971579336,31.5));
#8304 = CARTESIAN_POINT('',(82.056632095705,0.251848154072,31.5));
#8305 = CARTESIAN_POINT('',(82.268642076835,0.20266459879,31.5));
#8306 = CARTESIAN_POINT('',(82.457756094654,0.157914624877,31.5));
#8307 = CARTESIAN_POINT('',(82.623409153051,0.118064269176,31.5));
#8308 = CARTESIAN_POINT('',(82.764286789259,8.354318066014E-02,31.5));
#8309 = CARTESIAN_POINT('',(82.881630110237,5.473504920414E-02,31.5));
#8310 = CARTESIAN_POINT('',(82.970062478126,3.196940927653E-02,31.5));
#8311 = CARTESIAN_POINT('',(83.041156786355,1.551090089671E-02,31.5));
#8312 = CARTESIAN_POINT('',(83.070158945229,5.557379670426E-03,31.5));
#8313 = CARTESIAN_POINT('',(83.105325662551,-5.992533391094E-16,31.5));
#8314 = CARTESIAN_POINT('',(83.070158945229,-5.557379670425E-03,31.5));
#8315 = CARTESIAN_POINT('',(83.041156786355,-1.551090089671E-02,31.5));
#8316 = CARTESIAN_POINT('',(82.970062478126,-3.196940927653E-02,31.5));
#8317 = CARTESIAN_POINT('',(82.881630110237,-5.473504920414E-02,31.5));
#8318 = CARTESIAN_POINT('',(82.764286789259,-8.354318066014E-02,31.5));
#8319 = CARTESIAN_POINT('',(82.623409153051,-0.118064269176,31.5));
#8320 = CARTESIAN_POINT('',(82.457756094654,-0.157914624877,31.5));
#8321 = CARTESIAN_POINT('',(82.268642076835,-0.20266459879,31.5));
#8322 = CARTESIAN_POINT('',(82.056632095705,-0.251848154072,31.5));
#8323 = CARTESIAN_POINT('',(81.822665143312,-0.304971579336,31.5));
#8324 = CARTESIAN_POINT('',(81.567680953155,-0.361521422418,31.5));
#8325 = CARTESIAN_POINT('',(81.292733824525,-0.420971025041,31.5));
#8326 = CARTESIAN_POINT('',(80.998951666935,-0.482785417179,31.5));
#8327 = CARTESIAN_POINT('',(80.687542510408,-0.546424388103,31.5));
#8328 = CARTESIAN_POINT('',(80.359786144945,-0.61134373287,31.5));
#8329 = CARTESIAN_POINT('',(80.017029801714,-0.676994822941,31.5));
#8330 = CARTESIAN_POINT('',(79.66068226522,-0.742822800763,31.5));
#8331 = CARTESIAN_POINT('',(79.292208102401,-0.808263825851,31.5));
#8332 = CARTESIAN_POINT('',(78.913121552921,-0.872741898237,31.5));
#8333 = CARTESIAN_POINT('',(78.524980248358,-0.935665845128,31.5));
#8334 = CARTESIAN_POINT('',(78.129378750109,-0.996427073167,31.5));
#8335 = CARTESIAN_POINT('',(77.727941947871,-1.054398659447,31.5));
#8336 = CARTESIAN_POINT('',(77.322318346899,-1.108936280239,31.5));
#8337 = CARTESIAN_POINT('',(76.914173276531,-1.15938136118,31.5));
#8338 = CARTESIAN_POINT('',(76.505182050885,-1.205066683444,31.5));
#8339 = CARTESIAN_POINT('',(76.097023111425,-1.245324506391,31.5));
#8340 = CARTESIAN_POINT('',(75.691371178394,-1.279497079702,31.5));
#8341 = CARTESIAN_POINT('',(75.289890434375,-1.30694922923,31.5));
#8342 = CARTESIAN_POINT('',(74.894227758419,-1.3270825233,31.5));
#8343 = CARTESIAN_POINT('',(74.506006023591,-1.339350371983,31.5));
#8344 = CARTESIAN_POINT('',(74.126817464745,-1.343273291563,31.5));
#8345 = CARTESIAN_POINT('',(73.758217117145,-1.338453488469,31.5));
#8346 = CARTESIAN_POINT('',(73.401716320552,-1.324587887397,31.5));
#8347 = CARTESIAN_POINT('',(73.058776277418,-1.301478749521,31.5));
#8348 = CARTESIAN_POINT('',(72.73080164776,-1.269041097511,31.5));
#8349 = CARTESIAN_POINT('',(72.419134155244,-1.227306277771,31.5));
#8350 = CARTESIAN_POINT('',(72.125046171117,-1.176421135998,31.5));
#8351 = CARTESIAN_POINT('',(71.849734225171,-1.116642432156,31.5));
#8352 = CARTESIAN_POINT('',(71.594312409882,-1.048326260332,31.5));
#8353 = CARTESIAN_POINT('',(71.35980560318,-0.971912241177,31.5));
#8354 = CARTESIAN_POINT('',(71.147142845233,-0.887902278854,31.5));
#8355 = CARTESIAN_POINT('',(70.957150915461,-0.796832837821,31.5));
#8356 = CARTESIAN_POINT('',(70.790552428575,-0.699240763595,31.5));
#8357 = CARTESIAN_POINT('',(70.6479674077,-0.59561768775,31.5));
#8358 = CARTESIAN_POINT('',(70.529954056048,-0.486369663497,31.5));
#8359 = CARTESIAN_POINT('',(70.437034572389,-0.371761434061,31.5));
#8360 = CARTESIAN_POINT('',(70.369946971473,-0.25204732539,31.5));
#8361 = CARTESIAN_POINT('',(70.329202814064,-0.127398841277,31.5));
#8362 = CARTESIAN_POINT('',(70.32079887982,-4.243924044844E-02,31.5));
#8363 = CARTESIAN_POINT('',(70.320508075689,2.775557561563E-17,31.5));
#8364 = PCURVE('',#4875,#8365);
#8365 = DEFINITIONAL_REPRESENTATION('',(#8366),#8370);
#8366 = LINE('',#8367,#8368);
#8367 = CARTESIAN_POINT('',(0.,1.));
#8368 = VECTOR('',#8369,1.);
#8369 = DIRECTION('',(1.,0.));
#8370 = ( GEOMETRIC_REPRESENTATION_CONTEXT(2) 
PARAMETRIC_REPRESENTATION_CONTEXT() REPRESENTATION_CONTEXT('2D SPACE',''
  ) );
#8371 = PCURVE('',#8372,#8377);
#8372 = PLANE('',#8373);
#8373 = AXIS2_PLACEMENT_3D('',#8374,#8375,#8376);
#8374 = CARTESIAN_POINT('',(70.320508075689,0.,31.5));
#8375 = DIRECTION('',(-2.780384618192E-16,7.838748290702E-16,1.));
#8376 = DIRECTION('',(1.,-1.917585958567E-16,2.780384618192E-16));
#8377 = DEFINITIONAL_REPRESENTATION('',(#8378),#8480);
#8378 = B_SPLINE_CURVE_WITH_KNOTS('',3,(#8379,#8380,#8381,#8382,#8383,
    #8384,#8385,#8386,#8387,#8388,#8389,#8390,#8391,#8392,#8393,#8394,
    #8395,#8396,#8397,#8398,#8399,#8400,#8401,#8402,#8403,#8404,#8405,
    #8406,#8407,#8408,#8409,#8410,#8411,#8412,#8413,#8414,#8415,#8416,
    #8417,#8418,#8419,#8420,#8421,#8422,#8423,#8424,#8425,#8426,#8427,
    #8428,#8429,#8430,#8431,#8432,#8433,#8434,#8435,#8436,#8437,#8438,
    #8439,#8440,#8441,#8442,#8443,#8444,#8445,#8446,#8447,#8448,#8449,
    #8450,#8451,#8452,#8453,#8454,#8455,#8456,#8457,#8458,#8459,#8460,
    #8461,#8462,#8463,#8464,#8465,#8466,#8467,#8468,#8469,#8470,#8471,
    #8472,#8473,#8474,#8475,#8476,#8477,#8478,#8479),.UNSPECIFIED.,.F.,
  .F.,(4,1,1,1,1,1,1,1,1,1,1,1,1,1,1,1,1,1,1,1,1,1,1,1,1,1,1,1,1,1,1,1,1
    ,1,1,1,1,1,1,1,1,1,1,1,1,1,1,1,1,1,1,1,1,1,1,1,1,1,1,1,1,1,1,1,1,1,1
    ,1,1,1,1,1,1,1,1,1,1,1,1,1,1,1,1,1,1,1,1,1,1,1,1,1,1,1,1,1,1,1,4),(
    0.,4.723282016847E-03,9.514454336009E-03,1.455684604926E-02,
    2.000091975438E-02,2.595818016451E-02,3.250479129167E-02,
    3.96887894112E-02,4.753708013963E-02,5.606092810048E-02,
    6.525988994889E-02,7.512451417629E-02,8.563815405804E-02,
    9.677817025697E-02,0.108516725585,0.120821316956,0.133655148333,
    0.146977418882,0.16074357851,0.174905585911,0.189412190531,
    0.204209248955,0.219240077706,0.234445838157,0.249765945186,
    0.26513848898,0.28050065887,0.295789158863,0.310940606169,
    0.325891906261,0.340580600428,0.354945184105,0.368925396403,
    0.382462482971,0.395499435671,0.407981213444,0.419854949216,
    0.431070147802,0.441578879446,0.451335972959,0.460299211368,
    0.468429531632,0.47569122832,0.482052159426,0.487483950692,
    0.491962193245,0.49546662814,0.497981310719,0.499494747627,0.5,
    0.500505252373,0.502018689281,0.50453337186,0.508037806755,
    0.512516049308,0.517947840574,0.52430877168,0.531570468368,
    0.539700788632,0.548664027041,0.558421120554,0.568929852198,
    0.580145050784,0.592018786556,0.604500564329,0.617537517029,
    0.631074603597,0.645054815895,0.659419399572,0.674108093739,
    0.689059393831,0.704210841137,0.71949934113,0.73486151102,
    0.750234054814,0.765554161843,0.780759922294,0.795790751045,
    0.810587809469,0.825094414089,0.83925642149,0.853022581118,
    0.866344851667,0.879178683044,0.891483274415,0.903221829743,
    0.914361845942,0.924875485824,0.934740110051,0.9439390719,
    0.95246291986,0.960311210589,0.967495208708,0.974041819835,
    0.979999080246,0.985443153951,0.990485545664,0.995276717983,1.),
  .UNSPECIFIED.);
#8379 = CARTESIAN_POINT('',(0.,0.));
#8380 = CARTESIAN_POINT('',(-2.908041315095E-04,4.243924044844E-02));
#8381 = CARTESIAN_POINT('',(8.968108936443E-03,0.127398841277));
#8382 = CARTESIAN_POINT('',(4.936110367947E-02,0.25204732539));
#8383 = CARTESIAN_POINT('',(0.116549610351,0.371761434061));
#8384 = CARTESIAN_POINT('',(0.209438938125,0.486369663497));
#8385 = CARTESIAN_POINT('',(0.327461499489,0.59561768775));
#8386 = CARTESIAN_POINT('',(0.470043685605,0.699240763595));
#8387 = CARTESIAN_POINT('',(0.63664304411,0.796832837821));
#8388 = CARTESIAN_POINT('',(0.826634707474,0.887902278854));
#8389 = CARTESIAN_POINT('',(1.039297546174,0.971912241177));
#8390 = CARTESIAN_POINT('',(1.273804328622,1.048326260332));
#8391 = CARTESIAN_POINT('',(1.529226151128,1.116642432156));
#8392 = CARTESIAN_POINT('',(1.804538094946,1.176421135998));
#8393 = CARTESIAN_POINT('',(2.098626079695,1.227306277771));
#8394 = CARTESIAN_POINT('',(2.410293572031,1.269041097511));
#8395 = CARTESIAN_POINT('',(2.738268201741,1.301478749521));
#8396 = CARTESIAN_POINT('',(3.081208244859,1.324587887397));
#8397 = CARTESIAN_POINT('',(3.437709041457,1.338453488469));
#8398 = CARTESIAN_POINT('',(3.806309389056,1.343273291563));
#8399 = CARTESIAN_POINT('',(4.185497947902,1.339350371983));
#8400 = CARTESIAN_POINT('',(4.57371968273,1.3270825233));
#8401 = CARTESIAN_POINT('',(4.969382358687,1.30694922923));
#8402 = CARTESIAN_POINT('',(5.370863102705,1.279497079702));
#8403 = CARTESIAN_POINT('',(5.776515035736,1.245324506391));
#8404 = CARTESIAN_POINT('',(6.184673975196,1.205066683444));
#8405 = CARTESIAN_POINT('',(6.593665200842,1.15938136118));
#8406 = CARTESIAN_POINT('',(7.00181027121,1.108936280239));
#8407 = CARTESIAN_POINT('',(7.407433872182,1.054398659447));
#8408 = CARTESIAN_POINT('',(7.80887067442,0.996427073167));
#8409 = CARTESIAN_POINT('',(8.20447217267,0.935665845128));
#8410 = CARTESIAN_POINT('',(8.592613477233,0.872741898237));
#8411 = CARTESIAN_POINT('',(8.971700026712,0.808263825851));
#8412 = CARTESIAN_POINT('',(9.340174189531,0.742822800763));
#8413 = CARTESIAN_POINT('',(9.696521726026,0.676994822941));
#8414 = CARTESIAN_POINT('',(10.039278069256,0.61134373287));
#8415 = CARTESIAN_POINT('',(10.36703443472,0.546424388103));
#8416 = CARTESIAN_POINT('',(10.678443591246,0.482785417179));
#8417 = CARTESIAN_POINT('',(10.972225748836,0.420971025041));
#8418 = CARTESIAN_POINT('',(11.247172877466,0.361521422418));
#8419 = CARTESIAN_POINT('',(11.502157067623,0.304971579336));
#8420 = CARTESIAN_POINT('',(11.736124020016,0.251848154072));
#8421 = CARTESIAN_POINT('',(11.948134001146,0.20266459879));
#8422 = CARTESIAN_POINT('',(12.137248018965,0.157914624877));
#8423 = CARTESIAN_POINT('',(12.302901077362,0.118064269176));
#8424 = CARTESIAN_POINT('',(12.44377871357,8.354318066014E-02));
#8425 = CARTESIAN_POINT('',(12.561122034548,5.473504920415E-02));
#8426 = CARTESIAN_POINT('',(12.649554402437,3.196940927653E-02));
#8427 = CARTESIAN_POINT('',(12.720648710666,1.551090089671E-02));
#8428 = CARTESIAN_POINT('',(12.749650869541,5.557379670429E-03));
#8429 = CARTESIAN_POINT('',(12.784817586862,1.852345329631E-15));
#8430 = CARTESIAN_POINT('',(12.749650869541,-5.557379670423E-03));
#8431 = CARTESIAN_POINT('',(12.720648710666,-1.551090089671E-02));
#8432 = CARTESIAN_POINT('',(12.649554402437,-3.196940927653E-02));
#8433 = CARTESIAN_POINT('',(12.561122034548,-5.473504920414E-02));
#8434 = CARTESIAN_POINT('',(12.44377871357,-8.354318066014E-02));
#8435 = CARTESIAN_POINT('',(12.302901077362,-0.118064269176));
#8436 = CARTESIAN_POINT('',(12.137248018965,-0.157914624877));
#8437 = CARTESIAN_POINT('',(11.948134001146,-0.20266459879));
#8438 = CARTESIAN_POINT('',(11.736124020016,-0.251848154072));
#8439 = CARTESIAN_POINT('',(11.502157067623,-0.304971579336));
#8440 = CARTESIAN_POINT('',(11.247172877466,-0.361521422418));
#8441 = CARTESIAN_POINT('',(10.972225748836,-0.420971025041));
#8442 = CARTESIAN_POINT('',(10.678443591246,-0.482785417179));
#8443 = CARTESIAN_POINT('',(10.36703443472,-0.546424388103));
#8444 = CARTESIAN_POINT('',(10.039278069256,-0.61134373287));
#8445 = CARTESIAN_POINT('',(9.696521726026,-0.676994822941));
#8446 = CARTESIAN_POINT('',(9.340174189531,-0.742822800763));
#8447 = CARTESIAN_POINT('',(8.971700026712,-0.808263825851));
#8448 = CARTESIAN_POINT('',(8.592613477233,-0.872741898237));
#8449 = CARTESIAN_POINT('',(8.20447217267,-0.935665845128));
#8450 = CARTESIAN_POINT('',(7.80887067442,-0.996427073167));
#8451 = CARTESIAN_POINT('',(7.407433872182,-1.054398659447));
#8452 = CARTESIAN_POINT('',(7.00181027121,-1.108936280239));
#8453 = CARTESIAN_POINT('',(6.593665200842,-1.15938136118));
#8454 = CARTESIAN_POINT('',(6.184673975196,-1.205066683444));
#8455 = CARTESIAN_POINT('',(5.776515035736,-1.245324506391));
#8456 = CARTESIAN_POINT('',(5.370863102705,-1.279497079702));
#8457 = CARTESIAN_POINT('',(4.969382358687,-1.30694922923));
#8458 = CARTESIAN_POINT('',(4.57371968273,-1.3270825233));
#8459 = CARTESIAN_POINT('',(4.185497947902,-1.339350371983));
#8460 = CARTESIAN_POINT('',(3.806309389056,-1.343273291563));
#8461 = CARTESIAN_POINT('',(3.437709041456,-1.338453488469));
#8462 = CARTESIAN_POINT('',(3.081208244863,-1.324587887397));
#8463 = CARTESIAN_POINT('',(2.738268201729,-1.301478749521));
#8464 = CARTESIAN_POINT('',(2.410293572071,-1.269041097511));
#8465 = CARTESIAN_POINT('',(2.098626079555,-1.227306277771));
#8466 = CARTESIAN_POINT('',(1.804538095428,-1.176421135998));
#8467 = CARTESIAN_POINT('',(1.529226149482,-1.116642432156));
#8468 = CARTESIAN_POINT('',(1.273804334193,-1.048326260332));
#8469 = CARTESIAN_POINT('',(1.039297527492,-0.971912241177));
#8470 = CARTESIAN_POINT('',(0.826634769544,-0.887902278854));
#8471 = CARTESIAN_POINT('',(0.636642839772,-0.796832837821));
#8472 = CARTESIAN_POINT('',(0.470044352886,-0.699240763595));
#8473 = CARTESIAN_POINT('',(0.327459332012,-0.59561768775));
#8474 = CARTESIAN_POINT('',(0.209445980359,-0.486369663497));
#8475 = CARTESIAN_POINT('',(0.116526496701,-0.371761434061));
#8476 = CARTESIAN_POINT('',(4.943889578449E-02,-0.25204732539));
#8477 = CARTESIAN_POINT('',(8.694738374999E-03,-0.127398841277));
#8478 = CARTESIAN_POINT('',(2.908041315095E-04,-4.243924044844E-02));
#8479 = CARTESIAN_POINT('',(0.,2.775557561563E-17));
#8480 = ( GEOMETRIC_REPRESENTATION_CONTEXT(2) 
PARAMETRIC_REPRESENTATION_CONTEXT() REPRESENTATION_CONTEXT('2D SPACE',''
  ) );
#8481 = ORIENTED_EDGE('',*,*,#8227,.F.);
#8482 = ORIENTED_EDGE('',*,*,#6365,.F.);
#8483 = ORIENTED_EDGE('',*,*,#6402,.F.);
#8484 = ORIENTED_EDGE('',*,*,#6198,.T.);
#8485 = ORIENTED_EDGE('',*,*,#8193,.F.);
#8486 = ORIENTED_EDGE('',*,*,#8487,.F.);
#8487 = EDGE_CURVE('',#8488,#7938,#8490,.T.);
#8488 = VERTEX_POINT('',#8489);
#8489 = CARTESIAN_POINT('',(56.187508434715,1.812497349089,4.3));
#8490 = SURFACE_CURVE('',#8491,(#8571,#8654),.PCURVE_S1.);
#8491 = B_SPLINE_CURVE_WITH_KNOTS('',8,(#8492,#8493,#8494,#8495,#8496,
    #8497,#8498,#8499,#8500,#8501,#8502,#8503,#8504,#8505,#8506,#8507,
    #8508,#8509,#8510,#8511,#8512,#8513,#8514,#8515,#8516,#8517,#8518,
    #8519,#8520,#8521,#8522,#8523,#8524,#8525,#8526,#8527,#8528,#8529,
    #8530,#8531,#8532,#8533,#8534,#8535,#8536,#8537,#8538,#8539,#8540,
    #8541,#8542,#8543,#8544,#8545,#8546,#8547,#8548,#8549,#8550,#8551,
    #8552,#8553,#8554,#8555,#8556,#8557,#8558,#8559,#8560,#8561,#8562,
    #8563,#8564,#8565,#8566,#8567,#8568,#8569,#8570),.UNSPECIFIED.,.F.,
  .F.,(9,7,7,7,7,7,7,7,7,7,7,9),(0.,0.1328506339,0.240095711104,
    0.314343134851,0.372090945152,0.462837185714,0.561835637655,
    0.619587557259,0.718603227609,0.817639051217,0.908449278612,1.),
  .UNSPECIFIED.);
#8492 = CARTESIAN_POINT('',(59.597569869806,2.5,4.3));
#8493 = CARTESIAN_POINT('',(59.494133585573,2.491426276734,4.3));
#8494 = CARTESIAN_POINT('',(59.390746463129,2.482261300499,4.3));
#8495 = CARTESIAN_POINT('',(59.287413810664,2.472486967015,4.3));
#8496 = CARTESIAN_POINT('',(59.184141814669,2.462081930446,4.3));
#8497 = CARTESIAN_POINT('',(59.080937005596,2.451026806836,4.3));
#8498 = CARTESIAN_POINT('',(58.97780623287,2.439304667898,4.3));
#8499 = CARTESIAN_POINT('',(58.874757149282,2.426896825154,4.3));
#8500 = CARTESIAN_POINT('',(58.688685316707,2.403180288107,4.3));
#8501 = CARTESIAN_POINT('',(58.605630968169,2.392120885723,4.3));
#8502 = CARTESIAN_POINT('',(58.522640362383,2.380585303156,4.3));
#8503 = CARTESIAN_POINT('',(58.439719403467,2.368554509708,4.3));
#8504 = CARTESIAN_POINT('',(58.356872513442,2.356021652485,4.3));
#8505 = CARTESIAN_POINT('',(58.274105048168,2.342976932427,4.3));
#8506 = CARTESIAN_POINT('',(58.19142522969,2.32939484996,4.3));
#8507 = CARTESIAN_POINT('',(58.051664144737,2.3054778266,4.3));
#8508 = CARTESIAN_POINT('',(57.994534467641,2.295429675689,4.3));
#8509 = CARTESIAN_POINT('',(57.937452611746,2.285111413208,4.3));
#8510 = CARTESIAN_POINT('',(57.88042073415,2.274517823901,4.3));
#8511 = CARTESIAN_POINT('',(57.823441169203,2.263643984091,4.3));
#8512 = CARTESIAN_POINT('',(57.766516579149,2.252484506248,4.3));
#8513 = CARTESIAN_POINT('',(57.70965010477,2.24103278356,4.3));
#8514 = CARTESIAN_POINT('',(57.608664311482,2.220139392451,4.3));
#8515 = CARTESIAN_POINT('',(57.564520710054,2.210816808449,4.3));
#8516 = CARTESIAN_POINT('',(57.520416437581,2.201309056838,4.3));
#8517 = CARTESIAN_POINT('',(57.47635321991,2.191612711959,4.3));
#8518 = CARTESIAN_POINT('',(57.432332782885,2.181724348152,4.3));
#8519 = CARTESIAN_POINT('',(57.388356852349,2.171640539757,4.3));
#8520 = CARTESIAN_POINT('',(57.344427154148,2.161357861114,4.3));
#8521 = CARTESIAN_POINT('',(57.2315886361,2.134396555811,4.3));
#8522 = CARTESIAN_POINT('',(57.162749034763,2.117420949538,4.3));
#8523 = CARTESIAN_POINT('',(57.094036253197,2.099932119998,4.3));
#8524 = CARTESIAN_POINT('',(57.025460983962,2.081909074165,4.3));
#8525 = CARTESIAN_POINT('',(56.957033638611,2.063334124932,4.3));
#8526 = CARTESIAN_POINT('',(56.888764287148,2.044190998782,4.3));
#8527 = CARTESIAN_POINT('',(56.820663150099,2.024460712813,4.3));
#8528 = CARTESIAN_POINT('',(56.678642043093,1.981940503155,4.3));
#8529 = CARTESIAN_POINT('',(56.604759167844,1.959036700647,4.3));
#8530 = CARTESIAN_POINT('',(56.531114495687,1.93537056771,4.3));
#8531 = CARTESIAN_POINT('',(56.457714006886,1.910944525356,4.3));
#8532 = CARTESIAN_POINT('',(56.384606244498,1.885657669298,4.3));
#8533 = CARTESIAN_POINT('',(56.311780853061,1.859564410986,4.3));
#8534 = CARTESIAN_POINT('',(56.239287628637,1.83257645037,4.3));
#8535 = CARTESIAN_POINT('',(56.125074787695,1.78836860784,4.3));
#8536 = CARTESIAN_POINT('',(56.083118561396,1.771762752216,4.3));
#8537 = CARTESIAN_POINT('',(56.041291647287,1.754831111257,4.3));
#8538 = CARTESIAN_POINT('',(55.999600637073,1.737565506891,4.3));
#8539 = CARTESIAN_POINT('',(55.958052889705,1.719957115338,4.3));
#8540 = CARTESIAN_POINT('',(55.916656531374,1.701996467109,4.3));
#8541 = CARTESIAN_POINT('',(55.875420455515,1.683673447008,4.3));
#8542 = CARTESIAN_POINT('',(55.763946435297,1.632922738662,4.3));
#8543 = CARTESIAN_POINT('',(55.694047280733,1.599763274994,4.3));
#8544 = CARTESIAN_POINT('',(55.624685019863,1.565471468172,4.3));
#8545 = CARTESIAN_POINT('',(55.555985601448,1.529854079982,4.3));
#8546 = CARTESIAN_POINT('',(55.487875565432,1.493098591952,4.3));
#8547 = CARTESIAN_POINT('',(55.420574465902,1.454902639959,4.3));
#8548 = CARTESIAN_POINT('',(55.354118427537,1.415266201655,4.3));
#8549 = CARTESIAN_POINT('',(55.223122766868,1.332901093292,4.3));
#8550 = CARTESIAN_POINT('',(55.158602943811,1.290182266762,4.3));
#8551 = CARTESIAN_POINT('',(55.095126357685,1.245870106816,4.3));
#8552 = CARTESIAN_POINT('',(55.032889957772,1.199813371956,4.3));
#8553 = CARTESIAN_POINT('',(54.972096109254,1.151789649454,4.3));
#8554 = CARTESIAN_POINT('',(54.912769923281,1.101983176905,4.3));
#8555 = CARTESIAN_POINT('',(54.855339227279,1.050031090712,4.3));
#8556 = CARTESIAN_POINT('',(54.749312260619,0.946243127837,4.3));
#8557 = CARTESIAN_POINT('',(54.700412055019,0.894760401861,4.3));
#8558 = CARTESIAN_POINT('',(54.653492072242,0.841382710172,4.3));
#8559 = CARTESIAN_POINT('',(54.608885538582,0.7860029098,4.3));
#8560 = CARTESIAN_POINT('',(54.56691168558,0.728563812479,4.3));
#8561 = CARTESIAN_POINT('',(54.527894791091,0.669075188044,4.3));
#8562 = CARTESIAN_POINT('',(54.492231019493,0.607588641828,4.3));
#8563 = CARTESIAN_POINT('',(54.42820599373,0.480235349989,4.3));
#8564 = CARTESIAN_POINT('',(54.400448008835,0.415450328187,4.3));
#8565 = CARTESIAN_POINT('',(54.376847843072,0.348807709271,4.3));
#8566 = CARTESIAN_POINT('',(54.357219469586,0.280085215715,4.3));
#8567 = CARTESIAN_POINT('',(54.342048337737,0.209571010576,4.3));
#8568 = CARTESIAN_POINT('',(54.332109892528,0.138139566606,4.3));
#8569 = CARTESIAN_POINT('',(54.3277086688,6.744520049204E-02,4.3));
#8570 = CARTESIAN_POINT('',(54.328170819931,0.,4.3));
#8571 = PCURVE('',#4875,#8572);
#8572 = DEFINITIONAL_REPRESENTATION('',(#8573),#8653);
#8573 = B_SPLINE_CURVE_WITH_KNOTS('',8,(#8574,#8575,#8576,#8577,#8578,
    #8579,#8580,#8581,#8582,#8583,#8584,#8585,#8586,#8587,#8588,#8589,
    #8590,#8591,#8592,#8593,#8594,#8595,#8596,#8597,#8598,#8599,#8600,
    #8601,#8602,#8603,#8604,#8605,#8606,#8607,#8608,#8609,#8610,#8611,
    #8612,#8613,#8614,#8615,#8616,#8617,#8618,#8619,#8620,#8621,#8622,
    #8623,#8624,#8625,#8626,#8627,#8628,#8629,#8630,#8631,#8632,#8633,
    #8634,#8635,#8636,#8637,#8638,#8639,#8640,#8641,#8642,#8643,#8644,
    #8645,#8646,#8647,#8648,#8649,#8650,#8651,#8652),.UNSPECIFIED.,.F.,
  .F.,(9,7,7,7,7,7,7,7,7,7,7,9),(0.,0.1328506339,0.240095711104,
    0.314343134851,0.372090945152,0.462837185714,0.561835637655,
    0.619587557259,0.718603227609,0.817639051217,0.908449278612,1.),
  .UNSPECIFIED.);
#8574 = CARTESIAN_POINT('',(0.121047586733,0.546666666667));
#8575 = CARTESIAN_POINT('',(0.119034562866,0.546666666667));
#8576 = CARTESIAN_POINT('',(0.117021556126,0.546666666667));
#8577 = CARTESIAN_POINT('',(0.115008557231,0.546666666667));
#8578 = CARTESIAN_POINT('',(0.11299553969,0.546666666667));
#8579 = CARTESIAN_POINT('',(0.110982504071,0.546666666667));
#8580 = CARTESIAN_POINT('',(0.108969482369,0.546666666667));
#8581 = CARTESIAN_POINT('',(0.106956502478,0.546666666667));
#8582 = CARTESIAN_POINT('',(0.103318505589,0.546666666667));
#8583 = CARTESIAN_POINT('',(0.101693496579,0.546666666667));
#8584 = CARTESIAN_POINT('',(0.100068499854,0.546666666667));
#8585 = CARTESIAN_POINT('',(9.844346292462E-02,0.546666666667));
#8586 = CARTESIAN_POINT('',(9.681844408803E-02,0.546666666667));
#8587 = CARTESIAN_POINT('',(9.519348473312E-02,0.546666666667));
#8588 = CARTESIAN_POINT('',(9.356850019492E-02,0.546666666667));
#8589 = CARTESIAN_POINT('',(9.081850889009E-02,0.546666666667));
#8590 = CARTESIAN_POINT('',(8.969351503598E-02,0.546666666667));
#8591 = CARTESIAN_POINT('',(8.856851678443E-02,0.546666666667));
#8592 = CARTESIAN_POINT('',(8.744351294454E-02,0.546666666667));
#8593 = CARTESIAN_POINT('',(8.631850898621E-02,0.546666666667));
#8594 = CARTESIAN_POINT('',(8.519351045772E-02,0.546666666667));
#8595 = CARTESIAN_POINT('',(8.406851640333E-02,0.546666666667));
#8596 = CARTESIAN_POINT('',(8.206851278084E-02,0.546666666667));
#8597 = CARTESIAN_POINT('',(8.119351278084E-02,0.546666666667));
#8598 = CARTESIAN_POINT('',(8.031851278084E-02,0.546666666667));
#8599 = CARTESIAN_POINT('',(7.944351278084E-02,0.546666666667));
#8600 = CARTESIAN_POINT('',(7.856851278084E-02,0.546666666667));
#8601 = CARTESIAN_POINT('',(7.769351278084E-02,0.546666666667));
#8602 = CARTESIAN_POINT('',(7.681851278084E-02,0.546666666667));
#8603 = CARTESIAN_POINT('',(7.45685176065E-02,0.546666666667));
#8604 = CARTESIAN_POINT('',(7.319350509665E-02,0.546666666667));
#8605 = CARTESIAN_POINT('',(7.181851562023E-02,0.546666666667));
#8606 = CARTESIAN_POINT('',(7.044351585463E-02,0.546666666667));
#8607 = CARTESIAN_POINT('',(6.906850942219E-02,0.546666666667));
#8608 = CARTESIAN_POINT('',(6.769351331406E-02,0.546666666667));
#8609 = CARTESIAN_POINT('',(6.63185134572E-02,0.546666666667));
#8610 = CARTESIAN_POINT('',(6.344347335734E-02,0.546666666667));
#8611 = CARTESIAN_POINT('',(6.194350210408E-02,0.546666666667));
#8612 = CARTESIAN_POINT('',(6.044343245138E-02,0.546666666667));
#8613 = CARTESIAN_POINT('',(5.894357922286E-02,0.546666666667));
#8614 = CARTESIAN_POINT('',(5.744326264524E-02,0.546666666667));
#8615 = CARTESIAN_POINT('',(5.594337945782E-02,0.546666666667));
#8616 = CARTESIAN_POINT('',(5.444345808863E-02,0.546666666667));
#8617 = CARTESIAN_POINT('',(5.206850191828E-02,0.546666666667));
#8618 = CARTESIAN_POINT('',(5.119347850466E-02,0.546666666667));
#8619 = CARTESIAN_POINT('',(5.031845195107E-02,0.546666666667));
#8620 = CARTESIAN_POINT('',(4.944343040156E-02,0.546666666667));
#8621 = CARTESIAN_POINT('',(4.856842073322E-02,0.546666666667));
#8622 = CARTESIAN_POINT('',(4.76934285561E-02,0.546666666667));
#8623 = CARTESIAN_POINT('',(4.681845821328E-02,0.546666666667));
#8624 = CARTESIAN_POINT('',(4.444341877343E-02,0.546666666667));
#8625 = CARTESIAN_POINT('',(4.294336120249E-02,0.546666666667));
#8626 = CARTESIAN_POINT('',(4.144368522102E-02,0.546666666667));
#8627 = CARTESIAN_POINT('',(3.994254356268E-02,0.546666666667));
#8628 = CARTESIAN_POINT('',(3.844348358371E-02,0.546666666667));
#8629 = CARTESIAN_POINT('',(3.69434465937E-02,0.546666666667));
#8630 = CARTESIAN_POINT('',(3.544349277361E-02,0.546666666667));
#8631 = CARTESIAN_POINT('',(3.244322748807E-02,0.546666666667));
#8632 = CARTESIAN_POINT('',(3.094330552642E-02,0.546666666667));
#8633 = CARTESIAN_POINT('',(2.944393994567E-02,0.546666666667));
#8634 = CARTESIAN_POINT('',(2.794456617292E-02,0.546666666667));
#8635 = CARTESIAN_POINT('',(2.644188197614E-02,0.546666666667));
#8636 = CARTESIAN_POINT('',(2.494388029962E-02,0.546666666667));
#8637 = CARTESIAN_POINT('',(2.34437473682E-02,0.546666666667));
#8638 = CARTESIAN_POINT('',(2.056788284149E-02,0.546666666667));
#8639 = CARTESIAN_POINT('',(1.919174107601E-02,0.546666666667));
#8640 = CARTESIAN_POINT('',(1.781913303242E-02,0.546666666667));
#8641 = CARTESIAN_POINT('',(1.644262931887E-02,0.546666666667));
#8642 = CARTESIAN_POINT('',(1.506572191382E-02,0.546666666667));
#8643 = CARTESIAN_POINT('',(1.369295467902E-02,0.546666666667));
#8644 = CARTESIAN_POINT('',(1.231845241277E-02,0.546666666667));
#8645 = CARTESIAN_POINT('',(9.557361476313E-03,0.546666666667));
#8646 = CARTESIAN_POINT('',(8.194484378544E-03,0.546666666667));
#8647 = CARTESIAN_POINT('',(6.832007689031E-03,0.546666666667));
#8648 = CARTESIAN_POINT('',(5.454841248282E-03,0.546666666667));
#8649 = CARTESIAN_POINT('',(4.062798623381E-03,0.546666666667));
#8650 = CARTESIAN_POINT('',(2.669555266708E-03,0.546666666667));
#8651 = CARTESIAN_POINT('',(1.300933115254E-03,0.546666666667));
#8652 = CARTESIAN_POINT('',(0.,0.546666666667));
#8653 = ( GEOMETRIC_REPRESENTATION_CONTEXT(2) 
PARAMETRIC_REPRESENTATION_CONTEXT() REPRESENTATION_CONTEXT('2D SPACE',''
  ) );
#8654 = PCURVE('',#8105,#8655);
#8655 = DEFINITIONAL_REPRESENTATION('',(#8656),#8736);
#8656 = B_SPLINE_CURVE_WITH_KNOTS('',8,(#8657,#8658,#8659,#8660,#8661,
    #8662,#8663,#8664,#8665,#8666,#8667,#8668,#8669,#8670,#8671,#8672,
    #8673,#8674,#8675,#8676,#8677,#8678,#8679,#8680,#8681,#8682,#8683,
    #8684,#8685,#8686,#8687,#8688,#8689,#8690,#8691,#8692,#8693,#8694,
    #8695,#8696,#8697,#8698,#8699,#8700,#8701,#8702,#8703,#8704,#8705,
    #8706,#8707,#8708,#8709,#8710,#8711,#8712,#8713,#8714,#8715,#8716,
    #8717,#8718,#8719,#8720,#8721,#8722,#8723,#8724,#8725,#8726,#8727,
    #8728,#8729,#8730,#8731,#8732,#8733,#8734,#8735),.UNSPECIFIED.,.F.,
  .F.,(9,7,7,7,7,7,7,7,7,7,7,9),(0.,0.1328506339,0.240095711104,
    0.314343134851,0.372090945152,0.462837185714,0.561835637655,
    0.619587557259,0.718603227609,0.817639051217,0.908449278612,1.),
  .UNSPECIFIED.);
#8657 = CARTESIAN_POINT('',(9.597569869806,5.));
#8658 = CARTESIAN_POINT('',(9.494133585573,4.991426276734));
#8659 = CARTESIAN_POINT('',(9.390746463129,4.982261300499));
#8660 = CARTESIAN_POINT('',(9.287413810664,4.972486967015));
#8661 = CARTESIAN_POINT('',(9.184141814669,4.962081930446));
#8662 = CARTESIAN_POINT('',(9.080937005596,4.951026806836));
#8663 = CARTESIAN_POINT('',(8.97780623287,4.939304667898));
#8664 = CARTESIAN_POINT('',(8.874757149282,4.926896825154));
#8665 = CARTESIAN_POINT('',(8.688685316707,4.903180288107));
#8666 = CARTESIAN_POINT('',(8.605630968169,4.892120885723));
#8667 = CARTESIAN_POINT('',(8.522640362383,4.880585303156));
#8668 = CARTESIAN_POINT('',(8.439719403467,4.868554509708));
#8669 = CARTESIAN_POINT('',(8.356872513442,4.856021652485));
#8670 = CARTESIAN_POINT('',(8.274105048168,4.842976932427));
#8671 = CARTESIAN_POINT('',(8.19142522969,4.82939484996));
#8672 = CARTESIAN_POINT('',(8.051664144737,4.8054778266));
#8673 = CARTESIAN_POINT('',(7.994534467641,4.795429675689));
#8674 = CARTESIAN_POINT('',(7.937452611746,4.785111413208));
#8675 = CARTESIAN_POINT('',(7.88042073415,4.774517823901));
#8676 = CARTESIAN_POINT('',(7.823441169203,4.763643984091));
#8677 = CARTESIAN_POINT('',(7.766516579149,4.752484506248));
#8678 = CARTESIAN_POINT('',(7.70965010477,4.74103278356));
#8679 = CARTESIAN_POINT('',(7.608664311482,4.720139392451));
#8680 = CARTESIAN_POINT('',(7.564520710054,4.710816808449));
#8681 = CARTESIAN_POINT('',(7.520416437581,4.701309056838));
#8682 = CARTESIAN_POINT('',(7.47635321991,4.691612711959));
#8683 = CARTESIAN_POINT('',(7.432332782885,4.681724348152));
#8684 = CARTESIAN_POINT('',(7.388356852349,4.671640539757));
#8685 = CARTESIAN_POINT('',(7.344427154148,4.661357861114));
#8686 = CARTESIAN_POINT('',(7.2315886361,4.634396555811));
#8687 = CARTESIAN_POINT('',(7.162749034763,4.617420949538));
#8688 = CARTESIAN_POINT('',(7.094036253197,4.599932119998));
#8689 = CARTESIAN_POINT('',(7.025460983962,4.581909074165));
#8690 = CARTESIAN_POINT('',(6.957033638611,4.563334124932));
#8691 = CARTESIAN_POINT('',(6.888764287148,4.544190998782));
#8692 = CARTESIAN_POINT('',(6.820663150099,4.524460712813));
#8693 = CARTESIAN_POINT('',(6.678642043093,4.481940503155));
#8694 = CARTESIAN_POINT('',(6.604759167844,4.459036700647));
#8695 = CARTESIAN_POINT('',(6.531114495687,4.43537056771));
#8696 = CARTESIAN_POINT('',(6.457714006886,4.410944525356));
#8697 = CARTESIAN_POINT('',(6.384606244498,4.385657669298));
#8698 = CARTESIAN_POINT('',(6.311780853061,4.359564410986));
#8699 = CARTESIAN_POINT('',(6.239287628637,4.33257645037));
#8700 = CARTESIAN_POINT('',(6.125074787695,4.28836860784));
#8701 = CARTESIAN_POINT('',(6.083118561396,4.271762752216));
#8702 = CARTESIAN_POINT('',(6.041291647287,4.254831111257));
#8703 = CARTESIAN_POINT('',(5.999600637073,4.237565506891));
#8704 = CARTESIAN_POINT('',(5.958052889705,4.219957115338));
#8705 = CARTESIAN_POINT('',(5.916656531374,4.201996467109));
#8706 = CARTESIAN_POINT('',(5.875420455515,4.183673447008));
#8707 = CARTESIAN_POINT('',(5.763946435297,4.132922738662));
#8708 = CARTESIAN_POINT('',(5.694047280733,4.099763274994));
#8709 = CARTESIAN_POINT('',(5.624685019863,4.065471468172));
#8710 = CARTESIAN_POINT('',(5.555985601448,4.029854079982));
#8711 = CARTESIAN_POINT('',(5.487875565432,3.993098591952));
#8712 = CARTESIAN_POINT('',(5.420574465902,3.954902639959));
#8713 = CARTESIAN_POINT('',(5.354118427537,3.915266201655));
#8714 = CARTESIAN_POINT('',(5.223122766868,3.832901093292));
#8715 = CARTESIAN_POINT('',(5.158602943811,3.790182266762));
#8716 = CARTESIAN_POINT('',(5.095126357685,3.745870106816));
#8717 = CARTESIAN_POINT('',(5.032889957772,3.699813371956));
#8718 = CARTESIAN_POINT('',(4.972096109254,3.651789649454));
#8719 = CARTESIAN_POINT('',(4.912769923281,3.601983176905));
#8720 = CARTESIAN_POINT('',(4.855339227279,3.550031090712));
#8721 = CARTESIAN_POINT('',(4.749312260619,3.446243127837));
#8722 = CARTESIAN_POINT('',(4.700412055019,3.394760401861));
#8723 = CARTESIAN_POINT('',(4.653492072242,3.341382710172));
#8724 = CARTESIAN_POINT('',(4.608885538582,3.2860029098));
#8725 = CARTESIAN_POINT('',(4.56691168558,3.228563812479));
#8726 = CARTESIAN_POINT('',(4.527894791091,3.169075188044));
#8727 = CARTESIAN_POINT('',(4.492231019493,3.107588641828));
#8728 = CARTESIAN_POINT('',(4.42820599373,2.980235349989));
#8729 = CARTESIAN_POINT('',(4.400448008835,2.915450328187));
#8730 = CARTESIAN_POINT('',(4.376847843072,2.848807709271));
#8731 = CARTESIAN_POINT('',(4.357219469586,2.780085215715));
#8732 = CARTESIAN_POINT('',(4.342048337737,2.709571010576));
#8733 = CARTESIAN_POINT('',(4.332109892528,2.638139566606));
#8734 = CARTESIAN_POINT('',(4.3277086688,2.567445200492));
#8735 = CARTESIAN_POINT('',(4.328170819931,2.5));
#8736 = ( GEOMETRIC_REPRESENTATION_CONTEXT(2) 
PARAMETRIC_REPRESENTATION_CONTEXT() REPRESENTATION_CONTEXT('2D SPACE',''
  ) );
#8737 = ORIENTED_EDGE('',*,*,#8738,.T.);
#8738 = EDGE_CURVE('',#8488,#8739,#8741,.T.);
#8739 = VERTEX_POINT('',#8740);
#8740 = CARTESIAN_POINT('',(56.187508434716,1.812497349089,-1.3));
#8741 = SURFACE_CURVE('',#8742,(#8775,#8811),.PCURVE_S1.);
#8742 = B_SPLINE_CURVE_WITH_KNOTS('',7,(#8743,#8744,#8745,#8746,#8747,
    #8748,#8749,#8750,#8751,#8752,#8753,#8754,#8755,#8756,#8757,#8758,
    #8759,#8760,#8761,#8762,#8763,#8764,#8765,#8766,#8767,#8768,#8769,
    #8770,#8771,#8772,#8773,#8774),.UNSPECIFIED.,.F.,.F.,(8,6,6,6,6,8),(
    0.,0.226826533843,0.499321749064,0.628117784163,0.776742584747,1.),
  .UNSPECIFIED.);
#8743 = CARTESIAN_POINT('',(56.187508434715,1.812497349089,4.3));
#8744 = CARTESIAN_POINT('',(56.113927734009,1.835622712168,
    4.126243254563));
#8745 = CARTESIAN_POINT('',(56.041604844497,1.858352763158,
    3.951925305207));
#8746 = CARTESIAN_POINT('',(55.970898588989,1.880574729175,
    3.776857117879));
#8747 = CARTESIAN_POINT('',(55.902236431494,1.902154264388,3.60086584914
    ));
#8748 = CARTESIAN_POINT('',(55.836182650727,1.922914024057,
    3.423768976488));
#8749 = CARTESIAN_POINT('',(55.773415985751,1.942640690192,
    3.245379013972));
#8750 = CARTESIAN_POINT('',(55.64441108266,1.983185088307,2.849345035849
    ));
#8751 = CARTESIAN_POINT('',(55.580118878905,2.003391209487,
    2.631336510884));
#8752 = CARTESIAN_POINT('',(55.523297012361,2.021249510401,
    2.410687693841));
#8753 = CARTESIAN_POINT('',(55.475969969883,2.036123723751,
    2.187161973954));
#8754 = CARTESIAN_POINT('',(55.440833962801,2.047166468834,
    1.961031777581));
#8755 = CARTESIAN_POINT('',(55.421332615919,2.053295463568,
    1.733061904134));
#8756 = CARTESIAN_POINT('',(55.420842184293,2.053449599222,
    1.396652317216));
#8757 = CARTESIAN_POINT('',(55.424987119966,2.052146905154,
    1.288686326068));
#8758 = CARTESIAN_POINT('',(55.433080404979,2.049603301292,
    1.180932764432));
#8759 = CARTESIAN_POINT('',(55.444739002177,2.045939170745,1.07354863982
    ));
#8760 = CARTESIAN_POINT('',(55.45961446351,2.041264025754,0.966637238182
    ));
#8761 = CARTESIAN_POINT('',(55.477375732088,2.035681912772,
    0.860257747428));
#8762 = CARTESIAN_POINT('',(55.521234330118,2.021897781963,0.63228615069
    ));
#8763 = CARTESIAN_POINT('',(55.548189179258,2.013426257947,
    0.510896973612));
#8764 = CARTESIAN_POINT('',(55.578158132862,2.004007443958,
    0.390268629252));
#8765 = CARTESIAN_POINT('',(55.610753769176,1.993763101116,
    0.270398893188));
#8766 = CARTESIAN_POINT('',(55.64564144728,1.982798402283,0.151265130807
    ));
#8767 = CARTESIAN_POINT('',(55.682535469458,1.97120313817,
    3.282314230966E-02));
#8768 = CARTESIAN_POINT('',(55.77926819778,1.940801423555,
    -0.261973532975));
#8769 = CARTESIAN_POINT('',(55.841310701226,1.921302351043,
    -0.437498406592));
#8770 = CARTESIAN_POINT('',(55.906498415006,1.900814783855,
    -0.611780848478));
#8771 = CARTESIAN_POINT('',(55.974188919819,1.8795406252,-0.785000688889
    ));
#8772 = CARTESIAN_POINT('',(56.043848220072,1.857647702263,
    -0.957331565877));
#8773 = CARTESIAN_POINT('',(56.115069014557,1.835264023996,
    -1.128938325304));
#8774 = CARTESIAN_POINT('',(56.187508434716,1.812497349089,-1.3));
#8775 = PCURVE('',#4875,#8776);
#8776 = DEFINITIONAL_REPRESENTATION('',(#8777),#8810);
#8777 = B_SPLINE_CURVE_WITH_KNOTS('',7,(#8778,#8779,#8780,#8781,#8782,
    #8783,#8784,#8785,#8786,#8787,#8788,#8789,#8790,#8791,#8792,#8793,
    #8794,#8795,#8796,#8797,#8798,#8799,#8800,#8801,#8802,#8803,#8804,
    #8805,#8806,#8807,#8808,#8809),.UNSPECIFIED.,.F.,.F.,(8,6,6,6,6,8),(
    0.,0.226826533843,0.499321749064,0.628117784163,0.776742584747,1.),
  .UNSPECIFIED.);
#8778 = CARTESIAN_POINT('',(5.336649507017E-02,0.546666666667));
#8779 = CARTESIAN_POINT('',(5.425579378552E-02,0.543770720909));
#8780 = CARTESIAN_POINT('',(5.513744194173E-02,0.540865421753));
#8781 = CARTESIAN_POINT('',(5.600679707909E-02,0.537947618631));
#8782 = CARTESIAN_POINT('',(5.685769403688E-02,0.535014430819));
#8783 = CARTESIAN_POINT('',(5.768274918835E-02,0.532062816275));
#8784 = CARTESIAN_POINT('',(5.847240783495E-02,0.529089650233));
#8785 = CARTESIAN_POINT('',(6.010568156796E-02,0.522489083931));
#8786 = CARTESIAN_POINT('',(6.092687744226E-02,0.518855608515));
#8787 = CARTESIAN_POINT('',(6.165854672228E-02,0.515178128231));
#8788 = CARTESIAN_POINT('',(6.227227688831E-02,0.511452699566));
#8789 = CARTESIAN_POINT('',(6.273019591986E-02,0.50768386296));
#8790 = CARTESIAN_POINT('',(6.298436456065E-02,0.503884365069));
#8791 = CARTESIAN_POINT('',(6.299075658982E-02,0.49827753862));
#8792 = CARTESIAN_POINT('',(6.293673372718E-02,0.496478105434));
#8793 = CARTESIAN_POINT('',(6.283124635815E-02,0.494682212741));
#8794 = CARTESIAN_POINT('',(6.267943450298E-02,0.49289247733));
#8795 = CARTESIAN_POINT('',(6.248606562397E-02,0.491110620636));
#8796 = CARTESIAN_POINT('',(6.225570445947E-02,0.489337629124));
#8797 = CARTESIAN_POINT('',(6.168839183917E-02,0.485538102512));
#8798 = CARTESIAN_POINT('',(6.134055120317E-02,0.48351494956));
#8799 = CARTESIAN_POINT('',(6.095498717529E-02,0.481504477154));
#8800 = CARTESIAN_POINT('',(6.053713266013E-02,0.47950664822));
#8801 = CARTESIAN_POINT('',(6.009170152132E-02,0.477521085513));
#8802 = CARTESIAN_POINT('',(5.962272312144E-02,0.475547052372));
#8803 = CARTESIAN_POINT('',(5.839880359969E-02,0.47063377445));
#8804 = CARTESIAN_POINT('',(5.761871197043E-02,0.46770835989));
#8805 = CARTESIAN_POINT('',(5.680488866874E-02,0.464803652525));
#8806 = CARTESIAN_POINT('',(5.596634581685E-02,0.461916655185));
#8807 = CARTESIAN_POINT('',(5.511009636865E-02,0.459044473902));
#8808 = CARTESIAN_POINT('',(5.424200023211E-02,0.456184361245));
#8809 = CARTESIAN_POINT('',(5.336649507017E-02,0.453333333333));
#8810 = ( GEOMETRIC_REPRESENTATION_CONTEXT(2) 
PARAMETRIC_REPRESENTATION_CONTEXT() REPRESENTATION_CONTEXT('2D SPACE',''
  ) );
#8811 = PCURVE('',#8812,#8817);
#8812 = PLANE('',#8813);
#8813 = AXIS2_PLACEMENT_3D('',#8814,#8815,#8816);
#8814 = CARTESIAN_POINT('',(57.5,1.4,-1.3));
#8815 = DIRECTION('',(0.29982659674,0.953993716901,0.));
#8816 = DIRECTION('',(-0.,0.,-1.));
#8817 = DEFINITIONAL_REPRESENTATION('',(#8818),#8851);
#8818 = B_SPLINE_CURVE_WITH_KNOTS('',7,(#8819,#8820,#8821,#8822,#8823,
    #8824,#8825,#8826,#8827,#8828,#8829,#8830,#8831,#8832,#8833,#8834,
    #8835,#8836,#8837,#8838,#8839,#8840,#8841,#8842,#8843,#8844,#8845,
    #8846,#8847,#8848,#8849,#8850),.UNSPECIFIED.,.F.,.F.,(8,6,6,6,6,8),(
    0.,0.226826533843,0.499321749064,0.628117784163,0.776742584747,1.),
  .UNSPECIFIED.);
#8819 = CARTESIAN_POINT('',(-5.6,1.375786383109));
#8820 = CARTESIAN_POINT('',(-5.426243254563,1.452915508178));
#8821 = CARTESIAN_POINT('',(-5.251925305207,1.528726164193));
#8822 = CARTESIAN_POINT('',(-5.076857117879,1.602842224137));
#8823 = CARTESIAN_POINT('',(-4.90086584914,1.674815609578));
#8824 = CARTESIAN_POINT('',(-4.723768976488,1.744054829499));
#8825 = CARTESIAN_POINT('',(-4.545379013972,1.809848412689));
#8826 = CARTESIAN_POINT('',(-4.149345035849,1.945074568591));
#8827 = CARTESIAN_POINT('',(-3.931336510884,2.012467259565));
#8828 = CARTESIAN_POINT('',(-3.710687693841,2.072029356818));
#8829 = CARTESIAN_POINT('',(-3.487161973954,2.121638742749));
#8830 = CARTESIAN_POINT('',(-3.261031777581,2.15846918142));
#8831 = CARTESIAN_POINT('',(-3.033061904134,2.178910979449));
#8832 = CARTESIAN_POINT('',(-2.696652317216,2.179425062106));
#8833 = CARTESIAN_POINT('',(-2.588686326068,2.175080237189));
#8834 = CARTESIAN_POINT('',(-2.480932764432,2.166596654048));
#8835 = CARTESIAN_POINT('',(-2.37354863982,2.154375821781));
#8836 = CARTESIAN_POINT('',(-2.266637238182,2.138782992321));
#8837 = CARTESIAN_POINT('',(-2.160257747428,2.120165187756));
#8838 = CARTESIAN_POINT('',(-1.93228615069,2.074191511774));
#8839 = CARTESIAN_POINT('',(-1.810896973612,2.045936766839));
#8840 = CARTESIAN_POINT('',(-1.690268629252,2.014522562455));
#8841 = CARTESIAN_POINT('',(-1.570398893188,1.980355003763));
#8842 = CARTESIAN_POINT('',(-1.451265130807,1.943784869719));
#8843 = CARTESIAN_POINT('',(-1.33282314231,1.905111635793));
#8844 = CARTESIAN_POINT('',(-1.038026467025,1.803713978127));
#8845 = CARTESIAN_POINT('',(-0.862501593408,1.738679479108));
#8846 = CARTESIAN_POINT('',(-0.688219151522,1.670348092197));
#8847 = CARTESIAN_POINT('',(-0.514999311111,1.599393217323));
#8848 = CARTESIAN_POINT('',(-0.342668434123,1.526374601981));
#8849 = CARTESIAN_POINT('',(-0.171061674696,1.451719189453));
#8850 = CARTESIAN_POINT('',(0.,1.375786383109));
#8851 = ( GEOMETRIC_REPRESENTATION_CONTEXT(2) 
PARAMETRIC_REPRESENTATION_CONTEXT() REPRESENTATION_CONTEXT('2D SPACE',''
  ) );
#8852 = ORIENTED_EDGE('',*,*,#8853,.T.);
#8853 = EDGE_CURVE('',#8739,#7534,#8854,.T.);
#8854 = SURFACE_CURVE('',#8855,(#8935,#9018),.PCURVE_S1.);
#8855 = B_SPLINE_CURVE_WITH_KNOTS('',8,(#8856,#8857,#8858,#8859,#8860,
    #8861,#8862,#8863,#8864,#8865,#8866,#8867,#8868,#8869,#8870,#8871,
    #8872,#8873,#8874,#8875,#8876,#8877,#8878,#8879,#8880,#8881,#8882,
    #8883,#8884,#8885,#8886,#8887,#8888,#8889,#8890,#8891,#8892,#8893,
    #8894,#8895,#8896,#8897,#8898,#8899,#8900,#8901,#8902,#8903,#8904,
    #8905,#8906,#8907,#8908,#8909,#8910,#8911,#8912,#8913,#8914,#8915,
    #8916,#8917,#8918,#8919,#8920,#8921,#8922,#8923,#8924,#8925,#8926,
    #8927,#8928,#8929,#8930,#8931,#8932,#8933,#8934),.UNSPECIFIED.,.F.,
  .F.,(9,7,7,7,7,7,7,7,7,7,7,9),(0.,0.132850633903,0.240095711109,
    0.314343134857,0.372090945159,0.462837185721,0.561835637662,
    0.619587557265,0.718603227615,0.817639051221,0.908449278614,1.),
  .UNSPECIFIED.);
#8856 = CARTESIAN_POINT('',(59.597569869806,2.5,-1.3));
#8857 = CARTESIAN_POINT('',(59.494133585573,2.491426276734,-1.3));
#8858 = CARTESIAN_POINT('',(59.390746463129,2.482261300499,-1.3));
#8859 = CARTESIAN_POINT('',(59.287413810664,2.472486967015,-1.3));
#8860 = CARTESIAN_POINT('',(59.18414181467,2.462081930446,-1.3));
#8861 = CARTESIAN_POINT('',(59.080937005596,2.451026806836,-1.3));
#8862 = CARTESIAN_POINT('',(58.97780623287,2.439304667898,-1.3));
#8863 = CARTESIAN_POINT('',(58.874757149282,2.426896825154,-1.3));
#8864 = CARTESIAN_POINT('',(58.688685316707,2.403180288107,-1.3));
#8865 = CARTESIAN_POINT('',(58.605630968168,2.392120885723,-1.3));
#8866 = CARTESIAN_POINT('',(58.522640362384,2.380585303156,-1.3));
#8867 = CARTESIAN_POINT('',(58.439719403467,2.368554509708,-1.3));
#8868 = CARTESIAN_POINT('',(58.356872513442,2.356021652485,-1.3));
#8869 = CARTESIAN_POINT('',(58.274105048169,2.342976932427,-1.3));
#8870 = CARTESIAN_POINT('',(58.19142522969,2.32939484996,-1.3));
#8871 = CARTESIAN_POINT('',(58.051664144738,2.3054778266,-1.3));
#8872 = CARTESIAN_POINT('',(57.994534467641,2.295429675689,-1.3));
#8873 = CARTESIAN_POINT('',(57.937452611747,2.285111413208,-1.3));
#8874 = CARTESIAN_POINT('',(57.880420734151,2.274517823901,-1.3));
#8875 = CARTESIAN_POINT('',(57.823441169203,2.263643984091,-1.3));
#8876 = CARTESIAN_POINT('',(57.766516579149,2.252484506248,-1.3));
#8877 = CARTESIAN_POINT('',(57.70965010477,2.24103278356,-1.3));
#8878 = CARTESIAN_POINT('',(57.608664311483,2.220139392451,-1.3));
#8879 = CARTESIAN_POINT('',(57.564520710054,2.210816808449,-1.3));
#8880 = CARTESIAN_POINT('',(57.520416437582,2.201309056838,-1.3));
#8881 = CARTESIAN_POINT('',(57.476353219911,2.191612711959,-1.3));
#8882 = CARTESIAN_POINT('',(57.432332782885,2.181724348152,-1.3));
#8883 = CARTESIAN_POINT('',(57.38835685235,2.171640539757,-1.3));
#8884 = CARTESIAN_POINT('',(57.344427154148,2.161357861114,-1.3));
#8885 = CARTESIAN_POINT('',(57.231588636102,2.134396555811,-1.3));
#8886 = CARTESIAN_POINT('',(57.162749034763,2.117420949538,-1.3));
#8887 = CARTESIAN_POINT('',(57.094036253199,2.099932119998,-1.3));
#8888 = CARTESIAN_POINT('',(57.025460983962,2.081909074165,-1.3));
#8889 = CARTESIAN_POINT('',(56.957033638611,2.063334124931,-1.3));
#8890 = CARTESIAN_POINT('',(56.88876428715,2.044190998782,-1.3));
#8891 = CARTESIAN_POINT('',(56.8206631501,2.024460712813,-1.3));
#8892 = CARTESIAN_POINT('',(56.678642043094,1.981940503155,-1.3));
#8893 = CARTESIAN_POINT('',(56.604759167845,1.959036700647,-1.3));
#8894 = CARTESIAN_POINT('',(56.53111449569,1.93537056771,-1.3));
#8895 = CARTESIAN_POINT('',(56.457714006883,1.910944525355,-1.3));
#8896 = CARTESIAN_POINT('',(56.384606244502,1.885657669298,-1.3));
#8897 = CARTESIAN_POINT('',(56.31178085306,1.859564410986,-1.3));
#8898 = CARTESIAN_POINT('',(56.239287628638,1.83257645037,-1.3));
#8899 = CARTESIAN_POINT('',(56.125074787696,1.78836860784,-1.3));
#8900 = CARTESIAN_POINT('',(56.083118561397,1.771762752216,-1.3));
#8901 = CARTESIAN_POINT('',(56.041291647288,1.754831111257,-1.3));
#8902 = CARTESIAN_POINT('',(55.999600637074,1.737565506891,-1.3));
#8903 = CARTESIAN_POINT('',(55.958052889706,1.719957115338,-1.3));
#8904 = CARTESIAN_POINT('',(55.916656531375,1.701996467109,-1.3));
#8905 = CARTESIAN_POINT('',(55.875420455516,1.683673447008,-1.3));
#8906 = CARTESIAN_POINT('',(55.763946435299,1.632922738662,-1.3));
#8907 = CARTESIAN_POINT('',(55.694047280732,1.599763274993,-1.3));
#8908 = CARTESIAN_POINT('',(55.624685019866,1.565471468174,-1.3));
#8909 = CARTESIAN_POINT('',(55.555985601446,1.52985407998,-1.3));
#8910 = CARTESIAN_POINT('',(55.487875565434,1.493098591953,-1.3));
#8911 = CARTESIAN_POINT('',(55.420574465902,1.454902639958,-1.3));
#8912 = CARTESIAN_POINT('',(55.354118427538,1.415266201655,-1.3));
#8913 = CARTESIAN_POINT('',(55.223122766869,1.332901093292,-1.3));
#8914 = CARTESIAN_POINT('',(55.15860294381,1.290182266762,-1.3));
#8915 = CARTESIAN_POINT('',(55.095126357687,1.245870106817,-1.3));
#8916 = CARTESIAN_POINT('',(55.03288995777,1.199813371953,-1.3));
#8917 = CARTESIAN_POINT('',(54.972096109256,1.151789649457,-1.3));
#8918 = CARTESIAN_POINT('',(54.912769923279,1.101983176904,-1.3));
#8919 = CARTESIAN_POINT('',(54.85533922728,1.050031090713,-1.3));
#8920 = CARTESIAN_POINT('',(54.749312260619,0.946243127837,-1.3));
#8921 = CARTESIAN_POINT('',(54.70041205502,0.894760401861,-1.3));
#8922 = CARTESIAN_POINT('',(54.653492072243,0.841382710172,-1.3));
#8923 = CARTESIAN_POINT('',(54.608885538582,0.786002909799,-1.3));
#8924 = CARTESIAN_POINT('',(54.566911685581,0.728563812479,-1.3));
#8925 = CARTESIAN_POINT('',(54.527894791091,0.669075188043,-1.3));
#8926 = CARTESIAN_POINT('',(54.492231019493,0.607588641828,-1.3));
#8927 = CARTESIAN_POINT('',(54.428205993731,0.480235349989,-1.3));
#8928 = CARTESIAN_POINT('',(54.400448008835,0.415450328187,-1.3));
#8929 = CARTESIAN_POINT('',(54.376847843073,0.348807709271,-1.3));
#8930 = CARTESIAN_POINT('',(54.357219469586,0.280085215715,-1.3));
#8931 = CARTESIAN_POINT('',(54.342048337736,0.209571010575,-1.3));
#8932 = CARTESIAN_POINT('',(54.332109892528,0.138139566606,-1.3));
#8933 = CARTESIAN_POINT('',(54.327708668801,6.744520049191E-02,-1.3));
#8934 = CARTESIAN_POINT('',(54.328170819932,1.7763568394E-15,-1.3));
#8935 = PCURVE('',#4875,#8936);
#8936 = DEFINITIONAL_REPRESENTATION('',(#8937),#9017);
#8937 = B_SPLINE_CURVE_WITH_KNOTS('',8,(#8938,#8939,#8940,#8941,#8942,
    #8943,#8944,#8945,#8946,#8947,#8948,#8949,#8950,#8951,#8952,#8953,
    #8954,#8955,#8956,#8957,#8958,#8959,#8960,#8961,#8962,#8963,#8964,
    #8965,#8966,#8967,#8968,#8969,#8970,#8971,#8972,#8973,#8974,#8975,
    #8976,#8977,#8978,#8979,#8980,#8981,#8982,#8983,#8984,#8985,#8986,
    #8987,#8988,#8989,#8990,#8991,#8992,#8993,#8994,#8995,#8996,#8997,
    #8998,#8999,#9000,#9001,#9002,#9003,#9004,#9005,#9006,#9007,#9008,
    #9009,#9010,#9011,#9012,#9013,#9014,#9015,#9016),.UNSPECIFIED.,.F.,
  .F.,(9,7,7,7,7,7,7,7,7,7,7,9),(0.,0.132850633903,0.240095711109,
    0.314343134857,0.372090945159,0.462837185721,0.561835637662,
    0.619587557265,0.718603227615,0.817639051221,0.908449278614,1.),
  .UNSPECIFIED.);
#8938 = CARTESIAN_POINT('',(0.121047586733,0.453333333333));
#8939 = CARTESIAN_POINT('',(0.119034562866,0.453333333333));
#8940 = CARTESIAN_POINT('',(0.117021556126,0.453333333333));
#8941 = CARTESIAN_POINT('',(0.115008557231,0.453333333333));
#8942 = CARTESIAN_POINT('',(0.11299553969,0.453333333333));
#8943 = CARTESIAN_POINT('',(0.110982504071,0.453333333333));
#8944 = CARTESIAN_POINT('',(0.108969482369,0.453333333333));
#8945 = CARTESIAN_POINT('',(0.106956502478,0.453333333333));
#8946 = CARTESIAN_POINT('',(0.103318505589,0.453333333333));
#8947 = CARTESIAN_POINT('',(0.101693496579,0.453333333333));
#8948 = CARTESIAN_POINT('',(0.100068499854,0.453333333333));
#8949 = CARTESIAN_POINT('',(9.844346292462E-02,0.453333333333));
#8950 = CARTESIAN_POINT('',(9.681844408802E-02,0.453333333333));
#8951 = CARTESIAN_POINT('',(9.519348473313E-02,0.453333333333));
#8952 = CARTESIAN_POINT('',(9.356850019492E-02,0.453333333333));
#8953 = CARTESIAN_POINT('',(9.081850889009E-02,0.453333333333));
#8954 = CARTESIAN_POINT('',(8.969351503598E-02,0.453333333333));
#8955 = CARTESIAN_POINT('',(8.856851678443E-02,0.453333333333));
#8956 = CARTESIAN_POINT('',(8.744351294454E-02,0.453333333333));
#8957 = CARTESIAN_POINT('',(8.631850898621E-02,0.453333333333));
#8958 = CARTESIAN_POINT('',(8.519351045772E-02,0.453333333333));
#8959 = CARTESIAN_POINT('',(8.406851640333E-02,0.453333333333));
#8960 = CARTESIAN_POINT('',(8.206851278084E-02,0.453333333333));
#8961 = CARTESIAN_POINT('',(8.119351278084E-02,0.453333333333));
#8962 = CARTESIAN_POINT('',(8.031851278084E-02,0.453333333333));
#8963 = CARTESIAN_POINT('',(7.944351278084E-02,0.453333333333));
#8964 = CARTESIAN_POINT('',(7.856851278084E-02,0.453333333333));
#8965 = CARTESIAN_POINT('',(7.769351278084E-02,0.453333333333));
#8966 = CARTESIAN_POINT('',(7.681851278084E-02,0.453333333333));
#8967 = CARTESIAN_POINT('',(7.456851760653E-02,0.453333333333));
#8968 = CARTESIAN_POINT('',(7.319350509659E-02,0.453333333333));
#8969 = CARTESIAN_POINT('',(7.181851562028E-02,0.453333333333));
#8970 = CARTESIAN_POINT('',(7.044351585464E-02,0.453333333333));
#8971 = CARTESIAN_POINT('',(6.906850942214E-02,0.453333333333));
#8972 = CARTESIAN_POINT('',(6.769351331409E-02,0.453333333333));
#8973 = CARTESIAN_POINT('',(6.63185134572E-02,0.453333333333));
#8974 = CARTESIAN_POINT('',(6.344347335734E-02,0.453333333333));
#8975 = CARTESIAN_POINT('',(6.194350210408E-02,0.453333333333));
#8976 = CARTESIAN_POINT('',(6.044343245141E-02,0.453333333333));
#8977 = CARTESIAN_POINT('',(5.894357922281E-02,0.453333333333));
#8978 = CARTESIAN_POINT('',(5.744326264529E-02,0.453333333333));
#8979 = CARTESIAN_POINT('',(5.594337945779E-02,0.453333333333));
#8980 = CARTESIAN_POINT('',(5.444345808864E-02,0.453333333333));
#8981 = CARTESIAN_POINT('',(5.206850191828E-02,0.453333333333));
#8982 = CARTESIAN_POINT('',(5.119347850466E-02,0.453333333333));
#8983 = CARTESIAN_POINT('',(5.031845195107E-02,0.453333333333));
#8984 = CARTESIAN_POINT('',(4.944343040156E-02,0.453333333333));
#8985 = CARTESIAN_POINT('',(4.856842073321E-02,0.453333333333));
#8986 = CARTESIAN_POINT('',(4.76934285561E-02,0.453333333333));
#8987 = CARTESIAN_POINT('',(4.681845821328E-02,0.453333333333));
#8988 = CARTESIAN_POINT('',(4.444341877344E-02,0.453333333333));
#8989 = CARTESIAN_POINT('',(4.294336120245E-02,0.453333333333));
#8990 = CARTESIAN_POINT('',(4.144368522107E-02,0.453333333333));
#8991 = CARTESIAN_POINT('',(3.994254356263E-02,0.453333333333));
#8992 = CARTESIAN_POINT('',(3.844348358372E-02,0.453333333333));
#8993 = CARTESIAN_POINT('',(3.694344659369E-02,0.453333333333));
#8994 = CARTESIAN_POINT('',(3.544349277361E-02,0.453333333333));
#8995 = CARTESIAN_POINT('',(3.244322748807E-02,0.453333333333));
#8996 = CARTESIAN_POINT('',(3.094330552641E-02,0.453333333333));
#8997 = CARTESIAN_POINT('',(2.94439399457E-02,0.453333333333));
#8998 = CARTESIAN_POINT('',(2.794456617287E-02,0.453333333333));
#8999 = CARTESIAN_POINT('',(2.64418819762E-02,0.453333333333));
#9000 = CARTESIAN_POINT('',(2.494388029958E-02,0.453333333333));
#9001 = CARTESIAN_POINT('',(2.344374736821E-02,0.453333333333));
#9002 = CARTESIAN_POINT('',(2.056788284148E-02,0.453333333333));
#9003 = CARTESIAN_POINT('',(1.919174107601E-02,0.453333333333));
#9004 = CARTESIAN_POINT('',(1.781913303241E-02,0.453333333333));
#9005 = CARTESIAN_POINT('',(1.644262931886E-02,0.453333333333));
#9006 = CARTESIAN_POINT('',(1.506572191382E-02,0.453333333333));
#9007 = CARTESIAN_POINT('',(1.369295467901E-02,0.453333333333));
#9008 = CARTESIAN_POINT('',(1.231845241277E-02,0.453333333333));
#9009 = CARTESIAN_POINT('',(9.557361476317E-03,0.453333333333));
#9010 = CARTESIAN_POINT('',(8.19448437854E-03,0.453333333333));
#9011 = CARTESIAN_POINT('',(6.832007689035E-03,0.453333333333));
#9012 = CARTESIAN_POINT('',(5.45484124828E-03,0.453333333333));
#9013 = CARTESIAN_POINT('',(4.062798623376E-03,0.453333333333));
#9014 = CARTESIAN_POINT('',(2.669555266716E-03,0.453333333333));
#9015 = CARTESIAN_POINT('',(1.300933115251E-03,0.453333333333));
#9016 = CARTESIAN_POINT('',(0.,0.453333333333));
#9017 = ( GEOMETRIC_REPRESENTATION_CONTEXT(2) 
PARAMETRIC_REPRESENTATION_CONTEXT() REPRESENTATION_CONTEXT('2D SPACE',''
  ) );
#9018 = PCURVE('',#7734,#9019);
#9019 = DEFINITIONAL_REPRESENTATION('',(#9020),#9100);
#9020 = B_SPLINE_CURVE_WITH_KNOTS('',8,(#9021,#9022,#9023,#9024,#9025,
    #9026,#9027,#9028,#9029,#9030,#9031,#9032,#9033,#9034,#9035,#9036,
    #9037,#9038,#9039,#9040,#9041,#9042,#9043,#9044,#9045,#9046,#9047,
    #9048,#9049,#9050,#9051,#9052,#9053,#9054,#9055,#9056,#9057,#9058,
    #9059,#9060,#9061,#9062,#9063,#9064,#9065,#9066,#9067,#9068,#9069,
    #9070,#9071,#9072,#9073,#9074,#9075,#9076,#9077,#9078,#9079,#9080,
    #9081,#9082,#9083,#9084,#9085,#9086,#9087,#9088,#9089,#9090,#9091,
    #9092,#9093,#9094,#9095,#9096,#9097,#9098,#9099),.UNSPECIFIED.,.F.,
  .F.,(9,7,7,7,7,7,7,7,7,7,7,9),(0.,0.132850633903,0.240095711109,
    0.314343134857,0.372090945159,0.462837185721,0.561835637662,
    0.619587557265,0.718603227615,0.817639051221,0.908449278614,1.),
  .UNSPECIFIED.);
#9021 = CARTESIAN_POINT('',(9.597569869806,5.));
#9022 = CARTESIAN_POINT('',(9.494133585573,4.991426276734));
#9023 = CARTESIAN_POINT('',(9.390746463129,4.982261300499));
#9024 = CARTESIAN_POINT('',(9.287413810664,4.972486967015));
#9025 = CARTESIAN_POINT('',(9.18414181467,4.962081930446));
#9026 = CARTESIAN_POINT('',(9.080937005596,4.951026806836));
#9027 = CARTESIAN_POINT('',(8.97780623287,4.939304667898));
#9028 = CARTESIAN_POINT('',(8.874757149282,4.926896825154));
#9029 = CARTESIAN_POINT('',(8.688685316707,4.903180288107));
#9030 = CARTESIAN_POINT('',(8.605630968168,4.892120885723));
#9031 = CARTESIAN_POINT('',(8.522640362384,4.880585303156));
#9032 = CARTESIAN_POINT('',(8.439719403467,4.868554509708));
#9033 = CARTESIAN_POINT('',(8.356872513442,4.856021652485));
#9034 = CARTESIAN_POINT('',(8.274105048169,4.842976932427));
#9035 = CARTESIAN_POINT('',(8.19142522969,4.82939484996));
#9036 = CARTESIAN_POINT('',(8.051664144738,4.8054778266));
#9037 = CARTESIAN_POINT('',(7.994534467641,4.795429675689));
#9038 = CARTESIAN_POINT('',(7.937452611747,4.785111413208));
#9039 = CARTESIAN_POINT('',(7.880420734151,4.774517823901));
#9040 = CARTESIAN_POINT('',(7.823441169203,4.763643984091));
#9041 = CARTESIAN_POINT('',(7.766516579149,4.752484506248));
#9042 = CARTESIAN_POINT('',(7.70965010477,4.74103278356));
#9043 = CARTESIAN_POINT('',(7.608664311483,4.720139392451));
#9044 = CARTESIAN_POINT('',(7.564520710054,4.710816808449));
#9045 = CARTESIAN_POINT('',(7.520416437582,4.701309056838));
#9046 = CARTESIAN_POINT('',(7.476353219911,4.691612711959));
#9047 = CARTESIAN_POINT('',(7.432332782885,4.681724348152));
#9048 = CARTESIAN_POINT('',(7.38835685235,4.671640539757));
#9049 = CARTESIAN_POINT('',(7.344427154148,4.661357861114));
#9050 = CARTESIAN_POINT('',(7.231588636102,4.634396555811));
#9051 = CARTESIAN_POINT('',(7.162749034763,4.617420949538));
#9052 = CARTESIAN_POINT('',(7.094036253199,4.599932119998));
#9053 = CARTESIAN_POINT('',(7.025460983962,4.581909074165));
#9054 = CARTESIAN_POINT('',(6.957033638611,4.563334124931));
#9055 = CARTESIAN_POINT('',(6.88876428715,4.544190998782));
#9056 = CARTESIAN_POINT('',(6.8206631501,4.524460712813));
#9057 = CARTESIAN_POINT('',(6.678642043094,4.481940503155));
#9058 = CARTESIAN_POINT('',(6.604759167845,4.459036700647));
#9059 = CARTESIAN_POINT('',(6.53111449569,4.43537056771));
#9060 = CARTESIAN_POINT('',(6.457714006883,4.410944525355));
#9061 = CARTESIAN_POINT('',(6.384606244502,4.385657669298));
#9062 = CARTESIAN_POINT('',(6.31178085306,4.359564410986));
#9063 = CARTESIAN_POINT('',(6.239287628638,4.33257645037));
#9064 = CARTESIAN_POINT('',(6.125074787696,4.28836860784));
#9065 = CARTESIAN_POINT('',(6.083118561397,4.271762752216));
#9066 = CARTESIAN_POINT('',(6.041291647288,4.254831111257));
#9067 = CARTESIAN_POINT('',(5.999600637074,4.237565506891));
#9068 = CARTESIAN_POINT('',(5.958052889706,4.219957115338));
#9069 = CARTESIAN_POINT('',(5.916656531375,4.201996467109));
#9070 = CARTESIAN_POINT('',(5.875420455516,4.183673447008));
#9071 = CARTESIAN_POINT('',(5.763946435299,4.132922738662));
#9072 = CARTESIAN_POINT('',(5.694047280732,4.099763274993));
#9073 = CARTESIAN_POINT('',(5.624685019866,4.065471468174));
#9074 = CARTESIAN_POINT('',(5.555985601446,4.02985407998));
#9075 = CARTESIAN_POINT('',(5.487875565434,3.993098591953));
#9076 = CARTESIAN_POINT('',(5.420574465902,3.954902639958));
#9077 = CARTESIAN_POINT('',(5.354118427538,3.915266201655));
#9078 = CARTESIAN_POINT('',(5.223122766869,3.832901093292));
#9079 = CARTESIAN_POINT('',(5.15860294381,3.790182266762));
#9080 = CARTESIAN_POINT('',(5.095126357687,3.745870106817));
#9081 = CARTESIAN_POINT('',(5.03288995777,3.699813371953));
#9082 = CARTESIAN_POINT('',(4.972096109256,3.651789649457));
#9083 = CARTESIAN_POINT('',(4.912769923279,3.601983176904));
#9084 = CARTESIAN_POINT('',(4.85533922728,3.550031090713));
#9085 = CARTESIAN_POINT('',(4.749312260619,3.446243127837));
#9086 = CARTESIAN_POINT('',(4.70041205502,3.394760401861));
#9087 = CARTESIAN_POINT('',(4.653492072243,3.341382710172));
#9088 = CARTESIAN_POINT('',(4.608885538582,3.286002909799));
#9089 = CARTESIAN_POINT('',(4.566911685581,3.228563812479));
#9090 = CARTESIAN_POINT('',(4.527894791091,3.169075188043));
#9091 = CARTESIAN_POINT('',(4.492231019493,3.107588641828));
#9092 = CARTESIAN_POINT('',(4.428205993731,2.980235349989));
#9093 = CARTESIAN_POINT('',(4.400448008835,2.915450328187));
#9094 = CARTESIAN_POINT('',(4.376847843073,2.848807709271));
#9095 = CARTESIAN_POINT('',(4.357219469586,2.780085215715));
#9096 = CARTESIAN_POINT('',(4.342048337736,2.709571010575));
#9097 = CARTESIAN_POINT('',(4.332109892528,2.638139566606));
#9098 = CARTESIAN_POINT('',(4.327708668801,2.567445200492));
#9099 = CARTESIAN_POINT('',(4.328170819932,2.5));
#9100 = ( GEOMETRIC_REPRESENTATION_CONTEXT(2) 
PARAMETRIC_REPRESENTATION_CONTEXT() REPRESENTATION_CONTEXT('2D SPACE',''
  ) );
#9101 = ORIENTED_EDGE('',*,*,#7533,.F.);
#9102 = ORIENTED_EDGE('',*,*,#6727,.F.);
#9103 = ORIENTED_EDGE('',*,*,#6760,.F.);
#9104 = ORIENTED_EDGE('',*,*,#6536,.T.);
#9105 = ADVANCED_FACE('',(#9106,#9408),#7734,.F.);
#9106 = FACE_BOUND('',#9107,.F.);
#9107 = EDGE_LOOP('',(#9108,#9138,#9167,#9195,#9223,#9251,#9279,#9307,
    #9336,#9364,#9385,#9386,#9387));
#9108 = ORIENTED_EDGE('',*,*,#9109,.F.);
#9109 = EDGE_CURVE('',#9110,#9112,#9114,.T.);
#9110 = VERTEX_POINT('',#9111);
#9111 = CARTESIAN_POINT('',(52.07665596573,2.5,-1.3));
#9112 = VERTEX_POINT('',#9113);
#9113 = CARTESIAN_POINT('',(54.,2.5,-1.3));
#9114 = SURFACE_CURVE('',#9115,(#9119,#9126),.PCURVE_S1.);
#9115 = LINE('',#9116,#9117);
#9116 = CARTESIAN_POINT('',(50.,2.5,-1.3));
#9117 = VECTOR('',#9118,1.);
#9118 = DIRECTION('',(1.,0.,0.));
#9119 = PCURVE('',#7734,#9120);
#9120 = DEFINITIONAL_REPRESENTATION('',(#9121),#9125);
#9121 = LINE('',#9122,#9123);
#9122 = CARTESIAN_POINT('',(0.,5.));
#9123 = VECTOR('',#9124,1.);
#9124 = DIRECTION('',(1.,0.));
#9125 = ( GEOMETRIC_REPRESENTATION_CONTEXT(2) 
PARAMETRIC_REPRESENTATION_CONTEXT() REPRESENTATION_CONTEXT('2D SPACE',''
  ) );
#9126 = PCURVE('',#9127,#9132);
#9127 = PLANE('',#9128);
#9128 = AXIS2_PLACEMENT_3D('',#9129,#9130,#9131);
#9129 = CARTESIAN_POINT('',(50.,2.5,-1.3));
#9130 = DIRECTION('',(0.,1.,0.));
#9131 = DIRECTION('',(0.,0.,1.));
#9132 = DEFINITIONAL_REPRESENTATION('',(#9133),#9137);
#9133 = LINE('',#9134,#9135);
#9134 = CARTESIAN_POINT('',(0.,0.));
#9135 = VECTOR('',#9136,1.);
#9136 = DIRECTION('',(0.,1.));
#9137 = ( GEOMETRIC_REPRESENTATION_CONTEXT(2) 
PARAMETRIC_REPRESENTATION_CONTEXT() REPRESENTATION_CONTEXT('2D SPACE',''
  ) );
#9138 = ORIENTED_EDGE('',*,*,#9139,.T.);
#9139 = EDGE_CURVE('',#9110,#9140,#9142,.T.);
#9140 = VERTEX_POINT('',#9141);
#9141 = CARTESIAN_POINT('',(47.8,2.392174742781,-1.3));
#9142 = SURFACE_CURVE('',#9143,(#9148,#9155),.PCURVE_S1.);
#9143 = CIRCLE('',#9144,3.25);
#9144 = AXIS2_PLACEMENT_3D('',#9145,#9146,#9147);
#9145 = CARTESIAN_POINT('',(50.,0.,-1.3));
#9146 = DIRECTION('',(0.,0.,1.));
#9147 = DIRECTION('',(1.,0.,0.));
#9148 = PCURVE('',#7734,#9149);
#9149 = DEFINITIONAL_REPRESENTATION('',(#9150),#9154);
#9150 = CIRCLE('',#9151,3.25);
#9151 = AXIS2_PLACEMENT_2D('',#9152,#9153);
#9152 = CARTESIAN_POINT('',(0.,2.5));
#9153 = DIRECTION('',(1.,0.));
#9154 = ( GEOMETRIC_REPRESENTATION_CONTEXT(2) 
PARAMETRIC_REPRESENTATION_CONTEXT() REPRESENTATION_CONTEXT('2D SPACE',''
  ) );
#9155 = PCURVE('',#9156,#9161);
#9156 = CYLINDRICAL_SURFACE('',#9157,3.25);
#9157 = AXIS2_PLACEMENT_3D('',#9158,#9159,#9160);
#9158 = CARTESIAN_POINT('',(50.,0.,-1.3));
#9159 = DIRECTION('',(0.,0.,1.));
#9160 = DIRECTION('',(1.,0.,0.));
#9161 = DEFINITIONAL_REPRESENTATION('',(#9162),#9166);
#9162 = LINE('',#9163,#9164);
#9163 = CARTESIAN_POINT('',(0.,0.));
#9164 = VECTOR('',#9165,1.);
#9165 = DIRECTION('',(1.,0.));
#9166 = ( GEOMETRIC_REPRESENTATION_CONTEXT(2) 
PARAMETRIC_REPRESENTATION_CONTEXT() REPRESENTATION_CONTEXT('2D SPACE',''
  ) );
#9167 = ORIENTED_EDGE('',*,*,#9168,.T.);
#9168 = EDGE_CURVE('',#9140,#9169,#9171,.T.);
#9169 = VERTEX_POINT('',#9170);
#9170 = CARTESIAN_POINT('',(47.8,5.5,-1.3));
#9171 = SURFACE_CURVE('',#9172,(#9176,#9183),.PCURVE_S1.);
#9172 = LINE('',#9173,#9174);
#9173 = CARTESIAN_POINT('',(47.8,-5.5,-1.3));
#9174 = VECTOR('',#9175,1.);
#9175 = DIRECTION('',(0.,1.,0.));
#9176 = PCURVE('',#7734,#9177);
#9177 = DEFINITIONAL_REPRESENTATION('',(#9178),#9182);
#9178 = LINE('',#9179,#9180);
#9179 = CARTESIAN_POINT('',(-2.2,-3.));
#9180 = VECTOR('',#9181,1.);
#9181 = DIRECTION('',(0.,1.));
#9182 = ( GEOMETRIC_REPRESENTATION_CONTEXT(2) 
PARAMETRIC_REPRESENTATION_CONTEXT() REPRESENTATION_CONTEXT('2D SPACE',''
  ) );
#9183 = PCURVE('',#9184,#9189);
#9184 = PLANE('',#9185);
#9185 = AXIS2_PLACEMENT_3D('',#9186,#9187,#9188);
#9186 = CARTESIAN_POINT('',(47.8,-5.5,-1.3));
#9187 = DIRECTION('',(1.,0.,0.));
#9188 = DIRECTION('',(0.,0.,1.));
#9189 = DEFINITIONAL_REPRESENTATION('',(#9190),#9194);
#9190 = LINE('',#9191,#9192);
#9191 = CARTESIAN_POINT('',(0.,0.));
#9192 = VECTOR('',#9193,1.);
#9193 = DIRECTION('',(0.,-1.));
#9194 = ( GEOMETRIC_REPRESENTATION_CONTEXT(2) 
PARAMETRIC_REPRESENTATION_CONTEXT() REPRESENTATION_CONTEXT('2D SPACE',''
  ) );
#9195 = ORIENTED_EDGE('',*,*,#9196,.F.);
#9196 = EDGE_CURVE('',#9197,#9169,#9199,.T.);
#9197 = VERTEX_POINT('',#9198);
#9198 = CARTESIAN_POINT('',(45.8,5.5,-1.3));
#9199 = SURFACE_CURVE('',#9200,(#9204,#9211),.PCURVE_S1.);
#9200 = LINE('',#9201,#9202);
#9201 = CARTESIAN_POINT('',(45.8,5.5,-1.3));
#9202 = VECTOR('',#9203,1.);
#9203 = DIRECTION('',(1.,0.,0.));
#9204 = PCURVE('',#7734,#9205);
#9205 = DEFINITIONAL_REPRESENTATION('',(#9206),#9210);
#9206 = LINE('',#9207,#9208);
#9207 = CARTESIAN_POINT('',(-4.2,8.));
#9208 = VECTOR('',#9209,1.);
#9209 = DIRECTION('',(1.,0.));
#9210 = ( GEOMETRIC_REPRESENTATION_CONTEXT(2) 
PARAMETRIC_REPRESENTATION_CONTEXT() REPRESENTATION_CONTEXT('2D SPACE',''
  ) );
#9211 = PCURVE('',#9212,#9217);
#9212 = PLANE('',#9213);
#9213 = AXIS2_PLACEMENT_3D('',#9214,#9215,#9216);
#9214 = CARTESIAN_POINT('',(45.8,5.5,-1.3));
#9215 = DIRECTION('',(0.,1.,0.));
#9216 = DIRECTION('',(0.,0.,1.));
#9217 = DEFINITIONAL_REPRESENTATION('',(#9218),#9222);
#9218 = LINE('',#9219,#9220);
#9219 = CARTESIAN_POINT('',(0.,0.));
#9220 = VECTOR('',#9221,1.);
#9221 = DIRECTION('',(0.,1.));
#9222 = ( GEOMETRIC_REPRESENTATION_CONTEXT(2) 
PARAMETRIC_REPRESENTATION_CONTEXT() REPRESENTATION_CONTEXT('2D SPACE',''
  ) );
#9223 = ORIENTED_EDGE('',*,*,#9224,.F.);
#9224 = EDGE_CURVE('',#9225,#9197,#9227,.T.);
#9225 = VERTEX_POINT('',#9226);
#9226 = CARTESIAN_POINT('',(45.8,-5.5,-1.3));
#9227 = SURFACE_CURVE('',#9228,(#9232,#9239),.PCURVE_S1.);
#9228 = LINE('',#9229,#9230);
#9229 = CARTESIAN_POINT('',(45.8,-5.5,-1.3));
#9230 = VECTOR('',#9231,1.);
#9231 = DIRECTION('',(0.,1.,0.));
#9232 = PCURVE('',#7734,#9233);
#9233 = DEFINITIONAL_REPRESENTATION('',(#9234),#9238);
#9234 = LINE('',#9235,#9236);
#9235 = CARTESIAN_POINT('',(-4.2,-3.));
#9236 = VECTOR('',#9237,1.);
#9237 = DIRECTION('',(0.,1.));
#9238 = ( GEOMETRIC_REPRESENTATION_CONTEXT(2) 
PARAMETRIC_REPRESENTATION_CONTEXT() REPRESENTATION_CONTEXT('2D SPACE',''
  ) );
#9239 = PCURVE('',#9240,#9245);
#9240 = PLANE('',#9241);
#9241 = AXIS2_PLACEMENT_3D('',#9242,#9243,#9244);
#9242 = CARTESIAN_POINT('',(45.8,-5.5,-1.3));
#9243 = DIRECTION('',(1.,0.,0.));
#9244 = DIRECTION('',(0.,0.,1.));
#9245 = DEFINITIONAL_REPRESENTATION('',(#9246),#9250);
#9246 = LINE('',#9247,#9248);
#9247 = CARTESIAN_POINT('',(0.,0.));
#9248 = VECTOR('',#9249,1.);
#9249 = DIRECTION('',(0.,-1.));
#9250 = ( GEOMETRIC_REPRESENTATION_CONTEXT(2) 
PARAMETRIC_REPRESENTATION_CONTEXT() REPRESENTATION_CONTEXT('2D SPACE',''
  ) );
#9251 = ORIENTED_EDGE('',*,*,#9252,.T.);
#9252 = EDGE_CURVE('',#9225,#9253,#9255,.T.);
#9253 = VERTEX_POINT('',#9254);
#9254 = CARTESIAN_POINT('',(47.8,-5.5,-1.3));
#9255 = SURFACE_CURVE('',#9256,(#9260,#9267),.PCURVE_S1.);
#9256 = LINE('',#9257,#9258);
#9257 = CARTESIAN_POINT('',(45.8,-5.5,-1.3));
#9258 = VECTOR('',#9259,1.);
#9259 = DIRECTION('',(1.,0.,0.));
#9260 = PCURVE('',#7734,#9261);
#9261 = DEFINITIONAL_REPRESENTATION('',(#9262),#9266);
#9262 = LINE('',#9263,#9264);
#9263 = CARTESIAN_POINT('',(-4.2,-3.));
#9264 = VECTOR('',#9265,1.);
#9265 = DIRECTION('',(1.,0.));
#9266 = ( GEOMETRIC_REPRESENTATION_CONTEXT(2) 
PARAMETRIC_REPRESENTATION_CONTEXT() REPRESENTATION_CONTEXT('2D SPACE',''
  ) );
#9267 = PCURVE('',#9268,#9273);
#9268 = PLANE('',#9269);
#9269 = AXIS2_PLACEMENT_3D('',#9270,#9271,#9272);
#9270 = CARTESIAN_POINT('',(45.8,-5.5,-1.3));
#9271 = DIRECTION('',(0.,1.,0.));
#9272 = DIRECTION('',(0.,0.,1.));
#9273 = DEFINITIONAL_REPRESENTATION('',(#9274),#9278);
#9274 = LINE('',#9275,#9276);
#9275 = CARTESIAN_POINT('',(0.,0.));
#9276 = VECTOR('',#9277,1.);
#9277 = DIRECTION('',(0.,1.));
#9278 = ( GEOMETRIC_REPRESENTATION_CONTEXT(2) 
PARAMETRIC_REPRESENTATION_CONTEXT() REPRESENTATION_CONTEXT('2D SPACE',''
  ) );
#9279 = ORIENTED_EDGE('',*,*,#9280,.T.);
#9280 = EDGE_CURVE('',#9253,#9281,#9283,.T.);
#9281 = VERTEX_POINT('',#9282);
#9282 = CARTESIAN_POINT('',(47.8,-2.392174742781,-1.3));
#9283 = SURFACE_CURVE('',#9284,(#9288,#9295),.PCURVE_S1.);
#9284 = LINE('',#9285,#9286);
#9285 = CARTESIAN_POINT('',(47.8,-5.5,-1.3));
#9286 = VECTOR('',#9287,1.);
#9287 = DIRECTION('',(0.,1.,0.));
#9288 = PCURVE('',#7734,#9289);
#9289 = DEFINITIONAL_REPRESENTATION('',(#9290),#9294);
#9290 = LINE('',#9291,#9292);
#9291 = CARTESIAN_POINT('',(-2.2,-3.));
#9292 = VECTOR('',#9293,1.);
#9293 = DIRECTION('',(0.,1.));
#9294 = ( GEOMETRIC_REPRESENTATION_CONTEXT(2) 
PARAMETRIC_REPRESENTATION_CONTEXT() REPRESENTATION_CONTEXT('2D SPACE',''
  ) );
#9295 = PCURVE('',#9296,#9301);
#9296 = PLANE('',#9297);
#9297 = AXIS2_PLACEMENT_3D('',#9298,#9299,#9300);
#9298 = CARTESIAN_POINT('',(47.8,-5.5,-1.3));
#9299 = DIRECTION('',(1.,0.,0.));
#9300 = DIRECTION('',(0.,0.,1.));
#9301 = DEFINITIONAL_REPRESENTATION('',(#9302),#9306);
#9302 = LINE('',#9303,#9304);
#9303 = CARTESIAN_POINT('',(0.,0.));
#9304 = VECTOR('',#9305,1.);
#9305 = DIRECTION('',(0.,-1.));
#9306 = ( GEOMETRIC_REPRESENTATION_CONTEXT(2) 
PARAMETRIC_REPRESENTATION_CONTEXT() REPRESENTATION_CONTEXT('2D SPACE',''
  ) );
#9307 = ORIENTED_EDGE('',*,*,#9308,.T.);
#9308 = EDGE_CURVE('',#9281,#9309,#9311,.T.);
#9309 = VERTEX_POINT('',#9310);
#9310 = CARTESIAN_POINT('',(52.07665596573,-2.5,-1.3));
#9311 = SURFACE_CURVE('',#9312,(#9317,#9324),.PCURVE_S1.);
#9312 = CIRCLE('',#9313,3.25);
#9313 = AXIS2_PLACEMENT_3D('',#9314,#9315,#9316);
#9314 = CARTESIAN_POINT('',(50.,0.,-1.3));
#9315 = DIRECTION('',(0.,0.,1.));
#9316 = DIRECTION('',(1.,0.,0.));
#9317 = PCURVE('',#7734,#9318);
#9318 = DEFINITIONAL_REPRESENTATION('',(#9319),#9323);
#9319 = CIRCLE('',#9320,3.25);
#9320 = AXIS2_PLACEMENT_2D('',#9321,#9322);
#9321 = CARTESIAN_POINT('',(0.,2.5));
#9322 = DIRECTION('',(1.,0.));
#9323 = ( GEOMETRIC_REPRESENTATION_CONTEXT(2) 
PARAMETRIC_REPRESENTATION_CONTEXT() REPRESENTATION_CONTEXT('2D SPACE',''
  ) );
#9324 = PCURVE('',#9325,#9330);
#9325 = CYLINDRICAL_SURFACE('',#9326,3.25);
#9326 = AXIS2_PLACEMENT_3D('',#9327,#9328,#9329);
#9327 = CARTESIAN_POINT('',(50.,0.,-1.3));
#9328 = DIRECTION('',(0.,0.,1.));
#9329 = DIRECTION('',(1.,0.,0.));
#9330 = DEFINITIONAL_REPRESENTATION('',(#9331),#9335);
#9331 = LINE('',#9332,#9333);
#9332 = CARTESIAN_POINT('',(0.,0.));
#9333 = VECTOR('',#9334,1.);
#9334 = DIRECTION('',(1.,0.));
#9335 = ( GEOMETRIC_REPRESENTATION_CONTEXT(2) 
PARAMETRIC_REPRESENTATION_CONTEXT() REPRESENTATION_CONTEXT('2D SPACE',''
  ) );
#9336 = ORIENTED_EDGE('',*,*,#9337,.T.);
#9337 = EDGE_CURVE('',#9309,#9338,#9340,.T.);
#9338 = VERTEX_POINT('',#9339);
#9339 = CARTESIAN_POINT('',(54.,-2.5,-1.3));
#9340 = SURFACE_CURVE('',#9341,(#9345,#9352),.PCURVE_S1.);
#9341 = LINE('',#9342,#9343);
#9342 = CARTESIAN_POINT('',(50.,-2.5,-1.3));
#9343 = VECTOR('',#9344,1.);
#9344 = DIRECTION('',(1.,0.,0.));
#9345 = PCURVE('',#7734,#9346);
#9346 = DEFINITIONAL_REPRESENTATION('',(#9347),#9351);
#9347 = LINE('',#9348,#9349);
#9348 = CARTESIAN_POINT('',(0.,0.));
#9349 = VECTOR('',#9350,1.);
#9350 = DIRECTION('',(1.,0.));
#9351 = ( GEOMETRIC_REPRESENTATION_CONTEXT(2) 
PARAMETRIC_REPRESENTATION_CONTEXT() REPRESENTATION_CONTEXT('2D SPACE',''
  ) );
#9352 = PCURVE('',#9353,#9358);
#9353 = PLANE('',#9354);
#9354 = AXIS2_PLACEMENT_3D('',#9355,#9356,#9357);
#9355 = CARTESIAN_POINT('',(50.,-2.5,-1.3));
#9356 = DIRECTION('',(0.,1.,0.));
#9357 = DIRECTION('',(0.,0.,1.));
#9358 = DEFINITIONAL_REPRESENTATION('',(#9359),#9363);
#9359 = LINE('',#9360,#9361);
#9360 = CARTESIAN_POINT('',(0.,0.));
#9361 = VECTOR('',#9362,1.);
#9362 = DIRECTION('',(0.,1.));
#9363 = ( GEOMETRIC_REPRESENTATION_CONTEXT(2) 
PARAMETRIC_REPRESENTATION_CONTEXT() REPRESENTATION_CONTEXT('2D SPACE',''
  ) );
#9364 = ORIENTED_EDGE('',*,*,#9365,.F.);
#9365 = EDGE_CURVE('',#7567,#9338,#9366,.T.);
#9366 = SURFACE_CURVE('',#9367,(#9371,#9378),.PCURVE_S1.);
#9367 = LINE('',#9368,#9369);
#9368 = CARTESIAN_POINT('',(53.929791976226,-2.5220653789,-1.3));
#9369 = VECTOR('',#9370,1.);
#9370 = DIRECTION('',(-0.953993716901,-0.29982659674,0.));
#9371 = PCURVE('',#7734,#9372);
#9372 = DEFINITIONAL_REPRESENTATION('',(#9373),#9377);
#9373 = LINE('',#9374,#9375);
#9374 = CARTESIAN_POINT('',(3.929791976226,-2.206537890045E-02));
#9375 = VECTOR('',#9376,1.);
#9376 = DIRECTION('',(-0.953993716901,-0.29982659674));
#9377 = ( GEOMETRIC_REPRESENTATION_CONTEXT(2) 
PARAMETRIC_REPRESENTATION_CONTEXT() REPRESENTATION_CONTEXT('2D SPACE',''
  ) );
#9378 = PCURVE('',#7896,#9379);
#9379 = DEFINITIONAL_REPRESENTATION('',(#9380),#9384);
#9380 = LINE('',#9381,#9382);
#9381 = CARTESIAN_POINT('',(-0.,3.742381066587));
#9382 = VECTOR('',#9383,1.);
#9383 = DIRECTION('',(-0.,1.));
#9384 = ( GEOMETRIC_REPRESENTATION_CONTEXT(2) 
PARAMETRIC_REPRESENTATION_CONTEXT() REPRESENTATION_CONTEXT('2D SPACE',''
  ) );
#9385 = ORIENTED_EDGE('',*,*,#7566,.F.);
#9386 = ORIENTED_EDGE('',*,*,#8853,.F.);
#9387 = ORIENTED_EDGE('',*,*,#9388,.T.);
#9388 = EDGE_CURVE('',#8739,#9112,#9389,.T.);
#9389 = SURFACE_CURVE('',#9390,(#9394,#9401),.PCURVE_S1.);
#9390 = LINE('',#9391,#9392);
#9391 = CARTESIAN_POINT('',(54.644873699851,2.297325408618,-1.3));
#9392 = VECTOR('',#9393,1.);
#9393 = DIRECTION('',(-0.953993716901,0.29982659674,0.));
#9394 = PCURVE('',#7734,#9395);
#9395 = DEFINITIONAL_REPRESENTATION('',(#9396),#9400);
#9396 = LINE('',#9397,#9398);
#9397 = CARTESIAN_POINT('',(4.644873699851,4.797325408618));
#9398 = VECTOR('',#9399,1.);
#9399 = DIRECTION('',(-0.953993716901,0.29982659674));
#9400 = ( GEOMETRIC_REPRESENTATION_CONTEXT(2) 
PARAMETRIC_REPRESENTATION_CONTEXT() REPRESENTATION_CONTEXT('2D SPACE',''
  ) );
#9401 = PCURVE('',#8812,#9402);
#9402 = DEFINITIONAL_REPRESENTATION('',(#9403),#9407);
#9403 = LINE('',#9404,#9405);
#9404 = CARTESIAN_POINT('',(-0.,2.992814574736));
#9405 = VECTOR('',#9406,1.);
#9406 = DIRECTION('',(-0.,1.));
#9407 = ( GEOMETRIC_REPRESENTATION_CONTEXT(2) 
PARAMETRIC_REPRESENTATION_CONTEXT() REPRESENTATION_CONTEXT('2D SPACE',''
  ) );
#9408 = FACE_BOUND('',#9409,.F.);
#9409 = EDGE_LOOP('',(#9410));
#9410 = ORIENTED_EDGE('',*,*,#9411,.F.);
#9411 = EDGE_CURVE('',#9412,#9412,#9414,.T.);
#9412 = VERTEX_POINT('',#9413);
#9413 = CARTESIAN_POINT('',(50.95,-2.32682891838E-16,-1.3));
#9414 = SURFACE_CURVE('',#9415,(#9420,#9427),.PCURVE_S1.);
#9415 = CIRCLE('',#9416,0.95);
#9416 = AXIS2_PLACEMENT_3D('',#9417,#9418,#9419);
#9417 = CARTESIAN_POINT('',(50.,0.,-1.3));
#9418 = DIRECTION('',(0.,0.,1.));
#9419 = DIRECTION('',(1.,0.,-0.));
#9420 = PCURVE('',#7734,#9421);
#9421 = DEFINITIONAL_REPRESENTATION('',(#9422),#9426);
#9422 = CIRCLE('',#9423,0.95);
#9423 = AXIS2_PLACEMENT_2D('',#9424,#9425);
#9424 = CARTESIAN_POINT('',(0.,2.5));
#9425 = DIRECTION('',(1.,0.));
#9426 = ( GEOMETRIC_REPRESENTATION_CONTEXT(2) 
PARAMETRIC_REPRESENTATION_CONTEXT() REPRESENTATION_CONTEXT('2D SPACE',''
  ) );
#9427 = PCURVE('',#9428,#9433);
#9428 = CYLINDRICAL_SURFACE('',#9429,0.95);
#9429 = AXIS2_PLACEMENT_3D('',#9430,#9431,#9432);
#9430 = CARTESIAN_POINT('',(50.,0.,-4.7));
#9431 = DIRECTION('',(0.,0.,1.));
#9432 = DIRECTION('',(1.,0.,0.));
#9433 = DEFINITIONAL_REPRESENTATION('',(#9434),#9438);
#9434 = LINE('',#9435,#9436);
#9435 = CARTESIAN_POINT('',(0.,3.4));
#9436 = VECTOR('',#9437,1.);
#9437 = DIRECTION('',(1.,0.));
#9438 = ( GEOMETRIC_REPRESENTATION_CONTEXT(2) 
PARAMETRIC_REPRESENTATION_CONTEXT() REPRESENTATION_CONTEXT('2D SPACE',''
  ) );
#9439 = ADVANCED_FACE('',(#9440),#8812,.T.);
#9440 = FACE_BOUND('',#9441,.F.);
#9441 = EDGE_LOOP('',(#9442,#9443,#9444,#9467));
#9442 = ORIENTED_EDGE('',*,*,#9388,.F.);
#9443 = ORIENTED_EDGE('',*,*,#8738,.F.);
#9444 = ORIENTED_EDGE('',*,*,#9445,.T.);
#9445 = EDGE_CURVE('',#8488,#9446,#9448,.T.);
#9446 = VERTEX_POINT('',#9447);
#9447 = CARTESIAN_POINT('',(54.,2.5,4.3));
#9448 = SURFACE_CURVE('',#9449,(#9453,#9460),.PCURVE_S1.);
#9449 = LINE('',#9450,#9451);
#9450 = CARTESIAN_POINT('',(54.644873699851,2.297325408618,4.3));
#9451 = VECTOR('',#9452,1.);
#9452 = DIRECTION('',(-0.953993716901,0.29982659674,0.));
#9453 = PCURVE('',#8812,#9454);
#9454 = DEFINITIONAL_REPRESENTATION('',(#9455),#9459);
#9455 = LINE('',#9456,#9457);
#9456 = CARTESIAN_POINT('',(-5.6,2.992814574736));
#9457 = VECTOR('',#9458,1.);
#9458 = DIRECTION('',(-0.,1.));
#9459 = ( GEOMETRIC_REPRESENTATION_CONTEXT(2) 
PARAMETRIC_REPRESENTATION_CONTEXT() REPRESENTATION_CONTEXT('2D SPACE',''
  ) );
#9460 = PCURVE('',#8105,#9461);
#9461 = DEFINITIONAL_REPRESENTATION('',(#9462),#9466);
#9462 = LINE('',#9463,#9464);
#9463 = CARTESIAN_POINT('',(4.644873699851,4.797325408618));
#9464 = VECTOR('',#9465,1.);
#9465 = DIRECTION('',(-0.953993716901,0.29982659674));
#9466 = ( GEOMETRIC_REPRESENTATION_CONTEXT(2) 
PARAMETRIC_REPRESENTATION_CONTEXT() REPRESENTATION_CONTEXT('2D SPACE',''
  ) );
#9467 = ORIENTED_EDGE('',*,*,#9468,.F.);
#9468 = EDGE_CURVE('',#9112,#9446,#9469,.T.);
#9469 = SURFACE_CURVE('',#9470,(#9474,#9481),.PCURVE_S1.);
#9470 = LINE('',#9471,#9472);
#9471 = CARTESIAN_POINT('',(54.,2.5,-1.3));
#9472 = VECTOR('',#9473,1.);
#9473 = DIRECTION('',(0.,0.,1.));
#9474 = PCURVE('',#8812,#9475);
#9475 = DEFINITIONAL_REPRESENTATION('',(#9476),#9480);
#9476 = LINE('',#9477,#9478);
#9477 = CARTESIAN_POINT('',(-0.,3.668787265569));
#9478 = VECTOR('',#9479,1.);
#9479 = DIRECTION('',(-1.,0.));
#9480 = ( GEOMETRIC_REPRESENTATION_CONTEXT(2) 
PARAMETRIC_REPRESENTATION_CONTEXT() REPRESENTATION_CONTEXT('2D SPACE',''
  ) );
#9481 = PCURVE('',#9127,#9482);
#9482 = DEFINITIONAL_REPRESENTATION('',(#9483),#9487);
#9483 = LINE('',#9484,#9485);
#9484 = CARTESIAN_POINT('',(0.,4.));
#9485 = VECTOR('',#9486,1.);
#9486 = DIRECTION('',(1.,0.));
#9487 = ( GEOMETRIC_REPRESENTATION_CONTEXT(2) 
PARAMETRIC_REPRESENTATION_CONTEXT() REPRESENTATION_CONTEXT('2D SPACE',''
  ) );
#9488 = ADVANCED_FACE('',(#9489,#9724),#8105,.T.);
#9489 = FACE_BOUND('',#9490,.T.);
#9490 = EDGE_LOOP('',(#9491,#9514,#9538,#9561,#9584,#9607,#9630,#9653,
    #9677,#9700,#9721,#9722,#9723));
#9491 = ORIENTED_EDGE('',*,*,#9492,.F.);
#9492 = EDGE_CURVE('',#9493,#9446,#9495,.T.);
#9493 = VERTEX_POINT('',#9494);
#9494 = CARTESIAN_POINT('',(52.07665596573,2.5,4.3));
#9495 = SURFACE_CURVE('',#9496,(#9500,#9507),.PCURVE_S1.);
#9496 = LINE('',#9497,#9498);
#9497 = CARTESIAN_POINT('',(50.,2.5,4.3));
#9498 = VECTOR('',#9499,1.);
#9499 = DIRECTION('',(1.,0.,0.));
#9500 = PCURVE('',#8105,#9501);
#9501 = DEFINITIONAL_REPRESENTATION('',(#9502),#9506);
#9502 = LINE('',#9503,#9504);
#9503 = CARTESIAN_POINT('',(0.,5.));
#9504 = VECTOR('',#9505,1.);
#9505 = DIRECTION('',(1.,0.));
#9506 = ( GEOMETRIC_REPRESENTATION_CONTEXT(2) 
PARAMETRIC_REPRESENTATION_CONTEXT() REPRESENTATION_CONTEXT('2D SPACE',''
  ) );
#9507 = PCURVE('',#9127,#9508);
#9508 = DEFINITIONAL_REPRESENTATION('',(#9509),#9513);
#9509 = LINE('',#9510,#9511);
#9510 = CARTESIAN_POINT('',(5.6,0.));
#9511 = VECTOR('',#9512,1.);
#9512 = DIRECTION('',(0.,1.));
#9513 = ( GEOMETRIC_REPRESENTATION_CONTEXT(2) 
PARAMETRIC_REPRESENTATION_CONTEXT() REPRESENTATION_CONTEXT('2D SPACE',''
  ) );
#9514 = ORIENTED_EDGE('',*,*,#9515,.T.);
#9515 = EDGE_CURVE('',#9493,#9516,#9518,.T.);
#9516 = VERTEX_POINT('',#9517);
#9517 = CARTESIAN_POINT('',(47.8,2.392174742781,4.3));
#9518 = SURFACE_CURVE('',#9519,(#9524,#9531),.PCURVE_S1.);
#9519 = CIRCLE('',#9520,3.25);
#9520 = AXIS2_PLACEMENT_3D('',#9521,#9522,#9523);
#9521 = CARTESIAN_POINT('',(50.,0.,4.3));
#9522 = DIRECTION('',(0.,0.,1.));
#9523 = DIRECTION('',(1.,0.,0.));
#9524 = PCURVE('',#8105,#9525);
#9525 = DEFINITIONAL_REPRESENTATION('',(#9526),#9530);
#9526 = CIRCLE('',#9527,3.25);
#9527 = AXIS2_PLACEMENT_2D('',#9528,#9529);
#9528 = CARTESIAN_POINT('',(0.,2.5));
#9529 = DIRECTION('',(1.,0.));
#9530 = ( GEOMETRIC_REPRESENTATION_CONTEXT(2) 
PARAMETRIC_REPRESENTATION_CONTEXT() REPRESENTATION_CONTEXT('2D SPACE',''
  ) );
#9531 = PCURVE('',#9156,#9532);
#9532 = DEFINITIONAL_REPRESENTATION('',(#9533),#9537);
#9533 = LINE('',#9534,#9535);
#9534 = CARTESIAN_POINT('',(0.,5.6));
#9535 = VECTOR('',#9536,1.);
#9536 = DIRECTION('',(1.,0.));
#9537 = ( GEOMETRIC_REPRESENTATION_CONTEXT(2) 
PARAMETRIC_REPRESENTATION_CONTEXT() REPRESENTATION_CONTEXT('2D SPACE',''
  ) );
#9538 = ORIENTED_EDGE('',*,*,#9539,.T.);
#9539 = EDGE_CURVE('',#9516,#9540,#9542,.T.);
#9540 = VERTEX_POINT('',#9541);
#9541 = CARTESIAN_POINT('',(47.8,5.5,4.3));
#9542 = SURFACE_CURVE('',#9543,(#9547,#9554),.PCURVE_S1.);
#9543 = LINE('',#9544,#9545);
#9544 = CARTESIAN_POINT('',(47.8,-5.5,4.3));
#9545 = VECTOR('',#9546,1.);
#9546 = DIRECTION('',(0.,1.,0.));
#9547 = PCURVE('',#8105,#9548);
#9548 = DEFINITIONAL_REPRESENTATION('',(#9549),#9553);
#9549 = LINE('',#9550,#9551);
#9550 = CARTESIAN_POINT('',(-2.2,-3.));
#9551 = VECTOR('',#9552,1.);
#9552 = DIRECTION('',(0.,1.));
#9553 = ( GEOMETRIC_REPRESENTATION_CONTEXT(2) 
PARAMETRIC_REPRESENTATION_CONTEXT() REPRESENTATION_CONTEXT('2D SPACE',''
  ) );
#9554 = PCURVE('',#9184,#9555);
#9555 = DEFINITIONAL_REPRESENTATION('',(#9556),#9560);
#9556 = LINE('',#9557,#9558);
#9557 = CARTESIAN_POINT('',(5.6,0.));
#9558 = VECTOR('',#9559,1.);
#9559 = DIRECTION('',(0.,-1.));
#9560 = ( GEOMETRIC_REPRESENTATION_CONTEXT(2) 
PARAMETRIC_REPRESENTATION_CONTEXT() REPRESENTATION_CONTEXT('2D SPACE',''
  ) );
#9561 = ORIENTED_EDGE('',*,*,#9562,.F.);
#9562 = EDGE_CURVE('',#9563,#9540,#9565,.T.);
#9563 = VERTEX_POINT('',#9564);
#9564 = CARTESIAN_POINT('',(45.8,5.5,4.3));
#9565 = SURFACE_CURVE('',#9566,(#9570,#9577),.PCURVE_S1.);
#9566 = LINE('',#9567,#9568);
#9567 = CARTESIAN_POINT('',(45.8,5.5,4.3));
#9568 = VECTOR('',#9569,1.);
#9569 = DIRECTION('',(1.,0.,0.));
#9570 = PCURVE('',#8105,#9571);
#9571 = DEFINITIONAL_REPRESENTATION('',(#9572),#9576);
#9572 = LINE('',#9573,#9574);
#9573 = CARTESIAN_POINT('',(-4.2,8.));
#9574 = VECTOR('',#9575,1.);
#9575 = DIRECTION('',(1.,0.));
#9576 = ( GEOMETRIC_REPRESENTATION_CONTEXT(2) 
PARAMETRIC_REPRESENTATION_CONTEXT() REPRESENTATION_CONTEXT('2D SPACE',''
  ) );
#9577 = PCURVE('',#9212,#9578);
#9578 = DEFINITIONAL_REPRESENTATION('',(#9579),#9583);
#9579 = LINE('',#9580,#9581);
#9580 = CARTESIAN_POINT('',(5.6,0.));
#9581 = VECTOR('',#9582,1.);
#9582 = DIRECTION('',(0.,1.));
#9583 = ( GEOMETRIC_REPRESENTATION_CONTEXT(2) 
PARAMETRIC_REPRESENTATION_CONTEXT() REPRESENTATION_CONTEXT('2D SPACE',''
  ) );
#9584 = ORIENTED_EDGE('',*,*,#9585,.F.);
#9585 = EDGE_CURVE('',#9586,#9563,#9588,.T.);
#9586 = VERTEX_POINT('',#9587);
#9587 = CARTESIAN_POINT('',(45.8,-5.5,4.3));
#9588 = SURFACE_CURVE('',#9589,(#9593,#9600),.PCURVE_S1.);
#9589 = LINE('',#9590,#9591);
#9590 = CARTESIAN_POINT('',(45.8,-5.5,4.3));
#9591 = VECTOR('',#9592,1.);
#9592 = DIRECTION('',(0.,1.,0.));
#9593 = PCURVE('',#8105,#9594);
#9594 = DEFINITIONAL_REPRESENTATION('',(#9595),#9599);
#9595 = LINE('',#9596,#9597);
#9596 = CARTESIAN_POINT('',(-4.2,-3.));
#9597 = VECTOR('',#9598,1.);
#9598 = DIRECTION('',(0.,1.));
#9599 = ( GEOMETRIC_REPRESENTATION_CONTEXT(2) 
PARAMETRIC_REPRESENTATION_CONTEXT() REPRESENTATION_CONTEXT('2D SPACE',''
  ) );
#9600 = PCURVE('',#9240,#9601);
#9601 = DEFINITIONAL_REPRESENTATION('',(#9602),#9606);
#9602 = LINE('',#9603,#9604);
#9603 = CARTESIAN_POINT('',(5.6,0.));
#9604 = VECTOR('',#9605,1.);
#9605 = DIRECTION('',(0.,-1.));
#9606 = ( GEOMETRIC_REPRESENTATION_CONTEXT(2) 
PARAMETRIC_REPRESENTATION_CONTEXT() REPRESENTATION_CONTEXT('2D SPACE',''
  ) );
#9607 = ORIENTED_EDGE('',*,*,#9608,.T.);
#9608 = EDGE_CURVE('',#9586,#9609,#9611,.T.);
#9609 = VERTEX_POINT('',#9610);
#9610 = CARTESIAN_POINT('',(47.8,-5.5,4.3));
#9611 = SURFACE_CURVE('',#9612,(#9616,#9623),.PCURVE_S1.);
#9612 = LINE('',#9613,#9614);
#9613 = CARTESIAN_POINT('',(45.8,-5.5,4.3));
#9614 = VECTOR('',#9615,1.);
#9615 = DIRECTION('',(1.,0.,0.));
#9616 = PCURVE('',#8105,#9617);
#9617 = DEFINITIONAL_REPRESENTATION('',(#9618),#9622);
#9618 = LINE('',#9619,#9620);
#9619 = CARTESIAN_POINT('',(-4.2,-3.));
#9620 = VECTOR('',#9621,1.);
#9621 = DIRECTION('',(1.,0.));
#9622 = ( GEOMETRIC_REPRESENTATION_CONTEXT(2) 
PARAMETRIC_REPRESENTATION_CONTEXT() REPRESENTATION_CONTEXT('2D SPACE',''
  ) );
#9623 = PCURVE('',#9268,#9624);
#9624 = DEFINITIONAL_REPRESENTATION('',(#9625),#9629);
#9625 = LINE('',#9626,#9627);
#9626 = CARTESIAN_POINT('',(5.6,0.));
#9627 = VECTOR('',#9628,1.);
#9628 = DIRECTION('',(0.,1.));
#9629 = ( GEOMETRIC_REPRESENTATION_CONTEXT(2) 
PARAMETRIC_REPRESENTATION_CONTEXT() REPRESENTATION_CONTEXT('2D SPACE',''
  ) );
#9630 = ORIENTED_EDGE('',*,*,#9631,.T.);
#9631 = EDGE_CURVE('',#9609,#9632,#9634,.T.);
#9632 = VERTEX_POINT('',#9633);
#9633 = CARTESIAN_POINT('',(47.8,-2.392174742781,4.3));
#9634 = SURFACE_CURVE('',#9635,(#9639,#9646),.PCURVE_S1.);
#9635 = LINE('',#9636,#9637);
#9636 = CARTESIAN_POINT('',(47.8,-5.5,4.3));
#9637 = VECTOR('',#9638,1.);
#9638 = DIRECTION('',(0.,1.,0.));
#9639 = PCURVE('',#8105,#9640);
#9640 = DEFINITIONAL_REPRESENTATION('',(#9641),#9645);
#9641 = LINE('',#9642,#9643);
#9642 = CARTESIAN_POINT('',(-2.2,-3.));
#9643 = VECTOR('',#9644,1.);
#9644 = DIRECTION('',(0.,1.));
#9645 = ( GEOMETRIC_REPRESENTATION_CONTEXT(2) 
PARAMETRIC_REPRESENTATION_CONTEXT() REPRESENTATION_CONTEXT('2D SPACE',''
  ) );
#9646 = PCURVE('',#9296,#9647);
#9647 = DEFINITIONAL_REPRESENTATION('',(#9648),#9652);
#9648 = LINE('',#9649,#9650);
#9649 = CARTESIAN_POINT('',(5.6,0.));
#9650 = VECTOR('',#9651,1.);
#9651 = DIRECTION('',(0.,-1.));
#9652 = ( GEOMETRIC_REPRESENTATION_CONTEXT(2) 
PARAMETRIC_REPRESENTATION_CONTEXT() REPRESENTATION_CONTEXT('2D SPACE',''
  ) );
#9653 = ORIENTED_EDGE('',*,*,#9654,.T.);
#9654 = EDGE_CURVE('',#9632,#9655,#9657,.T.);
#9655 = VERTEX_POINT('',#9656);
#9656 = CARTESIAN_POINT('',(52.07665596573,-2.5,4.3));
#9657 = SURFACE_CURVE('',#9658,(#9663,#9670),.PCURVE_S1.);
#9658 = CIRCLE('',#9659,3.25);
#9659 = AXIS2_PLACEMENT_3D('',#9660,#9661,#9662);
#9660 = CARTESIAN_POINT('',(50.,0.,4.3));
#9661 = DIRECTION('',(0.,0.,1.));
#9662 = DIRECTION('',(1.,0.,0.));
#9663 = PCURVE('',#8105,#9664);
#9664 = DEFINITIONAL_REPRESENTATION('',(#9665),#9669);
#9665 = CIRCLE('',#9666,3.25);
#9666 = AXIS2_PLACEMENT_2D('',#9667,#9668);
#9667 = CARTESIAN_POINT('',(0.,2.5));
#9668 = DIRECTION('',(1.,0.));
#9669 = ( GEOMETRIC_REPRESENTATION_CONTEXT(2) 
PARAMETRIC_REPRESENTATION_CONTEXT() REPRESENTATION_CONTEXT('2D SPACE',''
  ) );
#9670 = PCURVE('',#9325,#9671);
#9671 = DEFINITIONAL_REPRESENTATION('',(#9672),#9676);
#9672 = LINE('',#9673,#9674);
#9673 = CARTESIAN_POINT('',(0.,5.6));
#9674 = VECTOR('',#9675,1.);
#9675 = DIRECTION('',(1.,0.));
#9676 = ( GEOMETRIC_REPRESENTATION_CONTEXT(2) 
PARAMETRIC_REPRESENTATION_CONTEXT() REPRESENTATION_CONTEXT('2D SPACE',''
  ) );
#9677 = ORIENTED_EDGE('',*,*,#9678,.T.);
#9678 = EDGE_CURVE('',#9655,#9679,#9681,.T.);
#9679 = VERTEX_POINT('',#9680);
#9680 = CARTESIAN_POINT('',(54.,-2.5,4.3));
#9681 = SURFACE_CURVE('',#9682,(#9686,#9693),.PCURVE_S1.);
#9682 = LINE('',#9683,#9684);
#9683 = CARTESIAN_POINT('',(50.,-2.5,4.3));
#9684 = VECTOR('',#9685,1.);
#9685 = DIRECTION('',(1.,0.,0.));
#9686 = PCURVE('',#8105,#9687);
#9687 = DEFINITIONAL_REPRESENTATION('',(#9688),#9692);
#9688 = LINE('',#9689,#9690);
#9689 = CARTESIAN_POINT('',(0.,0.));
#9690 = VECTOR('',#9691,1.);
#9691 = DIRECTION('',(1.,0.));
#9692 = ( GEOMETRIC_REPRESENTATION_CONTEXT(2) 
PARAMETRIC_REPRESENTATION_CONTEXT() REPRESENTATION_CONTEXT('2D SPACE',''
  ) );
#9693 = PCURVE('',#9353,#9694);
#9694 = DEFINITIONAL_REPRESENTATION('',(#9695),#9699);
#9695 = LINE('',#9696,#9697);
#9696 = CARTESIAN_POINT('',(5.6,0.));
#9697 = VECTOR('',#9698,1.);
#9698 = DIRECTION('',(0.,1.));
#9699 = ( GEOMETRIC_REPRESENTATION_CONTEXT(2) 
PARAMETRIC_REPRESENTATION_CONTEXT() REPRESENTATION_CONTEXT('2D SPACE',''
  ) );
#9700 = ORIENTED_EDGE('',*,*,#9701,.F.);
#9701 = EDGE_CURVE('',#7823,#9679,#9702,.T.);
#9702 = SURFACE_CURVE('',#9703,(#9707,#9714),.PCURVE_S1.);
#9703 = LINE('',#9704,#9705);
#9704 = CARTESIAN_POINT('',(53.929791976226,-2.5220653789,4.3));
#9705 = VECTOR('',#9706,1.);
#9706 = DIRECTION('',(-0.953993716901,-0.29982659674,0.));
#9707 = PCURVE('',#8105,#9708);
#9708 = DEFINITIONAL_REPRESENTATION('',(#9709),#9713);
#9709 = LINE('',#9710,#9711);
#9710 = CARTESIAN_POINT('',(3.929791976226,-2.206537890045E-02));
#9711 = VECTOR('',#9712,1.);
#9712 = DIRECTION('',(-0.953993716901,-0.29982659674));
#9713 = ( GEOMETRIC_REPRESENTATION_CONTEXT(2) 
PARAMETRIC_REPRESENTATION_CONTEXT() REPRESENTATION_CONTEXT('2D SPACE',''
  ) );
#9714 = PCURVE('',#7896,#9715);
#9715 = DEFINITIONAL_REPRESENTATION('',(#9716),#9720);
#9716 = LINE('',#9717,#9718);
#9717 = CARTESIAN_POINT('',(-5.6,3.742381066587));
#9718 = VECTOR('',#9719,1.);
#9719 = DIRECTION('',(-0.,1.));
#9720 = ( GEOMETRIC_REPRESENTATION_CONTEXT(2) 
PARAMETRIC_REPRESENTATION_CONTEXT() REPRESENTATION_CONTEXT('2D SPACE',''
  ) );
#9721 = ORIENTED_EDGE('',*,*,#7937,.F.);
#9722 = ORIENTED_EDGE('',*,*,#8487,.F.);
#9723 = ORIENTED_EDGE('',*,*,#9445,.T.);
#9724 = FACE_BOUND('',#9725,.T.);
#9725 = EDGE_LOOP('',(#9726));
#9726 = ORIENTED_EDGE('',*,*,#9727,.F.);
#9727 = EDGE_CURVE('',#9728,#9728,#9730,.T.);
#9728 = VERTEX_POINT('',#9729);
#9729 = CARTESIAN_POINT('',(50.95,-2.32682891838E-16,4.3));
#9730 = SURFACE_CURVE('',#9731,(#9736,#9743),.PCURVE_S1.);
#9731 = CIRCLE('',#9732,0.95);
#9732 = AXIS2_PLACEMENT_3D('',#9733,#9734,#9735);
#9733 = CARTESIAN_POINT('',(50.,0.,4.3));
#9734 = DIRECTION('',(0.,0.,1.));
#9735 = DIRECTION('',(1.,0.,-0.));
#9736 = PCURVE('',#8105,#9737);
#9737 = DEFINITIONAL_REPRESENTATION('',(#9738),#9742);
#9738 = CIRCLE('',#9739,0.95);
#9739 = AXIS2_PLACEMENT_2D('',#9740,#9741);
#9740 = CARTESIAN_POINT('',(0.,2.5));
#9741 = DIRECTION('',(1.,0.));
#9742 = ( GEOMETRIC_REPRESENTATION_CONTEXT(2) 
PARAMETRIC_REPRESENTATION_CONTEXT() REPRESENTATION_CONTEXT('2D SPACE',''
  ) );
#9743 = PCURVE('',#9428,#9744);
#9744 = DEFINITIONAL_REPRESENTATION('',(#9745),#9749);
#9745 = LINE('',#9746,#9747);
#9746 = CARTESIAN_POINT('',(0.,9.));
#9747 = VECTOR('',#9748,1.);
#9748 = DIRECTION('',(1.,0.));
#9749 = ( GEOMETRIC_REPRESENTATION_CONTEXT(2) 
PARAMETRIC_REPRESENTATION_CONTEXT() REPRESENTATION_CONTEXT('2D SPACE',''
  ) );
#9750 = ADVANCED_FACE('',(#9751),#8372,.T.);
#9751 = FACE_BOUND('',#9752,.F.);
#9752 = EDGE_LOOP('',(#9753));
#9753 = ORIENTED_EDGE('',*,*,#8260,.T.);
#9754 = ADVANCED_FACE('',(#9755),#7896,.F.);
#9755 = FACE_BOUND('',#9756,.T.);
#9756 = EDGE_LOOP('',(#9757,#9758,#9759,#9760));
#9757 = ORIENTED_EDGE('',*,*,#9365,.F.);
#9758 = ORIENTED_EDGE('',*,*,#7822,.T.);
#9759 = ORIENTED_EDGE('',*,*,#9701,.T.);
#9760 = ORIENTED_EDGE('',*,*,#9761,.F.);
#9761 = EDGE_CURVE('',#9338,#9679,#9762,.T.);
#9762 = SURFACE_CURVE('',#9763,(#9767,#9774),.PCURVE_S1.);
#9763 = LINE('',#9764,#9765);
#9764 = CARTESIAN_POINT('',(54.,-2.5,-1.3));
#9765 = VECTOR('',#9766,1.);
#9766 = DIRECTION('',(0.,0.,1.));
#9767 = PCURVE('',#7896,#9768);
#9768 = DEFINITIONAL_REPRESENTATION('',(#9769),#9773);
#9769 = LINE('',#9770,#9771);
#9770 = CARTESIAN_POINT('',(-0.,3.668787265569));
#9771 = VECTOR('',#9772,1.);
#9772 = DIRECTION('',(-1.,0.));
#9773 = ( GEOMETRIC_REPRESENTATION_CONTEXT(2) 
PARAMETRIC_REPRESENTATION_CONTEXT() REPRESENTATION_CONTEXT('2D SPACE',''
  ) );
#9774 = PCURVE('',#9353,#9775);
#9775 = DEFINITIONAL_REPRESENTATION('',(#9776),#9780);
#9776 = LINE('',#9777,#9778);
#9777 = CARTESIAN_POINT('',(0.,4.));
#9778 = VECTOR('',#9779,1.);
#9779 = DIRECTION('',(1.,0.));
#9780 = ( GEOMETRIC_REPRESENTATION_CONTEXT(2) 
PARAMETRIC_REPRESENTATION_CONTEXT() REPRESENTATION_CONTEXT('2D SPACE',''
  ) );
#9781 = ADVANCED_FACE('',(#9782),#7419,.F.);
#9782 = FACE_BOUND('',#9783,.F.);
#9783 = EDGE_LOOP('',(#9784));
#9784 = ORIENTED_EDGE('',*,*,#7307,.F.);
#9785 = ADVANCED_FACE('',(#9786),#9127,.T.);
#9786 = FACE_BOUND('',#9787,.T.);
#9787 = EDGE_LOOP('',(#9788,#9789,#9808,#9809));
#9788 = ORIENTED_EDGE('',*,*,#9109,.F.);
#9789 = ORIENTED_EDGE('',*,*,#9790,.T.);
#9790 = EDGE_CURVE('',#9110,#9493,#9791,.T.);
#9791 = SURFACE_CURVE('',#9792,(#9796,#9802),.PCURVE_S1.);
#9792 = LINE('',#9793,#9794);
#9793 = CARTESIAN_POINT('',(52.07665596573,2.5,-1.3));
#9794 = VECTOR('',#9795,1.);
#9795 = DIRECTION('',(0.,0.,1.));
#9796 = PCURVE('',#9127,#9797);
#9797 = DEFINITIONAL_REPRESENTATION('',(#9798),#9801);
#9798 = B_SPLINE_CURVE_WITH_KNOTS('',1,(#9799,#9800),.UNSPECIFIED.,.F.,
  .F.,(2,2),(-5.999999999062E-07,5.6000006),.PIECEWISE_BEZIER_KNOTS.);
#9799 = CARTESIAN_POINT('',(-5.999999999062E-07,2.07665596573));
#9800 = CARTESIAN_POINT('',(5.6000006,2.07665596573));
#9801 = ( GEOMETRIC_REPRESENTATION_CONTEXT(2) 
PARAMETRIC_REPRESENTATION_CONTEXT() REPRESENTATION_CONTEXT('2D SPACE',''
  ) );
#9802 = PCURVE('',#9156,#9803);
#9803 = DEFINITIONAL_REPRESENTATION('',(#9804),#9807);
#9804 = B_SPLINE_CURVE_WITH_KNOTS('',1,(#9805,#9806),.UNSPECIFIED.,.F.,
  .F.,(2,2),(-5.999999999062E-07,5.6000006),.PIECEWISE_BEZIER_KNOTS.);
#9805 = CARTESIAN_POINT('',(0.877636419218,-5.999999999062E-07));
#9806 = CARTESIAN_POINT('',(0.877636419218,5.6000006));
#9807 = ( GEOMETRIC_REPRESENTATION_CONTEXT(2) 
PARAMETRIC_REPRESENTATION_CONTEXT() REPRESENTATION_CONTEXT('2D SPACE',''
  ) );
#9808 = ORIENTED_EDGE('',*,*,#9492,.T.);
#9809 = ORIENTED_EDGE('',*,*,#9468,.F.);
#9810 = ADVANCED_FACE('',(#9811),#9156,.T.);
#9811 = FACE_BOUND('',#9812,.T.);
#9812 = EDGE_LOOP('',(#9813,#9814,#9815,#9816));
#9813 = ORIENTED_EDGE('',*,*,#9515,.F.);
#9814 = ORIENTED_EDGE('',*,*,#9790,.F.);
#9815 = ORIENTED_EDGE('',*,*,#9139,.T.);
#9816 = ORIENTED_EDGE('',*,*,#9817,.T.);
#9817 = EDGE_CURVE('',#9140,#9516,#9818,.T.);
#9818 = SURFACE_CURVE('',#9819,(#9823,#9829),.PCURVE_S1.);
#9819 = LINE('',#9820,#9821);
#9820 = CARTESIAN_POINT('',(47.8,2.392174742781,-1.3));
#9821 = VECTOR('',#9822,1.);
#9822 = DIRECTION('',(0.,0.,1.));
#9823 = PCURVE('',#9156,#9824);
#9824 = DEFINITIONAL_REPRESENTATION('',(#9825),#9828);
#9825 = B_SPLINE_CURVE_WITH_KNOTS('',1,(#9826,#9827),.UNSPECIFIED.,.F.,
  .F.,(2,2),(-5.999999999062E-07,5.6000006),.PIECEWISE_BEZIER_KNOTS.);
#9826 = CARTESIAN_POINT('',(2.314370585989,-5.999999999062E-07));
#9827 = CARTESIAN_POINT('',(2.314370585989,5.6000006));
#9828 = ( GEOMETRIC_REPRESENTATION_CONTEXT(2) 
PARAMETRIC_REPRESENTATION_CONTEXT() REPRESENTATION_CONTEXT('2D SPACE',''
  ) );
#9829 = PCURVE('',#9184,#9830);
#9830 = DEFINITIONAL_REPRESENTATION('',(#9831),#9834);
#9831 = B_SPLINE_CURVE_WITH_KNOTS('',1,(#9832,#9833),.UNSPECIFIED.,.F.,
  .F.,(2,2),(-5.999999999062E-07,5.6000006),.PIECEWISE_BEZIER_KNOTS.);
#9832 = CARTESIAN_POINT('',(-5.999999999062E-07,-7.892174742781));
#9833 = CARTESIAN_POINT('',(5.6000006,-7.892174742781));
#9834 = ( GEOMETRIC_REPRESENTATION_CONTEXT(2) 
PARAMETRIC_REPRESENTATION_CONTEXT() REPRESENTATION_CONTEXT('2D SPACE',''
  ) );
#9835 = ADVANCED_FACE('',(#9836),#9184,.T.);
#9836 = FACE_BOUND('',#9837,.T.);
#9837 = EDGE_LOOP('',(#9838,#9839,#9840,#9841));
#9838 = ORIENTED_EDGE('',*,*,#9539,.F.);
#9839 = ORIENTED_EDGE('',*,*,#9817,.F.);
#9840 = ORIENTED_EDGE('',*,*,#9168,.T.);
#9841 = ORIENTED_EDGE('',*,*,#9842,.T.);
#9842 = EDGE_CURVE('',#9169,#9540,#9843,.T.);
#9843 = SURFACE_CURVE('',#9844,(#9848,#9855),.PCURVE_S1.);
#9844 = LINE('',#9845,#9846);
#9845 = CARTESIAN_POINT('',(47.8,5.5,-1.3));
#9846 = VECTOR('',#9847,1.);
#9847 = DIRECTION('',(0.,0.,1.));
#9848 = PCURVE('',#9184,#9849);
#9849 = DEFINITIONAL_REPRESENTATION('',(#9850),#9854);
#9850 = LINE('',#9851,#9852);
#9851 = CARTESIAN_POINT('',(0.,-11.));
#9852 = VECTOR('',#9853,1.);
#9853 = DIRECTION('',(1.,0.));
#9854 = ( GEOMETRIC_REPRESENTATION_CONTEXT(2) 
PARAMETRIC_REPRESENTATION_CONTEXT() REPRESENTATION_CONTEXT('2D SPACE',''
  ) );
#9855 = PCURVE('',#9212,#9856);
#9856 = DEFINITIONAL_REPRESENTATION('',(#9857),#9861);
#9857 = LINE('',#9858,#9859);
#9858 = CARTESIAN_POINT('',(0.,2.));
#9859 = VECTOR('',#9860,1.);
#9860 = DIRECTION('',(1.,0.));
#9861 = ( GEOMETRIC_REPRESENTATION_CONTEXT(2) 
PARAMETRIC_REPRESENTATION_CONTEXT() REPRESENTATION_CONTEXT('2D SPACE',''
  ) );
#9862 = ADVANCED_FACE('',(#9863),#9212,.T.);
#9863 = FACE_BOUND('',#9864,.T.);
#9864 = EDGE_LOOP('',(#9865,#9866,#9887,#9888));
#9865 = ORIENTED_EDGE('',*,*,#9196,.F.);
#9866 = ORIENTED_EDGE('',*,*,#9867,.T.);
#9867 = EDGE_CURVE('',#9197,#9563,#9868,.T.);
#9868 = SURFACE_CURVE('',#9869,(#9873,#9880),.PCURVE_S1.);
#9869 = LINE('',#9870,#9871);
#9870 = CARTESIAN_POINT('',(45.8,5.5,-1.3));
#9871 = VECTOR('',#9872,1.);
#9872 = DIRECTION('',(0.,0.,1.));
#9873 = PCURVE('',#9212,#9874);
#9874 = DEFINITIONAL_REPRESENTATION('',(#9875),#9879);
#9875 = LINE('',#9876,#9877);
#9876 = CARTESIAN_POINT('',(0.,0.));
#9877 = VECTOR('',#9878,1.);
#9878 = DIRECTION('',(1.,0.));
#9879 = ( GEOMETRIC_REPRESENTATION_CONTEXT(2) 
PARAMETRIC_REPRESENTATION_CONTEXT() REPRESENTATION_CONTEXT('2D SPACE',''
  ) );
#9880 = PCURVE('',#9240,#9881);
#9881 = DEFINITIONAL_REPRESENTATION('',(#9882),#9886);
#9882 = LINE('',#9883,#9884);
#9883 = CARTESIAN_POINT('',(0.,-11.));
#9884 = VECTOR('',#9885,1.);
#9885 = DIRECTION('',(1.,0.));
#9886 = ( GEOMETRIC_REPRESENTATION_CONTEXT(2) 
PARAMETRIC_REPRESENTATION_CONTEXT() REPRESENTATION_CONTEXT('2D SPACE',''
  ) );
#9887 = ORIENTED_EDGE('',*,*,#9562,.T.);
#9888 = ORIENTED_EDGE('',*,*,#9842,.F.);
#9889 = ADVANCED_FACE('',(#9890),#9240,.F.);
#9890 = FACE_BOUND('',#9891,.F.);
#9891 = EDGE_LOOP('',(#9892,#9913,#9914,#9915));
#9892 = ORIENTED_EDGE('',*,*,#9893,.F.);
#9893 = EDGE_CURVE('',#9225,#9586,#9894,.T.);
#9894 = SURFACE_CURVE('',#9895,(#9899,#9906),.PCURVE_S1.);
#9895 = LINE('',#9896,#9897);
#9896 = CARTESIAN_POINT('',(45.8,-5.5,-1.3));
#9897 = VECTOR('',#9898,1.);
#9898 = DIRECTION('',(0.,0.,1.));
#9899 = PCURVE('',#9240,#9900);
#9900 = DEFINITIONAL_REPRESENTATION('',(#9901),#9905);
#9901 = LINE('',#9902,#9903);
#9902 = CARTESIAN_POINT('',(0.,0.));
#9903 = VECTOR('',#9904,1.);
#9904 = DIRECTION('',(1.,0.));
#9905 = ( GEOMETRIC_REPRESENTATION_CONTEXT(2) 
PARAMETRIC_REPRESENTATION_CONTEXT() REPRESENTATION_CONTEXT('2D SPACE',''
  ) );
#9906 = PCURVE('',#9268,#9907);
#9907 = DEFINITIONAL_REPRESENTATION('',(#9908),#9912);
#9908 = LINE('',#9909,#9910);
#9909 = CARTESIAN_POINT('',(0.,0.));
#9910 = VECTOR('',#9911,1.);
#9911 = DIRECTION('',(1.,0.));
#9912 = ( GEOMETRIC_REPRESENTATION_CONTEXT(2) 
PARAMETRIC_REPRESENTATION_CONTEXT() REPRESENTATION_CONTEXT('2D SPACE',''
  ) );
#9913 = ORIENTED_EDGE('',*,*,#9224,.T.);
#9914 = ORIENTED_EDGE('',*,*,#9867,.T.);
#9915 = ORIENTED_EDGE('',*,*,#9585,.F.);
#9916 = ADVANCED_FACE('',(#9917),#9268,.F.);
#9917 = FACE_BOUND('',#9918,.F.);
#9918 = EDGE_LOOP('',(#9919,#9920,#9921,#9922));
#9919 = ORIENTED_EDGE('',*,*,#9252,.F.);
#9920 = ORIENTED_EDGE('',*,*,#9893,.T.);
#9921 = ORIENTED_EDGE('',*,*,#9608,.T.);
#9922 = ORIENTED_EDGE('',*,*,#9923,.F.);
#9923 = EDGE_CURVE('',#9253,#9609,#9924,.T.);
#9924 = SURFACE_CURVE('',#9925,(#9929,#9936),.PCURVE_S1.);
#9925 = LINE('',#9926,#9927);
#9926 = CARTESIAN_POINT('',(47.8,-5.5,-1.3));
#9927 = VECTOR('',#9928,1.);
#9928 = DIRECTION('',(0.,0.,1.));
#9929 = PCURVE('',#9268,#9930);
#9930 = DEFINITIONAL_REPRESENTATION('',(#9931),#9935);
#9931 = LINE('',#9932,#9933);
#9932 = CARTESIAN_POINT('',(0.,2.));
#9933 = VECTOR('',#9934,1.);
#9934 = DIRECTION('',(1.,0.));
#9935 = ( GEOMETRIC_REPRESENTATION_CONTEXT(2) 
PARAMETRIC_REPRESENTATION_CONTEXT() REPRESENTATION_CONTEXT('2D SPACE',''
  ) );
#9936 = PCURVE('',#9296,#9937);
#9937 = DEFINITIONAL_REPRESENTATION('',(#9938),#9942);
#9938 = LINE('',#9939,#9940);
#9939 = CARTESIAN_POINT('',(0.,0.));
#9940 = VECTOR('',#9941,1.);
#9941 = DIRECTION('',(1.,0.));
#9942 = ( GEOMETRIC_REPRESENTATION_CONTEXT(2) 
PARAMETRIC_REPRESENTATION_CONTEXT() REPRESENTATION_CONTEXT('2D SPACE',''
  ) );
#9943 = ADVANCED_FACE('',(#9944),#9353,.F.);
#9944 = FACE_BOUND('',#9945,.F.);
#9945 = EDGE_LOOP('',(#9946,#9947,#9966,#9967));
#9946 = ORIENTED_EDGE('',*,*,#9337,.F.);
#9947 = ORIENTED_EDGE('',*,*,#9948,.T.);
#9948 = EDGE_CURVE('',#9309,#9655,#9949,.T.);
#9949 = SURFACE_CURVE('',#9950,(#9954,#9960),.PCURVE_S1.);
#9950 = LINE('',#9951,#9952);
#9951 = CARTESIAN_POINT('',(52.07665596573,-2.5,-1.3));
#9952 = VECTOR('',#9953,1.);
#9953 = DIRECTION('',(0.,0.,1.));
#9954 = PCURVE('',#9353,#9955);
#9955 = DEFINITIONAL_REPRESENTATION('',(#9956),#9959);
#9956 = B_SPLINE_CURVE_WITH_KNOTS('',1,(#9957,#9958),.UNSPECIFIED.,.F.,
  .F.,(2,2),(-5.999999999062E-07,5.6000006),.PIECEWISE_BEZIER_KNOTS.);
#9957 = CARTESIAN_POINT('',(-5.999999999062E-07,2.07665596573));
#9958 = CARTESIAN_POINT('',(5.6000006,2.07665596573));
#9959 = ( GEOMETRIC_REPRESENTATION_CONTEXT(2) 
PARAMETRIC_REPRESENTATION_CONTEXT() REPRESENTATION_CONTEXT('2D SPACE',''
  ) );
#9960 = PCURVE('',#9325,#9961);
#9961 = DEFINITIONAL_REPRESENTATION('',(#9962),#9965);
#9962 = B_SPLINE_CURVE_WITH_KNOTS('',1,(#9963,#9964),.UNSPECIFIED.,.F.,
  .F.,(2,2),(-5.999999999062E-07,5.6000006),.PIECEWISE_BEZIER_KNOTS.);
#9963 = CARTESIAN_POINT('',(5.405548887961,-5.999999999062E-07));
#9964 = CARTESIAN_POINT('',(5.405548887961,5.6000006));
#9965 = ( GEOMETRIC_REPRESENTATION_CONTEXT(2) 
PARAMETRIC_REPRESENTATION_CONTEXT() REPRESENTATION_CONTEXT('2D SPACE',''
  ) );
#9966 = ORIENTED_EDGE('',*,*,#9678,.T.);
#9967 = ORIENTED_EDGE('',*,*,#9761,.F.);
#9968 = ADVANCED_FACE('',(#9969),#9296,.T.);
#9969 = FACE_BOUND('',#9970,.T.);
#9970 = EDGE_LOOP('',(#9971,#9972,#9973,#9974));
#9971 = ORIENTED_EDGE('',*,*,#9631,.F.);
#9972 = ORIENTED_EDGE('',*,*,#9923,.F.);
#9973 = ORIENTED_EDGE('',*,*,#9280,.T.);
#9974 = ORIENTED_EDGE('',*,*,#9975,.T.);
#9975 = EDGE_CURVE('',#9281,#9632,#9976,.T.);
#9976 = SURFACE_CURVE('',#9977,(#9981,#9987),.PCURVE_S1.);
#9977 = LINE('',#9978,#9979);
#9978 = CARTESIAN_POINT('',(47.8,-2.392174742781,-1.3));
#9979 = VECTOR('',#9980,1.);
#9980 = DIRECTION('',(0.,0.,1.));
#9981 = PCURVE('',#9296,#9982);
#9982 = DEFINITIONAL_REPRESENTATION('',(#9983),#9986);
#9983 = B_SPLINE_CURVE_WITH_KNOTS('',1,(#9984,#9985),.UNSPECIFIED.,.F.,
  .F.,(2,2),(-5.999999999062E-07,5.6000006),.PIECEWISE_BEZIER_KNOTS.);
#9984 = CARTESIAN_POINT('',(-5.999999999062E-07,-3.107825257219));
#9985 = CARTESIAN_POINT('',(5.6000006,-3.107825257219));
#9986 = ( GEOMETRIC_REPRESENTATION_CONTEXT(2) 
PARAMETRIC_REPRESENTATION_CONTEXT() REPRESENTATION_CONTEXT('2D SPACE',''
  ) );
#9987 = PCURVE('',#9325,#9988);
#9988 = DEFINITIONAL_REPRESENTATION('',(#9989),#9992);
#9989 = B_SPLINE_CURVE_WITH_KNOTS('',1,(#9990,#9991),.UNSPECIFIED.,.F.,
  .F.,(2,2),(-5.999999999062E-07,5.6000006),.PIECEWISE_BEZIER_KNOTS.);
#9990 = CARTESIAN_POINT('',(3.968814721191,-5.999999999062E-07));
#9991 = CARTESIAN_POINT('',(3.968814721191,5.6000006));
#9992 = ( GEOMETRIC_REPRESENTATION_CONTEXT(2) 
PARAMETRIC_REPRESENTATION_CONTEXT() REPRESENTATION_CONTEXT('2D SPACE',''
  ) );
#9993 = ADVANCED_FACE('',(#9994),#9325,.T.);
#9994 = FACE_BOUND('',#9995,.T.);
#9995 = EDGE_LOOP('',(#9996,#9997,#9998,#9999));
#9996 = ORIENTED_EDGE('',*,*,#9654,.F.);
#9997 = ORIENTED_EDGE('',*,*,#9975,.F.);
#9998 = ORIENTED_EDGE('',*,*,#9308,.T.);
#9999 = ORIENTED_EDGE('',*,*,#9948,.T.);
#10000 = ADVANCED_FACE('',(#10001),#9428,.F.);
#10001 = FACE_BOUND('',#10002,.F.);
#10002 = EDGE_LOOP('',(#10003,#10004,#10025,#10026));
#10003 = ORIENTED_EDGE('',*,*,#9727,.F.);
#10004 = ORIENTED_EDGE('',*,*,#10005,.F.);
#10005 = EDGE_CURVE('',#9412,#9728,#10006,.T.);
#10006 = SEAM_CURVE('',#10007,(#10011,#10018),.PCURVE_S1.);
#10007 = LINE('',#10008,#10009);
#10008 = CARTESIAN_POINT('',(50.95,-2.32682891838E-16,-4.7));
#10009 = VECTOR('',#10010,1.);
#10010 = DIRECTION('',(0.,0.,1.));
#10011 = PCURVE('',#9428,#10012);
#10012 = DEFINITIONAL_REPRESENTATION('',(#10013),#10017);
#10013 = LINE('',#10014,#10015);
#10014 = CARTESIAN_POINT('',(6.28318530718,-0.));
#10015 = VECTOR('',#10016,1.);
#10016 = DIRECTION('',(0.,1.));
#10017 = ( GEOMETRIC_REPRESENTATION_CONTEXT(2) 
PARAMETRIC_REPRESENTATION_CONTEXT() REPRESENTATION_CONTEXT('2D SPACE',''
  ) );
#10018 = PCURVE('',#9428,#10019);
#10019 = DEFINITIONAL_REPRESENTATION('',(#10020),#10024);
#10020 = LINE('',#10021,#10022);
#10021 = CARTESIAN_POINT('',(0.,-0.));
#10022 = VECTOR('',#10023,1.);
#10023 = DIRECTION('',(0.,1.));
#10024 = ( GEOMETRIC_REPRESENTATION_CONTEXT(2) 
PARAMETRIC_REPRESENTATION_CONTEXT() REPRESENTATION_CONTEXT('2D SPACE',''
  ) );
#10025 = ORIENTED_EDGE('',*,*,#9411,.T.);
#10026 = ORIENTED_EDGE('',*,*,#10005,.T.);
#10027 = ( GEOMETRIC_REPRESENTATION_CONTEXT(3) 
GLOBAL_UNCERTAINTY_ASSIGNED_CONTEXT((#10031)) 
GLOBAL_UNIT_ASSIGNED_CONTEXT((#10028,#10029,#10030)) 
REPRESENTATION_CONTEXT('Context #1',
  '3D Context with UNIT and UNCERTAINTY') );
#10028 = ( LENGTH_UNIT() NAMED_UNIT(*) SI_UNIT(.MILLI.,.METRE.) );
#10029 = ( NAMED_UNIT(*) PLANE_ANGLE_UNIT() SI_UNIT($,.RADIAN.) );
#10030 = ( NAMED_UNIT(*) SI_UNIT($,.STERADIAN.) SOLID_ANGLE_UNIT() );
#10031 = UNCERTAINTY_MEASURE_WITH_UNIT(LENGTH_MEASURE(5.E-06),#10028,
  'distance_accuracy_value','confusion accuracy');
#10032 = PRODUCT_RELATED_PRODUCT_CATEGORY('part',$,(#7));
ENDSEC;
END-ISO-10303-21;
