ISO-10303-21;
HEADER;
FILE_DESCRIPTION(('Open CASCADE Model'),'2;1');
FILE_NAME('Open CASCADE Shape Model','2026-09-18T23:36:32',('Author'),(
    'Open CASCADE'),'Open CASCADE STEP processor 7.9','Open CASCADE 7.9'
  ,'Unknown');
FILE_SCHEMA(('AUTOMOTIVE_DESIGN { 1 0 10303 214 1 1 1 1 }'));
ENDSEC;
DATA;
#1 = APPLICATION_PROTOCOL_DEFINITION('international standard',
  'automotive_design',2000,#2);
#2 = APPLICATION_CONTEXT(
  'core data for automotive mechanical design processes');
#3 = SHAPE_DEFINITION_REPRESENTATION(#4,#10);
#4 = PRODUCT_DEFINITION_SHAPE('','',#5);
#5 = PRODUCT_DEFINITION('design','',#6,#9);
#6 = PRODUCT_DEFINITION_FORMATION('','',#7);
#7 = PRODUCT('c7632608-b3b9-11f1-bcb1-02fc00000001',
  'c7632608-b3b9-11f1-bcb1-02fc00000001','',(#8));
#8 = PRODUCT_CONTEXT('',#2,'mechanical');
#9 = PRODUCT_DEFINITION_CONTEXT('part definition',#2,'design');
#10 = SHAPE_REPRESENTATION('',(#11,#15,#19),#23);
#11 = AXIS2_PLACEMENT_3D('',#12,#13,#14);
#12 = CARTESIAN_POINT('',(0.,0.,0.));
#13 = DIRECTION('',(0.,0.,1.));
#14 = DIRECTION('',(1.,0.,-0.));
#15 = AXIS2_PLACEMENT_3D('',#16,#17,#18);
#16 = CARTESIAN_POINT('',(0.,0.,0.));
#17 = DIRECTION('',(0.,0.,1.));
#18 = DIRECTION('',(1.,0.,-0.));
#19 = AXIS2_PLACEMENT_3D('',#20,#21,#22);
#20 = CARTESIAN_POINT('',(0.,0.,0.));
#21 = DIRECTION('',(0.,0.,1.));
#22 = DIRECTION('',(1.,0.,-0.));
#23 = ( GEOMETRIC_REPRESENTATION_CONTEXT(3) 
GLOBAL_UNCERTAINTY_ASSIGNED_CONTEXT((#27)) GLOBAL_UNIT_ASSIGNED_CONTEXT(
(#24,#25,#26)) REPRESENTATION_CONTEXT('Context #1',
  '3D Context with UNIT and UNCERTAINTY') );
#24 = ( LENGTH_UNIT() NAMED_UNIT(*) SI_UNIT(.MILLI.,.METRE.) );
#25 = ( NAMED_UNIT(*) PLANE_ANGLE_UNIT() SI_UNIT($,.RADIAN.) );
#26 = ( NAMED_UNIT(*) SI_UNIT($,.STERADIAN.) SOLID_ANGLE_UNIT() );
#27 = UNCERTAINTY_MEASURE_WITH_UNIT(LENGTH_MEASURE(5.E-06),#24,
  'distance_accuracy_value','confusion accuracy');
#28 = PRODUCT_RELATED_PRODUCT_CATEGORY('part',$,(#7));
#29 = SHAPE_DEFINITION_REPRESENTATION(#30,#36);
#30 = PRODUCT_DEFINITION_SHAPE('','',#31);
#31 = PRODUCT_DEFINITION('design','',#32,#35);
#32 = PRODUCT_DEFINITION_FORMATION('','',#33);
#33 = PRODUCT('fluke_straight_A2','fluke_straight_A2','',(#34));
#34 = PRODUCT_CONTEXT('',#2,'mechanical');
#35 = PRODUCT_DEFINITION_CONTEXT('part definition',#2,'design');
#36 = ADVANCED_BREP_SHAPE_REPRESENTATION('',(#11,#37),#10049);
#37 = MANIFOLD_SOLID_BREP('',#38);
#38 = CLOSED_SHELL('',(#39,#131,#309,#467,#626,#777,#906,#932,#1042,
    #1069,#1200,#1331,#3028,#3034,#3039,#3174,#3330,#3432,#3556,#3839,
    #4122,#4148,#4360,#4366,#4392,#4589,#4704,#4710,#4825,#6246,#6328,
    #6413,#6417,#6477,#6584,#6690,#6775,#6859,#6863,#6906,#7011,#7038,
    #7088,#7170,#7197,#7224,#7231,#7258,#7265,#7292,#9127,#9461,#9510,
    #9772,#9776,#9803,#9807,#9832,#9857,#9884,#9911,#9938,#9965,#9990,
    #10015,#10022));
#39 = ADVANCED_FACE('',(#40),#53,.F.);
#40 = FACE_BOUND('',#41,.F.);
#41 = EDGE_LOOP('',(#42,#80,#103,#130));
#42 = ORIENTED_EDGE('',*,*,#43,.F.);
#43 = EDGE_CURVE('',#44,#44,#46,.T.);
#44 = VERTEX_POINT('',#45);
#45 = CARTESIAN_POINT('',(1.444091186814,0.,0.));
#46 = SURFACE_CURVE('',#47,(#52,#64),.PCURVE_S1.);
#47 = CIRCLE('',#48,1.35);
#48 = AXIS2_PLACEMENT_3D('',#49,#50,#51);
#49 = CARTESIAN_POINT('',(2.794091186814,-2.22044604925E-16,0.));
#50 = DIRECTION('',(0.,0.,-1.));
#51 = DIRECTION('',(-1.,2.869421650444E-16,0.));
#52 = PCURVE('',#53,#58);
#53 = CYLINDRICAL_SURFACE('',#54,1.35);
#54 = AXIS2_PLACEMENT_3D('',#55,#56,#57);
#55 = CARTESIAN_POINT('',(2.794091186814,0.,3.));
#56 = DIRECTION('',(-0.,-0.,-1.));
#57 = DIRECTION('',(-1.,0.,0.));
#58 = DEFINITIONAL_REPRESENTATION('',(#59),#63);
#59 = LINE('',#60,#61);
#60 = CARTESIAN_POINT('',(2.069455717901E-13,3.));
#61 = VECTOR('',#62,1.);
#62 = DIRECTION('',(1.,-0.));
#63 = ( GEOMETRIC_REPRESENTATION_CONTEXT(2) 
PARAMETRIC_REPRESENTATION_CONTEXT() REPRESENTATION_CONTEXT('2D SPACE',''
  ) );
#64 = PCURVE('',#65,#70);
#65 = PLANE('',#66);
#66 = AXIS2_PLACEMENT_3D('',#67,#68,#69);
#67 = CARTESIAN_POINT('',(-12.20590881318,0.,0.));
#68 = DIRECTION('',(0.,0.,1.));
#69 = DIRECTION('',(1.,0.,-0.));
#70 = DEFINITIONAL_REPRESENTATION('',(#71),#79);
#71 = ( BOUNDED_CURVE() B_SPLINE_CURVE(2,(#72,#73,#74,#75,#76,#77,#78),
.UNSPECIFIED.,.T.,.F.) B_SPLINE_CURVE_WITH_KNOTS((1,2,2,2,2,1),(
    -2.094395102393,0.,2.094395102393,4.188790204786,6.28318530718,
8.377580409573),.UNSPECIFIED.) CURVE() GEOMETRIC_REPRESENTATION_ITEM() 
RATIONAL_B_SPLINE_CURVE((1.,0.5,1.,0.5,1.,0.5,1.)) REPRESENTATION_ITEM(
  '') );
#72 = CARTESIAN_POINT('',(13.649999999994,1.653273178849E-16));
#73 = CARTESIAN_POINT('',(13.649999999994,2.338268590218));
#74 = CARTESIAN_POINT('',(15.674999999994,1.169134295109));
#75 = CARTESIAN_POINT('',(17.699999999994,-6.661338147751E-16));
#76 = CARTESIAN_POINT('',(15.674999999994,-1.169134295109));
#77 = CARTESIAN_POINT('',(13.649999999994,-2.338268590218));
#78 = CARTESIAN_POINT('',(13.649999999994,1.653273178849E-16));
#79 = ( GEOMETRIC_REPRESENTATION_CONTEXT(2) 
PARAMETRIC_REPRESENTATION_CONTEXT() REPRESENTATION_CONTEXT('2D SPACE',''
  ) );
#80 = ORIENTED_EDGE('',*,*,#81,.F.);
#81 = EDGE_CURVE('',#82,#44,#84,.T.);
#82 = VERTEX_POINT('',#83);
#83 = CARTESIAN_POINT('',(1.444091186814,0.,3.));
#84 = SEAM_CURVE('',#85,(#89,#96),.PCURVE_S1.);
#85 = LINE('',#86,#87);
#86 = CARTESIAN_POINT('',(1.444091186814,0.,3.));
#87 = VECTOR('',#88,1.);
#88 = DIRECTION('',(-0.,-0.,-1.));
#89 = PCURVE('',#53,#90);
#90 = DEFINITIONAL_REPRESENTATION('',(#91),#95);
#91 = LINE('',#92,#93);
#92 = CARTESIAN_POINT('',(0.,0.));
#93 = VECTOR('',#94,1.);
#94 = DIRECTION('',(0.,1.));
#95 = ( GEOMETRIC_REPRESENTATION_CONTEXT(2) 
PARAMETRIC_REPRESENTATION_CONTEXT() REPRESENTATION_CONTEXT('2D SPACE',''
  ) );
#96 = PCURVE('',#53,#97);
#97 = DEFINITIONAL_REPRESENTATION('',(#98),#102);
#98 = LINE('',#99,#100);
#99 = CARTESIAN_POINT('',(6.28318530718,0.));
#100 = VECTOR('',#101,1.);
#101 = DIRECTION('',(0.,1.));
#102 = ( GEOMETRIC_REPRESENTATION_CONTEXT(2) 
PARAMETRIC_REPRESENTATION_CONTEXT() REPRESENTATION_CONTEXT('2D SPACE',''
  ) );
#103 = ORIENTED_EDGE('',*,*,#104,.F.);
#104 = EDGE_CURVE('',#82,#82,#105,.T.);
#105 = SURFACE_CURVE('',#106,(#111,#118),.PCURVE_S1.);
#106 = CIRCLE('',#107,1.35);
#107 = AXIS2_PLACEMENT_3D('',#108,#109,#110);
#108 = CARTESIAN_POINT('',(2.794091186814,-5.551115123126E-17,3.));
#109 = DIRECTION('',(0.,0.,1.));
#110 = DIRECTION('',(-1.,1.635840511971E-16,-0.));
#111 = PCURVE('',#53,#112);
#112 = DEFINITIONAL_REPRESENTATION('',(#113),#117);
#113 = LINE('',#114,#115);
#114 = CARTESIAN_POINT('',(6.283185307179,0.));
#115 = VECTOR('',#116,1.);
#116 = DIRECTION('',(-1.,0.));
#117 = ( GEOMETRIC_REPRESENTATION_CONTEXT(2) 
PARAMETRIC_REPRESENTATION_CONTEXT() REPRESENTATION_CONTEXT('2D SPACE',''
  ) );
#118 = PCURVE('',#119,#124);
#119 = PLANE('',#120);
#120 = AXIS2_PLACEMENT_3D('',#121,#122,#123);
#121 = CARTESIAN_POINT('',(-12.20590881318,0.,3.));
#122 = DIRECTION('',(0.,0.,1.));
#123 = DIRECTION('',(1.,0.,-0.));
#124 = DEFINITIONAL_REPRESENTATION('',(#125),#129);
#125 = CIRCLE('',#126,1.35);
#126 = AXIS2_PLACEMENT_2D('',#127,#128);
#127 = CARTESIAN_POINT('',(14.999999999994,-5.551115123126E-17));
#128 = DIRECTION('',(-1.,1.635840511971E-16));
#129 = ( GEOMETRIC_REPRESENTATION_CONTEXT(2) 
PARAMETRIC_REPRESENTATION_CONTEXT() REPRESENTATION_CONTEXT('2D SPACE',''
  ) );
#130 = ORIENTED_EDGE('',*,*,#81,.T.);
#131 = ADVANCED_FACE('',(#132,#275,#306),#65,.F.);
#132 = FACE_BOUND('',#133,.F.);
#133 = EDGE_LOOP('',(#134,#162,#188,#216,#249));
#134 = ORIENTED_EDGE('',*,*,#135,.T.);
#135 = EDGE_CURVE('',#136,#138,#140,.T.);
#136 = VERTEX_POINT('',#137);
#137 = CARTESIAN_POINT('',(8.,-2.5,0.));
#138 = VERTEX_POINT('',#139);
#139 = CARTESIAN_POINT('',(8.,1.656186299215E-11,0.));
#140 = SURFACE_CURVE('',#141,(#145,#151),.PCURVE_S1.);
#141 = LINE('',#142,#143);
#142 = CARTESIAN_POINT('',(8.,-5.,0.));
#143 = VECTOR('',#144,1.);
#144 = DIRECTION('',(0.,1.,0.));
#145 = PCURVE('',#65,#146);
#146 = DEFINITIONAL_REPRESENTATION('',(#147),#150);
#147 = B_SPLINE_CURVE_WITH_KNOTS('',1,(#148,#149),.UNSPECIFIED.,.F.,.F.,
  (2,2),(2.5,7.5),.PIECEWISE_BEZIER_KNOTS.);
#148 = CARTESIAN_POINT('',(20.20590881318,-2.5));
#149 = CARTESIAN_POINT('',(20.20590881318,2.5));
#150 = ( GEOMETRIC_REPRESENTATION_CONTEXT(2) 
PARAMETRIC_REPRESENTATION_CONTEXT() REPRESENTATION_CONTEXT('2D SPACE',''
  ) );
#151 = PCURVE('',#152,#157);
#152 = PLANE('',#153);
#153 = AXIS2_PLACEMENT_3D('',#154,#155,#156);
#154 = CARTESIAN_POINT('',(8.,-10.,-8.5));
#155 = DIRECTION('',(1.,0.,0.));
#156 = DIRECTION('',(0.,0.,1.));
#157 = DEFINITIONAL_REPRESENTATION('',(#158),#161);
#158 = B_SPLINE_CURVE_WITH_KNOTS('',1,(#159,#160),.UNSPECIFIED.,.F.,.F.,
  (2,2),(2.5,7.5),.PIECEWISE_BEZIER_KNOTS.);
#159 = CARTESIAN_POINT('',(8.5,-7.5));
#160 = CARTESIAN_POINT('',(8.5,-12.5));
#161 = ( GEOMETRIC_REPRESENTATION_CONTEXT(2) 
PARAMETRIC_REPRESENTATION_CONTEXT() REPRESENTATION_CONTEXT('2D SPACE',''
  ) );
#162 = ORIENTED_EDGE('',*,*,#163,.T.);
#163 = EDGE_CURVE('',#138,#164,#166,.T.);
#164 = VERTEX_POINT('',#165);
#165 = CARTESIAN_POINT('',(8.,2.5,0.));
#166 = SURFACE_CURVE('',#167,(#171,#177),.PCURVE_S1.);
#167 = LINE('',#168,#169);
#168 = CARTESIAN_POINT('',(8.,-5.,0.));
#169 = VECTOR('',#170,1.);
#170 = DIRECTION('',(0.,1.,0.));
#171 = PCURVE('',#65,#172);
#172 = DEFINITIONAL_REPRESENTATION('',(#173),#176);
#173 = B_SPLINE_CURVE_WITH_KNOTS('',1,(#174,#175),.UNSPECIFIED.,.F.,.F.,
  (2,2),(2.5,7.5),.PIECEWISE_BEZIER_KNOTS.);
#174 = CARTESIAN_POINT('',(20.20590881318,-2.5));
#175 = CARTESIAN_POINT('',(20.20590881318,2.5));
#176 = ( GEOMETRIC_REPRESENTATION_CONTEXT(2) 
PARAMETRIC_REPRESENTATION_CONTEXT() REPRESENTATION_CONTEXT('2D SPACE',''
  ) );
#177 = PCURVE('',#178,#183);
#178 = PLANE('',#179);
#179 = AXIS2_PLACEMENT_3D('',#180,#181,#182);
#180 = CARTESIAN_POINT('',(8.,-10.,-8.5));
#181 = DIRECTION('',(1.,0.,0.));
#182 = DIRECTION('',(0.,0.,1.));
#183 = DEFINITIONAL_REPRESENTATION('',(#184),#187);
#184 = B_SPLINE_CURVE_WITH_KNOTS('',1,(#185,#186),.UNSPECIFIED.,.F.,.F.,
  (2,2),(2.5,7.5),.PIECEWISE_BEZIER_KNOTS.);
#185 = CARTESIAN_POINT('',(8.5,-7.5));
#186 = CARTESIAN_POINT('',(8.5,-12.5));
#187 = ( GEOMETRIC_REPRESENTATION_CONTEXT(2) 
PARAMETRIC_REPRESENTATION_CONTEXT() REPRESENTATION_CONTEXT('2D SPACE',''
  ) );
#188 = ORIENTED_EDGE('',*,*,#189,.T.);
#189 = EDGE_CURVE('',#164,#190,#192,.T.);
#190 = VERTEX_POINT('',#191);
#191 = CARTESIAN_POINT('',(-12.20590881318,2.5,0.));
#192 = SURFACE_CURVE('',#193,(#197,#204),.PCURVE_S1.);
#193 = LINE('',#194,#195);
#194 = CARTESIAN_POINT('',(-12.20590881318,2.5,0.));
#195 = VECTOR('',#196,1.);
#196 = DIRECTION('',(-1.,-9.637352644316E-18,-0.));
#197 = PCURVE('',#65,#198);
#198 = DEFINITIONAL_REPRESENTATION('',(#199),#203);
#199 = LINE('',#200,#201);
#200 = CARTESIAN_POINT('',(0.,2.5));
#201 = VECTOR('',#202,1.);
#202 = DIRECTION('',(-1.,-9.637352644316E-18));
#203 = ( GEOMETRIC_REPRESENTATION_CONTEXT(2) 
PARAMETRIC_REPRESENTATION_CONTEXT() REPRESENTATION_CONTEXT('2D SPACE',''
  ) );
#204 = PCURVE('',#205,#210);
#205 = PLANE('',#206);
#206 = AXIS2_PLACEMENT_3D('',#207,#208,#209);
#207 = CARTESIAN_POINT('',(-12.20590881318,2.5,3.));
#208 = DIRECTION('',(9.637352644316E-18,-1.,0.));
#209 = DIRECTION('',(1.,9.637352644316E-18,0.));
#210 = DEFINITIONAL_REPRESENTATION('',(#211),#215);
#211 = LINE('',#212,#213);
#212 = CARTESIAN_POINT('',(0.,-3.));
#213 = VECTOR('',#214,1.);
#214 = DIRECTION('',(-1.,0.));
#215 = ( GEOMETRIC_REPRESENTATION_CONTEXT(2) 
PARAMETRIC_REPRESENTATION_CONTEXT() REPRESENTATION_CONTEXT('2D SPACE',''
  ) );
#216 = ORIENTED_EDGE('',*,*,#217,.F.);
#217 = EDGE_CURVE('',#218,#190,#220,.T.);
#218 = VERTEX_POINT('',#219);
#219 = CARTESIAN_POINT('',(-12.20590881318,-2.5,0.));
#220 = SURFACE_CURVE('',#221,(#226,#237),.PCURVE_S1.);
#221 = CIRCLE('',#222,2.5);
#222 = AXIS2_PLACEMENT_3D('',#223,#224,#225);
#223 = CARTESIAN_POINT('',(-12.20590881318,0.,0.));
#224 = DIRECTION('',(-0.,-0.,-1.));
#225 = DIRECTION('',(0.,-1.,0.));
#226 = PCURVE('',#65,#227);
#227 = DEFINITIONAL_REPRESENTATION('',(#228),#236);
#228 = ( BOUNDED_CURVE() B_SPLINE_CURVE(2,(#229,#230,#231,#232,#233,#234
,#235),.UNSPECIFIED.,.T.,.F.) B_SPLINE_CURVE_WITH_KNOTS((1,2,2,2,2,1),(
    -2.094395102393,0.,2.094395102393,4.188790204786,6.28318530718,
8.377580409573),.UNSPECIFIED.) CURVE() GEOMETRIC_REPRESENTATION_ITEM() 
RATIONAL_B_SPLINE_CURVE((1.,0.5,1.,0.5,1.,0.5,1.)) REPRESENTATION_ITEM(
  '') );
#229 = CARTESIAN_POINT('',(0.,-2.5));
#230 = CARTESIAN_POINT('',(-4.330127018922,-2.5));
#231 = CARTESIAN_POINT('',(-2.165063509461,1.25));
#232 = CARTESIAN_POINT('',(-6.123233995737E-16,5.));
#233 = CARTESIAN_POINT('',(2.165063509461,1.25));
#234 = CARTESIAN_POINT('',(4.330127018922,-2.5));
#235 = CARTESIAN_POINT('',(0.,-2.5));
#236 = ( GEOMETRIC_REPRESENTATION_CONTEXT(2) 
PARAMETRIC_REPRESENTATION_CONTEXT() REPRESENTATION_CONTEXT('2D SPACE',''
  ) );
#237 = PCURVE('',#238,#243);
#238 = CYLINDRICAL_SURFACE('',#239,2.5);
#239 = AXIS2_PLACEMENT_3D('',#240,#241,#242);
#240 = CARTESIAN_POINT('',(-12.20590881318,0.,3.));
#241 = DIRECTION('',(-0.,-0.,-1.));
#242 = DIRECTION('',(-1.,0.,0.));
#243 = DEFINITIONAL_REPRESENTATION('',(#244),#248);
#244 = LINE('',#245,#246);
#245 = CARTESIAN_POINT('',(4.712388980384,3.));
#246 = VECTOR('',#247,1.);
#247 = DIRECTION('',(1.,-0.));
#248 = ( GEOMETRIC_REPRESENTATION_CONTEXT(2) 
PARAMETRIC_REPRESENTATION_CONTEXT() REPRESENTATION_CONTEXT('2D SPACE',''
  ) );
#249 = ORIENTED_EDGE('',*,*,#250,.T.);
#250 = EDGE_CURVE('',#218,#136,#251,.T.);
#251 = SURFACE_CURVE('',#252,(#256,#263),.PCURVE_S1.);
#252 = LINE('',#253,#254);
#253 = CARTESIAN_POINT('',(-12.20590881318,-2.5,0.));
#254 = VECTOR('',#255,1.);
#255 = DIRECTION('',(1.,2.891205793295E-17,0.));
#256 = PCURVE('',#65,#257);
#257 = DEFINITIONAL_REPRESENTATION('',(#258),#262);
#258 = LINE('',#259,#260);
#259 = CARTESIAN_POINT('',(0.,-2.5));
#260 = VECTOR('',#261,1.);
#261 = DIRECTION('',(1.,2.891205793295E-17));
#262 = ( GEOMETRIC_REPRESENTATION_CONTEXT(2) 
PARAMETRIC_REPRESENTATION_CONTEXT() REPRESENTATION_CONTEXT('2D SPACE',''
  ) );
#263 = PCURVE('',#264,#269);
#264 = PLANE('',#265);
#265 = AXIS2_PLACEMENT_3D('',#266,#267,#268);
#266 = CARTESIAN_POINT('',(-12.20590881318,-2.5,3.));
#267 = DIRECTION('',(-2.891205793295E-17,1.,0.));
#268 = DIRECTION('',(-1.,-2.891205793295E-17,0.));
#269 = DEFINITIONAL_REPRESENTATION('',(#270),#274);
#270 = LINE('',#271,#272);
#271 = CARTESIAN_POINT('',(-0.,-3.));
#272 = VECTOR('',#273,1.);
#273 = DIRECTION('',(-1.,0.));
#274 = ( GEOMETRIC_REPRESENTATION_CONTEXT(2) 
PARAMETRIC_REPRESENTATION_CONTEXT() REPRESENTATION_CONTEXT('2D SPACE',''
  ) );
#275 = FACE_BOUND('',#276,.F.);
#276 = EDGE_LOOP('',(#277));
#277 = ORIENTED_EDGE('',*,*,#278,.F.);
#278 = EDGE_CURVE('',#279,#279,#281,.T.);
#279 = VERTEX_POINT('',#280);
#280 = CARTESIAN_POINT('',(-13.55590881318,0.,0.));
#281 = SURFACE_CURVE('',#282,(#287,#294),.PCURVE_S1.);
#282 = CIRCLE('',#283,1.35);
#283 = AXIS2_PLACEMENT_3D('',#284,#285,#286);
#284 = CARTESIAN_POINT('',(-12.20590881318,-1.276756478319E-15,0.));
#285 = DIRECTION('',(0.,0.,1.));
#286 = DIRECTION('',(-1.,1.06821021941E-15,-0.));
#287 = PCURVE('',#65,#288);
#288 = DEFINITIONAL_REPRESENTATION('',(#289),#293);
#289 = CIRCLE('',#290,1.35);
#290 = AXIS2_PLACEMENT_2D('',#291,#292);
#291 = CARTESIAN_POINT('',(0.,-1.276756478319E-15));
#292 = DIRECTION('',(-1.,1.06821021941E-15));
#293 = ( GEOMETRIC_REPRESENTATION_CONTEXT(2) 
PARAMETRIC_REPRESENTATION_CONTEXT() REPRESENTATION_CONTEXT('2D SPACE',''
  ) );
#294 = PCURVE('',#295,#300);
#295 = CYLINDRICAL_SURFACE('',#296,1.35);
#296 = AXIS2_PLACEMENT_3D('',#297,#298,#299);
#297 = CARTESIAN_POINT('',(-12.20590881318,0.,3.));
#298 = DIRECTION('',(-0.,-0.,-1.));
#299 = DIRECTION('',(-1.,0.,0.));
#300 = DEFINITIONAL_REPRESENTATION('',(#301),#305);
#301 = LINE('',#302,#303);
#302 = CARTESIAN_POINT('',(6.283185307179,3.));
#303 = VECTOR('',#304,1.);
#304 = DIRECTION('',(-1.,0.));
#305 = ( GEOMETRIC_REPRESENTATION_CONTEXT(2) 
PARAMETRIC_REPRESENTATION_CONTEXT() REPRESENTATION_CONTEXT('2D SPACE',''
  ) );
#306 = FACE_BOUND('',#307,.F.);
#307 = EDGE_LOOP('',(#308));
#308 = ORIENTED_EDGE('',*,*,#43,.T.);
#309 = ADVANCED_FACE('',(#310,#434,#464),#119,.T.);
#310 = FACE_BOUND('',#311,.T.);
#311 = EDGE_LOOP('',(#312,#340,#366,#389,#413));
#312 = ORIENTED_EDGE('',*,*,#313,.T.);
#313 = EDGE_CURVE('',#314,#316,#318,.T.);
#314 = VERTEX_POINT('',#315);
#315 = CARTESIAN_POINT('',(8.,-2.5,3.));
#316 = VERTEX_POINT('',#317);
#317 = CARTESIAN_POINT('',(8.,-7.426059767113E-12,3.));
#318 = SURFACE_CURVE('',#319,(#323,#329),.PCURVE_S1.);
#319 = LINE('',#320,#321);
#320 = CARTESIAN_POINT('',(8.,-5.,3.));
#321 = VECTOR('',#322,1.);
#322 = DIRECTION('',(0.,1.,0.));
#323 = PCURVE('',#119,#324);
#324 = DEFINITIONAL_REPRESENTATION('',(#325),#328);
#325 = B_SPLINE_CURVE_WITH_KNOTS('',1,(#326,#327),.UNSPECIFIED.,.F.,.F.,
  (2,2),(2.5,7.5),.PIECEWISE_BEZIER_KNOTS.);
#326 = CARTESIAN_POINT('',(20.20590881318,-2.5));
#327 = CARTESIAN_POINT('',(20.20590881318,2.5));
#328 = ( GEOMETRIC_REPRESENTATION_CONTEXT(2) 
PARAMETRIC_REPRESENTATION_CONTEXT() REPRESENTATION_CONTEXT('2D SPACE',''
  ) );
#329 = PCURVE('',#330,#335);
#330 = PLANE('',#331);
#331 = AXIS2_PLACEMENT_3D('',#332,#333,#334);
#332 = CARTESIAN_POINT('',(8.,-10.,-8.5));
#333 = DIRECTION('',(1.,0.,0.));
#334 = DIRECTION('',(0.,0.,1.));
#335 = DEFINITIONAL_REPRESENTATION('',(#336),#339);
#336 = B_SPLINE_CURVE_WITH_KNOTS('',1,(#337,#338),.UNSPECIFIED.,.F.,.F.,
  (2,2),(2.5,7.5),.PIECEWISE_BEZIER_KNOTS.);
#337 = CARTESIAN_POINT('',(11.5,-7.5));
#338 = CARTESIAN_POINT('',(11.5,-12.5));
#339 = ( GEOMETRIC_REPRESENTATION_CONTEXT(2) 
PARAMETRIC_REPRESENTATION_CONTEXT() REPRESENTATION_CONTEXT('2D SPACE',''
  ) );
#340 = ORIENTED_EDGE('',*,*,#341,.T.);
#341 = EDGE_CURVE('',#316,#342,#344,.T.);
#342 = VERTEX_POINT('',#343);
#343 = CARTESIAN_POINT('',(8.,2.5,3.));
#344 = SURFACE_CURVE('',#345,(#349,#355),.PCURVE_S1.);
#345 = LINE('',#346,#347);
#346 = CARTESIAN_POINT('',(8.,-5.,3.));
#347 = VECTOR('',#348,1.);
#348 = DIRECTION('',(0.,1.,0.));
#349 = PCURVE('',#119,#350);
#350 = DEFINITIONAL_REPRESENTATION('',(#351),#354);
#351 = B_SPLINE_CURVE_WITH_KNOTS('',1,(#352,#353),.UNSPECIFIED.,.F.,.F.,
  (2,2),(2.5,7.5),.PIECEWISE_BEZIER_KNOTS.);
#352 = CARTESIAN_POINT('',(20.20590881318,-2.5));
#353 = CARTESIAN_POINT('',(20.20590881318,2.5));
#354 = ( GEOMETRIC_REPRESENTATION_CONTEXT(2) 
PARAMETRIC_REPRESENTATION_CONTEXT() REPRESENTATION_CONTEXT('2D SPACE',''
  ) );
#355 = PCURVE('',#356,#361);
#356 = PLANE('',#357);
#357 = AXIS2_PLACEMENT_3D('',#358,#359,#360);
#358 = CARTESIAN_POINT('',(8.,-10.,-8.5));
#359 = DIRECTION('',(1.,0.,0.));
#360 = DIRECTION('',(0.,0.,1.));
#361 = DEFINITIONAL_REPRESENTATION('',(#362),#365);
#362 = B_SPLINE_CURVE_WITH_KNOTS('',1,(#363,#364),.UNSPECIFIED.,.F.,.F.,
  (2,2),(2.5,7.5),.PIECEWISE_BEZIER_KNOTS.);
#363 = CARTESIAN_POINT('',(11.5,-7.5));
#364 = CARTESIAN_POINT('',(11.5,-12.5));
#365 = ( GEOMETRIC_REPRESENTATION_CONTEXT(2) 
PARAMETRIC_REPRESENTATION_CONTEXT() REPRESENTATION_CONTEXT('2D SPACE',''
  ) );
#366 = ORIENTED_EDGE('',*,*,#367,.T.);
#367 = EDGE_CURVE('',#342,#368,#370,.T.);
#368 = VERTEX_POINT('',#369);
#369 = CARTESIAN_POINT('',(-12.20590881318,2.5,3.));
#370 = SURFACE_CURVE('',#371,(#375,#382),.PCURVE_S1.);
#371 = LINE('',#372,#373);
#372 = CARTESIAN_POINT('',(32.794091186814,2.5,3.));
#373 = VECTOR('',#374,1.);
#374 = DIRECTION('',(-1.,-0.,-0.));
#375 = PCURVE('',#119,#376);
#376 = DEFINITIONAL_REPRESENTATION('',(#377),#381);
#377 = LINE('',#378,#379);
#378 = CARTESIAN_POINT('',(44.999999999994,2.5));
#379 = VECTOR('',#380,1.);
#380 = DIRECTION('',(-1.,0.));
#381 = ( GEOMETRIC_REPRESENTATION_CONTEXT(2) 
PARAMETRIC_REPRESENTATION_CONTEXT() REPRESENTATION_CONTEXT('2D SPACE',''
  ) );
#382 = PCURVE('',#205,#383);
#383 = DEFINITIONAL_REPRESENTATION('',(#384),#388);
#384 = LINE('',#385,#386);
#385 = CARTESIAN_POINT('',(44.999999999994,0.));
#386 = VECTOR('',#387,1.);
#387 = DIRECTION('',(-1.,0.));
#388 = ( GEOMETRIC_REPRESENTATION_CONTEXT(2) 
PARAMETRIC_REPRESENTATION_CONTEXT() REPRESENTATION_CONTEXT('2D SPACE',''
  ) );
#389 = ORIENTED_EDGE('',*,*,#390,.T.);
#390 = EDGE_CURVE('',#368,#391,#393,.T.);
#391 = VERTEX_POINT('',#392);
#392 = CARTESIAN_POINT('',(-12.20590881318,-2.5,3.));
#393 = SURFACE_CURVE('',#394,(#399,#406),.PCURVE_S1.);
#394 = CIRCLE('',#395,2.5);
#395 = AXIS2_PLACEMENT_3D('',#396,#397,#398);
#396 = CARTESIAN_POINT('',(-12.20590881318,0.,3.));
#397 = DIRECTION('',(0.,-0.,1.));
#398 = DIRECTION('',(0.,1.,0.));
#399 = PCURVE('',#119,#400);
#400 = DEFINITIONAL_REPRESENTATION('',(#401),#405);
#401 = CIRCLE('',#402,2.5);
#402 = AXIS2_PLACEMENT_2D('',#403,#404);
#403 = CARTESIAN_POINT('',(0.,0.));
#404 = DIRECTION('',(0.,1.));
#405 = ( GEOMETRIC_REPRESENTATION_CONTEXT(2) 
PARAMETRIC_REPRESENTATION_CONTEXT() REPRESENTATION_CONTEXT('2D SPACE',''
  ) );
#406 = PCURVE('',#238,#407);
#407 = DEFINITIONAL_REPRESENTATION('',(#408),#412);
#408 = LINE('',#409,#410);
#409 = CARTESIAN_POINT('',(7.853981633975,0.));
#410 = VECTOR('',#411,1.);
#411 = DIRECTION('',(-1.,0.));
#412 = ( GEOMETRIC_REPRESENTATION_CONTEXT(2) 
PARAMETRIC_REPRESENTATION_CONTEXT() REPRESENTATION_CONTEXT('2D SPACE',''
  ) );
#413 = ORIENTED_EDGE('',*,*,#414,.T.);
#414 = EDGE_CURVE('',#391,#314,#415,.T.);
#415 = SURFACE_CURVE('',#416,(#420,#427),.PCURVE_S1.);
#416 = LINE('',#417,#418);
#417 = CARTESIAN_POINT('',(-12.20590881318,-2.5,3.));
#418 = VECTOR('',#419,1.);
#419 = DIRECTION('',(1.,2.891205793295E-17,0.));
#420 = PCURVE('',#119,#421);
#421 = DEFINITIONAL_REPRESENTATION('',(#422),#426);
#422 = LINE('',#423,#424);
#423 = CARTESIAN_POINT('',(0.,-2.5));
#424 = VECTOR('',#425,1.);
#425 = DIRECTION('',(1.,2.891205793295E-17));
#426 = ( GEOMETRIC_REPRESENTATION_CONTEXT(2) 
PARAMETRIC_REPRESENTATION_CONTEXT() REPRESENTATION_CONTEXT('2D SPACE',''
  ) );
#427 = PCURVE('',#264,#428);
#428 = DEFINITIONAL_REPRESENTATION('',(#429),#433);
#429 = LINE('',#430,#431);
#430 = CARTESIAN_POINT('',(0.,0.));
#431 = VECTOR('',#432,1.);
#432 = DIRECTION('',(-1.,0.));
#433 = ( GEOMETRIC_REPRESENTATION_CONTEXT(2) 
PARAMETRIC_REPRESENTATION_CONTEXT() REPRESENTATION_CONTEXT('2D SPACE',''
  ) );
#434 = FACE_BOUND('',#435,.T.);
#435 = EDGE_LOOP('',(#436));
#436 = ORIENTED_EDGE('',*,*,#437,.T.);
#437 = EDGE_CURVE('',#438,#438,#440,.T.);
#438 = VERTEX_POINT('',#439);
#439 = CARTESIAN_POINT('',(-13.55590881318,0.,3.));
#440 = SURFACE_CURVE('',#441,(#446,#457),.PCURVE_S1.);
#441 = CIRCLE('',#442,1.35);
#442 = AXIS2_PLACEMENT_3D('',#443,#444,#445);
#443 = CARTESIAN_POINT('',(-12.20590881318,1.33226762955E-15,3.));
#444 = DIRECTION('',(0.,0.,-1.));
#445 = DIRECTION('',(-1.,-8.644002308632E-16,-0.));
#446 = PCURVE('',#119,#447);
#447 = DEFINITIONAL_REPRESENTATION('',(#448),#456);
#448 = ( BOUNDED_CURVE() B_SPLINE_CURVE(2,(#449,#450,#451,#452,#453,#454
,#455),.UNSPECIFIED.,.T.,.F.) B_SPLINE_CURVE_WITH_KNOTS((1,2,2,2,2,1),(
    -2.094395102393,0.,2.094395102393,4.188790204786,6.28318530718,
8.377580409573),.UNSPECIFIED.) CURVE() GEOMETRIC_REPRESENTATION_ITEM() 
RATIONAL_B_SPLINE_CURVE((1.,0.5,1.,0.5,1.,0.5,1.)) REPRESENTATION_ITEM(
  '') );
#449 = CARTESIAN_POINT('',(-1.35,1.653273178849E-16));
#450 = CARTESIAN_POINT('',(-1.35,2.338268590218));
#451 = CARTESIAN_POINT('',(0.675,1.169134295109));
#452 = CARTESIAN_POINT('',(2.7,3.996802888651E-15));
#453 = CARTESIAN_POINT('',(0.675,-1.169134295109));
#454 = CARTESIAN_POINT('',(-1.35,-2.338268590218));
#455 = CARTESIAN_POINT('',(-1.35,1.653273178849E-16));
#456 = ( GEOMETRIC_REPRESENTATION_CONTEXT(2) 
PARAMETRIC_REPRESENTATION_CONTEXT() REPRESENTATION_CONTEXT('2D SPACE',''
  ) );
#457 = PCURVE('',#295,#458);
#458 = DEFINITIONAL_REPRESENTATION('',(#459),#463);
#459 = LINE('',#460,#461);
#460 = CARTESIAN_POINT('',(2.069455717901E-13,0.));
#461 = VECTOR('',#462,1.);
#462 = DIRECTION('',(1.,-0.));
#463 = ( GEOMETRIC_REPRESENTATION_CONTEXT(2) 
PARAMETRIC_REPRESENTATION_CONTEXT() REPRESENTATION_CONTEXT('2D SPACE',''
  ) );
#464 = FACE_BOUND('',#465,.T.);
#465 = EDGE_LOOP('',(#466));
#466 = ORIENTED_EDGE('',*,*,#104,.F.);
#467 = ADVANCED_FACE('',(#468),#152,.T.);
#468 = FACE_BOUND('',#469,.T.);
#469 = EDGE_LOOP('',(#470,#606,#625));
#470 = ORIENTED_EDGE('',*,*,#471,.T.);
#471 = EDGE_CURVE('',#138,#472,#474,.T.);
#472 = VERTEX_POINT('',#473);
#473 = CARTESIAN_POINT('',(8.,-2.5,0.670843802411));
#474 = SURFACE_CURVE('',#475,(#514,#556),.PCURVE_S1.);
#475 = B_SPLINE_CURVE_WITH_KNOTS('',7,(#476,#477,#478,#479,#480,#481,
    #482,#483,#484,#485,#486,#487,#488,#489,#490,#491,#492,#493,#494,
    #495,#496,#497,#498,#499,#500,#501,#502,#503,#504,#505,#506,#507,
    #508,#509,#510,#511,#512,#513),.UNSPECIFIED.,.F.,.F.,(8,6,6,6,6,6,8)
  ,(0.,9.830550878332E-02,0.189640449488,0.5,0.810359550512,
    0.901694491217,1.),.UNSPECIFIED.);
#476 = CARTESIAN_POINT('',(8.,2.5,0.670843802411));
#477 = CARTESIAN_POINT('',(8.,2.443219931446,0.628044215374));
#478 = CARTESIAN_POINT('',(8.,2.384354934065,0.587384196011));
#479 = CARTESIAN_POINT('',(8.,2.323693592655,0.548768849643));
#480 = CARTESIAN_POINT('',(8.,2.261479646477,0.512108676398));
#481 = CARTESIAN_POINT('',(8.,2.19791458622,0.477318389591));
#482 = CARTESIAN_POINT('',(8.,2.133160250969,0.444315734095));
#483 = CARTESIAN_POINT('',(8.,2.006189627804,0.38394394652));
#484 = CARTESIAN_POINT('',(8.,1.944126801684,0.356345134294));
#485 = CARTESIAN_POINT('',(8.,1.88125859715,0.330162375267));
#486 = CARTESIAN_POINT('',(8.,1.817676251486,0.305341232746));
#487 = CARTESIAN_POINT('',(8.,1.753457694237,0.28183309507));
#488 = CARTESIAN_POINT('',(8.,1.688668652526,0.259593944576));
#489 = CARTESIAN_POINT('',(8.,1.401455272537,0.16718757971));
#490 = CARTESIAN_POINT('',(8.,1.173762907381,0.110030361555));
#491 = CARTESIAN_POINT('',(8.,0.942212594724,6.542548981767E-02));
#492 = CARTESIAN_POINT('',(8.,0.708141261398,3.257307013216E-02));
#493 = CARTESIAN_POINT('',(8.,0.472616394782,1.086510550349E-02));
#494 = CARTESIAN_POINT('',(8.,0.236394148667,1.06581410364E-14));
#495 = CARTESIAN_POINT('',(8.,-0.236394148667,-1.06581410364E-14));
#496 = CARTESIAN_POINT('',(8.,-0.472616394781,1.086510550348E-02));
#497 = CARTESIAN_POINT('',(8.,-0.708141261396,3.257307013196E-02));
#498 = CARTESIAN_POINT('',(8.,-0.942212594724,6.542548981779E-02));
#499 = CARTESIAN_POINT('',(8.,-1.17376290738,0.110030361555));
#500 = CARTESIAN_POINT('',(8.,-1.401455272536,0.16718757971));
#501 = CARTESIAN_POINT('',(8.,-1.688668652525,0.259593944575));
#502 = CARTESIAN_POINT('',(8.,-1.753457694236,0.28183309507));
#503 = CARTESIAN_POINT('',(8.,-1.817676251486,0.305341232746));
#504 = CARTESIAN_POINT('',(8.,-1.88125859715,0.330162375267));
#505 = CARTESIAN_POINT('',(8.,-1.944126801684,0.356345134293));
#506 = CARTESIAN_POINT('',(8.,-2.006189627803,0.38394394652));
#507 = CARTESIAN_POINT('',(8.,-2.133160250969,0.444315734095));
#508 = CARTESIAN_POINT('',(8.,-2.19791458622,0.47731838959));
#509 = CARTESIAN_POINT('',(8.,-2.261479646476,0.512108676398));
#510 = CARTESIAN_POINT('',(8.,-2.323693592655,0.548768849643));
#511 = CARTESIAN_POINT('',(8.,-2.384354934065,0.587384196011));
#512 = CARTESIAN_POINT('',(8.,-2.443219931446,0.628044215373));
#513 = CARTESIAN_POINT('',(8.,-2.5,0.670843802411));
#514 = PCURVE('',#152,#515);
#515 = DEFINITIONAL_REPRESENTATION('',(#516),#555);
#516 = B_SPLINE_CURVE_WITH_KNOTS('',7,(#517,#518,#519,#520,#521,#522,
    #523,#524,#525,#526,#527,#528,#529,#530,#531,#532,#533,#534,#535,
    #536,#537,#538,#539,#540,#541,#542,#543,#544,#545,#546,#547,#548,
    #549,#550,#551,#552,#553,#554),.UNSPECIFIED.,.F.,.F.,(8,6,6,6,6,6,8)
  ,(0.,9.830550878332E-02,0.189640449488,0.5,0.810359550512,
    0.901694491217,1.),.UNSPECIFIED.);
#517 = CARTESIAN_POINT('',(9.170843802411,-12.5));
#518 = CARTESIAN_POINT('',(9.128044215374,-12.44321993144));
#519 = CARTESIAN_POINT('',(9.087384196011,-12.38435493406));
#520 = CARTESIAN_POINT('',(9.048768849643,-12.32369359265));
#521 = CARTESIAN_POINT('',(9.012108676398,-12.26147964647));
#522 = CARTESIAN_POINT('',(8.977318389591,-12.19791458622));
#523 = CARTESIAN_POINT('',(8.944315734095,-12.13316025096));
#524 = CARTESIAN_POINT('',(8.88394394652,-12.0061896278));
#525 = CARTESIAN_POINT('',(8.856345134294,-11.94412680168));
#526 = CARTESIAN_POINT('',(8.830162375267,-11.88125859715));
#527 = CARTESIAN_POINT('',(8.805341232746,-11.81767625148));
#528 = CARTESIAN_POINT('',(8.78183309507,-11.75345769423));
#529 = CARTESIAN_POINT('',(8.759593944576,-11.68866865252));
#530 = CARTESIAN_POINT('',(8.66718757971,-11.40145527253));
#531 = CARTESIAN_POINT('',(8.610030361555,-11.17376290738));
#532 = CARTESIAN_POINT('',(8.565425489818,-10.94221259472));
#533 = CARTESIAN_POINT('',(8.532573070132,-10.70814126139));
#534 = CARTESIAN_POINT('',(8.510865105503,-10.47261639478));
#535 = CARTESIAN_POINT('',(8.5,-10.23639414866));
#536 = CARTESIAN_POINT('',(8.5,-9.763605851333));
#537 = CARTESIAN_POINT('',(8.510865105503,-9.527383605219));
#538 = CARTESIAN_POINT('',(8.532573070132,-9.291858738604));
#539 = CARTESIAN_POINT('',(8.565425489818,-9.057787405276));
#540 = CARTESIAN_POINT('',(8.610030361555,-8.82623709262));
#541 = CARTESIAN_POINT('',(8.66718757971,-8.598544727464));
#542 = CARTESIAN_POINT('',(8.759593944575,-8.311331347475));
#543 = CARTESIAN_POINT('',(8.78183309507,-8.246542305764));
#544 = CARTESIAN_POINT('',(8.805341232746,-8.182323748514));
#545 = CARTESIAN_POINT('',(8.830162375267,-8.11874140285));
#546 = CARTESIAN_POINT('',(8.856345134293,-8.055873198316));
#547 = CARTESIAN_POINT('',(8.88394394652,-7.993810372197));
#548 = CARTESIAN_POINT('',(8.944315734095,-7.866839749031));
#549 = CARTESIAN_POINT('',(8.97731838959,-7.80208541378));
#550 = CARTESIAN_POINT('',(9.012108676398,-7.738520353524));
#551 = CARTESIAN_POINT('',(9.048768849643,-7.676306407345));
#552 = CARTESIAN_POINT('',(9.087384196011,-7.615645065935));
#553 = CARTESIAN_POINT('',(9.128044215373,-7.556780068554));
#554 = CARTESIAN_POINT('',(9.170843802411,-7.5));
#555 = ( GEOMETRIC_REPRESENTATION_CONTEXT(2) 
PARAMETRIC_REPRESENTATION_CONTEXT() REPRESENTATION_CONTEXT('2D SPACE',''
  ) );
#556 = PCURVE('',#557,#565);
#557 = SURFACE_OF_LINEAR_EXTRUSION('',#558,#563);
#558 = ELLIPSE('',#559,3.,1.5);
#559 = AXIS2_PLACEMENT_3D('',#560,#561,#562);
#560 = CARTESIAN_POINT('',(5.,0.,1.5));
#561 = DIRECTION('',(1.,0.,0.));
#562 = DIRECTION('',(0.,1.,0.));
#563 = VECTOR('',#564,1.);
#564 = DIRECTION('',(-1.,-0.,-0.));
#565 = DEFINITIONAL_REPRESENTATION('',(#566),#605);
#566 = B_SPLINE_CURVE_WITH_KNOTS('',7,(#567,#568,#569,#570,#571,#572,
    #573,#574,#575,#576,#577,#578,#579,#580,#581,#582,#583,#584,#585,
    #586,#587,#588,#589,#590,#591,#592,#593,#594,#595,#596,#597,#598,
    #599,#600,#601,#602,#603,#604),.UNSPECIFIED.,.F.,.F.,(8,6,6,6,6,6,8)
  ,(0.,9.830550878332E-02,0.189640449488,0.5,0.810359550512,
    0.901694491217,1.),.UNSPECIFIED.);
#567 = CARTESIAN_POINT('',(5.697499763722,-3.));
#568 = CARTESIAN_POINT('',(5.663260094092,-3.));
#569 = CARTESIAN_POINT('',(5.629824833388,-3.));
#570 = CARTESIAN_POINT('',(5.597129187771,-3.));
#571 = CARTESIAN_POINT('',(5.565116187716,-3.));
#572 = CARTESIAN_POINT('',(5.533733529543,-3.));
#573 = CARTESIAN_POINT('',(5.50293041695,-3.));
#574 = CARTESIAN_POINT('',(5.444525175474,-3.));
#575 = CARTESIAN_POINT('',(5.416854655849,-3.));
#576 = CARTESIAN_POINT('',(5.38960388385,-3.));
#577 = CARTESIAN_POINT('',(5.362738697115,-3.));
#578 = CARTESIAN_POINT('',(5.336228390581,-3.));
#579 = CARTESIAN_POINT('',(5.310044376313,-3.));
#580 = CARTESIAN_POINT('',(5.196198832451,-3.));
#581 = CARTESIAN_POINT('',(5.111753543611,-3.));
#582 = CARTESIAN_POINT('',(5.029646421597,-3.));
#583 = CARTESIAN_POINT('',(4.949237508862,-3.));
#584 = CARTESIAN_POINT('',(4.869927203235,-3.));
#585 = CARTESIAN_POINT('',(4.791187029941,-3.));
#586 = CARTESIAN_POINT('',(4.633590930829,-3.));
#587 = CARTESIAN_POINT('',(4.554850757534,-3.));
#588 = CARTESIAN_POINT('',(4.475540451908,-3.));
#589 = CARTESIAN_POINT('',(4.395131539172,-3.));
#590 = CARTESIAN_POINT('',(4.313024417158,-3.));
#591 = CARTESIAN_POINT('',(4.228579128319,-3.));
#592 = CARTESIAN_POINT('',(4.114733584457,-3.));
#593 = CARTESIAN_POINT('',(4.088549570188,-3.));
#594 = CARTESIAN_POINT('',(4.062039263654,-3.));
#595 = CARTESIAN_POINT('',(4.03517407692,-3.));
#596 = CARTESIAN_POINT('',(4.007923304921,-3.));
#597 = CARTESIAN_POINT('',(3.980252785295,-3.));
#598 = CARTESIAN_POINT('',(3.921847543819,-3.));
#599 = CARTESIAN_POINT('',(3.891044431227,-3.));
#600 = CARTESIAN_POINT('',(3.859661773053,-3.));
#601 = CARTESIAN_POINT('',(3.827648772998,-3.));
#602 = CARTESIAN_POINT('',(3.794953127382,-3.));
#603 = CARTESIAN_POINT('',(3.761517866677,-3.));
#604 = CARTESIAN_POINT('',(3.727278197047,-3.));
#605 = ( GEOMETRIC_REPRESENTATION_CONTEXT(2) 
PARAMETRIC_REPRESENTATION_CONTEXT() REPRESENTATION_CONTEXT('2D SPACE',''
  ) );
#606 = ORIENTED_EDGE('',*,*,#607,.T.);
#607 = EDGE_CURVE('',#472,#136,#608,.T.);
#608 = SURFACE_CURVE('',#609,(#613,#619),.PCURVE_S1.);
#609 = LINE('',#610,#611);
#610 = CARTESIAN_POINT('',(8.,-2.5,-2.75));
#611 = VECTOR('',#612,1.);
#612 = DIRECTION('',(0.,0.,-1.));
#613 = PCURVE('',#152,#614);
#614 = DEFINITIONAL_REPRESENTATION('',(#615),#618);
#615 = B_SPLINE_CURVE_WITH_KNOTS('',1,(#616,#617),.UNSPECIFIED.,.F.,.F.,
  (2,2),(-5.75,-2.75),.PIECEWISE_BEZIER_KNOTS.);
#616 = CARTESIAN_POINT('',(11.5,-7.5));
#617 = CARTESIAN_POINT('',(8.5,-7.5));
#618 = ( GEOMETRIC_REPRESENTATION_CONTEXT(2) 
PARAMETRIC_REPRESENTATION_CONTEXT() REPRESENTATION_CONTEXT('2D SPACE',''
  ) );
#619 = PCURVE('',#264,#620);
#620 = DEFINITIONAL_REPRESENTATION('',(#621),#624);
#621 = B_SPLINE_CURVE_WITH_KNOTS('',1,(#622,#623),.UNSPECIFIED.,.F.,.F.,
  (2,2),(-5.75,-2.75),.PIECEWISE_BEZIER_KNOTS.);
#622 = CARTESIAN_POINT('',(-20.20590881318,0.));
#623 = CARTESIAN_POINT('',(-20.20590881318,-3.));
#624 = ( GEOMETRIC_REPRESENTATION_CONTEXT(2) 
PARAMETRIC_REPRESENTATION_CONTEXT() REPRESENTATION_CONTEXT('2D SPACE',''
  ) );
#625 = ORIENTED_EDGE('',*,*,#135,.T.);
#626 = ADVANCED_FACE('',(#627),#178,.T.);
#627 = FACE_BOUND('',#628,.T.);
#628 = EDGE_LOOP('',(#629,#650,#776));
#629 = ORIENTED_EDGE('',*,*,#630,.T.);
#630 = EDGE_CURVE('',#164,#631,#633,.T.);
#631 = VERTEX_POINT('',#632);
#632 = CARTESIAN_POINT('',(8.,2.5,0.670843802411));
#633 = SURFACE_CURVE('',#634,(#638,#644),.PCURVE_S1.);
#634 = LINE('',#635,#636);
#635 = CARTESIAN_POINT('',(8.,2.5,-2.75));
#636 = VECTOR('',#637,1.);
#637 = DIRECTION('',(-0.,0.,1.));
#638 = PCURVE('',#178,#639);
#639 = DEFINITIONAL_REPRESENTATION('',(#640),#643);
#640 = B_SPLINE_CURVE_WITH_KNOTS('',1,(#641,#642),.UNSPECIFIED.,.F.,.F.,
  (2,2),(-5.75,14.25),.PIECEWISE_BEZIER_KNOTS.);
#641 = CARTESIAN_POINT('',(0.,-12.5));
#642 = CARTESIAN_POINT('',(20.,-12.5));
#643 = ( GEOMETRIC_REPRESENTATION_CONTEXT(2) 
PARAMETRIC_REPRESENTATION_CONTEXT() REPRESENTATION_CONTEXT('2D SPACE',''
  ) );
#644 = PCURVE('',#205,#645);
#645 = DEFINITIONAL_REPRESENTATION('',(#646),#649);
#646 = B_SPLINE_CURVE_WITH_KNOTS('',1,(#647,#648),.UNSPECIFIED.,.F.,.F.,
  (2,2),(-5.75,14.25),.PIECEWISE_BEZIER_KNOTS.);
#647 = CARTESIAN_POINT('',(20.20590881318,-11.5));
#648 = CARTESIAN_POINT('',(20.20590881318,8.5));
#649 = ( GEOMETRIC_REPRESENTATION_CONTEXT(2) 
PARAMETRIC_REPRESENTATION_CONTEXT() REPRESENTATION_CONTEXT('2D SPACE',''
  ) );
#650 = ORIENTED_EDGE('',*,*,#651,.T.);
#651 = EDGE_CURVE('',#631,#138,#652,.T.);
#652 = SURFACE_CURVE('',#653,(#692,#734),.PCURVE_S1.);
#653 = B_SPLINE_CURVE_WITH_KNOTS('',7,(#654,#655,#656,#657,#658,#659,
    #660,#661,#662,#663,#664,#665,#666,#667,#668,#669,#670,#671,#672,
    #673,#674,#675,#676,#677,#678,#679,#680,#681,#682,#683,#684,#685,
    #686,#687,#688,#689,#690,#691),.UNSPECIFIED.,.F.,.F.,(8,6,6,6,6,6,8)
  ,(0.,9.830550878332E-02,0.189640449488,0.5,0.810359550512,
    0.901694491217,1.),.UNSPECIFIED.);
#654 = CARTESIAN_POINT('',(8.,2.5,0.670843802411));
#655 = CARTESIAN_POINT('',(8.,2.443219931446,0.628044215374));
#656 = CARTESIAN_POINT('',(8.,2.384354934065,0.587384196011));
#657 = CARTESIAN_POINT('',(8.,2.323693592655,0.548768849643));
#658 = CARTESIAN_POINT('',(8.,2.261479646477,0.512108676398));
#659 = CARTESIAN_POINT('',(8.,2.19791458622,0.477318389591));
#660 = CARTESIAN_POINT('',(8.,2.133160250969,0.444315734095));
#661 = CARTESIAN_POINT('',(8.,2.006189627804,0.38394394652));
#662 = CARTESIAN_POINT('',(8.,1.944126801684,0.356345134294));
#663 = CARTESIAN_POINT('',(8.,1.88125859715,0.330162375267));
#664 = CARTESIAN_POINT('',(8.,1.817676251486,0.305341232746));
#665 = CARTESIAN_POINT('',(8.,1.753457694237,0.28183309507));
#666 = CARTESIAN_POINT('',(8.,1.688668652526,0.259593944576));
#667 = CARTESIAN_POINT('',(8.,1.401455272537,0.16718757971));
#668 = CARTESIAN_POINT('',(8.,1.173762907381,0.110030361555));
#669 = CARTESIAN_POINT('',(8.,0.942212594724,6.542548981767E-02));
#670 = CARTESIAN_POINT('',(8.,0.708141261398,3.257307013216E-02));
#671 = CARTESIAN_POINT('',(8.,0.472616394782,1.086510550349E-02));
#672 = CARTESIAN_POINT('',(8.,0.236394148667,1.06581410364E-14));
#673 = CARTESIAN_POINT('',(8.,-0.236394148667,-1.06581410364E-14));
#674 = CARTESIAN_POINT('',(8.,-0.472616394781,1.086510550348E-02));
#675 = CARTESIAN_POINT('',(8.,-0.708141261396,3.257307013196E-02));
#676 = CARTESIAN_POINT('',(8.,-0.942212594724,6.542548981779E-02));
#677 = CARTESIAN_POINT('',(8.,-1.17376290738,0.110030361555));
#678 = CARTESIAN_POINT('',(8.,-1.401455272536,0.16718757971));
#679 = CARTESIAN_POINT('',(8.,-1.688668652525,0.259593944575));
#680 = CARTESIAN_POINT('',(8.,-1.753457694236,0.28183309507));
#681 = CARTESIAN_POINT('',(8.,-1.817676251486,0.305341232746));
#682 = CARTESIAN_POINT('',(8.,-1.88125859715,0.330162375267));
#683 = CARTESIAN_POINT('',(8.,-1.944126801684,0.356345134293));
#684 = CARTESIAN_POINT('',(8.,-2.006189627803,0.38394394652));
#685 = CARTESIAN_POINT('',(8.,-2.133160250969,0.444315734095));
#686 = CARTESIAN_POINT('',(8.,-2.19791458622,0.47731838959));
#687 = CARTESIAN_POINT('',(8.,-2.261479646476,0.512108676398));
#688 = CARTESIAN_POINT('',(8.,-2.323693592655,0.548768849643));
#689 = CARTESIAN_POINT('',(8.,-2.384354934065,0.587384196011));
#690 = CARTESIAN_POINT('',(8.,-2.443219931446,0.628044215373));
#691 = CARTESIAN_POINT('',(8.,-2.5,0.670843802411));
#692 = PCURVE('',#178,#693);
#693 = DEFINITIONAL_REPRESENTATION('',(#694),#733);
#694 = B_SPLINE_CURVE_WITH_KNOTS('',7,(#695,#696,#697,#698,#699,#700,
    #701,#702,#703,#704,#705,#706,#707,#708,#709,#710,#711,#712,#713,
    #714,#715,#716,#717,#718,#719,#720,#721,#722,#723,#724,#725,#726,
    #727,#728,#729,#730,#731,#732),.UNSPECIFIED.,.F.,.F.,(8,6,6,6,6,6,8)
  ,(0.,9.830550878332E-02,0.189640449488,0.5,0.810359550512,
    0.901694491217,1.),.UNSPECIFIED.);
#695 = CARTESIAN_POINT('',(9.170843802411,-12.5));
#696 = CARTESIAN_POINT('',(9.128044215374,-12.44321993144));
#697 = CARTESIAN_POINT('',(9.087384196011,-12.38435493406));
#698 = CARTESIAN_POINT('',(9.048768849643,-12.32369359265));
#699 = CARTESIAN_POINT('',(9.012108676398,-12.26147964647));
#700 = CARTESIAN_POINT('',(8.977318389591,-12.19791458622));
#701 = CARTESIAN_POINT('',(8.944315734095,-12.13316025096));
#702 = CARTESIAN_POINT('',(8.88394394652,-12.0061896278));
#703 = CARTESIAN_POINT('',(8.856345134294,-11.94412680168));
#704 = CARTESIAN_POINT('',(8.830162375267,-11.88125859715));
#705 = CARTESIAN_POINT('',(8.805341232746,-11.81767625148));
#706 = CARTESIAN_POINT('',(8.78183309507,-11.75345769423));
#707 = CARTESIAN_POINT('',(8.759593944576,-11.68866865252));
#708 = CARTESIAN_POINT('',(8.66718757971,-11.40145527253));
#709 = CARTESIAN_POINT('',(8.610030361555,-11.17376290738));
#710 = CARTESIAN_POINT('',(8.565425489818,-10.94221259472));
#711 = CARTESIAN_POINT('',(8.532573070132,-10.70814126139));
#712 = CARTESIAN_POINT('',(8.510865105503,-10.47261639478));
#713 = CARTESIAN_POINT('',(8.5,-10.23639414866));
#714 = CARTESIAN_POINT('',(8.5,-9.763605851333));
#715 = CARTESIAN_POINT('',(8.510865105503,-9.527383605219));
#716 = CARTESIAN_POINT('',(8.532573070132,-9.291858738604));
#717 = CARTESIAN_POINT('',(8.565425489818,-9.057787405276));
#718 = CARTESIAN_POINT('',(8.610030361555,-8.82623709262));
#719 = CARTESIAN_POINT('',(8.66718757971,-8.598544727464));
#720 = CARTESIAN_POINT('',(8.759593944575,-8.311331347475));
#721 = CARTESIAN_POINT('',(8.78183309507,-8.246542305764));
#722 = CARTESIAN_POINT('',(8.805341232746,-8.182323748514));
#723 = CARTESIAN_POINT('',(8.830162375267,-8.11874140285));
#724 = CARTESIAN_POINT('',(8.856345134293,-8.055873198316));
#725 = CARTESIAN_POINT('',(8.88394394652,-7.993810372197));
#726 = CARTESIAN_POINT('',(8.944315734095,-7.866839749031));
#727 = CARTESIAN_POINT('',(8.97731838959,-7.80208541378));
#728 = CARTESIAN_POINT('',(9.012108676398,-7.738520353524));
#729 = CARTESIAN_POINT('',(9.048768849643,-7.676306407345));
#730 = CARTESIAN_POINT('',(9.087384196011,-7.615645065935));
#731 = CARTESIAN_POINT('',(9.128044215373,-7.556780068554));
#732 = CARTESIAN_POINT('',(9.170843802411,-7.5));
#733 = ( GEOMETRIC_REPRESENTATION_CONTEXT(2) 
PARAMETRIC_REPRESENTATION_CONTEXT() REPRESENTATION_CONTEXT('2D SPACE',''
  ) );
#734 = PCURVE('',#557,#735);
#735 = DEFINITIONAL_REPRESENTATION('',(#736),#775);
#736 = B_SPLINE_CURVE_WITH_KNOTS('',7,(#737,#738,#739,#740,#741,#742,
    #743,#744,#745,#746,#747,#748,#749,#750,#751,#752,#753,#754,#755,
    #756,#757,#758,#759,#760,#761,#762,#763,#764,#765,#766,#767,#768,
    #769,#770,#771,#772,#773,#774),.UNSPECIFIED.,.F.,.F.,(8,6,6,6,6,6,8)
  ,(0.,9.830550878332E-02,0.189640449488,0.5,0.810359550512,
    0.901694491217,1.),.UNSPECIFIED.);
#737 = CARTESIAN_POINT('',(5.697499763722,-3.));
#738 = CARTESIAN_POINT('',(5.663260094092,-3.));
#739 = CARTESIAN_POINT('',(5.629824833388,-3.));
#740 = CARTESIAN_POINT('',(5.597129187771,-3.));
#741 = CARTESIAN_POINT('',(5.565116187716,-3.));
#742 = CARTESIAN_POINT('',(5.533733529543,-3.));
#743 = CARTESIAN_POINT('',(5.50293041695,-3.));
#744 = CARTESIAN_POINT('',(5.444525175474,-3.));
#745 = CARTESIAN_POINT('',(5.416854655849,-3.));
#746 = CARTESIAN_POINT('',(5.38960388385,-3.));
#747 = CARTESIAN_POINT('',(5.362738697115,-3.));
#748 = CARTESIAN_POINT('',(5.336228390581,-3.));
#749 = CARTESIAN_POINT('',(5.310044376313,-3.));
#750 = CARTESIAN_POINT('',(5.196198832451,-3.));
#751 = CARTESIAN_POINT('',(5.111753543611,-3.));
#752 = CARTESIAN_POINT('',(5.029646421597,-3.));
#753 = CARTESIAN_POINT('',(4.949237508862,-3.));
#754 = CARTESIAN_POINT('',(4.869927203235,-3.));
#755 = CARTESIAN_POINT('',(4.791187029941,-3.));
#756 = CARTESIAN_POINT('',(4.633590930829,-3.));
#757 = CARTESIAN_POINT('',(4.554850757534,-3.));
#758 = CARTESIAN_POINT('',(4.475540451908,-3.));
#759 = CARTESIAN_POINT('',(4.395131539172,-3.));
#760 = CARTESIAN_POINT('',(4.313024417158,-3.));
#761 = CARTESIAN_POINT('',(4.228579128319,-3.));
#762 = CARTESIAN_POINT('',(4.114733584457,-3.));
#763 = CARTESIAN_POINT('',(4.088549570188,-3.));
#764 = CARTESIAN_POINT('',(4.062039263654,-3.));
#765 = CARTESIAN_POINT('',(4.03517407692,-3.));
#766 = CARTESIAN_POINT('',(4.007923304921,-3.));
#767 = CARTESIAN_POINT('',(3.980252785295,-3.));
#768 = CARTESIAN_POINT('',(3.921847543819,-3.));
#769 = CARTESIAN_POINT('',(3.891044431227,-3.));
#770 = CARTESIAN_POINT('',(3.859661773053,-3.));
#771 = CARTESIAN_POINT('',(3.827648772998,-3.));
#772 = CARTESIAN_POINT('',(3.794953127382,-3.));
#773 = CARTESIAN_POINT('',(3.761517866677,-3.));
#774 = CARTESIAN_POINT('',(3.727278197047,-3.));
#775 = ( GEOMETRIC_REPRESENTATION_CONTEXT(2) 
PARAMETRIC_REPRESENTATION_CONTEXT() REPRESENTATION_CONTEXT('2D SPACE',''
  ) );
#776 = ORIENTED_EDGE('',*,*,#163,.T.);
#777 = ADVANCED_FACE('',(#778),#205,.F.);
#778 = FACE_BOUND('',#779,.F.);
#779 = EDGE_LOOP('',(#780,#781,#782,#811,#837,#866,#885,#886));
#780 = ORIENTED_EDGE('',*,*,#189,.F.);
#781 = ORIENTED_EDGE('',*,*,#630,.T.);
#782 = ORIENTED_EDGE('',*,*,#783,.T.);
#783 = EDGE_CURVE('',#631,#784,#786,.T.);
#784 = VERTEX_POINT('',#785);
#785 = CARTESIAN_POINT('',(5.,2.5,0.670843802411));
#786 = SURFACE_CURVE('',#787,(#793,#802),.PCURVE_S1.);
#787 = B_SPLINE_CURVE_WITH_KNOTS('',4,(#788,#789,#790,#791,#792),
  .UNSPECIFIED.,.F.,.F.,(5,5),(0.,1.),.PIECEWISE_BEZIER_KNOTS.);
#788 = CARTESIAN_POINT('',(8.,2.5,0.670843802411));
#789 = CARTESIAN_POINT('',(7.24999985,2.5,0.670843802411));
#790 = CARTESIAN_POINT('',(6.4999997,2.5,0.670843802411));
#791 = CARTESIAN_POINT('',(5.74999955,2.5,0.670843802411));
#792 = CARTESIAN_POINT('',(4.9999994,2.5,0.670843802411));
#793 = PCURVE('',#205,#794);
#794 = DEFINITIONAL_REPRESENTATION('',(#795),#801);
#795 = B_SPLINE_CURVE_WITH_KNOTS('',4,(#796,#797,#798,#799,#800),
  .UNSPECIFIED.,.F.,.F.,(5,5),(0.,1.),.PIECEWISE_BEZIER_KNOTS.);
#796 = CARTESIAN_POINT('',(20.20590881318,-2.329156197589));
#797 = CARTESIAN_POINT('',(19.45590866318,-2.329156197589));
#798 = CARTESIAN_POINT('',(18.70590851318,-2.329156197589));
#799 = CARTESIAN_POINT('',(17.95590836318,-2.329156197589));
#800 = CARTESIAN_POINT('',(17.20590821318,-2.329156197589));
#801 = ( GEOMETRIC_REPRESENTATION_CONTEXT(2) 
PARAMETRIC_REPRESENTATION_CONTEXT() REPRESENTATION_CONTEXT('2D SPACE',''
  ) );
#802 = PCURVE('',#557,#803);
#803 = DEFINITIONAL_REPRESENTATION('',(#804),#810);
#804 = B_SPLINE_CURVE_WITH_KNOTS('',4,(#805,#806,#807,#808,#809),
  .UNSPECIFIED.,.F.,.F.,(5,5),(0.,1.),.PIECEWISE_BEZIER_KNOTS.);
#805 = CARTESIAN_POINT('',(5.697499763722,-3.));
#806 = CARTESIAN_POINT('',(5.697499763722,-2.24999985));
#807 = CARTESIAN_POINT('',(5.697499763722,-1.4999997));
#808 = CARTESIAN_POINT('',(5.697499763722,-0.74999955));
#809 = CARTESIAN_POINT('',(5.697499763722,5.999999999062E-07));
#810 = ( GEOMETRIC_REPRESENTATION_CONTEXT(2) 
PARAMETRIC_REPRESENTATION_CONTEXT() REPRESENTATION_CONTEXT('2D SPACE',''
  ) );
#811 = ORIENTED_EDGE('',*,*,#812,.T.);
#812 = EDGE_CURVE('',#784,#813,#815,.T.);
#813 = VERTEX_POINT('',#814);
#814 = CARTESIAN_POINT('',(5.,2.5,2.329156197589));
#815 = SURFACE_CURVE('',#816,(#820,#826),.PCURVE_S1.);
#816 = LINE('',#817,#818);
#817 = CARTESIAN_POINT('',(5.,2.5,2.25));
#818 = VECTOR('',#819,1.);
#819 = DIRECTION('',(-0.,0.,1.));
#820 = PCURVE('',#205,#821);
#821 = DEFINITIONAL_REPRESENTATION('',(#822),#825);
#822 = B_SPLINE_CURVE_WITH_KNOTS('',1,(#823,#824),.UNSPECIFIED.,.F.,.F.,
  (2,2),(-2.25,0.75),.PIECEWISE_BEZIER_KNOTS.);
#823 = CARTESIAN_POINT('',(17.20590881318,-3.));
#824 = CARTESIAN_POINT('',(17.20590881318,0.));
#825 = ( GEOMETRIC_REPRESENTATION_CONTEXT(2) 
PARAMETRIC_REPRESENTATION_CONTEXT() REPRESENTATION_CONTEXT('2D SPACE',''
  ) );
#826 = PCURVE('',#827,#832);
#827 = PLANE('',#828);
#828 = AXIS2_PLACEMENT_3D('',#829,#830,#831);
#829 = CARTESIAN_POINT('',(5.,0.261459135851,1.5));
#830 = DIRECTION('',(1.,0.,0.));
#831 = DIRECTION('',(-0.,0.,1.));
#832 = DEFINITIONAL_REPRESENTATION('',(#833),#836);
#833 = B_SPLINE_CURVE_WITH_KNOTS('',1,(#834,#835),.UNSPECIFIED.,.F.,.F.,
  (2,2),(-2.25,0.75),.PIECEWISE_BEZIER_KNOTS.);
#834 = CARTESIAN_POINT('',(-1.5,-2.238540864149));
#835 = CARTESIAN_POINT('',(1.5,-2.238540864149));
#836 = ( GEOMETRIC_REPRESENTATION_CONTEXT(2) 
PARAMETRIC_REPRESENTATION_CONTEXT() REPRESENTATION_CONTEXT('2D SPACE',''
  ) );
#837 = ORIENTED_EDGE('',*,*,#838,.F.);
#838 = EDGE_CURVE('',#839,#813,#841,.T.);
#839 = VERTEX_POINT('',#840);
#840 = CARTESIAN_POINT('',(8.,2.5,2.329156197589));
#841 = SURFACE_CURVE('',#842,(#848,#857),.PCURVE_S1.);
#842 = B_SPLINE_CURVE_WITH_KNOTS('',4,(#843,#844,#845,#846,#847),
  .UNSPECIFIED.,.F.,.F.,(5,5),(0.,1.),.PIECEWISE_BEZIER_KNOTS.);
#843 = CARTESIAN_POINT('',(8.,2.5,2.329156197589));
#844 = CARTESIAN_POINT('',(7.24999985,2.5,2.329156197589));
#845 = CARTESIAN_POINT('',(6.4999997,2.5,2.329156197589));
#846 = CARTESIAN_POINT('',(5.74999955,2.5,2.329156197589));
#847 = CARTESIAN_POINT('',(4.9999994,2.5,2.329156197589));
#848 = PCURVE('',#205,#849);
#849 = DEFINITIONAL_REPRESENTATION('',(#850),#856);
#850 = B_SPLINE_CURVE_WITH_KNOTS('',4,(#851,#852,#853,#854,#855),
  .UNSPECIFIED.,.F.,.F.,(5,5),(0.,1.),.PIECEWISE_BEZIER_KNOTS.);
#851 = CARTESIAN_POINT('',(20.20590881318,-0.670843802411));
#852 = CARTESIAN_POINT('',(19.45590866318,-0.670843802411));
#853 = CARTESIAN_POINT('',(18.70590851318,-0.670843802411));
#854 = CARTESIAN_POINT('',(17.95590836318,-0.670843802411));
#855 = CARTESIAN_POINT('',(17.20590821318,-0.670843802411));
#856 = ( GEOMETRIC_REPRESENTATION_CONTEXT(2) 
PARAMETRIC_REPRESENTATION_CONTEXT() REPRESENTATION_CONTEXT('2D SPACE',''
  ) );
#857 = PCURVE('',#557,#858);
#858 = DEFINITIONAL_REPRESENTATION('',(#859),#865);
#859 = B_SPLINE_CURVE_WITH_KNOTS('',4,(#860,#861,#862,#863,#864),
  .UNSPECIFIED.,.F.,.F.,(5,5),(0.,1.),.PIECEWISE_BEZIER_KNOTS.);
#860 = CARTESIAN_POINT('',(0.585685543457,-3.));
#861 = CARTESIAN_POINT('',(0.585685543457,-2.24999985));
#862 = CARTESIAN_POINT('',(0.585685543457,-1.4999997));
#863 = CARTESIAN_POINT('',(0.585685543457,-0.74999955));
#864 = CARTESIAN_POINT('',(0.585685543457,5.999999999062E-07));
#865 = ( GEOMETRIC_REPRESENTATION_CONTEXT(2) 
PARAMETRIC_REPRESENTATION_CONTEXT() REPRESENTATION_CONTEXT('2D SPACE',''
  ) );
#866 = ORIENTED_EDGE('',*,*,#867,.T.);
#867 = EDGE_CURVE('',#839,#342,#868,.T.);
#868 = SURFACE_CURVE('',#869,(#873,#879),.PCURVE_S1.);
#869 = LINE('',#870,#871);
#870 = CARTESIAN_POINT('',(8.,2.5,-2.75));
#871 = VECTOR('',#872,1.);
#872 = DIRECTION('',(-0.,0.,1.));
#873 = PCURVE('',#205,#874);
#874 = DEFINITIONAL_REPRESENTATION('',(#875),#878);
#875 = B_SPLINE_CURVE_WITH_KNOTS('',1,(#876,#877),.UNSPECIFIED.,.F.,.F.,
  (2,2),(-5.75,14.25),.PIECEWISE_BEZIER_KNOTS.);
#876 = CARTESIAN_POINT('',(20.20590881318,-11.5));
#877 = CARTESIAN_POINT('',(20.20590881318,8.5));
#878 = ( GEOMETRIC_REPRESENTATION_CONTEXT(2) 
PARAMETRIC_REPRESENTATION_CONTEXT() REPRESENTATION_CONTEXT('2D SPACE',''
  ) );
#879 = PCURVE('',#356,#880);
#880 = DEFINITIONAL_REPRESENTATION('',(#881),#884);
#881 = B_SPLINE_CURVE_WITH_KNOTS('',1,(#882,#883),.UNSPECIFIED.,.F.,.F.,
  (2,2),(-5.75,14.25),.PIECEWISE_BEZIER_KNOTS.);
#882 = CARTESIAN_POINT('',(0.,-12.5));
#883 = CARTESIAN_POINT('',(20.,-12.5));
#884 = ( GEOMETRIC_REPRESENTATION_CONTEXT(2) 
PARAMETRIC_REPRESENTATION_CONTEXT() REPRESENTATION_CONTEXT('2D SPACE',''
  ) );
#885 = ORIENTED_EDGE('',*,*,#367,.T.);
#886 = ORIENTED_EDGE('',*,*,#887,.T.);
#887 = EDGE_CURVE('',#368,#190,#888,.T.);
#888 = SURFACE_CURVE('',#889,(#893,#900),.PCURVE_S1.);
#889 = LINE('',#890,#891);
#890 = CARTESIAN_POINT('',(-12.20590881318,2.5,3.));
#891 = VECTOR('',#892,1.);
#892 = DIRECTION('',(-0.,-0.,-1.));
#893 = PCURVE('',#205,#894);
#894 = DEFINITIONAL_REPRESENTATION('',(#895),#899);
#895 = LINE('',#896,#897);
#896 = CARTESIAN_POINT('',(0.,0.));
#897 = VECTOR('',#898,1.);
#898 = DIRECTION('',(0.,-1.));
#899 = ( GEOMETRIC_REPRESENTATION_CONTEXT(2) 
PARAMETRIC_REPRESENTATION_CONTEXT() REPRESENTATION_CONTEXT('2D SPACE',''
  ) );
#900 = PCURVE('',#238,#901);
#901 = DEFINITIONAL_REPRESENTATION('',(#902),#905);
#902 = B_SPLINE_CURVE_WITH_KNOTS('',1,(#903,#904),.UNSPECIFIED.,.F.,.F.,
  (2,2),(-0.,3.),.PIECEWISE_BEZIER_KNOTS.);
#903 = CARTESIAN_POINT('',(7.853981633975,0.));
#904 = CARTESIAN_POINT('',(7.853981633975,3.));
#905 = ( GEOMETRIC_REPRESENTATION_CONTEXT(2) 
PARAMETRIC_REPRESENTATION_CONTEXT() REPRESENTATION_CONTEXT('2D SPACE',''
  ) );
#906 = ADVANCED_FACE('',(#907),#238,.T.);
#907 = FACE_BOUND('',#908,.T.);
#908 = EDGE_LOOP('',(#909,#910,#911,#912));
#909 = ORIENTED_EDGE('',*,*,#390,.F.);
#910 = ORIENTED_EDGE('',*,*,#887,.T.);
#911 = ORIENTED_EDGE('',*,*,#217,.F.);
#912 = ORIENTED_EDGE('',*,*,#913,.F.);
#913 = EDGE_CURVE('',#391,#218,#914,.T.);
#914 = SURFACE_CURVE('',#915,(#919,#925),.PCURVE_S1.);
#915 = LINE('',#916,#917);
#916 = CARTESIAN_POINT('',(-12.20590881318,-2.5,3.));
#917 = VECTOR('',#918,1.);
#918 = DIRECTION('',(-0.,-0.,-1.));
#919 = PCURVE('',#238,#920);
#920 = DEFINITIONAL_REPRESENTATION('',(#921),#924);
#921 = B_SPLINE_CURVE_WITH_KNOTS('',1,(#922,#923),.UNSPECIFIED.,.F.,.F.,
  (2,2),(-0.,3.),.PIECEWISE_BEZIER_KNOTS.);
#922 = CARTESIAN_POINT('',(4.712388980385,0.));
#923 = CARTESIAN_POINT('',(4.712388980385,3.));
#924 = ( GEOMETRIC_REPRESENTATION_CONTEXT(2) 
PARAMETRIC_REPRESENTATION_CONTEXT() REPRESENTATION_CONTEXT('2D SPACE',''
  ) );
#925 = PCURVE('',#264,#926);
#926 = DEFINITIONAL_REPRESENTATION('',(#927),#931);
#927 = LINE('',#928,#929);
#928 = CARTESIAN_POINT('',(0.,0.));
#929 = VECTOR('',#930,1.);
#930 = DIRECTION('',(0.,-1.));
#931 = ( GEOMETRIC_REPRESENTATION_CONTEXT(2) 
PARAMETRIC_REPRESENTATION_CONTEXT() REPRESENTATION_CONTEXT('2D SPACE',''
  ) );
#932 = ADVANCED_FACE('',(#933),#264,.F.);
#933 = FACE_BOUND('',#934,.F.);
#934 = EDGE_LOOP('',(#935,#936,#937,#938,#959,#988,#1014,#1041));
#935 = ORIENTED_EDGE('',*,*,#250,.F.);
#936 = ORIENTED_EDGE('',*,*,#913,.F.);
#937 = ORIENTED_EDGE('',*,*,#414,.T.);
#938 = ORIENTED_EDGE('',*,*,#939,.T.);
#939 = EDGE_CURVE('',#314,#940,#942,.T.);
#940 = VERTEX_POINT('',#941);
#941 = CARTESIAN_POINT('',(8.,-2.5,2.329156197589));
#942 = SURFACE_CURVE('',#943,(#947,#953),.PCURVE_S1.);
#943 = LINE('',#944,#945);
#944 = CARTESIAN_POINT('',(8.,-2.5,-2.75));
#945 = VECTOR('',#946,1.);
#946 = DIRECTION('',(0.,0.,-1.));
#947 = PCURVE('',#264,#948);
#948 = DEFINITIONAL_REPRESENTATION('',(#949),#952);
#949 = B_SPLINE_CURVE_WITH_KNOTS('',1,(#950,#951),.UNSPECIFIED.,.F.,.F.,
  (2,2),(-5.75,-2.75),.PIECEWISE_BEZIER_KNOTS.);
#950 = CARTESIAN_POINT('',(-20.20590881318,0.));
#951 = CARTESIAN_POINT('',(-20.20590881318,-3.));
#952 = ( GEOMETRIC_REPRESENTATION_CONTEXT(2) 
PARAMETRIC_REPRESENTATION_CONTEXT() REPRESENTATION_CONTEXT('2D SPACE',''
  ) );
#953 = PCURVE('',#330,#954);
#954 = DEFINITIONAL_REPRESENTATION('',(#955),#958);
#955 = B_SPLINE_CURVE_WITH_KNOTS('',1,(#956,#957),.UNSPECIFIED.,.F.,.F.,
  (2,2),(-5.75,-2.75),.PIECEWISE_BEZIER_KNOTS.);
#956 = CARTESIAN_POINT('',(11.5,-7.5));
#957 = CARTESIAN_POINT('',(8.5,-7.5));
#958 = ( GEOMETRIC_REPRESENTATION_CONTEXT(2) 
PARAMETRIC_REPRESENTATION_CONTEXT() REPRESENTATION_CONTEXT('2D SPACE',''
  ) );
#959 = ORIENTED_EDGE('',*,*,#960,.T.);
#960 = EDGE_CURVE('',#940,#961,#963,.T.);
#961 = VERTEX_POINT('',#962);
#962 = CARTESIAN_POINT('',(5.,-2.5,2.329156197589));
#963 = SURFACE_CURVE('',#964,(#970,#979),.PCURVE_S1.);
#964 = B_SPLINE_CURVE_WITH_KNOTS('',4,(#965,#966,#967,#968,#969),
  .UNSPECIFIED.,.F.,.F.,(5,5),(0.,1.),.PIECEWISE_BEZIER_KNOTS.);
#965 = CARTESIAN_POINT('',(8.,-2.5,2.329156197589));
#966 = CARTESIAN_POINT('',(7.24999985,-2.5,2.329156197589));
#967 = CARTESIAN_POINT('',(6.4999997,-2.5,2.329156197589));
#968 = CARTESIAN_POINT('',(5.74999955,-2.5,2.329156197589));
#969 = CARTESIAN_POINT('',(4.9999994,-2.5,2.329156197589));
#970 = PCURVE('',#264,#971);
#971 = DEFINITIONAL_REPRESENTATION('',(#972),#978);
#972 = B_SPLINE_CURVE_WITH_KNOTS('',4,(#973,#974,#975,#976,#977),
  .UNSPECIFIED.,.F.,.F.,(5,5),(0.,1.),.PIECEWISE_BEZIER_KNOTS.);
#973 = CARTESIAN_POINT('',(-20.20590881318,-0.670843802411));
#974 = CARTESIAN_POINT('',(-19.45590866318,-0.670843802411));
#975 = CARTESIAN_POINT('',(-18.70590851318,-0.670843802411));
#976 = CARTESIAN_POINT('',(-17.95590836318,-0.670843802411));
#977 = CARTESIAN_POINT('',(-17.20590821318,-0.670843802411));
#978 = ( GEOMETRIC_REPRESENTATION_CONTEXT(2) 
PARAMETRIC_REPRESENTATION_CONTEXT() REPRESENTATION_CONTEXT('2D SPACE',''
  ) );
#979 = PCURVE('',#557,#980);
#980 = DEFINITIONAL_REPRESENTATION('',(#981),#987);
#981 = B_SPLINE_CURVE_WITH_KNOTS('',4,(#982,#983,#984,#985,#986),
  .UNSPECIFIED.,.F.,.F.,(5,5),(0.,1.),.PIECEWISE_BEZIER_KNOTS.);
#982 = CARTESIAN_POINT('',(2.555907110133,-3.));
#983 = CARTESIAN_POINT('',(2.555907110133,-2.24999985));
#984 = CARTESIAN_POINT('',(2.555907110133,-1.4999997));
#985 = CARTESIAN_POINT('',(2.555907110133,-0.74999955));
#986 = CARTESIAN_POINT('',(2.555907110133,5.999999999062E-07));
#987 = ( GEOMETRIC_REPRESENTATION_CONTEXT(2) 
PARAMETRIC_REPRESENTATION_CONTEXT() REPRESENTATION_CONTEXT('2D SPACE',''
  ) );
#988 = ORIENTED_EDGE('',*,*,#989,.T.);
#989 = EDGE_CURVE('',#961,#990,#992,.T.);
#990 = VERTEX_POINT('',#991);
#991 = CARTESIAN_POINT('',(5.,-2.5,0.670843802411));
#992 = SURFACE_CURVE('',#993,(#997,#1003),.PCURVE_S1.);
#993 = LINE('',#994,#995);
#994 = CARTESIAN_POINT('',(5.,-2.5,2.25));
#995 = VECTOR('',#996,1.);
#996 = DIRECTION('',(0.,0.,-1.));
#997 = PCURVE('',#264,#998);
#998 = DEFINITIONAL_REPRESENTATION('',(#999),#1002);
#999 = B_SPLINE_CURVE_WITH_KNOTS('',1,(#1000,#1001),.UNSPECIFIED.,.F.,
  .F.,(2,2),(-0.75,2.25),.PIECEWISE_BEZIER_KNOTS.);
#1000 = CARTESIAN_POINT('',(-17.20590881318,0.));
#1001 = CARTESIAN_POINT('',(-17.20590881318,-3.));
#1002 = ( GEOMETRIC_REPRESENTATION_CONTEXT(2) 
PARAMETRIC_REPRESENTATION_CONTEXT() REPRESENTATION_CONTEXT('2D SPACE',''
  ) );
#1003 = PCURVE('',#1004,#1009);
#1004 = PLANE('',#1005);
#1005 = AXIS2_PLACEMENT_3D('',#1006,#1007,#1008);
#1006 = CARTESIAN_POINT('',(5.,0.261459135851,1.5));
#1007 = DIRECTION('',(1.,0.,0.));
#1008 = DIRECTION('',(-0.,0.,1.));
#1009 = DEFINITIONAL_REPRESENTATION('',(#1010),#1013);
#1010 = B_SPLINE_CURVE_WITH_KNOTS('',1,(#1011,#1012),.UNSPECIFIED.,.F.,
  .F.,(2,2),(-0.75,2.25),.PIECEWISE_BEZIER_KNOTS.);
#1011 = CARTESIAN_POINT('',(1.5,2.761459135851));
#1012 = CARTESIAN_POINT('',(-1.5,2.761459135851));
#1013 = ( GEOMETRIC_REPRESENTATION_CONTEXT(2) 
PARAMETRIC_REPRESENTATION_CONTEXT() REPRESENTATION_CONTEXT('2D SPACE',''
  ) );
#1014 = ORIENTED_EDGE('',*,*,#1015,.F.);
#1015 = EDGE_CURVE('',#472,#990,#1016,.T.);
#1016 = SURFACE_CURVE('',#1017,(#1023,#1032),.PCURVE_S1.);
#1017 = B_SPLINE_CURVE_WITH_KNOTS('',4,(#1018,#1019,#1020,#1021,#1022),
  .UNSPECIFIED.,.F.,.F.,(5,5),(0.,1.),.PIECEWISE_BEZIER_KNOTS.);
#1018 = CARTESIAN_POINT('',(8.,-2.5,0.670843802411));
#1019 = CARTESIAN_POINT('',(7.24999985,-2.5,0.670843802411));
#1020 = CARTESIAN_POINT('',(6.4999997,-2.5,0.670843802411));
#1021 = CARTESIAN_POINT('',(5.74999955,-2.5,0.670843802411));
#1022 = CARTESIAN_POINT('',(4.9999994,-2.5,0.670843802411));
#1023 = PCURVE('',#264,#1024);
#1024 = DEFINITIONAL_REPRESENTATION('',(#1025),#1031);
#1025 = B_SPLINE_CURVE_WITH_KNOTS('',4,(#1026,#1027,#1028,#1029,#1030),
  .UNSPECIFIED.,.F.,.F.,(5,5),(0.,1.),.PIECEWISE_BEZIER_KNOTS.);
#1026 = CARTESIAN_POINT('',(-20.20590881318,-2.329156197589));
#1027 = CARTESIAN_POINT('',(-19.45590866318,-2.329156197589));
#1028 = CARTESIAN_POINT('',(-18.70590851318,-2.329156197589));
#1029 = CARTESIAN_POINT('',(-17.95590836318,-2.329156197589));
#1030 = CARTESIAN_POINT('',(-17.20590821318,-2.329156197589));
#1031 = ( GEOMETRIC_REPRESENTATION_CONTEXT(2) 
PARAMETRIC_REPRESENTATION_CONTEXT() REPRESENTATION_CONTEXT('2D SPACE',''
  ) );
#1032 = PCURVE('',#557,#1033);
#1033 = DEFINITIONAL_REPRESENTATION('',(#1034),#1040);
#1034 = B_SPLINE_CURVE_WITH_KNOTS('',4,(#1035,#1036,#1037,#1038,#1039),
  .UNSPECIFIED.,.F.,.F.,(5,5),(0.,1.),.PIECEWISE_BEZIER_KNOTS.);
#1035 = CARTESIAN_POINT('',(3.727278197047,-3.));
#1036 = CARTESIAN_POINT('',(3.727278197047,-2.24999985));
#1037 = CARTESIAN_POINT('',(3.727278197047,-1.4999997));
#1038 = CARTESIAN_POINT('',(3.727278197047,-0.74999955));
#1039 = CARTESIAN_POINT('',(3.727278197047,5.999999999062E-07));
#1040 = ( GEOMETRIC_REPRESENTATION_CONTEXT(2) 
PARAMETRIC_REPRESENTATION_CONTEXT() REPRESENTATION_CONTEXT('2D SPACE',''
  ) );
#1041 = ORIENTED_EDGE('',*,*,#607,.T.);
#1042 = ADVANCED_FACE('',(#1043),#295,.F.);
#1043 = FACE_BOUND('',#1044,.F.);
#1044 = EDGE_LOOP('',(#1045,#1046,#1067,#1068));
#1045 = ORIENTED_EDGE('',*,*,#278,.T.);
#1046 = ORIENTED_EDGE('',*,*,#1047,.F.);
#1047 = EDGE_CURVE('',#438,#279,#1048,.T.);
#1048 = SEAM_CURVE('',#1049,(#1053,#1060),.PCURVE_S1.);
#1049 = LINE('',#1050,#1051);
#1050 = CARTESIAN_POINT('',(-13.55590881318,0.,3.));
#1051 = VECTOR('',#1052,1.);
#1052 = DIRECTION('',(-0.,-0.,-1.));
#1053 = PCURVE('',#295,#1054);
#1054 = DEFINITIONAL_REPRESENTATION('',(#1055),#1059);
#1055 = LINE('',#1056,#1057);
#1056 = CARTESIAN_POINT('',(0.,0.));
#1057 = VECTOR('',#1058,1.);
#1058 = DIRECTION('',(0.,1.));
#1059 = ( GEOMETRIC_REPRESENTATION_CONTEXT(2) 
PARAMETRIC_REPRESENTATION_CONTEXT() REPRESENTATION_CONTEXT('2D SPACE',''
  ) );
#1060 = PCURVE('',#295,#1061);
#1061 = DEFINITIONAL_REPRESENTATION('',(#1062),#1066);
#1062 = LINE('',#1063,#1064);
#1063 = CARTESIAN_POINT('',(6.28318530718,0.));
#1064 = VECTOR('',#1065,1.);
#1065 = DIRECTION('',(0.,1.));
#1066 = ( GEOMETRIC_REPRESENTATION_CONTEXT(2) 
PARAMETRIC_REPRESENTATION_CONTEXT() REPRESENTATION_CONTEXT('2D SPACE',''
  ) );
#1067 = ORIENTED_EDGE('',*,*,#437,.T.);
#1068 = ORIENTED_EDGE('',*,*,#1047,.T.);
#1069 = ADVANCED_FACE('',(#1070),#330,.T.);
#1070 = FACE_BOUND('',#1071,.T.);
#1071 = EDGE_LOOP('',(#1072,#1073,#1074));
#1072 = ORIENTED_EDGE('',*,*,#313,.F.);
#1073 = ORIENTED_EDGE('',*,*,#939,.T.);
#1074 = ORIENTED_EDGE('',*,*,#1075,.T.);
#1075 = EDGE_CURVE('',#940,#316,#1076,.T.);
#1076 = SURFACE_CURVE('',#1077,(#1116,#1158),.PCURVE_S1.);
#1077 = B_SPLINE_CURVE_WITH_KNOTS('',7,(#1078,#1079,#1080,#1081,#1082,
    #1083,#1084,#1085,#1086,#1087,#1088,#1089,#1090,#1091,#1092,#1093,
    #1094,#1095,#1096,#1097,#1098,#1099,#1100,#1101,#1102,#1103,#1104,
    #1105,#1106,#1107,#1108,#1109,#1110,#1111,#1112,#1113,#1114,#1115),
  .UNSPECIFIED.,.F.,.F.,(8,6,6,6,6,6,8),(0.,9.830550878326E-02,
    0.189640449488,0.5,0.810359550512,0.901694491217,1.),.UNSPECIFIED.);
#1078 = CARTESIAN_POINT('',(8.,-2.5,2.329156197589));
#1079 = CARTESIAN_POINT('',(8.,-2.443219931446,2.371955784626));
#1080 = CARTESIAN_POINT('',(8.,-2.384354934065,2.412615803989));
#1081 = CARTESIAN_POINT('',(8.,-2.323693592655,2.451231150357));
#1082 = CARTESIAN_POINT('',(8.,-2.261479646477,2.487891323602));
#1083 = CARTESIAN_POINT('',(8.,-2.197914586221,2.522681610409));
#1084 = CARTESIAN_POINT('',(8.,-2.133160250969,2.555684265905));
#1085 = CARTESIAN_POINT('',(8.,-2.006189627804,2.61605605348));
#1086 = CARTESIAN_POINT('',(8.,-1.944126801684,2.643654865706));
#1087 = CARTESIAN_POINT('',(8.,-1.88125859715,2.669837624733));
#1088 = CARTESIAN_POINT('',(8.,-1.817676251487,2.694658767254));
#1089 = CARTESIAN_POINT('',(8.,-1.753457694237,2.71816690493));
#1090 = CARTESIAN_POINT('',(8.,-1.688668652526,2.740406055424));
#1091 = CARTESIAN_POINT('',(8.,-1.401455272536,2.83281242029));
#1092 = CARTESIAN_POINT('',(8.,-1.173762907383,2.889969638444));
#1093 = CARTESIAN_POINT('',(8.,-0.942212594722,2.934574510183));
#1094 = CARTESIAN_POINT('',(8.,-0.708141261399,2.967426929868));
#1095 = CARTESIAN_POINT('',(8.,-0.472616394781,2.989134894497));
#1096 = CARTESIAN_POINT('',(8.,-0.236394148668,3.));
#1097 = CARTESIAN_POINT('',(8.,0.236394148667,3.));
#1098 = CARTESIAN_POINT('',(8.,0.472616394782,2.989134894497));
#1099 = CARTESIAN_POINT('',(8.,0.708141261396,2.967426929868));
#1100 = CARTESIAN_POINT('',(8.,0.942212594724,2.934574510182));
#1101 = CARTESIAN_POINT('',(8.,1.173762907381,2.889969638445));
#1102 = CARTESIAN_POINT('',(8.,1.401455272536,2.83281242029));
#1103 = CARTESIAN_POINT('',(8.,1.688668652525,2.740406055425));
#1104 = CARTESIAN_POINT('',(8.,1.753457694236,2.71816690493));
#1105 = CARTESIAN_POINT('',(8.,1.817676251486,2.694658767254));
#1106 = CARTESIAN_POINT('',(8.,1.88125859715,2.669837624733));
#1107 = CARTESIAN_POINT('',(8.,1.944126801684,2.643654865707));
#1108 = CARTESIAN_POINT('',(8.,2.006189627803,2.61605605348));
#1109 = CARTESIAN_POINT('',(8.,2.133160250969,2.555684265905));
#1110 = CARTESIAN_POINT('',(8.,2.19791458622,2.52268161041));
#1111 = CARTESIAN_POINT('',(8.,2.261479646476,2.487891323602));
#1112 = CARTESIAN_POINT('',(8.,2.323693592655,2.451231150357));
#1113 = CARTESIAN_POINT('',(8.,2.384354934065,2.412615803989));
#1114 = CARTESIAN_POINT('',(8.,2.443219931446,2.371955784627));
#1115 = CARTESIAN_POINT('',(8.,2.5,2.329156197589));
#1116 = PCURVE('',#330,#1117);
#1117 = DEFINITIONAL_REPRESENTATION('',(#1118),#1157);
#1118 = B_SPLINE_CURVE_WITH_KNOTS('',7,(#1119,#1120,#1121,#1122,#1123,
    #1124,#1125,#1126,#1127,#1128,#1129,#1130,#1131,#1132,#1133,#1134,
    #1135,#1136,#1137,#1138,#1139,#1140,#1141,#1142,#1143,#1144,#1145,
    #1146,#1147,#1148,#1149,#1150,#1151,#1152,#1153,#1154,#1155,#1156),
  .UNSPECIFIED.,.F.,.F.,(8,6,6,6,6,6,8),(0.,9.830550878326E-02,
    0.189640449488,0.5,0.810359550512,0.901694491217,1.),.UNSPECIFIED.);
#1119 = CARTESIAN_POINT('',(10.829156197589,-7.5));
#1120 = CARTESIAN_POINT('',(10.871955784626,-7.556780068554));
#1121 = CARTESIAN_POINT('',(10.912615803989,-7.615645065935));
#1122 = CARTESIAN_POINT('',(10.951231150357,-7.676306407345));
#1123 = CARTESIAN_POINT('',(10.987891323602,-7.738520353523));
#1124 = CARTESIAN_POINT('',(11.022681610409,-7.802085413779));
#1125 = CARTESIAN_POINT('',(11.055684265905,-7.866839749031));
#1126 = CARTESIAN_POINT('',(11.11605605348,-7.993810372196));
#1127 = CARTESIAN_POINT('',(11.143654865706,-8.055873198316));
#1128 = CARTESIAN_POINT('',(11.169837624733,-8.11874140285));
#1129 = CARTESIAN_POINT('',(11.194658767254,-8.182323748513));
#1130 = CARTESIAN_POINT('',(11.21816690493,-8.246542305763));
#1131 = CARTESIAN_POINT('',(11.240406055424,-8.311331347474));
#1132 = CARTESIAN_POINT('',(11.33281242029,-8.598544727464));
#1133 = CARTESIAN_POINT('',(11.389969638444,-8.826237092617));
#1134 = CARTESIAN_POINT('',(11.434574510183,-9.057787405278));
#1135 = CARTESIAN_POINT('',(11.467426929868,-9.291858738601));
#1136 = CARTESIAN_POINT('',(11.489134894497,-9.527383605219));
#1137 = CARTESIAN_POINT('',(11.5,-9.763605851332));
#1138 = CARTESIAN_POINT('',(11.5,-10.23639414866));
#1139 = CARTESIAN_POINT('',(11.489134894497,-10.47261639478));
#1140 = CARTESIAN_POINT('',(11.467426929868,-10.70814126139));
#1141 = CARTESIAN_POINT('',(11.434574510182,-10.94221259472));
#1142 = CARTESIAN_POINT('',(11.389969638445,-11.17376290738));
#1143 = CARTESIAN_POINT('',(11.33281242029,-11.40145527253));
#1144 = CARTESIAN_POINT('',(11.240406055425,-11.68866865252));
#1145 = CARTESIAN_POINT('',(11.21816690493,-11.75345769423));
#1146 = CARTESIAN_POINT('',(11.194658767254,-11.81767625148));
#1147 = CARTESIAN_POINT('',(11.169837624733,-11.88125859715));
#1148 = CARTESIAN_POINT('',(11.143654865707,-11.94412680168));
#1149 = CARTESIAN_POINT('',(11.11605605348,-12.0061896278));
#1150 = CARTESIAN_POINT('',(11.055684265905,-12.13316025096));
#1151 = CARTESIAN_POINT('',(11.02268161041,-12.19791458622));
#1152 = CARTESIAN_POINT('',(10.987891323602,-12.26147964647));
#1153 = CARTESIAN_POINT('',(10.951231150357,-12.32369359265));
#1154 = CARTESIAN_POINT('',(10.912615803989,-12.38435493406));
#1155 = CARTESIAN_POINT('',(10.871955784627,-12.44321993144));
#1156 = CARTESIAN_POINT('',(10.829156197589,-12.5));
#1157 = ( GEOMETRIC_REPRESENTATION_CONTEXT(2) 
PARAMETRIC_REPRESENTATION_CONTEXT() REPRESENTATION_CONTEXT('2D SPACE',''
  ) );
#1158 = PCURVE('',#557,#1159);
#1159 = DEFINITIONAL_REPRESENTATION('',(#1160),#1199);
#1160 = B_SPLINE_CURVE_WITH_KNOTS('',7,(#1161,#1162,#1163,#1164,#1165,
    #1166,#1167,#1168,#1169,#1170,#1171,#1172,#1173,#1174,#1175,#1176,
    #1177,#1178,#1179,#1180,#1181,#1182,#1183,#1184,#1185,#1186,#1187,
    #1188,#1189,#1190,#1191,#1192,#1193,#1194,#1195,#1196,#1197,#1198),
  .UNSPECIFIED.,.F.,.F.,(8,6,6,6,6,6,8),(0.,9.830550878326E-02,
    0.189640449488,0.5,0.810359550512,0.901694491217,1.),.UNSPECIFIED.);
#1161 = CARTESIAN_POINT('',(2.555907110133,-3.));
#1162 = CARTESIAN_POINT('',(2.521667440503,-3.));
#1163 = CARTESIAN_POINT('',(2.488232179798,-3.));
#1164 = CARTESIAN_POINT('',(2.455536534181,-3.));
#1165 = CARTESIAN_POINT('',(2.423523534126,-3.));
#1166 = CARTESIAN_POINT('',(2.392140875953,-3.));
#1167 = CARTESIAN_POINT('',(2.361337763361,-3.));
#1168 = CARTESIAN_POINT('',(2.302932521884,-3.));
#1169 = CARTESIAN_POINT('',(2.275262002259,-3.));
#1170 = CARTESIAN_POINT('',(2.24801123026,-3.));
#1171 = CARTESIAN_POINT('',(2.221146043526,-3.));
#1172 = CARTESIAN_POINT('',(2.194635736991,-3.));
#1173 = CARTESIAN_POINT('',(2.168451722723,-3.));
#1174 = CARTESIAN_POINT('',(2.054606178861,-3.));
#1175 = CARTESIAN_POINT('',(1.970160890022,-3.));
#1176 = CARTESIAN_POINT('',(1.888053768007,-3.));
#1177 = CARTESIAN_POINT('',(1.807644855272,-3.));
#1178 = CARTESIAN_POINT('',(1.728334549645,-3.));
#1179 = CARTESIAN_POINT('',(1.649594376351,-3.));
#1180 = CARTESIAN_POINT('',(1.491998277239,-3.));
#1181 = CARTESIAN_POINT('',(1.413258103944,-3.));
#1182 = CARTESIAN_POINT('',(1.333947798319,-3.));
#1183 = CARTESIAN_POINT('',(1.253538885583,-3.));
#1184 = CARTESIAN_POINT('',(1.171431763569,-3.));
#1185 = CARTESIAN_POINT('',(1.086986474729,-3.));
#1186 = CARTESIAN_POINT('',(0.973140930867,-3.));
#1187 = CARTESIAN_POINT('',(0.946956916599,-3.));
#1188 = CARTESIAN_POINT('',(0.920446610064,-3.));
#1189 = CARTESIAN_POINT('',(0.89358142333,-3.));
#1190 = CARTESIAN_POINT('',(0.866330651331,-3.));
#1191 = CARTESIAN_POINT('',(0.838660131706,-3.));
#1192 = CARTESIAN_POINT('',(0.780254890229,-3.));
#1193 = CARTESIAN_POINT('',(0.749451777637,-3.));
#1194 = CARTESIAN_POINT('',(0.718069119464,-3.));
#1195 = CARTESIAN_POINT('',(0.686056119409,-3.));
#1196 = CARTESIAN_POINT('',(0.653360473792,-3.));
#1197 = CARTESIAN_POINT('',(0.619925213087,-3.));
#1198 = CARTESIAN_POINT('',(0.585685543457,-3.));
#1199 = ( GEOMETRIC_REPRESENTATION_CONTEXT(2) 
PARAMETRIC_REPRESENTATION_CONTEXT() REPRESENTATION_CONTEXT('2D SPACE',''
  ) );
#1200 = ADVANCED_FACE('',(#1201),#356,.T.);
#1201 = FACE_BOUND('',#1202,.T.);
#1202 = EDGE_LOOP('',(#1203,#1204,#1330));
#1203 = ORIENTED_EDGE('',*,*,#341,.F.);
#1204 = ORIENTED_EDGE('',*,*,#1205,.T.);
#1205 = EDGE_CURVE('',#316,#839,#1206,.T.);
#1206 = SURFACE_CURVE('',#1207,(#1246,#1288),.PCURVE_S1.);
#1207 = B_SPLINE_CURVE_WITH_KNOTS('',7,(#1208,#1209,#1210,#1211,#1212,
    #1213,#1214,#1215,#1216,#1217,#1218,#1219,#1220,#1221,#1222,#1223,
    #1224,#1225,#1226,#1227,#1228,#1229,#1230,#1231,#1232,#1233,#1234,
    #1235,#1236,#1237,#1238,#1239,#1240,#1241,#1242,#1243,#1244,#1245),
  .UNSPECIFIED.,.F.,.F.,(8,6,6,6,6,6,8),(0.,9.830550878326E-02,
    0.189640449488,0.5,0.810359550512,0.901694491217,1.),.UNSPECIFIED.);
#1208 = CARTESIAN_POINT('',(8.,-2.5,2.329156197589));
#1209 = CARTESIAN_POINT('',(8.,-2.443219931446,2.371955784626));
#1210 = CARTESIAN_POINT('',(8.,-2.384354934065,2.412615803989));
#1211 = CARTESIAN_POINT('',(8.,-2.323693592655,2.451231150357));
#1212 = CARTESIAN_POINT('',(8.,-2.261479646477,2.487891323602));
#1213 = CARTESIAN_POINT('',(8.,-2.197914586221,2.522681610409));
#1214 = CARTESIAN_POINT('',(8.,-2.133160250969,2.555684265905));
#1215 = CARTESIAN_POINT('',(8.,-2.006189627804,2.61605605348));
#1216 = CARTESIAN_POINT('',(8.,-1.944126801684,2.643654865706));
#1217 = CARTESIAN_POINT('',(8.,-1.88125859715,2.669837624733));
#1218 = CARTESIAN_POINT('',(8.,-1.817676251487,2.694658767254));
#1219 = CARTESIAN_POINT('',(8.,-1.753457694237,2.71816690493));
#1220 = CARTESIAN_POINT('',(8.,-1.688668652526,2.740406055424));
#1221 = CARTESIAN_POINT('',(8.,-1.401455272536,2.83281242029));
#1222 = CARTESIAN_POINT('',(8.,-1.173762907383,2.889969638444));
#1223 = CARTESIAN_POINT('',(8.,-0.942212594722,2.934574510183));
#1224 = CARTESIAN_POINT('',(8.,-0.708141261399,2.967426929868));
#1225 = CARTESIAN_POINT('',(8.,-0.472616394781,2.989134894497));
#1226 = CARTESIAN_POINT('',(8.,-0.236394148668,3.));
#1227 = CARTESIAN_POINT('',(8.,0.236394148667,3.));
#1228 = CARTESIAN_POINT('',(8.,0.472616394782,2.989134894497));
#1229 = CARTESIAN_POINT('',(8.,0.708141261396,2.967426929868));
#1230 = CARTESIAN_POINT('',(8.,0.942212594724,2.934574510182));
#1231 = CARTESIAN_POINT('',(8.,1.173762907381,2.889969638445));
#1232 = CARTESIAN_POINT('',(8.,1.401455272536,2.83281242029));
#1233 = CARTESIAN_POINT('',(8.,1.688668652525,2.740406055425));
#1234 = CARTESIAN_POINT('',(8.,1.753457694236,2.71816690493));
#1235 = CARTESIAN_POINT('',(8.,1.817676251486,2.694658767254));
#1236 = CARTESIAN_POINT('',(8.,1.88125859715,2.669837624733));
#1237 = CARTESIAN_POINT('',(8.,1.944126801684,2.643654865707));
#1238 = CARTESIAN_POINT('',(8.,2.006189627803,2.61605605348));
#1239 = CARTESIAN_POINT('',(8.,2.133160250969,2.555684265905));
#1240 = CARTESIAN_POINT('',(8.,2.19791458622,2.52268161041));
#1241 = CARTESIAN_POINT('',(8.,2.261479646476,2.487891323602));
#1242 = CARTESIAN_POINT('',(8.,2.323693592655,2.451231150357));
#1243 = CARTESIAN_POINT('',(8.,2.384354934065,2.412615803989));
#1244 = CARTESIAN_POINT('',(8.,2.443219931446,2.371955784627));
#1245 = CARTESIAN_POINT('',(8.,2.5,2.329156197589));
#1246 = PCURVE('',#356,#1247);
#1247 = DEFINITIONAL_REPRESENTATION('',(#1248),#1287);
#1248 = B_SPLINE_CURVE_WITH_KNOTS('',7,(#1249,#1250,#1251,#1252,#1253,
    #1254,#1255,#1256,#1257,#1258,#1259,#1260,#1261,#1262,#1263,#1264,
    #1265,#1266,#1267,#1268,#1269,#1270,#1271,#1272,#1273,#1274,#1275,
    #1276,#1277,#1278,#1279,#1280,#1281,#1282,#1283,#1284,#1285,#1286),
  .UNSPECIFIED.,.F.,.F.,(8,6,6,6,6,6,8),(0.,9.830550878326E-02,
    0.189640449488,0.5,0.810359550512,0.901694491217,1.),.UNSPECIFIED.);
#1249 = CARTESIAN_POINT('',(10.829156197589,-7.5));
#1250 = CARTESIAN_POINT('',(10.871955784626,-7.556780068554));
#1251 = CARTESIAN_POINT('',(10.912615803989,-7.615645065935));
#1252 = CARTESIAN_POINT('',(10.951231150357,-7.676306407345));
#1253 = CARTESIAN_POINT('',(10.987891323602,-7.738520353523));
#1254 = CARTESIAN_POINT('',(11.022681610409,-7.802085413779));
#1255 = CARTESIAN_POINT('',(11.055684265905,-7.866839749031));
#1256 = CARTESIAN_POINT('',(11.11605605348,-7.993810372196));
#1257 = CARTESIAN_POINT('',(11.143654865706,-8.055873198316));
#1258 = CARTESIAN_POINT('',(11.169837624733,-8.11874140285));
#1259 = CARTESIAN_POINT('',(11.194658767254,-8.182323748513));
#1260 = CARTESIAN_POINT('',(11.21816690493,-8.246542305763));
#1261 = CARTESIAN_POINT('',(11.240406055424,-8.311331347474));
#1262 = CARTESIAN_POINT('',(11.33281242029,-8.598544727464));
#1263 = CARTESIAN_POINT('',(11.389969638444,-8.826237092617));
#1264 = CARTESIAN_POINT('',(11.434574510183,-9.057787405278));
#1265 = CARTESIAN_POINT('',(11.467426929868,-9.291858738601));
#1266 = CARTESIAN_POINT('',(11.489134894497,-9.527383605219));
#1267 = CARTESIAN_POINT('',(11.5,-9.763605851332));
#1268 = CARTESIAN_POINT('',(11.5,-10.23639414866));
#1269 = CARTESIAN_POINT('',(11.489134894497,-10.47261639478));
#1270 = CARTESIAN_POINT('',(11.467426929868,-10.70814126139));
#1271 = CARTESIAN_POINT('',(11.434574510182,-10.94221259472));
#1272 = CARTESIAN_POINT('',(11.389969638445,-11.17376290738));
#1273 = CARTESIAN_POINT('',(11.33281242029,-11.40145527253));
#1274 = CARTESIAN_POINT('',(11.240406055425,-11.68866865252));
#1275 = CARTESIAN_POINT('',(11.21816690493,-11.75345769423));
#1276 = CARTESIAN_POINT('',(11.194658767254,-11.81767625148));
#1277 = CARTESIAN_POINT('',(11.169837624733,-11.88125859715));
#1278 = CARTESIAN_POINT('',(11.143654865707,-11.94412680168));
#1279 = CARTESIAN_POINT('',(11.11605605348,-12.0061896278));
#1280 = CARTESIAN_POINT('',(11.055684265905,-12.13316025096));
#1281 = CARTESIAN_POINT('',(11.02268161041,-12.19791458622));
#1282 = CARTESIAN_POINT('',(10.987891323602,-12.26147964647));
#1283 = CARTESIAN_POINT('',(10.951231150357,-12.32369359265));
#1284 = CARTESIAN_POINT('',(10.912615803989,-12.38435493406));
#1285 = CARTESIAN_POINT('',(10.871955784627,-12.44321993144));
#1286 = CARTESIAN_POINT('',(10.829156197589,-12.5));
#1287 = ( GEOMETRIC_REPRESENTATION_CONTEXT(2) 
PARAMETRIC_REPRESENTATION_CONTEXT() REPRESENTATION_CONTEXT('2D SPACE',''
  ) );
#1288 = PCURVE('',#557,#1289);
#1289 = DEFINITIONAL_REPRESENTATION('',(#1290),#1329);
#1290 = B_SPLINE_CURVE_WITH_KNOTS('',7,(#1291,#1292,#1293,#1294,#1295,
    #1296,#1297,#1298,#1299,#1300,#1301,#1302,#1303,#1304,#1305,#1306,
    #1307,#1308,#1309,#1310,#1311,#1312,#1313,#1314,#1315,#1316,#1317,
    #1318,#1319,#1320,#1321,#1322,#1323,#1324,#1325,#1326,#1327,#1328),
  .UNSPECIFIED.,.F.,.F.,(8,6,6,6,6,6,8),(0.,9.830550878326E-02,
    0.189640449488,0.5,0.810359550512,0.901694491217,1.),.UNSPECIFIED.);
#1291 = CARTESIAN_POINT('',(2.555907110133,-3.));
#1292 = CARTESIAN_POINT('',(2.521667440503,-3.));
#1293 = CARTESIAN_POINT('',(2.488232179798,-3.));
#1294 = CARTESIAN_POINT('',(2.455536534181,-3.));
#1295 = CARTESIAN_POINT('',(2.423523534126,-3.));
#1296 = CARTESIAN_POINT('',(2.392140875953,-3.));
#1297 = CARTESIAN_POINT('',(2.361337763361,-3.));
#1298 = CARTESIAN_POINT('',(2.302932521884,-3.));
#1299 = CARTESIAN_POINT('',(2.275262002259,-3.));
#1300 = CARTESIAN_POINT('',(2.24801123026,-3.));
#1301 = CARTESIAN_POINT('',(2.221146043526,-3.));
#1302 = CARTESIAN_POINT('',(2.194635736991,-3.));
#1303 = CARTESIAN_POINT('',(2.168451722723,-3.));
#1304 = CARTESIAN_POINT('',(2.054606178861,-3.));
#1305 = CARTESIAN_POINT('',(1.970160890022,-3.));
#1306 = CARTESIAN_POINT('',(1.888053768007,-3.));
#1307 = CARTESIAN_POINT('',(1.807644855272,-3.));
#1308 = CARTESIAN_POINT('',(1.728334549645,-3.));
#1309 = CARTESIAN_POINT('',(1.649594376351,-3.));
#1310 = CARTESIAN_POINT('',(1.491998277239,-3.));
#1311 = CARTESIAN_POINT('',(1.413258103944,-3.));
#1312 = CARTESIAN_POINT('',(1.333947798319,-3.));
#1313 = CARTESIAN_POINT('',(1.253538885583,-3.));
#1314 = CARTESIAN_POINT('',(1.171431763569,-3.));
#1315 = CARTESIAN_POINT('',(1.086986474729,-3.));
#1316 = CARTESIAN_POINT('',(0.973140930867,-3.));
#1317 = CARTESIAN_POINT('',(0.946956916599,-3.));
#1318 = CARTESIAN_POINT('',(0.920446610064,-3.));
#1319 = CARTESIAN_POINT('',(0.89358142333,-3.));
#1320 = CARTESIAN_POINT('',(0.866330651331,-3.));
#1321 = CARTESIAN_POINT('',(0.838660131706,-3.));
#1322 = CARTESIAN_POINT('',(0.780254890229,-3.));
#1323 = CARTESIAN_POINT('',(0.749451777637,-3.));
#1324 = CARTESIAN_POINT('',(0.718069119464,-3.));
#1325 = CARTESIAN_POINT('',(0.686056119409,-3.));
#1326 = CARTESIAN_POINT('',(0.653360473792,-3.));
#1327 = CARTESIAN_POINT('',(0.619925213087,-3.));
#1328 = CARTESIAN_POINT('',(0.585685543457,-3.));
#1329 = ( GEOMETRIC_REPRESENTATION_CONTEXT(2) 
PARAMETRIC_REPRESENTATION_CONTEXT() REPRESENTATION_CONTEXT('2D SPACE',''
  ) );
#1330 = ORIENTED_EDGE('',*,*,#867,.T.);
#1331 = ADVANCED_FACE('',(#1332,#1918,#2473),#557,.F.);
#1332 = FACE_BOUND('',#1333,.F.);
#1333 = EDGE_LOOP('',(#1334,#1358,#1381,#1451,#1560,#1693,#1802,#1865,
    #1866,#1888,#1889,#1890,#1891,#1892,#1914,#1915,#1916,#1917));
#1334 = ORIENTED_EDGE('',*,*,#1335,.F.);
#1335 = EDGE_CURVE('',#1336,#813,#1338,.T.);
#1336 = VERTEX_POINT('',#1337);
#1337 = CARTESIAN_POINT('',(5.,3.,1.5));
#1338 = SURFACE_CURVE('',#1339,(#1344,#1351),.PCURVE_S1.);
#1339 = ELLIPSE('',#1340,3.,1.5);
#1340 = AXIS2_PLACEMENT_3D('',#1341,#1342,#1343);
#1341 = CARTESIAN_POINT('',(5.,0.,1.5));
#1342 = DIRECTION('',(1.,0.,0.));
#1343 = DIRECTION('',(0.,1.,0.));
#1344 = PCURVE('',#557,#1345);
#1345 = DEFINITIONAL_REPRESENTATION('',(#1346),#1350);
#1346 = LINE('',#1347,#1348);
#1347 = CARTESIAN_POINT('',(0.,0.));
#1348 = VECTOR('',#1349,1.);
#1349 = DIRECTION('',(1.,0.));
#1350 = ( GEOMETRIC_REPRESENTATION_CONTEXT(2) 
PARAMETRIC_REPRESENTATION_CONTEXT() REPRESENTATION_CONTEXT('2D SPACE',''
  ) );
#1351 = PCURVE('',#827,#1352);
#1352 = DEFINITIONAL_REPRESENTATION('',(#1353),#1357);
#1353 = ELLIPSE('',#1354,3.,1.5);
#1354 = AXIS2_PLACEMENT_2D('',#1355,#1356);
#1355 = CARTESIAN_POINT('',(0.,0.261459135851));
#1356 = DIRECTION('',(0.,-1.));
#1357 = ( GEOMETRIC_REPRESENTATION_CONTEXT(2) 
PARAMETRIC_REPRESENTATION_CONTEXT() REPRESENTATION_CONTEXT('2D SPACE',''
  ) );
#1358 = ORIENTED_EDGE('',*,*,#1359,.T.);
#1359 = EDGE_CURVE('',#1336,#1360,#1362,.T.);
#1360 = VERTEX_POINT('',#1361);
#1361 = CARTESIAN_POINT('',(40.200961894323,3.,1.5));
#1362 = SEAM_CURVE('',#1363,(#1367,#1374),.PCURVE_S1.);
#1363 = LINE('',#1364,#1365);
#1364 = CARTESIAN_POINT('',(5.,3.,1.5));
#1365 = VECTOR('',#1366,1.);
#1366 = DIRECTION('',(1.,0.,0.));
#1367 = PCURVE('',#557,#1368);
#1368 = DEFINITIONAL_REPRESENTATION('',(#1369),#1373);
#1369 = LINE('',#1370,#1371);
#1370 = CARTESIAN_POINT('',(6.28318530718,0.));
#1371 = VECTOR('',#1372,1.);
#1372 = DIRECTION('',(0.,-1.));
#1373 = ( GEOMETRIC_REPRESENTATION_CONTEXT(2) 
PARAMETRIC_REPRESENTATION_CONTEXT() REPRESENTATION_CONTEXT('2D SPACE',''
  ) );
#1374 = PCURVE('',#557,#1375);
#1375 = DEFINITIONAL_REPRESENTATION('',(#1376),#1380);
#1376 = LINE('',#1377,#1378);
#1377 = CARTESIAN_POINT('',(0.,0.));
#1378 = VECTOR('',#1379,1.);
#1379 = DIRECTION('',(0.,-1.));
#1380 = ( GEOMETRIC_REPRESENTATION_CONTEXT(2) 
PARAMETRIC_REPRESENTATION_CONTEXT() REPRESENTATION_CONTEXT('2D SPACE',''
  ) );
#1381 = ORIENTED_EDGE('',*,*,#1382,.T.);
#1382 = EDGE_CURVE('',#1360,#1383,#1385,.T.);
#1383 = VERTEX_POINT('',#1384);
#1384 = CARTESIAN_POINT('',(40.,2.25,2.492156741649));
#1385 = SURFACE_CURVE('',#1386,(#1404,#1425),.PCURVE_S1.);
#1386 = B_SPLINE_CURVE_WITH_KNOTS('',6,(#1387,#1388,#1389,#1390,#1391,
    #1392,#1393,#1394,#1395,#1396,#1397,#1398,#1399,#1400,#1401,#1402,
    #1403),.UNSPECIFIED.,.F.,.F.,(7,5,5,7),(0.,0.263639695715,
    0.643513851534,1.),.UNSPECIFIED.);
#1387 = CARTESIAN_POINT('',(40.200961894323,3.,1.5));
#1388 = CARTESIAN_POINT('',(40.200961894323,3.,1.553824669068));
#1389 = CARTESIAN_POINT('',(40.198286164139,2.99536459643,1.60766807261)
  );
#1390 = CARTESIAN_POINT('',(40.192927755443,2.986088078092,
    1.660974370804));
#1391 = CARTESIAN_POINT('',(40.185214235954,2.972428727056,
    1.713355709833));
#1392 = CARTESIAN_POINT('',(40.175640566974,2.954732961178,
    1.764551973395));
#1393 = CARTESIAN_POINT('',(40.148942013328,2.902563498965,
    1.886235875676));
#1394 = CARTESIAN_POINT('',(40.130353045213,2.8641398496,1.955258292106)
  );
#1395 = CARTESIAN_POINT('',(40.110359088785,2.819022064338,
    2.021351529677));
#1396 = CARTESIAN_POINT('',(40.090357685208,2.768000316909,
    2.084554405456));
#1397 = CARTESIAN_POINT('',(40.071403996772,2.711684528877,
    2.144953466623));
#1398 = CARTESIAN_POINT('',(40.038515955797,2.59295988339,2.256903556358
    ));
#1399 = CARTESIAN_POINT('',(40.024359691533,2.531196717786,
    2.308716203176));
#1400 = CARTESIAN_POINT('',(40.012757519108,2.465540939548,2.35820511526
    ));
#1401 = CARTESIAN_POINT('',(40.004421617648,2.396413379813,2.40532814733
    ));
#1402 = CARTESIAN_POINT('',(40.,2.324343827204,2.450007753443));
#1403 = CARTESIAN_POINT('',(40.,2.25,2.492156741649));
#1404 = PCURVE('',#557,#1405);
#1405 = DEFINITIONAL_REPRESENTATION('',(#1406),#1424);
#1406 = B_SPLINE_CURVE_WITH_KNOTS('',6,(#1407,#1408,#1409,#1410,#1411,
    #1412,#1413,#1414,#1415,#1416,#1417,#1418,#1419,#1420,#1421,#1422,
    #1423),.UNSPECIFIED.,.F.,.F.,(7,5,5,7),(0.,0.263639695715,
    0.643513851534,1.),.UNSPECIFIED.);
#1407 = CARTESIAN_POINT('',(0.,-35.20096189432));
#1408 = CARTESIAN_POINT('',(3.588311271169E-02,-35.20096189432));
#1409 = CARTESIAN_POINT('',(7.177869048729E-02,-35.19828616413));
#1410 = CARTESIAN_POINT('',(0.107399509414,-35.19292775544));
#1411 = CARTESIAN_POINT('',(0.142569856985,-35.18521423595));
#1412 = CARTESIAN_POINT('',(0.177178870349,-35.17564056697));
#1413 = CARTESIAN_POINT('',(0.260144419481,-35.14894201332));
#1414 = CARTESIAN_POINT('',(0.307821782919,-35.13035304521));
#1415 = CARTESIAN_POINT('',(0.354268929143,-35.11035908878));
#1416 = CARTESIAN_POINT('',(0.399611041503,-35.0903576852));
#1417 = CARTESIAN_POINT('',(0.443979311735,-35.07140399677));
#1418 = CARTESIAN_POINT('',(0.528456022407,-35.03851595579));
#1419 = CARTESIAN_POINT('',(0.568617719126,-35.02435969153));
#1420 = CARTESIAN_POINT('',(0.608141583701,-35.0127575191));
#1421 = CARTESIAN_POINT('',(0.647038801632,-35.00442161764));
#1422 = CARTESIAN_POINT('',(0.685268480519,-35.));
#1423 = CARTESIAN_POINT('',(0.722734247813,-35.));
#1424 = ( GEOMETRIC_REPRESENTATION_CONTEXT(2) 
PARAMETRIC_REPRESENTATION_CONTEXT() REPRESENTATION_CONTEXT('2D SPACE',''
  ) );
#1425 = PCURVE('',#1426,#1431);
#1426 = CYLINDRICAL_SURFACE('',#1427,1.5);
#1427 = AXIS2_PLACEMENT_3D('',#1428,#1429,#1430);
#1428 = CARTESIAN_POINT('',(41.5,2.25,-4.2));
#1429 = DIRECTION('',(0.,0.,1.));
#1430 = DIRECTION('',(-1.,-0.,0.));
#1431 = DEFINITIONAL_REPRESENTATION('',(#1432),#1450);
#1432 = B_SPLINE_CURVE_WITH_KNOTS('',6,(#1433,#1434,#1435,#1436,#1437,
    #1438,#1439,#1440,#1441,#1442,#1443,#1444,#1445,#1446,#1447,#1448,
    #1449),.UNSPECIFIED.,.F.,.F.,(7,5,5,7),(0.,0.263639695715,
    0.643513851534,1.),.UNSPECIFIED.);
#1433 = CARTESIAN_POINT('',(-0.523598775598,5.7));
#1434 = CARTESIAN_POINT('',(-0.523598775598,5.753824669068));
#1435 = CARTESIAN_POINT('',(-0.520030665166,5.80766807261));
#1436 = CARTESIAN_POINT('',(-0.512888478133,5.860974370804));
#1437 = CARTESIAN_POINT('',(-0.502431738395,5.913355709833));
#1438 = CARTESIAN_POINT('',(-0.489022301172,5.964551973395));
#1439 = CARTESIAN_POINT('',(-0.449952758876,6.086235875676));
#1440 = CARTESIAN_POINT('',(-0.421503655322,6.155258292106));
#1441 = CARTESIAN_POINT('',(-0.388634374031,6.221351529677));
#1442 = CARTESIAN_POINT('',(-0.352159307,6.284554405456));
#1443 = CARTESIAN_POINT('',(-0.312604433068,6.344953466623));
#1444 = CARTESIAN_POINT('',(-0.230474009188,6.456903556358));
#1445 = CARTESIAN_POINT('',(-0.188273522862,6.508716203176));
#1446 = CARTESIAN_POINT('',(-0.143913298937,6.55820511526));
#1447 = CARTESIAN_POINT('',(-9.760887192188E-02,6.60532814733));
#1448 = CARTESIAN_POINT('',(-4.956255146943E-02,6.650007753443));
#1449 = CARTESIAN_POINT('',(0.,6.692156741649));
#1450 = ( GEOMETRIC_REPRESENTATION_CONTEXT(2) 
PARAMETRIC_REPRESENTATION_CONTEXT() REPRESENTATION_CONTEXT('2D SPACE',''
  ) );
#1451 = ORIENTED_EDGE('',*,*,#1452,.F.);
#1452 = EDGE_CURVE('',#1453,#1383,#1455,.T.);
#1453 = VERTEX_POINT('',#1454);
#1454 = CARTESIAN_POINT('',(40.,-2.25,2.492156741649));
#1455 = SURFACE_CURVE('',#1456,(#1487,#1521),.PCURVE_S1.);
#1456 = B_SPLINE_CURVE_WITH_KNOTS('',8,(#1457,#1458,#1459,#1460,#1461,
    #1462,#1463,#1464,#1465,#1466,#1467,#1468,#1469,#1470,#1471,#1472,
    #1473,#1474,#1475,#1476,#1477,#1478,#1479,#1480,#1481,#1482,#1483,
    #1484,#1485,#1486),.UNSPECIFIED.,.F.,.F.,(9,7,7,7,9),(0.,
    0.109606148135,0.5,0.890393851865,1.),.UNSPECIFIED.);
#1457 = CARTESIAN_POINT('',(40.,-2.25,2.492156741649));
#1458 = CARTESIAN_POINT('',(40.,-2.195828273146,2.522869223938));
#1459 = CARTESIAN_POINT('',(40.,-2.140655118854,2.552218030895));
#1460 = CARTESIAN_POINT('',(40.,-2.084587431916,2.580256149487));
#1461 = CARTESIAN_POINT('',(40.,-2.027719257398,2.60703186801));
#1462 = CARTESIAN_POINT('',(40.,-1.970132542513,2.632589462223));
#1463 = CARTESIAN_POINT('',(40.,-1.911897888483,2.65696988148));
#1464 = CARTESIAN_POINT('',(40.,-1.853075302416,2.680211434862));
#1465 = CARTESIAN_POINT('',(40.,-1.582285961428,2.781205050737));
#1466 = CARTESIAN_POINT('',(40.,-1.364286297946,2.845977920405));
#1467 = CARTESIAN_POINT('',(40.,-1.141731199303,2.898450701079));
#1468 = CARTESIAN_POINT('',(40.,-0.916022222732,2.939508422318));
#1469 = CARTESIAN_POINT('',(40.,-0.688289654116,2.969863600115));
#1470 = CARTESIAN_POINT('',(40.,-0.459352477885,2.989940694719));
#1471 = CARTESIAN_POINT('',(40.,-0.229803232678,3.));
#1472 = CARTESIAN_POINT('',(40.,0.229803232677,3.));
#1473 = CARTESIAN_POINT('',(40.,0.459352477886,2.989940694719));
#1474 = CARTESIAN_POINT('',(40.,0.688289654113,2.969863600115));
#1475 = CARTESIAN_POINT('',(40.,0.916022222732,2.939508422318));
#1476 = CARTESIAN_POINT('',(40.,1.141731199302,2.898450701079));
#1477 = CARTESIAN_POINT('',(40.,1.364286297945,2.845977920405));
#1478 = CARTESIAN_POINT('',(40.,1.582285961427,2.781205050737));
#1479 = CARTESIAN_POINT('',(40.,1.853075302416,2.680211434862));
#1480 = CARTESIAN_POINT('',(40.,1.911897888483,2.65696988148));
#1481 = CARTESIAN_POINT('',(40.,1.970132542513,2.632589462223));
#1482 = CARTESIAN_POINT('',(40.,2.027719257398,2.60703186801));
#1483 = CARTESIAN_POINT('',(40.,2.084587431915,2.580256149488));
#1484 = CARTESIAN_POINT('',(40.,2.140655118854,2.552218030896));
#1485 = CARTESIAN_POINT('',(40.,2.195828273146,2.522869223938));
#1486 = CARTESIAN_POINT('',(40.,2.25,2.492156741649));
#1487 = PCURVE('',#557,#1488);
#1488 = DEFINITIONAL_REPRESENTATION('',(#1489),#1520);
#1489 = B_SPLINE_CURVE_WITH_KNOTS('',8,(#1490,#1491,#1492,#1493,#1494,
    #1495,#1496,#1497,#1498,#1499,#1500,#1501,#1502,#1503,#1504,#1505,
    #1506,#1507,#1508,#1509,#1510,#1511,#1512,#1513,#1514,#1515,#1516,
    #1517,#1518,#1519),.UNSPECIFIED.,.F.,.F.,(9,7,7,7,9),(0.,
    0.109606148135,0.5,0.890393851865,1.),.UNSPECIFIED.);
#1490 = CARTESIAN_POINT('',(2.418858405776,-35.));
#1491 = CARTESIAN_POINT('',(2.39155842152,-35.));
#1492 = CARTESIAN_POINT('',(2.364719438829,-35.));
#1493 = CARTESIAN_POINT('',(2.338307670665,-35.));
#1494 = CARTESIAN_POINT('',(2.312292967943,-35.));
#1495 = CARTESIAN_POINT('',(2.286647963636,-35.));
#1496 = CARTESIAN_POINT('',(2.261347216887,-35.));
#1497 = CARTESIAN_POINT('',(2.236366357116,-35.));
#1498 = CARTESIAN_POINT('',(2.12375803446,-35.));
#1499 = CARTESIAN_POINT('',(2.039692005144,-35.));
#1500 = CARTESIAN_POINT('',(1.958277743971,-35.));
#1501 = CARTESIAN_POINT('',(1.878873976207,-35.));
#1502 = CARTESIAN_POINT('',(1.800909628258,-35.));
#1503 = CARTESIAN_POINT('',(1.72391414076,-35.));
#1504 = CARTESIAN_POINT('',(1.647397404354,-35.));
#1505 = CARTESIAN_POINT('',(1.494195249236,-35.));
#1506 = CARTESIAN_POINT('',(1.417678512829,-35.));
#1507 = CARTESIAN_POINT('',(1.340683025334,-35.));
#1508 = CARTESIAN_POINT('',(1.26271867738,-35.));
#1509 = CARTESIAN_POINT('',(1.18331490962,-35.));
#1510 = CARTESIAN_POINT('',(1.101900648445,-35.));
#1511 = CARTESIAN_POINT('',(1.01783461913,-35.));
#1512 = CARTESIAN_POINT('',(0.905226296474,-35.));
#1513 = CARTESIAN_POINT('',(0.880245436703,-35.));
#1514 = CARTESIAN_POINT('',(0.854944689953,-35.));
#1515 = CARTESIAN_POINT('',(0.829299685647,-35.));
#1516 = CARTESIAN_POINT('',(0.803284982925,-35.));
#1517 = CARTESIAN_POINT('',(0.776873214761,-35.));
#1518 = CARTESIAN_POINT('',(0.75003423207,-35.));
#1519 = CARTESIAN_POINT('',(0.722734247813,-35.));
#1520 = ( GEOMETRIC_REPRESENTATION_CONTEXT(2) 
PARAMETRIC_REPRESENTATION_CONTEXT() REPRESENTATION_CONTEXT('2D SPACE',''
  ) );
#1521 = PCURVE('',#1522,#1527);
#1522 = PLANE('',#1523);
#1523 = AXIS2_PLACEMENT_3D('',#1524,#1525,#1526);
#1524 = CARTESIAN_POINT('',(40.,-3.75,-4.2));
#1525 = DIRECTION('',(1.,0.,0.));
#1526 = DIRECTION('',(0.,0.,1.));
#1527 = DEFINITIONAL_REPRESENTATION('',(#1528),#1559);
#1528 = B_SPLINE_CURVE_WITH_KNOTS('',8,(#1529,#1530,#1531,#1532,#1533,
    #1534,#1535,#1536,#1537,#1538,#1539,#1540,#1541,#1542,#1543,#1544,
    #1545,#1546,#1547,#1548,#1549,#1550,#1551,#1552,#1553,#1554,#1555,
    #1556,#1557,#1558),.UNSPECIFIED.,.F.,.F.,(9,7,7,7,9),(0.,
    0.109606148135,0.5,0.890393851865,1.),.UNSPECIFIED.);
#1529 = CARTESIAN_POINT('',(6.692156741649,-1.5));
#1530 = CARTESIAN_POINT('',(6.722869223938,-1.554171726854));
#1531 = CARTESIAN_POINT('',(6.752218030895,-1.609344881146));
#1532 = CARTESIAN_POINT('',(6.780256149487,-1.665412568084));
#1533 = CARTESIAN_POINT('',(6.80703186801,-1.722280742602));
#1534 = CARTESIAN_POINT('',(6.832589462223,-1.779867457487));
#1535 = CARTESIAN_POINT('',(6.85696988148,-1.838102111517));
#1536 = CARTESIAN_POINT('',(6.880211434862,-1.896924697584));
#1537 = CARTESIAN_POINT('',(6.981205050737,-2.167714038572));
#1538 = CARTESIAN_POINT('',(7.045977920405,-2.385713702054));
#1539 = CARTESIAN_POINT('',(7.098450701079,-2.608268800697));
#1540 = CARTESIAN_POINT('',(7.139508422318,-2.833977777268));
#1541 = CARTESIAN_POINT('',(7.169863600115,-3.061710345884));
#1542 = CARTESIAN_POINT('',(7.189940694719,-3.290647522115));
#1543 = CARTESIAN_POINT('',(7.2,-3.520196767322));
#1544 = CARTESIAN_POINT('',(7.2,-3.979803232677));
#1545 = CARTESIAN_POINT('',(7.189940694719,-4.209352477886));
#1546 = CARTESIAN_POINT('',(7.169863600115,-4.438289654113));
#1547 = CARTESIAN_POINT('',(7.139508422318,-4.666022222732));
#1548 = CARTESIAN_POINT('',(7.098450701079,-4.891731199302));
#1549 = CARTESIAN_POINT('',(7.045977920405,-5.114286297945));
#1550 = CARTESIAN_POINT('',(6.981205050737,-5.332285961427));
#1551 = CARTESIAN_POINT('',(6.880211434862,-5.603075302416));
#1552 = CARTESIAN_POINT('',(6.85696988148,-5.661897888483));
#1553 = CARTESIAN_POINT('',(6.832589462223,-5.720132542513));
#1554 = CARTESIAN_POINT('',(6.80703186801,-5.777719257398));
#1555 = CARTESIAN_POINT('',(6.780256149488,-5.834587431915));
#1556 = CARTESIAN_POINT('',(6.752218030896,-5.890655118854));
#1557 = CARTESIAN_POINT('',(6.722869223938,-5.945828273146));
#1558 = CARTESIAN_POINT('',(6.692156741649,-6.));
#1559 = ( GEOMETRIC_REPRESENTATION_CONTEXT(2) 
PARAMETRIC_REPRESENTATION_CONTEXT() REPRESENTATION_CONTEXT('2D SPACE',''
  ) );
#1560 = ORIENTED_EDGE('',*,*,#1561,.T.);
#1561 = EDGE_CURVE('',#1453,#1562,#1564,.T.);
#1562 = VERTEX_POINT('',#1563);
#1563 = CARTESIAN_POINT('',(40.,-2.25,0.507843258351));
#1564 = SURFACE_CURVE('',#1565,(#1604,#1646),.PCURVE_S1.);
#1565 = B_SPLINE_CURVE_WITH_KNOTS('',7,(#1566,#1567,#1568,#1569,#1570,
    #1571,#1572,#1573,#1574,#1575,#1576,#1577,#1578,#1579,#1580,#1581,
    #1582,#1583,#1584,#1585,#1586,#1587,#1588,#1589,#1590,#1591,#1592,
    #1593,#1594,#1595,#1596,#1597,#1598,#1599,#1600,#1601,#1602,#1603),
  .UNSPECIFIED.,.F.,.F.,(8,6,6,6,6,6,8),(0.,0.178411461164,
    0.368380014282,0.501756947307,0.585690808736,0.81939640586,1.),
  .UNSPECIFIED.);
#1566 = CARTESIAN_POINT('',(40.,-2.25,2.492156741649));
#1567 = CARTESIAN_POINT('',(40.,-2.313794624229,2.455988589358));
#1568 = CARTESIAN_POINT('',(40.00316537401,-2.375961170098,
    2.418008778088));
#1569 = CARTESIAN_POINT('',(40.009205251261,-2.436116786677,
    2.378267303815));
#1570 = CARTESIAN_POINT('',(40.017768189635,-2.493937973162,
    2.336810019977));
#1571 = CARTESIAN_POINT('',(40.028464159835,-2.549152302597,
    2.293671237065));
#1572 = CARTESIAN_POINT('',(40.040873771002,-2.601522519227,
    2.248860285437));
#1573 = CARTESIAN_POINT('',(40.069101278958,-2.703317074299,
    2.152810450409));
#1574 = CARTESIAN_POINT('',(40.085075436974,-2.752284354329,
    2.101387362706));
#1575 = CARTESIAN_POINT('',(40.101929521806,-2.797517786232,
    2.047982359692));
#1576 = CARTESIAN_POINT('',(40.119076209723,-2.838703665878,
    1.992535712642));
#1577 = CARTESIAN_POINT('',(40.135813458618,-2.875441033221,
    1.935011682091));
#1578 = CARTESIAN_POINT('',(40.151337531188,-2.907256842344,
    1.875411208454));
#1579 = CARTESIAN_POINT('',(40.174310085969,-2.952124326508,
    1.770549564614));
#1580 = CARTESIAN_POINT('',(40.182785441704,-2.967940377265,
    1.726311119622));
#1581 = CARTESIAN_POINT('',(40.189966185426,-2.980851296349,
    1.681184721953));
#1582 = CARTESIAN_POINT('',(40.195558990021,-2.990650127287,
    1.635311350718));
#1583 = CARTESIAN_POINT('',(40.199322328726,-2.997159254734,
    1.588884784888));
#1584 = CARTESIAN_POINT('',(40.201116706982,-3.000268150069,
    1.542161562296));
#1585 = CARTESIAN_POINT('',(40.200851619235,-2.999808993471,
    1.466091995138));
#1586 = CARTESIAN_POINT('',(40.199974123715,-2.99828878946,
    1.436715851113));
#1587 = CARTESIAN_POINT('',(40.198322641006,-2.995426841716,
    1.407422208304));
#1588 = CARTESIAN_POINT('',(40.195921116585,-2.991241316534,
    1.378279634264));
#1589 = CARTESIAN_POINT('',(40.192811810596,-2.985763907185,
    1.349348174333));
#1590 = CARTESIAN_POINT('',(40.189050788206,-2.979036310784,
    1.320679888435));
#1591 = CARTESIAN_POINT('',(40.172598562006,-2.94902749674,
    1.213352358306));
#1592 = CARTESIAN_POINT('',(40.155976532605,-2.91768288107,
    1.136963933329));
#1593 = CARTESIAN_POINT('',(40.13621459472,-2.878077936372,
    1.063651169361));
#1594 = CARTESIAN_POINT('',(40.115032304617,-2.831273111566,
    0.993519454648));
#1595 = CARTESIAN_POINT('',(40.093826815546,-2.778108035473,
    0.926567087116));
#1596 = CARTESIAN_POINT('',(40.073721486925,-2.719239088435,
    0.862663070597));
#1597 = CARTESIAN_POINT('',(40.041773587016,-2.605297975916,
    0.754379157021));
#1598 = CARTESIAN_POINT('',(40.02911081664,-2.552470849176,
    0.708926894207));
#1599 = CARTESIAN_POINT('',(40.018182515356,-2.496719040646,
    0.665186899227));
#1600 = CARTESIAN_POINT('',(40.009424542022,-2.438287458112,
    0.623168092925));
#1601 = CARTESIAN_POINT('',(40.003242053793,-2.377457242032,
    0.582905666403));
#1602 = CARTESIAN_POINT('',(40.,-2.314562693318,0.544446864885));
#1603 = CARTESIAN_POINT('',(40.,-2.25,0.507843258351));
#1604 = PCURVE('',#557,#1605);
#1605 = DEFINITIONAL_REPRESENTATION('',(#1606),#1645);
#1606 = B_SPLINE_CURVE_WITH_KNOTS('',7,(#1607,#1608,#1609,#1610,#1611,
    #1612,#1613,#1614,#1615,#1616,#1617,#1618,#1619,#1620,#1621,#1622,
    #1623,#1624,#1625,#1626,#1627,#1628,#1629,#1630,#1631,#1632,#1633,
    #1634,#1635,#1636,#1637,#1638,#1639,#1640,#1641,#1642,#1643,#1644),
  .UNSPECIFIED.,.F.,.F.,(8,6,6,6,6,6,8),(0.,0.178411461164,
    0.368380014282,0.501756947307,0.585690808736,0.81939640586,1.),
  .UNSPECIFIED.);
#1607 = CARTESIAN_POINT('',(2.418858405776,-35.));
#1608 = CARTESIAN_POINT('',(2.45100787448,-35.));
#1609 = CARTESIAN_POINT('',(2.483704238991,-35.00316537401));
#1610 = CARTESIAN_POINT('',(2.516892237721,-35.00920525126));
#1611 = CARTESIAN_POINT('',(2.550540484737,-35.01776818963));
#1612 = CARTESIAN_POINT('',(2.584640497726,-35.02846415983));
#1613 = CARTESIAN_POINT('',(2.619211118679,-35.040873771));
#1614 = CARTESIAN_POINT('',(2.69167905387,-35.06910127895));
#1615 = CARTESIAN_POINT('',(2.729613538752,-35.08507543697));
#1616 = CARTESIAN_POINT('',(2.768218081137,-35.1019295218));
#1617 = CARTESIAN_POINT('',(2.807575541788,-35.11907620972));
#1618 = CARTESIAN_POINT('',(2.847759202218,-35.13581345861));
#1619 = CARTESIAN_POINT('',(2.888832286395,-35.15133753118));
#1620 = CARTESIAN_POINT('',(2.960321950396,-35.17431008596));
#1621 = CARTESIAN_POINT('',(2.990264549098,-35.1827854417));
#1622 = CARTESIAN_POINT('',(3.020625409929,-35.18996618542));
#1623 = CARTESIAN_POINT('',(3.05134560639,-35.19555899002));
#1624 = CARTESIAN_POINT('',(3.082339281333,-35.19932232872));
#1625 = CARTESIAN_POINT('',(3.113484808222,-35.20111670698));
#1626 = CARTESIAN_POINT('',(3.16419808395,-35.20085161923));
#1627 = CARTESIAN_POINT('',(3.183783601379,-35.19997412371));
#1628 = CARTESIAN_POINT('',(3.203327796783,-35.198322641));
#1629 = CARTESIAN_POINT('',(3.222797112496,-35.19592111658));
#1630 = CARTESIAN_POINT('',(3.242163108833,-35.19281181059));
#1631 = CARTESIAN_POINT('',(3.261401735278,-35.1890507882));
#1632 = CARTESIAN_POINT('',(3.333649244896,-35.172598562));
#1633 = CARTESIAN_POINT('',(3.385530914014,-35.1559765326));
#1634 = CARTESIAN_POINT('',(3.436008931461,-35.13621459472));
#1635 = CARTESIAN_POINT('',(3.485154870066,-35.11503230461));
#1636 = CARTESIAN_POINT('',(3.533066290033,-35.09382681554));
#1637 = CARTESIAN_POINT('',(3.579905988695,-35.07372148692));
#1638 = CARTESIAN_POINT('',(3.661476817412,-35.04177358701));
#1639 = CARTESIAN_POINT('',(3.69649232089,-35.02911081664));
#1640 = CARTESIAN_POINT('',(3.731024852797,-35.01818251535));
#1641 = CARTESIAN_POINT('',(3.765094803916,-35.00942454202));
#1642 = CARTESIAN_POINT('',(3.798693990926,-35.00324205379));
#1643 = CARTESIAN_POINT('',(3.831790362262,-35.));
#1644 = CARTESIAN_POINT('',(3.864326901403,-35.));
#1645 = ( GEOMETRIC_REPRESENTATION_CONTEXT(2) 
PARAMETRIC_REPRESENTATION_CONTEXT() REPRESENTATION_CONTEXT('2D SPACE',''
  ) );
#1646 = PCURVE('',#1647,#1652);
#1647 = CYLINDRICAL_SURFACE('',#1648,1.5);
#1648 = AXIS2_PLACEMENT_3D('',#1649,#1650,#1651);
#1649 = CARTESIAN_POINT('',(41.5,-2.25,-4.2));
#1650 = DIRECTION('',(0.,0.,1.));
#1651 = DIRECTION('',(-1.,-0.,0.));
#1652 = DEFINITIONAL_REPRESENTATION('',(#1653),#1692);
#1653 = B_SPLINE_CURVE_WITH_KNOTS('',7,(#1654,#1655,#1656,#1657,#1658,
    #1659,#1660,#1661,#1662,#1663,#1664,#1665,#1666,#1667,#1668,#1669,
    #1670,#1671,#1672,#1673,#1674,#1675,#1676,#1677,#1678,#1679,#1680,
    #1681,#1682,#1683,#1684,#1685,#1686,#1687,#1688,#1689,#1690,#1691),
  .UNSPECIFIED.,.F.,.F.,(8,6,6,6,6,6,8),(0.,0.178411461164,
    0.368380014282,0.501756947307,0.585690808736,0.81939640586,1.),
  .UNSPECIFIED.);
#1654 = CARTESIAN_POINT('',(0.,6.692156741649));
#1655 = CARTESIAN_POINT('',(4.252974948584E-02,6.655988589358));
#1656 = CARTESIAN_POINT('',(8.397407895215E-02,6.618008778088));
#1657 = CARTESIAN_POINT('',(0.124203595581,6.578267303815));
#1658 = CARTESIAN_POINT('',(0.163098940971,6.536810019977));
#1659 = CARTESIAN_POINT('',(0.200540313638,6.493671237065));
#1660 = CARTESIAN_POINT('',(0.236394887773,6.448860285437));
#1661 = CARTESIAN_POINT('',(0.306818758877,6.352810450409));
#1662 = CARTESIAN_POINT('',(0.341122468859,6.301387362706));
#1663 = CARTESIAN_POINT('',(0.373261402586,6.247982359692));
#1664 = CARTESIAN_POINT('',(0.402971605459,6.192535712642));
#1665 = CARTESIAN_POINT('',(0.429869083498,6.135011682091));
#1666 = CARTESIAN_POINT('',(0.453465651948,6.075411208454));
#1667 = CARTESIAN_POINT('',(0.48707007896,5.970549564614));
#1668 = CARTESIAN_POINT('',(0.499030451975,5.926311119622));
#1669 = CARTESIAN_POINT('',(0.508878118191,5.881184721953));
#1670 = CARTESIAN_POINT('',(0.516399556235,5.835311350718));
#1671 = CARTESIAN_POINT('',(0.521412188536,5.788884784888));
#1672 = CARTESIAN_POINT('',(0.523805196332,5.742161562296));
#1673 = CARTESIAN_POINT('',(0.523451739564,5.666091995138));
#1674 = CARTESIAN_POINT('',(0.522281561537,5.636715851113));
#1675 = CARTESIAN_POINT('',(0.520078698716,5.607422208304));
#1676 = CARTESIAN_POINT('',(0.516861683087,5.578279634264));
#1677 = CARTESIAN_POINT('',(0.512662867359,5.549348174333));
#1678 = CARTESIAN_POINT('',(0.507524688225,5.520679888435));
#1679 = CARTESIAN_POINT('',(0.484709443153,5.413352358306));
#1680 = CARTESIAN_POINT('',(0.461058995772,5.336963933329));
#1681 = CARTESIAN_POINT('',(0.431565044607,5.26365116936));
#1682 = CARTESIAN_POINT('',(0.397365633334,5.193519454648));
#1683 = CARTESIAN_POINT('',(0.359278044397,5.126567087116));
#1684 = CARTESIAN_POINT('',(0.317870699035,5.062663070597));
#1685 = CARTESIAN_POINT('',(0.238980492825,4.954379157021));
#1686 = CARTESIAN_POINT('',(0.202791099773,4.908926894207));
#1687 = CARTESIAN_POINT('',(0.164969924222,4.865186899227));
#1688 = CARTESIAN_POINT('',(0.125655309426,4.823168092925));
#1689 = CARTESIAN_POINT('',(8.497145781231E-02,4.782905666403));
#1690 = CARTESIAN_POINT('',(4.304179554525E-02,4.744446864885));
#1691 = CARTESIAN_POINT('',(0.,4.707843258351));
#1692 = ( GEOMETRIC_REPRESENTATION_CONTEXT(2) 
PARAMETRIC_REPRESENTATION_CONTEXT() REPRESENTATION_CONTEXT('2D SPACE',''
  ) );
#1693 = ORIENTED_EDGE('',*,*,#1694,.F.);
#1694 = EDGE_CURVE('',#1695,#1562,#1697,.T.);
#1695 = VERTEX_POINT('',#1696);
#1696 = CARTESIAN_POINT('',(40.,2.25,0.507843258351));
#1697 = SURFACE_CURVE('',#1698,(#1729,#1763),.PCURVE_S1.);
#1698 = B_SPLINE_CURVE_WITH_KNOTS('',8,(#1699,#1700,#1701,#1702,#1703,
    #1704,#1705,#1706,#1707,#1708,#1709,#1710,#1711,#1712,#1713,#1714,
    #1715,#1716,#1717,#1718,#1719,#1720,#1721,#1722,#1723,#1724,#1725,
    #1726,#1727,#1728),.UNSPECIFIED.,.F.,.F.,(9,7,7,7,9),(0.,
    0.109606148135,0.5,0.890393851865,1.),.UNSPECIFIED.);
#1699 = CARTESIAN_POINT('',(40.,2.25,0.507843258351));
#1700 = CARTESIAN_POINT('',(40.,2.195828273146,0.477130776062));
#1701 = CARTESIAN_POINT('',(40.,2.140655118854,0.447781969105));
#1702 = CARTESIAN_POINT('',(40.,2.084587431916,0.419743850512));
#1703 = CARTESIAN_POINT('',(40.,2.027719257398,0.39296813199));
#1704 = CARTESIAN_POINT('',(40.,1.970132542513,0.367410537777));
#1705 = CARTESIAN_POINT('',(40.,1.911897888483,0.34303011852));
#1706 = CARTESIAN_POINT('',(40.,1.853075302416,0.319788565138));
#1707 = CARTESIAN_POINT('',(40.,1.582285961428,0.218794949263));
#1708 = CARTESIAN_POINT('',(40.,1.364286297946,0.154022079595));
#1709 = CARTESIAN_POINT('',(40.,1.141731199303,0.101549298921));
#1710 = CARTESIAN_POINT('',(40.,0.916022222731,6.049157768195E-02));
#1711 = CARTESIAN_POINT('',(40.,0.688289654116,3.013639988512E-02));
#1712 = CARTESIAN_POINT('',(40.,0.459352477885,1.005930528064E-02));
#1713 = CARTESIAN_POINT('',(40.,0.229803232678,1.15463194561E-14));
#1714 = CARTESIAN_POINT('',(40.,-0.229803232678,-1.15463194561E-14));
#1715 = CARTESIAN_POINT('',(40.,-0.459352477885,1.005930528065E-02));
#1716 = CARTESIAN_POINT('',(40.,-0.688289654112,3.013639988478E-02));
#1717 = CARTESIAN_POINT('',(40.,-0.916022222735,6.049157768246E-02));
#1718 = CARTESIAN_POINT('',(40.,-1.141731199298,0.10154929892));
#1719 = CARTESIAN_POINT('',(40.,-1.364286297947,0.154022079596));
#1720 = CARTESIAN_POINT('',(40.,-1.582285961427,0.218794949263));
#1721 = CARTESIAN_POINT('',(40.,-1.853075302416,0.319788565138));
#1722 = CARTESIAN_POINT('',(40.,-1.911897888483,0.34303011852));
#1723 = CARTESIAN_POINT('',(40.,-1.970132542513,0.367410537777));
#1724 = CARTESIAN_POINT('',(40.,-2.027719257398,0.39296813199));
#1725 = CARTESIAN_POINT('',(40.,-2.084587431915,0.419743850512));
#1726 = CARTESIAN_POINT('',(40.,-2.140655118854,0.447781969104));
#1727 = CARTESIAN_POINT('',(40.,-2.195828273146,0.477130776062));
#1728 = CARTESIAN_POINT('',(40.,-2.25,0.507843258351));
#1729 = PCURVE('',#557,#1730);
#1730 = DEFINITIONAL_REPRESENTATION('',(#1731),#1762);
#1731 = B_SPLINE_CURVE_WITH_KNOTS('',8,(#1732,#1733,#1734,#1735,#1736,
    #1737,#1738,#1739,#1740,#1741,#1742,#1743,#1744,#1745,#1746,#1747,
    #1748,#1749,#1750,#1751,#1752,#1753,#1754,#1755,#1756,#1757,#1758,
    #1759,#1760,#1761),.UNSPECIFIED.,.F.,.F.,(9,7,7,7,9),(0.,
    0.109606148135,0.5,0.890393851865,1.),.UNSPECIFIED.);
#1732 = CARTESIAN_POINT('',(5.560451059366,-35.));
#1733 = CARTESIAN_POINT('',(5.53315107511,-35.));
#1734 = CARTESIAN_POINT('',(5.506312092418,-35.));
#1735 = CARTESIAN_POINT('',(5.479900324255,-35.));
#1736 = CARTESIAN_POINT('',(5.453885621533,-35.));
#1737 = CARTESIAN_POINT('',(5.428240617226,-35.));
#1738 = CARTESIAN_POINT('',(5.402939870477,-35.));
#1739 = CARTESIAN_POINT('',(5.377959010706,-35.));
#1740 = CARTESIAN_POINT('',(5.265350688049,-35.));
#1741 = CARTESIAN_POINT('',(5.181284658735,-35.));
#1742 = CARTESIAN_POINT('',(5.099870397559,-35.));
#1743 = CARTESIAN_POINT('',(5.020466629799,-35.));
#1744 = CARTESIAN_POINT('',(4.942502281847,-35.));
#1745 = CARTESIAN_POINT('',(4.86550679435,-35.));
#1746 = CARTESIAN_POINT('',(4.788990057944,-35.));
#1747 = CARTESIAN_POINT('',(4.635787902825,-35.));
#1748 = CARTESIAN_POINT('',(4.55927116642,-35.));
#1749 = CARTESIAN_POINT('',(4.482275678922,-35.));
#1750 = CARTESIAN_POINT('',(4.404311330971,-35.));
#1751 = CARTESIAN_POINT('',(4.32490756321,-35.));
#1752 = CARTESIAN_POINT('',(4.243493302035,-35.));
#1753 = CARTESIAN_POINT('',(4.15942727272,-35.));
#1754 = CARTESIAN_POINT('',(4.046818950064,-35.));
#1755 = CARTESIAN_POINT('',(4.021838090292,-35.));
#1756 = CARTESIAN_POINT('',(3.996537343543,-35.));
#1757 = CARTESIAN_POINT('',(3.970892339237,-35.));
#1758 = CARTESIAN_POINT('',(3.944877636515,-35.));
#1759 = CARTESIAN_POINT('',(3.918465868351,-35.));
#1760 = CARTESIAN_POINT('',(3.89162688566,-35.));
#1761 = CARTESIAN_POINT('',(3.864326901403,-35.));
#1762 = ( GEOMETRIC_REPRESENTATION_CONTEXT(2) 
PARAMETRIC_REPRESENTATION_CONTEXT() REPRESENTATION_CONTEXT('2D SPACE',''
  ) );
#1763 = PCURVE('',#1764,#1769);
#1764 = PLANE('',#1765);
#1765 = AXIS2_PLACEMENT_3D('',#1766,#1767,#1768);
#1766 = CARTESIAN_POINT('',(40.,-3.75,-4.2));
#1767 = DIRECTION('',(1.,0.,0.));
#1768 = DIRECTION('',(0.,0.,1.));
#1769 = DEFINITIONAL_REPRESENTATION('',(#1770),#1801);
#1770 = B_SPLINE_CURVE_WITH_KNOTS('',8,(#1771,#1772,#1773,#1774,#1775,
    #1776,#1777,#1778,#1779,#1780,#1781,#1782,#1783,#1784,#1785,#1786,
    #1787,#1788,#1789,#1790,#1791,#1792,#1793,#1794,#1795,#1796,#1797,
    #1798,#1799,#1800),.UNSPECIFIED.,.F.,.F.,(9,7,7,7,9),(0.,
    0.109606148135,0.5,0.890393851865,1.),.UNSPECIFIED.);
#1771 = CARTESIAN_POINT('',(4.707843258351,-6.));
#1772 = CARTESIAN_POINT('',(4.677130776062,-5.945828273146));
#1773 = CARTESIAN_POINT('',(4.647781969105,-5.890655118854));
#1774 = CARTESIAN_POINT('',(4.619743850512,-5.834587431916));
#1775 = CARTESIAN_POINT('',(4.59296813199,-5.777719257398));
#1776 = CARTESIAN_POINT('',(4.567410537777,-5.720132542513));
#1777 = CARTESIAN_POINT('',(4.54303011852,-5.661897888483));
#1778 = CARTESIAN_POINT('',(4.519788565138,-5.603075302416));
#1779 = CARTESIAN_POINT('',(4.418794949263,-5.332285961428));
#1780 = CARTESIAN_POINT('',(4.354022079595,-5.114286297946));
#1781 = CARTESIAN_POINT('',(4.301549298921,-4.891731199303));
#1782 = CARTESIAN_POINT('',(4.260491577682,-4.666022222731));
#1783 = CARTESIAN_POINT('',(4.230136399885,-4.438289654116));
#1784 = CARTESIAN_POINT('',(4.210059305281,-4.209352477885));
#1785 = CARTESIAN_POINT('',(4.2,-3.979803232678));
#1786 = CARTESIAN_POINT('',(4.2,-3.520196767322));
#1787 = CARTESIAN_POINT('',(4.210059305281,-3.290647522115));
#1788 = CARTESIAN_POINT('',(4.230136399885,-3.061710345888));
#1789 = CARTESIAN_POINT('',(4.260491577682,-2.833977777265));
#1790 = CARTESIAN_POINT('',(4.30154929892,-2.608268800702));
#1791 = CARTESIAN_POINT('',(4.354022079596,-2.385713702053));
#1792 = CARTESIAN_POINT('',(4.418794949263,-2.167714038573));
#1793 = CARTESIAN_POINT('',(4.519788565138,-1.896924697584));
#1794 = CARTESIAN_POINT('',(4.54303011852,-1.838102111517));
#1795 = CARTESIAN_POINT('',(4.567410537777,-1.779867457487));
#1796 = CARTESIAN_POINT('',(4.59296813199,-1.722280742602));
#1797 = CARTESIAN_POINT('',(4.619743850512,-1.665412568085));
#1798 = CARTESIAN_POINT('',(4.647781969104,-1.609344881146));
#1799 = CARTESIAN_POINT('',(4.677130776062,-1.554171726854));
#1800 = CARTESIAN_POINT('',(4.707843258351,-1.5));
#1801 = ( GEOMETRIC_REPRESENTATION_CONTEXT(2) 
PARAMETRIC_REPRESENTATION_CONTEXT() REPRESENTATION_CONTEXT('2D SPACE',''
  ) );
#1802 = ORIENTED_EDGE('',*,*,#1803,.T.);
#1803 = EDGE_CURVE('',#1695,#1360,#1804,.T.);
#1804 = SURFACE_CURVE('',#1805,(#1823,#1844),.PCURVE_S1.);
#1805 = B_SPLINE_CURVE_WITH_KNOTS('',6,(#1806,#1807,#1808,#1809,#1810,
    #1811,#1812,#1813,#1814,#1815,#1816,#1817,#1818,#1819,#1820,#1821,
    #1822),.UNSPECIFIED.,.F.,.F.,(7,5,5,7),(0.,0.358494313766,
    0.73018209481,1.),.UNSPECIFIED.);
#1806 = CARTESIAN_POINT('',(40.,2.25,0.507843258351));
#1807 = CARTESIAN_POINT('',(40.,2.324761082496,0.550228808072));
#1808 = CARTESIAN_POINT('',(40.004471388012,2.397222642537,
    0.595173665496));
#1809 = CARTESIAN_POINT('',(40.012898330537,2.466705452817,
    0.642589092025));
#1810 = CARTESIAN_POINT('',(40.024620987042,2.532671100012,
    0.692396119947));
#1811 = CARTESIAN_POINT('',(40.038914261349,2.59469295084,0.744552052914
    ));
#1812 = CARTESIAN_POINT('',(40.071626878757,2.712172807671,
    0.855698285568));
#1813 = CARTESIAN_POINT('',(40.09016269599,2.767245851449,0.91481296843)
  );
#1814 = CARTESIAN_POINT('',(40.109700123926,2.817245369277,
    0.976609622146));
#1815 = CARTESIAN_POINT('',(40.129248052496,2.861602468695,
    1.041169740031));
#1816 = CARTESIAN_POINT('',(40.14750993704,2.899584672677,1.108531663114
    ));
#1817 = CARTESIAN_POINT('',(40.174509105853,2.95263844249,1.229458029204
    ));
#1818 = CARTESIAN_POINT('',(40.184483956975,2.971134476732,1.28173953773
    ));
#1819 = CARTESIAN_POINT('',(40.192546431927,2.985428207868,
    1.335279803096));
#1820 = CARTESIAN_POINT('',(40.198159321825,2.995144750943,
    1.389807970921));
#1821 = CARTESIAN_POINT('',(40.200961894323,3.,1.444913813187));
#1822 = CARTESIAN_POINT('',(40.200961894323,3.,1.5));
#1823 = PCURVE('',#557,#1824);
#1824 = DEFINITIONAL_REPRESENTATION('',(#1825),#1843);
#1825 = B_SPLINE_CURVE_WITH_KNOTS('',6,(#1826,#1827,#1828,#1829,#1830,
    #1831,#1832,#1833,#1834,#1835,#1836,#1837,#1838,#1839,#1840,#1841,
    #1842),.UNSPECIFIED.,.F.,.F.,(7,5,5,7),(0.,0.358494313766,
    0.73018209481,1.),.UNSPECIFIED.);
#1826 = CARTESIAN_POINT('',(5.560451059366,-35.));
#1827 = CARTESIAN_POINT('',(5.598127103562,-35.));
#1828 = CARTESIAN_POINT('',(5.636575839265,-35.00447138801));
#1829 = CARTESIAN_POINT('',(5.675699174466,-35.01289833053));
#1830 = CARTESIAN_POINT('',(5.715455687684,-35.02462098704));
#1831 = CARTESIAN_POINT('',(5.755857210087,-35.03891426134));
#1832 = CARTESIAN_POINT('',(5.83966615743,-35.07162687875));
#1833 = CARTESIAN_POINT('',(5.883086942943,-35.09016269599));
#1834 = CARTESIAN_POINT('',(5.927438194382,-35.10970012392));
#1835 = CARTESIAN_POINT('',(5.972843629123,-35.12924805249));
#1836 = CARTESIAN_POINT('',(6.019421380627,-35.14750993704));
#1837 = CARTESIAN_POINT('',(6.101955849221,-35.17450910585));
#1838 = CARTESIAN_POINT('',(6.137321693524,-35.18448395697));
#1839 = CARTESIAN_POINT('',(6.173282574745,-35.19254643192));
#1840 = CARTESIAN_POINT('',(6.209723984039,-35.19815932182));
#1841 = CARTESIAN_POINT('',(6.246461182638,-35.20096189432));
#1842 = CARTESIAN_POINT('',(6.28318530718,-35.20096189432));
#1843 = ( GEOMETRIC_REPRESENTATION_CONTEXT(2) 
PARAMETRIC_REPRESENTATION_CONTEXT() REPRESENTATION_CONTEXT('2D SPACE',''
  ) );
#1844 = PCURVE('',#1426,#1845);
#1845 = DEFINITIONAL_REPRESENTATION('',(#1846),#1864);
#1846 = B_SPLINE_CURVE_WITH_KNOTS('',6,(#1847,#1848,#1849,#1850,#1851,
    #1852,#1853,#1854,#1855,#1856,#1857,#1858,#1859,#1860,#1861,#1862,
    #1863),.UNSPECIFIED.,.F.,.F.,(7,5,5,7),(0.,0.358494313766,
    0.73018209481,1.),.UNSPECIFIED.);
#1847 = CARTESIAN_POINT('',(0.,4.707843258351));
#1848 = CARTESIAN_POINT('',(-4.984072166399E-02,4.750228808072));
#1849 = CARTESIAN_POINT('',(-9.814837905102E-02,4.795173665496));
#1850 = CARTESIAN_POINT('',(-0.144693357922,4.842589092025));
#1851 = CARTESIAN_POINT('',(-0.18926976319,4.892396119947));
#1852 = CARTESIAN_POINT('',(-0.231658308568,4.944552052914));
#1853 = CARTESIAN_POINT('',(-0.312957842799,5.055698285568));
#1854 = CARTESIAN_POINT('',(-0.351642656117,5.11481296843));
#1855 = CARTESIAN_POINT('',(-0.387374161472,5.176609622146));
#1856 = CARTESIAN_POINT('',(-0.419660661986,5.241169740031));
#1857 = CARTESIAN_POINT('',(-0.447749923061,5.308531663114));
#1858 = CARTESIAN_POINT('',(-0.487435675378,5.429458029204));
#1859 = CARTESIAN_POINT('',(-0.501441156952,5.48173953773));
#1860 = CARTESIAN_POINT('',(-0.512380360722,5.535279803096));
#1861 = CARTESIAN_POINT('',(-0.519861464931,5.589807970921));
#1862 = CARTESIAN_POINT('',(-0.523598775598,5.644913813187));
#1863 = CARTESIAN_POINT('',(-0.523598775598,5.7));
#1864 = ( GEOMETRIC_REPRESENTATION_CONTEXT(2) 
PARAMETRIC_REPRESENTATION_CONTEXT() REPRESENTATION_CONTEXT('2D SPACE',''
  ) );
#1865 = ORIENTED_EDGE('',*,*,#1359,.F.);
#1866 = ORIENTED_EDGE('',*,*,#1867,.F.);
#1867 = EDGE_CURVE('',#784,#1336,#1868,.T.);
#1868 = SURFACE_CURVE('',#1869,(#1874,#1881),.PCURVE_S1.);
#1869 = ELLIPSE('',#1870,3.,1.5);
#1870 = AXIS2_PLACEMENT_3D('',#1871,#1872,#1873);
#1871 = CARTESIAN_POINT('',(5.,0.,1.5));
#1872 = DIRECTION('',(1.,0.,0.));
#1873 = DIRECTION('',(0.,1.,0.));
#1874 = PCURVE('',#557,#1875);
#1875 = DEFINITIONAL_REPRESENTATION('',(#1876),#1880);
#1876 = LINE('',#1877,#1878);
#1877 = CARTESIAN_POINT('',(0.,0.));
#1878 = VECTOR('',#1879,1.);
#1879 = DIRECTION('',(1.,0.));
#1880 = ( GEOMETRIC_REPRESENTATION_CONTEXT(2) 
PARAMETRIC_REPRESENTATION_CONTEXT() REPRESENTATION_CONTEXT('2D SPACE',''
  ) );
#1881 = PCURVE('',#827,#1882);
#1882 = DEFINITIONAL_REPRESENTATION('',(#1883),#1887);
#1883 = ELLIPSE('',#1884,3.,1.5);
#1884 = AXIS2_PLACEMENT_2D('',#1885,#1886);
#1885 = CARTESIAN_POINT('',(0.,0.261459135851));
#1886 = DIRECTION('',(0.,-1.));
#1887 = ( GEOMETRIC_REPRESENTATION_CONTEXT(2) 
PARAMETRIC_REPRESENTATION_CONTEXT() REPRESENTATION_CONTEXT('2D SPACE',''
  ) );
#1888 = ORIENTED_EDGE('',*,*,#783,.F.);
#1889 = ORIENTED_EDGE('',*,*,#651,.T.);
#1890 = ORIENTED_EDGE('',*,*,#471,.T.);
#1891 = ORIENTED_EDGE('',*,*,#1015,.T.);
#1892 = ORIENTED_EDGE('',*,*,#1893,.F.);
#1893 = EDGE_CURVE('',#961,#990,#1894,.T.);
#1894 = SURFACE_CURVE('',#1895,(#1900,#1907),.PCURVE_S1.);
#1895 = ELLIPSE('',#1896,3.,1.5);
#1896 = AXIS2_PLACEMENT_3D('',#1897,#1898,#1899);
#1897 = CARTESIAN_POINT('',(5.,0.,1.5));
#1898 = DIRECTION('',(1.,0.,0.));
#1899 = DIRECTION('',(0.,1.,0.));
#1900 = PCURVE('',#557,#1901);
#1901 = DEFINITIONAL_REPRESENTATION('',(#1902),#1906);
#1902 = LINE('',#1903,#1904);
#1903 = CARTESIAN_POINT('',(0.,0.));
#1904 = VECTOR('',#1905,1.);
#1905 = DIRECTION('',(1.,0.));
#1906 = ( GEOMETRIC_REPRESENTATION_CONTEXT(2) 
PARAMETRIC_REPRESENTATION_CONTEXT() REPRESENTATION_CONTEXT('2D SPACE',''
  ) );
#1907 = PCURVE('',#1004,#1908);
#1908 = DEFINITIONAL_REPRESENTATION('',(#1909),#1913);
#1909 = ELLIPSE('',#1910,3.,1.5);
#1910 = AXIS2_PLACEMENT_2D('',#1911,#1912);
#1911 = CARTESIAN_POINT('',(0.,0.261459135851));
#1912 = DIRECTION('',(0.,-1.));
#1913 = ( GEOMETRIC_REPRESENTATION_CONTEXT(2) 
PARAMETRIC_REPRESENTATION_CONTEXT() REPRESENTATION_CONTEXT('2D SPACE',''
  ) );
#1914 = ORIENTED_EDGE('',*,*,#960,.F.);
#1915 = ORIENTED_EDGE('',*,*,#1075,.T.);
#1916 = ORIENTED_EDGE('',*,*,#1205,.T.);
#1917 = ORIENTED_EDGE('',*,*,#838,.T.);
#1918 = FACE_BOUND('',#1919,.F.);
#1919 = EDGE_LOOP('',(#1920));
#1920 = ORIENTED_EDGE('',*,*,#1921,.F.);
#1921 = EDGE_CURVE('',#1922,#1922,#1924,.T.);
#1922 = VERTEX_POINT('',#1923);
#1923 = CARTESIAN_POINT('',(18.,0.,3.));
#1924 = SURFACE_CURVE('',#1925,(#2103,#2284),.PCURVE_S1.);
#1925 = B_SPLINE_CURVE_WITH_KNOTS('',8,(#1926,#1927,#1928,#1929,#1930,
    #1931,#1932,#1933,#1934,#1935,#1936,#1937,#1938,#1939,#1940,#1941,
    #1942,#1943,#1944,#1945,#1946,#1947,#1948,#1949,#1950,#1951,#1952,
    #1953,#1954,#1955,#1956,#1957,#1958,#1959,#1960,#1961,#1962,#1963,
    #1964,#1965,#1966,#1967,#1968,#1969,#1970,#1971,#1972,#1973,#1974,
    #1975,#1976,#1977,#1978,#1979,#1980,#1981,#1982,#1983,#1984,#1985,
    #1986,#1987,#1988,#1989,#1990,#1991,#1992,#1993,#1994,#1995,#1996,
    #1997,#1998,#1999,#2000,#2001,#2002,#2003,#2004,#2005,#2006,#2007,
    #2008,#2009,#2010,#2011,#2012,#2013,#2014,#2015,#2016,#2017,#2018,
    #2019,#2020,#2021,#2022,#2023,#2024,#2025,#2026,#2027,#2028,#2029,
    #2030,#2031,#2032,#2033,#2034,#2035,#2036,#2037,#2038,#2039,#2040,
    #2041,#2042,#2043,#2044,#2045,#2046,#2047,#2048,#2049,#2050,#2051,
    #2052,#2053,#2054,#2055,#2056,#2057,#2058,#2059,#2060,#2061,#2062,
    #2063,#2064,#2065,#2066,#2067,#2068,#2069,#2070,#2071,#2072,#2073,
    #2074,#2075,#2076,#2077,#2078,#2079,#2080,#2081,#2082,#2083,#2084,
    #2085,#2086,#2087,#2088,#2089,#2090,#2091,#2092,#2093,#2094,#2095,
    #2096,#2097,#2098,#2099,#2100,#2101,#2102),.UNSPECIFIED.,.T.,.F.,(9,
    7,7,7,7,7,7,7,7,7,7,7,7,7,7,7,7,7,7,7,7,7,7,7,7,9),(0.,
    2.906148706646E-02,4.950595923335E-02,8.125634466286E-02,
    0.11258259709,0.177921392044,0.250001330651,0.366849374636,
    0.39751824989,0.428946429424,0.463698221652,0.477033440459,
    0.484510237575,0.499949486856,0.519099445984,0.528938832264,
    0.549372811691,0.581105581425,0.612882723809,0.678271573192,
    0.749815962109,0.866700078911,0.897387054613,0.928837459851,
    0.963615571601,1.),.UNSPECIFIED.);
#1926 = CARTESIAN_POINT('',(18.,-4.440892098501E-16,3.));
#1927 = CARTESIAN_POINT('',(18.,-4.015362653074E-02,3.));
#1928 = CARTESIAN_POINT('',(17.997440757173,-8.032083439885E-02,
    2.999692903744));
#1929 = CARTESIAN_POINT('',(17.992319302574,-0.120228893029,
    2.999078294555));
#1930 = CARTESIAN_POINT('',(17.984711537754,-0.159647561439,
    2.998167235882));
#1931 = CARTESIAN_POINT('',(17.97474871195,-0.198386319075,
    2.996979118076));
#1932 = CARTESIAN_POINT('',(17.962597871494,-0.236291408653,
    2.99553883554));
#1933 = CARTESIAN_POINT('',(17.948446281427,-0.273242691002,
    2.993874294253));
#1934 = CARTESIAN_POINT('',(17.921264604167,-0.334410972319,
    2.99070572645));
#1935 = CARTESIAN_POINT('',(17.909141416787,-0.359165528631,
    2.989299894948));
#1936 = CARTESIAN_POINT('',(17.896182671403,-0.383392812147,
    2.987806143105));
#1937 = CARTESIAN_POINT('',(17.882449585859,-0.407079237089,
    2.986233700702));
#1938 = CARTESIAN_POINT('',(17.868000966335,-0.43021787968,
    2.984591469234));
#1939 = CARTESIAN_POINT('',(17.852891992061,-0.452807557238,
    2.982887851811));
#1940 = CARTESIAN_POINT('',(17.837173000031,-0.474851907268,
    2.981130583057));
#1941 = CARTESIAN_POINT('',(17.795597987819,-0.529758279525,
    2.976524899043));
#1942 = CARTESIAN_POINT('',(17.768949892853,-0.561852739155,
    2.973611202288));
#1943 = CARTESIAN_POINT('',(17.74110795464,-0.5926765899,2.970611224274)
  );
#1944 = CARTESIAN_POINT('',(17.712216520958,-0.622268885946,
    2.967547670772));
#1945 = CARTESIAN_POINT('',(17.682400436771,-0.650672322394,
    2.964440325881));
#1946 = CARTESIAN_POINT('',(17.651765163479,-0.677932566454,
    2.96130618012));
#1947 = CARTESIAN_POINT('',(17.620396898157,-0.70409758863,
    2.958159558523));
#1948 = CARTESIAN_POINT('',(17.556756411808,-0.754000845192,
    2.951906981823));
#1949 = CARTESIAN_POINT('',(17.524508799484,-0.777761478161,
    2.948801746877));
#1950 = CARTESIAN_POINT('',(17.491688723677,-0.800543427686,
    2.945708332894));
#1951 = CARTESIAN_POINT('',(17.458356296908,-0.822387112216,
    2.942637096038));
#1952 = CARTESIAN_POINT('',(17.42456346425,-0.843329485926,
    2.939597101988));
#1953 = CARTESIAN_POINT('',(17.390354591218,-0.863404690871,
    2.936596268293));
#1954 = CARTESIAN_POINT('',(17.355767051648,-0.882644709133,
    2.933641506727));
#1955 = CARTESIAN_POINT('',(17.247965575653,-0.939531491752,
    2.92468467607));
#1956 = CARTESIAN_POINT('',(17.173609007465,-0.974470388854,
    2.918859094625));
#1957 = CARTESIAN_POINT('',(17.098037984469,-1.006174778804,
    2.913316199422));
#1958 = CARTESIAN_POINT('',(17.021471536613,-1.034853369362,
    2.908099391522));
#1959 = CARTESIAN_POINT('',(16.944084919881,-1.060671685646,
    2.903243495352));
#1960 = CARTESIAN_POINT('',(16.866017975711,-1.083768147925,
    2.898776494727));
#1961 = CARTESIAN_POINT('',(16.787378780268,-1.104260045089,
    2.894720904459));
#1962 = CARTESIAN_POINT('',(16.620941735757,-1.142073731479,
    2.887094535366));
#1963 = CARTESIAN_POINT('',(16.533061747097,-1.158844970961,
    2.883618138844));
#1964 = CARTESIAN_POINT('',(16.444724076714,-1.172676774849,
    2.88069025287));
#1965 = CARTESIAN_POINT('',(16.35603678115,-1.183657440442,
    2.878330036428));
#1966 = CARTESIAN_POINT('',(16.267097385398,-1.19184907083,
    2.876551430152));
#1967 = CARTESIAN_POINT('',(16.177994998332,-1.197292797679,
    2.87536345356));
#1968 = CARTESIAN_POINT('',(16.088811672588,-1.200010065682,
    2.874770511975));
#1969 = CARTESIAN_POINT('',(15.855040187356,-1.19998362675,
    2.874776281423));
#1970 = CARTESIAN_POINT('',(15.710562006739,-1.192799954425,
    2.87634383817));
#1971 = CARTESIAN_POINT('',(15.566417175733,-1.178468108427,
    2.879471476412));
#1972 = CARTESIAN_POINT('',(15.422927676109,-1.156824819032,
    2.884131092724));
#1973 = CARTESIAN_POINT('',(15.280510989221,-1.127589394098,
    2.890263248568));
#1974 = CARTESIAN_POINT('',(15.139717596134,-1.090290919536,
    2.897766314603));
#1975 = CARTESIAN_POINT('',(15.001222355974,-1.044310411003,
    2.906495270726));
#1976 = CARTESIAN_POINT('',(14.830482699159,-0.973792119411,
    2.918799670737));
#1977 = CARTESIAN_POINT('',(14.795216725933,-0.958453767295,
    2.921427354147));
#1978 = CARTESIAN_POINT('',(14.760200995939,-0.942417407225,
    2.924120648296));
#1979 = CARTESIAN_POINT('',(14.725457995086,-0.925661144194,
    2.926875113868));
#1980 = CARTESIAN_POINT('',(14.691013677558,-0.90816120115,2.92968577774
    ));
#1981 = CARTESIAN_POINT('',(14.656897765289,-0.88989147178,
    2.932547059561));
#1982 = CARTESIAN_POINT('',(14.623144047429,-0.870823073309,
    2.935452698338));
#1983 = CARTESIAN_POINT('',(14.555611544895,-0.830532058749,
    2.941411522414));
#1984 = CARTESIAN_POINT('',(14.521856205646,-0.809269885062,
    2.944466278004));
#1985 = CARTESIAN_POINT('',(14.488563757521,-0.787101317396,
    2.94755255648));
#1986 = CARTESIAN_POINT('',(14.455782262766,-0.763989114078,
    2.950661779146));
#1987 = CARTESIAN_POINT('',(14.423569466328,-0.739894233612,
    2.953784000471));
#1988 = CARTESIAN_POINT('',(14.391993511749,-0.714775215694,
    2.956907730634));
#1989 = CARTESIAN_POINT('',(14.361133657075,-0.68858756223,
    2.960019758084));
#1990 = CARTESIAN_POINT('',(14.297850175881,-0.631091157663,
    2.966516455592));
#1991 = CARTESIAN_POINT('',(14.265619358118,-0.599545383946,
    2.969893824531));
#1992 = CARTESIAN_POINT('',(14.234501418522,-0.566573144947,
    2.973217613102));
#1993 = CARTESIAN_POINT('',(14.204648083738,-0.532111212849,
    2.976463572771));
#1994 = CARTESIAN_POINT('',(14.176248788355,-0.496108595442,
    2.979602186947));
#1995 = CARTESIAN_POINT('',(14.149527860182,-0.458530723246,
    2.982598752845));
#1996 = CARTESIAN_POINT('',(14.124740028439,-0.419365012579,
    2.985414030527));
#1997 = CARTESIAN_POINT('',(14.093501309407,-0.362995817075,
    2.988999861582));
#1998 = CARTESIAN_POINT('',(14.085165535962,-0.347135048784,
    2.989961136033));
#1999 = CARTESIAN_POINT('',(14.077173194009,-0.331047918002,
    2.990886820994));
#2000 = CARTESIAN_POINT('',(14.069541280136,-0.314738184535,
    2.991774354744));
#2001 = CARTESIAN_POINT('',(14.06228724231,-0.298211104381,
    2.992621116995));
#2002 = CARTESIAN_POINT('',(14.055428694149,-0.281473584394,
    2.993424470549));
#2003 = CARTESIAN_POINT('',(14.048983129202,-0.264534336954,
    2.994181802963));
#2004 = CARTESIAN_POINT('',(14.039594865062,-0.237799408209,
    2.995287959055));
#2005 = CARTESIAN_POINT('',(14.036357272544,-0.228134747701,
    2.995670085505));
#2006 = CARTESIAN_POINT('',(14.033257919835,-0.218411960673,
    2.996036491793));
#2007 = CARTESIAN_POINT('',(14.030299769864,-0.208633153824,
    2.99638673735));
#2008 = CARTESIAN_POINT('',(14.02748568631,-0.198800632988,
    2.996720396801));
#2009 = CARTESIAN_POINT('',(14.024818433611,-0.188916903139,
    2.997037059963));
#2010 = CARTESIAN_POINT('',(14.02230067696,-0.178984668383,
    2.997336331847));
#2011 = CARTESIAN_POINT('',(14.015049929395,-0.14840304918,
    2.998199119146));
#2012 = CARTESIAN_POINT('',(14.010812828286,-0.127603365562,
    2.998704687074));
#2013 = CARTESIAN_POINT('',(14.007246412483,-0.106635189687,
    2.999131181917));
#2014 = CARTESIAN_POINT('',(14.004370022545,-8.552809137703E-02,
    2.999475748537));
#2015 = CARTESIAN_POINT('',(14.002199022499,-6.431379236792E-02,
    2.999736118316));
#2016 = CARTESIAN_POINT('',(14.000744216255,-4.302615697089E-02,
    2.999910696296));
#2017 = CARTESIAN_POINT('',(14.000011264017,-2.170118273542E-02,
    2.999998648318));
#2018 = CARTESIAN_POINT('',(13.999986249872,2.607231290536E-02,
    3.000001650015));
#2019 = CARTESIAN_POINT('',(14.001082859194,5.252551656177E-02,
    2.999870063926));
#2020 = CARTESIAN_POINT('',(14.003290384876,7.890829260205E-02,
    2.999605148384));
#2021 = CARTESIAN_POINT('',(14.006595479073,0.105152279131,2.99920887112
    ));
#2022 = CARTESIAN_POINT('',(14.010972923398,0.131195001147,
    2.998684959244));
#2023 = CARTESIAN_POINT('',(14.016387564423,0.15697979208,2.9980386094)
  );
#2024 = CARTESIAN_POINT('',(14.022796249201,0.182455715327,
    2.997276197909));
#2025 = CARTESIAN_POINT('',(14.033928047733,0.220485231539,
    2.995957358523));
#2026 = CARTESIAN_POINT('',(14.03795614216,0.233300479751,2.995480955991
    ));
#2027 = CARTESIAN_POINT('',(14.042227446581,0.246017789124,
    2.994976762444));
#2028 = CARTESIAN_POINT('',(14.046735248725,0.258632285466,
    2.994445775938));
#2029 = CARTESIAN_POINT('',(14.051472721514,0.271139661692,
    2.993889013468));
#2030 = CARTESIAN_POINT('',(14.056432923072,0.283536177829,
    2.993307510969));
#2031 = CARTESIAN_POINT('',(14.061608796719,0.29581866101,2.992702323313
    ));
#2032 = CARTESIAN_POINT('',(14.078175188792,0.333249964982,
    2.990770740564));
#2033 = CARTESIAN_POINT('',(14.090256249228,0.358010757856,
    2.989369442401));
#2034 = CARTESIAN_POINT('',(14.103174021208,0.382245474692,
    2.987880003684));
#2035 = CARTESIAN_POINT('',(14.116867323217,0.405940320571,
    2.986311647193));
#2036 = CARTESIAN_POINT('',(14.131277347553,0.42908819147,2.984673273108
    ));
#2037 = CARTESIAN_POINT('',(14.146348884578,0.451687750665,
    2.982973287488));
#2038 = CARTESIAN_POINT('',(14.162031546969,0.473742505139,
    2.981219430757));
#2039 = CARTESIAN_POINT('',(14.203515430659,0.528675104284,
    2.976622031404));
#2040 = CARTESIAN_POINT('',(14.230110104344,0.560786070964,
    2.973712915238));
#2041 = CARTESIAN_POINT('',(14.257900851213,0.59162717153,2.970717035992
    ));
#2042 = CARTESIAN_POINT('',(14.286743109749,0.621237204441,
    2.967657126019));
#2043 = CARTESIAN_POINT('',(14.316511816886,0.649658691496,
    2.964552997339));
#2044 = CARTESIAN_POINT('',(14.347101304162,0.676937192225,
    2.961421667263));
#2045 = CARTESIAN_POINT('',(14.378425193877,0.70312061827,2.958277484019
    ));
#2046 = CARTESIAN_POINT('',(14.442452130495,0.753431628217,
    2.951982622679));
#2047 = CARTESIAN_POINT('',(14.475149825529,0.777550716877,
    2.948832672505));
#2048 = CARTESIAN_POINT('',(14.50843730204,0.80066239286,2.945694739168)
  );
#2049 = CARTESIAN_POINT('',(14.54225175288,0.822808861922,2.942579641349
    ));
#2050 = CARTESIAN_POINT('',(14.576539011425,0.844028655404,
    2.939496831764));
#2051 = CARTESIAN_POINT('',(14.611252920949,0.864357329157,
    2.936454549835));
#2052 = CARTESIAN_POINT('',(14.646354703986,0.883828162469,
    2.933459974357));
#2053 = CARTESIAN_POINT('',(14.754774634309,0.940838645449,
    2.924468412566));
#2054 = CARTESIAN_POINT('',(14.829221157125,0.97569443805,2.918647885061
    ));
#2055 = CARTESIAN_POINT('',(14.904877274719,1.007317548316,
    2.913111683559));
#2056 = CARTESIAN_POINT('',(14.981524865018,1.035916117474,
    2.907903067031));
#2057 = CARTESIAN_POINT('',(15.058989328241,1.06165518846,2.903056750371
    ));
#2058 = CARTESIAN_POINT('',(15.137131280793,1.084672720936,
    2.898600629814));
#2059 = CARTESIAN_POINT('',(15.215842924122,1.105085547335,
    2.894557146915));
#2060 = CARTESIAN_POINT('',(15.381711519282,1.142570026758,
    2.886991330205));
#2061 = CARTESIAN_POINT('',(15.468940907936,1.159141062148,2.88355504686
    ));
#2062 = CARTESIAN_POINT('',(15.556618899616,1.17281846097,2.880659420025
    ));
#2063 = CARTESIAN_POINT('',(15.644640062757,1.183688168702,
    2.878323096019));
#2064 = CARTESIAN_POINT('',(15.732909141367,1.191810754183,
    2.876559663793));
#2065 = CARTESIAN_POINT('',(15.821339026243,1.197226414006,2.87537793979
    ));
#2066 = CARTESIAN_POINT('',(15.909849445159,1.199956218555,
    2.874782262377));
#2067 = CARTESIAN_POINT('',(16.142979010012,1.200070472689,
    2.874757330091));
#2068 = CARTESIAN_POINT('',(16.287491030573,1.19297100208,2.876306511059
    ));
#2069 = CARTESIAN_POINT('',(16.431673149107,1.17872157808,2.879416699673
    ));
#2070 = CARTESIAN_POINT('',(16.57520331078,1.157160120001,2.884060028135
    ));
#2071 = CARTESIAN_POINT('',(16.717664376765,1.128007068255,
    2.890177284833));
#2072 = CARTESIAN_POINT('',(16.858506809129,1.09079292504,2.897667107612
    ));
#2073 = CARTESIAN_POINT('',(16.997057137844,1.044900067924,
    2.906384789363));
#2074 = CARTESIAN_POINT('',(17.167887288557,0.974496163842,
    2.918678760968));
#2075 = CARTESIAN_POINT('',(17.203180479348,0.959178363455,
    2.921305055755));
#2076 = CARTESIAN_POINT('',(17.238223952303,0.943162617193,
    2.923997177078));
#2077 = CARTESIAN_POINT('',(17.272995268111,0.926427058446,
    2.926750692649));
#2078 = CARTESIAN_POINT('',(17.307468529461,0.908947937897,
    2.929560637575));
#2079 = CARTESIAN_POINT('',(17.341614082351,0.890699176651,
    2.932421441122));
#2080 = CARTESIAN_POINT('',(17.375398217396,0.871651919365,
    2.935326853465));
#2081 = CARTESIAN_POINT('',(17.442998067144,0.831401735357,
    2.941286107776));
#2082 = CARTESIAN_POINT('',(17.476790290103,0.81015904852,2.944341543577
    ));
#2083 = CARTESIAN_POINT('',(17.510120524412,0.788009987666,
    2.947428801072));
#2084 = CARTESIAN_POINT('',(17.542940811606,0.764917322599,
    2.950539315174));
#2085 = CARTESIAN_POINT('',(17.575193533491,0.740842009281,
    2.953663156944));
#2086 = CARTESIAN_POINT('',(17.606810695298,0.715742566998,2.95678885603
    ));
#2087 = CARTESIAN_POINT('',(17.637713208826,0.689574455516,
    2.959903223113));
#2088 = CARTESIAN_POINT('',(17.701091644158,0.63211747558,2.966405851511
    ));
#2089 = CARTESIAN_POINT('',(17.733375000359,0.60059141905,2.969786894859
    ));
#2090 = CARTESIAN_POINT('',(17.764547635182,0.567638520102,
    2.973114869548));
#2091 = CARTESIAN_POINT('',(17.794458117152,0.533195343518,
    2.976365564374));
#2092 = CARTESIAN_POINT('',(17.822917322032,0.497210581521,
    2.979509502637));
#2093 = CARTESIAN_POINT('',(17.849701206277,0.459649208939,
    2.982512017132));
#2094 = CARTESIAN_POINT('',(17.87455522426,0.420497993405,2.985333887267
    ));
#2095 = CARTESIAN_POINT('',(17.920891479502,0.337165709607,2.99065121472
    ));
#2096 = CARTESIAN_POINT('',(17.94218602546,0.29279845593,2.993127952433)
  );
#2097 = CARTESIAN_POINT('',(17.960713082479,0.246761338557,
    2.995308410852));
#2098 = CARTESIAN_POINT('',(17.976090766838,0.199211170292,
    2.997135463128));
#2099 = CARTESIAN_POINT('',(17.98795156264,0.150382420754,2.998554091577
    ));
#2100 = CARTESIAN_POINT('',(17.995985327924,0.1005996038,2.999518293871)
  );
#2101 = CARTESIAN_POINT('',(18.,5.029046940804E-02,3.));
#2102 = CARTESIAN_POINT('',(18.,-4.440892098501E-16,3.));
#2103 = PCURVE('',#557,#2104);
#2104 = DEFINITIONAL_REPRESENTATION('',(#2105),#2283);
#2105 = B_SPLINE_CURVE_WITH_KNOTS('',8,(#2106,#2107,#2108,#2109,#2110,
    #2111,#2112,#2113,#2114,#2115,#2116,#2117,#2118,#2119,#2120,#2121,
    #2122,#2123,#2124,#2125,#2126,#2127,#2128,#2129,#2130,#2131,#2132,
    #2133,#2134,#2135,#2136,#2137,#2138,#2139,#2140,#2141,#2142,#2143,
    #2144,#2145,#2146,#2147,#2148,#2149,#2150,#2151,#2152,#2153,#2154,
    #2155,#2156,#2157,#2158,#2159,#2160,#2161,#2162,#2163,#2164,#2165,
    #2166,#2167,#2168,#2169,#2170,#2171,#2172,#2173,#2174,#2175,#2176,
    #2177,#2178,#2179,#2180,#2181,#2182,#2183,#2184,#2185,#2186,#2187,
    #2188,#2189,#2190,#2191,#2192,#2193,#2194,#2195,#2196,#2197,#2198,
    #2199,#2200,#2201,#2202,#2203,#2204,#2205,#2206,#2207,#2208,#2209,
    #2210,#2211,#2212,#2213,#2214,#2215,#2216,#2217,#2218,#2219,#2220,
    #2221,#2222,#2223,#2224,#2225,#2226,#2227,#2228,#2229,#2230,#2231,
    #2232,#2233,#2234,#2235,#2236,#2237,#2238,#2239,#2240,#2241,#2242,
    #2243,#2244,#2245,#2246,#2247,#2248,#2249,#2250,#2251,#2252,#2253,
    #2254,#2255,#2256,#2257,#2258,#2259,#2260,#2261,#2262,#2263,#2264,
    #2265,#2266,#2267,#2268,#2269,#2270,#2271,#2272,#2273,#2274,#2275,
    #2276,#2277,#2278,#2279,#2280,#2281,#2282),.UNSPECIFIED.,.F.,.F.,(9,
    7,7,7,7,7,7,7,7,7,7,7,7,7,7,7,7,7,7,7,7,7,7,7,7,9),(0.,
    2.906148706646E-02,4.950595923335E-02,8.125634466286E-02,
    0.11258259709,0.177921392044,0.250001330651,0.366849374636,
    0.39751824989,0.428946429424,0.463698221652,0.477033440459,
    0.484510237575,0.499949486856,0.519099445984,0.528938832264,
    0.549372811691,0.581105581425,0.612882723809,0.678271573192,
    0.749815962109,0.866700078911,0.897387054613,0.928837459851,
    0.963615571601,1.),.UNSPECIFIED.);
#2106 = CARTESIAN_POINT('',(1.570796326795,-13.));
#2107 = CARTESIAN_POINT('',(1.584180868972,-13.));
#2108 = CARTESIAN_POINT('',(1.597569936999,-12.99744075717));
#2109 = CARTESIAN_POINT('',(1.610876279739,-12.99231930257));
#2110 = CARTESIAN_POINT('',(1.624026807697,-12.98471153775));
#2111 = CARTESIAN_POINT('',(1.636961182792,-12.97474871195));
#2112 = CARTESIAN_POINT('',(1.649630551994,-12.96259787149));
#2113 = CARTESIAN_POINT('',(1.661996424862,-12.94844628142));
#2114 = CARTESIAN_POINT('',(1.682494982879,-12.92126460416));
#2115 = CARTESIAN_POINT('',(1.690799150709,-12.90914141678));
#2116 = CARTESIAN_POINT('',(1.698935465825,-12.8961826714));
#2117 = CARTESIAN_POINT('',(1.706899560035,-12.88244958585));
#2118 = CARTESIAN_POINT('',(1.714689150145,-12.86800096633));
#2119 = CARTESIAN_POINT('',(1.722303758523,-12.85289199206));
#2120 = CARTESIAN_POINT('',(1.729744433666,-12.83717300003));
#2121 = CARTESIAN_POINT('',(1.748302328109,-12.79559798781));
#2122 = CARTESIAN_POINT('',(1.759174427704,-12.76894989285));
#2123 = CARTESIAN_POINT('',(1.769640525975,-12.74110795464));
#2124 = CARTESIAN_POINT('',(1.779712482224,-12.71221652095));
#2125 = CARTESIAN_POINT('',(1.789403143962,-12.68240043677));
#2126 = CARTESIAN_POINT('',(1.798726232245,-12.65176516347));
#2127 = CARTESIAN_POINT('',(1.807696227003,-12.62039689815));
#2128 = CARTESIAN_POINT('',(1.824844968055,-12.5567564118));
#2129 = CARTESIAN_POINT('',(1.833030839136,-12.52450879948));
#2130 = CARTESIAN_POINT('',(1.840899283192,-12.49168872367));
#2131 = CARTESIAN_POINT('',(1.848462336522,-12.4583562969));
#2132 = CARTESIAN_POINT('',(1.85573089285,-12.42456346425));
#2133 = CARTESIAN_POINT('',(1.862714942014,-12.39035459121));
#2134 = CARTESIAN_POINT('',(1.86942380867,-12.35576705164));
#2135 = CARTESIAN_POINT('',(1.889304020211,-12.24796557565));
#2136 = CARTESIAN_POINT('',(1.901579087599,-12.17360900746));
#2137 = CARTESIAN_POINT('',(1.912772818195,-12.09803798446));
#2138 = CARTESIAN_POINT('',(1.922943996077,-12.02147153661));
#2139 = CARTESIAN_POINT('',(1.932137980029,-11.94408491988));
#2140 = CARTESIAN_POINT('',(1.940392231995,-11.86601797571));
#2141 = CARTESIAN_POINT('',(1.94773835832,-11.78737878026));
#2142 = CARTESIAN_POINT('',(1.961329699111,-11.62094173575));
#2143 = CARTESIAN_POINT('',(1.967381197827,-11.53306174709));
#2144 = CARTESIAN_POINT('',(1.972387773596,-11.44472407671));
#2145 = CARTESIAN_POINT('',(1.976371818943,-11.35603678115));
#2146 = CARTESIAN_POINT('',(1.979348700038,-11.26709738539));
#2147 = CARTESIAN_POINT('',(1.981328574717,-11.17799499833));
#2148 = CARTESIAN_POINT('',(1.982316833716,-11.08881167258));
#2149 = CARTESIAN_POINT('',(1.982307217969,-10.85504018735));
#2150 = CARTESIAN_POINT('',(1.979694547462,-10.71056200674));
#2151 = CARTESIAN_POINT('',(1.974482099842,-10.56641717573));
#2152 = CARTESIAN_POINT('',(1.966627289695,-10.42292767611));
#2153 = CARTESIAN_POINT('',(1.956060681676,-10.28051098921));
#2154 = CARTESIAN_POINT('',(1.942662362548,-10.13971759613));
#2155 = CARTESIAN_POINT('',(1.926273983667,-10.00122235597));
#2156 = CARTESIAN_POINT('',(1.90137770441,-9.830482699159));
#2157 = CARTESIAN_POINT('',(1.895973227957,-9.795216725933));
#2158 = CARTESIAN_POINT('',(1.890334446742,-9.760200995939));
#2159 = CARTESIAN_POINT('',(1.884455159838,-9.725457995086));
#2160 = CARTESIAN_POINT('',(1.878328592245,-9.691013677558));
#2161 = CARTESIAN_POINT('',(1.871947238792,-9.656897765289));
#2162 = CARTESIAN_POINT('',(1.86530270803,-9.623144047429));
#2163 = CARTESIAN_POINT('',(1.851297168682,-9.555611544895));
#2164 = CARTESIAN_POINT('',(1.843923222056,-9.521856205646));
#2165 = CARTESIAN_POINT('',(1.836253038031,-9.488563757521));
#2166 = CARTESIAN_POINT('',(1.828275619491,-9.455782262766));
#2167 = CARTESIAN_POINT('',(1.819979417936,-9.423569466328));
#2168 = CARTESIAN_POINT('',(1.811352090993,-9.391993511749));
#2169 = CARTESIAN_POINT('',(1.802380259924,-9.361133657075));
#2170 = CARTESIAN_POINT('',(1.782731497305,-9.297850175881));
#2171 = CARTESIAN_POINT('',(1.771978572231,-9.265619358118));
#2172 = CARTESIAN_POINT('',(1.760768044582,-9.234501418522));
#2173 = CARTESIAN_POINT('',(1.749080672601,-9.204648083738));
#2174 = CARTESIAN_POINT('',(1.73690116383,-9.176248788355));
#2175 = CARTESIAN_POINT('',(1.724219323471,-9.149527860182));
#2176 = CARTESIAN_POINT('',(1.711031607371,-9.124740028439));
#2177 = CARTESIAN_POINT('',(1.692090414931,-9.093501309407));
#2178 = CARTESIAN_POINT('',(1.686764886774,-9.085165535962));
#2179 = CARTESIAN_POINT('',(1.681367282245,-9.077173194009));
#2180 = CARTESIAN_POINT('',(1.675898812752,-9.069541280136));
#2181 = CARTESIAN_POINT('',(1.670361162921,-9.06228724231));
#2182 = CARTESIAN_POINT('',(1.66475653949,-9.055428694149));
#2183 = CARTESIAN_POINT('',(1.659087720203,-9.048983129202));
#2184 = CARTESIAN_POINT('',(1.650145617914,-9.039594865062));
#2185 = CARTESIAN_POINT('',(1.646914029371,-9.036357272544));
#2186 = CARTESIAN_POINT('',(1.643663944868,-9.033257919835));
#2187 = CARTESIAN_POINT('',(1.640396035384,-9.030299769864));
#2188 = CARTESIAN_POINT('',(1.637111035087,-9.02748568631));
#2189 = CARTESIAN_POINT('',(1.633809741332,-9.024818433611));
#2190 = CARTESIAN_POINT('',(1.630493014666,-9.02230067696));
#2191 = CARTESIAN_POINT('',(1.620282926839,-9.015049929395));
#2192 = CARTESIAN_POINT('',(1.613341721196,-9.010812828286));
#2193 = CARTESIAN_POINT('',(1.606346916331,-9.007246412483));
#2194 = CARTESIAN_POINT('',(1.59930792445,-9.004370022545));
#2195 = CARTESIAN_POINT('',(1.592234826913,-9.002199022499));
#2196 = CARTESIAN_POINT('',(1.585138385625,-9.000744216255));
#2197 = CARTESIAN_POINT('',(1.57803005443,-9.000011264017));
#2198 = CARTESIAN_POINT('',(1.562105555757,-8.999986249872));
#2199 = CARTESIAN_POINT('',(1.553287835832,-9.001082859194));
#2200 = CARTESIAN_POINT('',(1.544492550989,-9.003290384876));
#2201 = CARTESIAN_POINT('',(1.535741451225,-9.006595479073));
#2202 = CARTESIAN_POINT('',(1.527054379796,-9.010972923398));
#2203 = CARTESIAN_POINT('',(1.518449336756,-9.016387564423));
#2204 = CARTESIAN_POINT('',(1.509942542486,-9.022796249201));
#2205 = CARTESIAN_POINT('',(1.497235582659,-9.033928047733));
#2206 = CARTESIAN_POINT('',(1.492952095973,-9.03795614216));
#2207 = CARTESIAN_POINT('',(1.488699772644,-9.042227446581));
#2208 = CARTESIAN_POINT('',(1.484480164499,-9.046735248725));
#2209 = CARTESIAN_POINT('',(1.480294643722,-9.051472721514));
#2210 = CARTESIAN_POINT('',(1.476144402855,-9.056432923072));
#2211 = CARTESIAN_POINT('',(1.472030454797,-9.061608796719));
#2212 = CARTESIAN_POINT('',(1.459487078657,-9.078175188792));
#2213 = CARTESIAN_POINT('',(1.451181185876,-9.090256249228));
#2214 = CARTESIAN_POINT('',(1.443042763311,-9.103174021208));
#2215 = CARTESIAN_POINT('',(1.435076245066,-9.116867323217));
#2216 = CARTESIAN_POINT('',(1.427283970901,-9.131277347553));
#2217 = CARTESIAN_POINT('',(1.419666466628,-9.146348884578));
#2218 = CARTESIAN_POINT('',(1.41222272451,-9.162031546969));
#2219 = CARTESIAN_POINT('',(1.393657120794,-9.203515430659));
#2220 = CARTESIAN_POINT('',(1.382780153359,-9.230110104344));
#2221 = CARTESIAN_POINT('',(1.372308934325,-9.257900851213));
#2222 = CARTESIAN_POINT('',(1.362231682556,-9.286743109749));
#2223 = CARTESIAN_POINT('',(1.352535602739,-9.316511816886));
#2224 = CARTESIAN_POINT('',(1.343207005318,-9.347101304162));
#2225 = CARTESIAN_POINT('',(1.334231426421,-9.378425193877));
#2226 = CARTESIAN_POINT('',(1.316943990909,-9.442452130495));
#2227 = CARTESIAN_POINT('',(1.30863499952,-9.475149825529));
#2228 = CARTESIAN_POINT('',(1.300652736394,-9.50843730204));
#2229 = CARTESIAN_POINT('',(1.292984632181,-9.54225175288));
#2230 = CARTESIAN_POINT('',(1.28561932962,-9.576539011425));
#2231 = CARTESIAN_POINT('',(1.278546427755,-9.611252920949));
#2232 = CARTESIAN_POINT('',(1.271756226145,-9.646354703986));
#2233 = CARTESIAN_POINT('',(1.251829728144,-9.754774634309));
#2234 = CARTESIAN_POINT('',(1.239581993759,-9.829221157125));
#2235 = CARTESIAN_POINT('',(1.228415297394,-9.904877274719));
#2236 = CARTESIAN_POINT('',(1.21827104133,-9.981524865018));
#2237 = CARTESIAN_POINT('',(1.209104020952,-10.05898932824));
#2238 = CARTESIAN_POINT('',(1.200876918354,-10.13713128079));
#2239 = CARTESIAN_POINT('',(1.193558267269,-10.21584292412));
#2240 = CARTESIAN_POINT('',(1.180083795407,-10.38171151928));
#2241 = CARTESIAN_POINT('',(1.174104174645,-10.46894090793));
#2242 = CARTESIAN_POINT('',(1.169153372896,-10.55661889961));
#2243 = CARTESIAN_POINT('',(1.165209596312,-10.64464006275));
#2244 = CARTESIAN_POINT('',(1.162257855274,-10.73290914136));
#2245 = CARTESIAN_POINT('',(1.160288222298,-10.82133902624));
#2246 = CARTESIAN_POINT('',(1.159295403884,-10.90984944515));
#2247 = CARTESIAN_POINT('',(1.15925385006,-11.14297901001));
#2248 = CARTESIAN_POINT('',(1.161835896264,-11.28749103057));
#2249 = CARTESIAN_POINT('',(1.167018510572,-11.43167314911));
#2250 = CARTESIAN_POINT('',(1.174843976719,-11.57520331077));
#2251 = CARTESIAN_POINT('',(1.185381435596,-11.71766437676));
#2252 = CARTESIAN_POINT('',(1.198750400346,-11.85850680912));
#2253 = CARTESIAN_POINT('',(1.215108824398,-11.99705713784));
#2254 = CARTESIAN_POINT('',(1.239966813637,-12.16788728855));
#2255 = CARTESIAN_POINT('',(1.245364509815,-12.20318047934));
#2256 = CARTESIAN_POINT('',(1.250996529274,-12.2382239523));
#2257 = CARTESIAN_POINT('',(1.25686906327,-12.27299526811));
#2258 = CARTESIAN_POINT('',(1.262988877242,-12.30746852946));
#2259 = CARTESIAN_POINT('',(1.269363466761,-12.34161408235));
#2260 = CARTESIAN_POINT('',(1.276001213477,-12.37539821739));
#2261 = CARTESIAN_POINT('',(1.289993783571,-12.44299806714));
#2262 = CARTESIAN_POINT('',(1.297361613356,-12.4767902901));
#2263 = CARTESIAN_POINT('',(1.305025709929,-12.51012052441));
#2264 = CARTESIAN_POINT('',(1.312997064942,-12.5429408116));
#2265 = CARTESIAN_POINT('',(1.3212872258,-12.57519353349));
#2266 = CARTESIAN_POINT('',(1.329908539271,-12.60681069529));
#2267 = CARTESIAN_POINT('',(1.338874395089,-12.63771320882));
#2268 = CARTESIAN_POINT('',(1.35851121212,-12.70109164415));
#2269 = CARTESIAN_POINT('',(1.369258225297,-12.73337500035));
#2270 = CARTESIAN_POINT('',(1.380462987865,-12.76454763518));
#2271 = CARTESIAN_POINT('',(1.392144804253,-12.79445811715));
#2272 = CARTESIAN_POINT('',(1.404319063426,-12.82291732203));
#2273 = CARTESIAN_POINT('',(1.416996100574,-12.84970120627));
#2274 = CARTESIAN_POINT('',(1.430179661615,-12.87455522426));
#2275 = CARTESIAN_POINT('',(1.458182370627,-12.9208914795));
#2276 = CARTESIAN_POINT('',(1.473061487864,-12.94218602546));
#2277 = CARTESIAN_POINT('',(1.488472257163,-12.96071308247));
#2278 = CARTESIAN_POINT('',(1.504363860478,-12.97609076683));
#2279 = CARTESIAN_POINT('',(1.520661659726,-12.98795156264));
#2280 = CARTESIAN_POINT('',(1.537263136277,-12.99598532792));
#2281 = CARTESIAN_POINT('',(1.554032836992,-13.));
#2282 = CARTESIAN_POINT('',(1.570796326795,-13.));
#2283 = ( GEOMETRIC_REPRESENTATION_CONTEXT(2) 
PARAMETRIC_REPRESENTATION_CONTEXT() REPRESENTATION_CONTEXT('2D SPACE',''
  ) );
#2284 = PCURVE('',#2285,#2293);
#2285 = SURFACE_OF_LINEAR_EXTRUSION('',#2286,#2291);
#2286 = ELLIPSE('',#2287,2.,1.2);
#2287 = AXIS2_PLACEMENT_3D('',#2288,#2289,#2290);
#2288 = CARTESIAN_POINT('',(16.,0.,-12.5));
#2289 = DIRECTION('',(0.,0.,1.));
#2290 = DIRECTION('',(1.,0.,0.));
#2291 = VECTOR('',#2292,1.);
#2292 = DIRECTION('',(-0.,-0.,-1.));
#2293 = DEFINITIONAL_REPRESENTATION('',(#2294),#2472);
#2294 = B_SPLINE_CURVE_WITH_KNOTS('',8,(#2295,#2296,#2297,#2298,#2299,
    #2300,#2301,#2302,#2303,#2304,#2305,#2306,#2307,#2308,#2309,#2310,
    #2311,#2312,#2313,#2314,#2315,#2316,#2317,#2318,#2319,#2320,#2321,
    #2322,#2323,#2324,#2325,#2326,#2327,#2328,#2329,#2330,#2331,#2332,
    #2333,#2334,#2335,#2336,#2337,#2338,#2339,#2340,#2341,#2342,#2343,
    #2344,#2345,#2346,#2347,#2348,#2349,#2350,#2351,#2352,#2353,#2354,
    #2355,#2356,#2357,#2358,#2359,#2360,#2361,#2362,#2363,#2364,#2365,
    #2366,#2367,#2368,#2369,#2370,#2371,#2372,#2373,#2374,#2375,#2376,
    #2377,#2378,#2379,#2380,#2381,#2382,#2383,#2384,#2385,#2386,#2387,
    #2388,#2389,#2390,#2391,#2392,#2393,#2394,#2395,#2396,#2397,#2398,
    #2399,#2400,#2401,#2402,#2403,#2404,#2405,#2406,#2407,#2408,#2409,
    #2410,#2411,#2412,#2413,#2414,#2415,#2416,#2417,#2418,#2419,#2420,
    #2421,#2422,#2423,#2424,#2425,#2426,#2427,#2428,#2429,#2430,#2431,
    #2432,#2433,#2434,#2435,#2436,#2437,#2438,#2439,#2440,#2441,#2442,
    #2443,#2444,#2445,#2446,#2447,#2448,#2449,#2450,#2451,#2452,#2453,
    #2454,#2455,#2456,#2457,#2458,#2459,#2460,#2461,#2462,#2463,#2464,
    #2465,#2466,#2467,#2468,#2469,#2470,#2471),.UNSPECIFIED.,.F.,.F.,(9,
    7,7,7,7,7,7,7,7,7,7,7,7,7,7,7,7,7,7,7,7,7,7,7,7,9),(0.,
    2.906148706646E-02,4.950595923335E-02,8.125634466286E-02,
    0.11258259709,0.177921392044,0.250001330651,0.366849374636,
    0.39751824989,0.428946429424,0.463698221652,0.477033440459,
    0.484510237575,0.499949486856,0.519099445984,0.528938832264,
    0.549372811691,0.581105581425,0.612882723809,0.678271573192,
    0.749815962109,0.866700078911,0.897387054613,0.928837459851,
    0.963615571601,1.),.UNSPECIFIED.);
#2295 = CARTESIAN_POINT('',(6.28318530718,-15.5));
#2296 = CARTESIAN_POINT('',(6.249723951737,-15.5));
#2297 = CARTESIAN_POINT('',(6.216251306125,-15.49969290374));
#2298 = CARTESIAN_POINT('',(6.182937429226,-15.49907829455));
#2299 = CARTESIAN_POINT('',(6.149917146461,-15.49816723588));
#2300 = CARTESIAN_POINT('',(6.117298017608,-15.49697911807));
#2301 = CARTESIAN_POINT('',(6.085166166069,-15.49553883554));
#2302 = CARTESIAN_POINT('',(6.053589969599,-15.49387429425));
#2303 = CARTESIAN_POINT('',(6.000835675884,-15.49070572645));
#2304 = CARTESIAN_POINT('',(5.979341612232,-15.48929989494));
#2305 = CARTESIAN_POINT('',(5.958148662999,-15.4878061431));
#2306 = CARTESIAN_POINT('',(5.937261748073,-15.4862337007));
#2307 = CARTESIAN_POINT('',(5.91668189338,-15.48459146923));
#2308 = CARTESIAN_POINT('',(5.896406658494,-15.48288785181));
#2309 = CARTESIAN_POINT('',(5.876430564256,-15.48113058305));
#2310 = CARTESIAN_POINT('',(5.826174531554,-15.47652489904));
#2311 = CARTESIAN_POINT('',(5.796313061048,-15.47361120228));
#2312 = CARTESIAN_POINT('',(5.767125258745,-15.47061122427));
#2313 = CARTESIAN_POINT('',(5.738576170686,-15.46754767077));
#2314 = CARTESIAN_POINT('',(5.710630827415,-15.46444032588));
#2315 = CARTESIAN_POINT('',(5.683253332319,-15.46130618012));
#2316 = CARTESIAN_POINT('',(5.656405949976,-15.45815955852));
#2317 = CARTESIAN_POINT('',(5.604042535344,-15.45190698182));
#2318 = CARTESIAN_POINT('',(5.578519154023,-15.44880174687));
#2319 = CARTESIAN_POINT('',(5.553442849591,-15.44570833289));
#2320 = CARTESIAN_POINT('',(5.528782373304,-15.44263709603));
#2321 = CARTESIAN_POINT('',(5.504509524759,-15.43959710198));
#2322 = CARTESIAN_POINT('',(5.480598248028,-15.43659626829));
#2323 = CARTESIAN_POINT('',(5.457023727798,-15.43364150672));
#2324 = CARTESIAN_POINT('',(5.385242216143,-15.42468467607));
#2325 = CARTESIAN_POINT('',(5.338096346805,-15.41885909462));
#2326 = CARTESIAN_POINT('',(5.292101310103,-15.41331619942));
#2327 = CARTESIAN_POINT('',(5.247089976031,-15.40809939152));
#2328 = CARTESIAN_POINT('',(5.20292688793,-15.40324349535));
#2329 = CARTESIAN_POINT('',(5.159492166227,-15.39877649472));
#2330 = CARTESIAN_POINT('',(5.116673079935,-15.39472090445));
#2331 = CARTESIAN_POINT('',(5.027688299709,-15.38709453536));
#2332 = CARTESIAN_POINT('',(4.981646348504,-15.38361813884));
#2333 = CARTESIAN_POINT('',(4.936103166912,-15.38069025287));
#2334 = CARTESIAN_POINT('',(4.890945241495,-15.37833003642));
#2335 = CARTESIAN_POINT('',(4.846071394605,-15.37655143015));
#2336 = CARTESIAN_POINT('',(4.801386141031,-15.37536345356));
#2337 = CARTESIAN_POINT('',(4.75679481747,-15.37477051197));
#2338 = CARTESIAN_POINT('',(4.639909072777,-15.37477628142));
#2339 = CARTESIAN_POINT('',(4.567668655926,-15.37634383817));
#2340 = CARTESIAN_POINT('',(4.495019427804,-15.37947147641));
#2341 = CARTESIAN_POINT('',(4.421544438548,-15.38413109272));
#2342 = CARTESIAN_POINT('',(4.346829735789,-15.39026324856));
#2343 = CARTESIAN_POINT('',(4.270377286695,-15.3977663146));
#2344 = CARTESIAN_POINT('',(4.191610945643,-15.40649527072));
#2345 = CARTESIAN_POINT('',(4.087970406343,-15.41879967073));
#2346 = CARTESIAN_POINT('',(4.066198450607,-15.42142735414));
#2347 = CARTESIAN_POINT('',(4.044184444642,-15.42412064829));
#2348 = CARTESIAN_POINT('',(4.021910777607,-15.42687511386));
#2349 = CARTESIAN_POINT('',(3.999358748395,-15.42968577774));
#2350 = CARTESIAN_POINT('',(3.97650804791,-15.43254705956));
#2351 = CARTESIAN_POINT('',(3.953336241329,-15.43545269833));
#2352 = CARTESIAN_POINT('',(3.90571799773,-15.44141152241));
#2353 = CARTESIAN_POINT('',(3.881256666593,-15.444466278));
#2354 = CARTESIAN_POINT('',(3.856405414226,-15.44755255648));
#2355 = CARTESIAN_POINT('',(3.831135501478,-15.45066177914));
#2356 = CARTESIAN_POINT('',(3.805417215063,-15.45378400047));
#2357 = CARTESIAN_POINT('',(3.779218789837,-15.45690773063));
#2358 = CARTESIAN_POINT('',(3.75250533108,-15.46001975808));
#2359 = CARTESIAN_POINT('',(3.69508652261,-15.46651645559));
#2360 = CARTESIAN_POINT('',(3.664269443171,-15.46989382453));
#2361 = CARTESIAN_POINT('',(3.632725227183,-15.4732176131));
#2362 = CARTESIAN_POINT('',(3.600402323806,-15.47646357277));
#2363 = CARTESIAN_POINT('',(3.567257768095,-15.47960218694));
#2364 = CARTESIAN_POINT('',(3.53325715683,-15.48259875284));
#2365 = CARTESIAN_POINT('',(3.498375734713,-15.48541403052));
#2366 = CARTESIAN_POINT('',(3.448872683981,-15.48899986158));
#2367 = CARTESIAN_POINT('',(3.43501547577,-15.48996113603));
#2368 = CARTESIAN_POINT('',(3.421029515946,-15.49088682099));
#2369 = CARTESIAN_POINT('',(3.406916194607,-15.49177435474));
#2370 = CARTESIAN_POINT('',(3.392677839019,-15.49262111699));
#2371 = CARTESIAN_POINT('',(3.378317810331,-15.49342447054));
#2372 = CARTESIAN_POINT('',(3.363840600298,-15.49418180296));
#2373 = CARTESIAN_POINT('',(3.341072343944,-15.49528795905));
#2374 = CARTESIAN_POINT('',(3.332857744009,-15.4956700855));
#2375 = CARTESIAN_POINT('',(3.324609159809,-15.49603649179));
#2376 = CARTESIAN_POINT('',(3.316327750243,-15.49638673735));
#2377 = CARTESIAN_POINT('',(3.308014801493,-15.4967203968));
#2378 = CARTESIAN_POINT('',(3.29967172702,-15.49703705996));
#2379 = CARTESIAN_POINT('',(3.291300067565,-15.49733633184));
#2380 = CARTESIAN_POINT('',(3.26555880913,-15.49819911914));
#2381 = CARTESIAN_POINT('',(3.248100121744,-15.49870468707));
#2382 = CARTESIAN_POINT('',(3.230541727201,-15.49913118191));
#2383 = CARTESIAN_POINT('',(3.212900963268,-15.49947574853));
#2384 = CARTESIAN_POINT('',(3.195196376185,-15.49973611831));
#2385 = CARTESIAN_POINT('',(3.177447889587,-15.49991069629));
#2386 = CARTESIAN_POINT('',(3.159676973418,-15.49999864831));
#2387 = CARTESIAN_POINT('',(3.119865725086,-15.50000165001));
#2388 = CARTESIAN_POINT('',(3.0978216027,-15.49987006392));
#2389 = CARTESIAN_POINT('',(3.07581993754,-15.49960514838));
#2390 = CARTESIAN_POINT('',(3.053901463969,-15.49920887112));
#2391 = CARTESIAN_POINT('',(3.032102681284,-15.49868495924));
#2392 = CARTESIAN_POINT('',(3.010456376124,-15.4980386094));
#2393 = CARTESIAN_POINT('',(2.988992144887,-15.4972761979));
#2394 = CARTESIAN_POINT('',(2.956815827238,-15.49595735852));
#2395 = CARTESIAN_POINT('',(2.945949056855,-15.49548095599));
#2396 = CARTESIAN_POINT('',(2.935139645238,-15.49497676244));
#2397 = CARTESIAN_POINT('',(2.924390273938,-15.49444577593));
#2398 = CARTESIAN_POINT('',(2.913703265808,-15.49388901346));
#2399 = CARTESIAN_POINT('',(2.903080585009,-15.49330751096));
#2400 = CARTESIAN_POINT('',(2.892523837001,-15.49270232331));
#2401 = CARTESIAN_POINT('',(2.860250021056,-15.49077074056));
#2402 = CARTESIAN_POINT('',(2.838756896799,-15.4893694424));
#2403 = CARTESIAN_POINT('',(2.817564297708,-15.48788000368));
#2404 = CARTESIAN_POINT('',(2.796677280044,-15.48631164719));
#2405 = CARTESIAN_POINT('',(2.776096985219,-15.4846732731));
#2406 = CARTESIAN_POINT('',(2.755821070621,-15.48297328748));
#2407 = CARTESIAN_POINT('',(2.73584414043,-15.48121943075));
#2408 = CARTESIAN_POINT('',(2.685587030741,-15.4766220314));
#2409 = CARTESIAN_POINT('',(2.655725143973,-15.47371291523));
#2410 = CARTESIAN_POINT('',(2.626536885428,-15.47071703599));
#2411 = CARTESIAN_POINT('',(2.597987458339,-15.46765712601));
#2412 = CARTESIAN_POINT('',(2.570041998691,-15.46455299733));
#2413 = CARTESIAN_POINT('',(2.54266467403,-15.46142166726));
#2414 = CARTESIAN_POINT('',(2.515817782282,-15.45827748401));
#2415 = CARTESIAN_POINT('',(2.463067063339,-15.45198262267));
#2416 = CARTESIAN_POINT('',(2.437170479777,-15.4488326725));
#2417 = CARTESIAN_POINT('',(2.411734263924,-15.44569473916));
#2418 = CARTESIAN_POINT('',(2.386725784604,-15.44257964134));
#2419 = CARTESIAN_POINT('',(2.36211564691,-15.43949683176));
#2420 = CARTESIAN_POINT('',(2.337876723702,-15.43645454983));
#2421 = CARTESIAN_POINT('',(2.313983187108,-15.43345997435));
#2422 = CARTESIAN_POINT('',(2.24190128715,-15.42446841256));
#2423 = CARTESIAN_POINT('',(2.194762577962,-15.41864788506));
#2424 = CARTESIAN_POINT('',(2.148771373481,-15.41311168355));
#2425 = CARTESIAN_POINT('',(2.103760862674,-15.40790306703));
#2426 = CARTESIAN_POINT('',(2.059595806497,-15.40305675037));
#2427 = CARTESIAN_POINT('',(2.016156509092,-15.39860062981));
#2428 = CARTESIAN_POINT('',(1.973330416155,-15.39455714691));
#2429 = CARTESIAN_POINT('',(1.884708454887,-15.3869913302));
#2430 = CARTESIAN_POINT('',(1.839025427437,-15.38355504686));
#2431 = CARTESIAN_POINT('',(1.793831451904,-15.38065942002));
#2432 = CARTESIAN_POINT('',(1.749015703338,-15.37832309601));
#2433 = CARTESIAN_POINT('',(1.704479266756,-15.37655966379));
#2434 = CARTESIAN_POINT('',(1.660128755479,-15.37537793979));
#2435 = CARTESIAN_POINT('',(1.615871619071,-15.37478226237));
#2436 = CARTESIAN_POINT('',(1.499306797759,-15.37475733009));
#2437 = CARTESIAN_POINT('',(1.427055445531,-15.37630651105));
#2438 = CARTESIAN_POINT('',(1.354399185085,-15.37941669967));
#2439 = CARTESIAN_POINT('',(1.280921175776,-15.38406002813));
#2440 = CARTESIAN_POINT('',(1.20620761346,-15.39017728483));
#2441 = CARTESIAN_POINT('',(1.129760943458,-15.39766710761));
#2442 = CARTESIAN_POINT('',(1.05100555134,-15.40638478936));
#2443 = CARTESIAN_POINT('',(0.947381738348,-15.41867876096));
#2444 = CARTESIAN_POINT('',(0.925608806177,-15.42130505575));
#2445 = CARTESIAN_POINT('',(0.903594186905,-15.42399717707));
#2446 = CARTESIAN_POINT('',(0.881320284425,-15.42675069264));
#2447 = CARTESIAN_POINT('',(0.85876841239,-15.42956063757));
#2448 = CARTESIAN_POINT('',(0.835918277289,-15.43242144112));
#2449 = CARTESIAN_POINT('',(0.812747461514,-15.43532685346));
#2450 = CARTESIAN_POINT('',(0.765129307299,-15.44128610777));
#2451 = CARTESIAN_POINT('',(0.740667004255,-15.44434154357));
#2452 = CARTESIAN_POINT('',(0.71581517031,-15.44742880107));
#2453 = CARTESIAN_POINT('',(0.690545074494,-15.45053931517));
#2454 = CARTESIAN_POINT('',(0.664827002912,-15.45366315694));
#2455 = CARTESIAN_POINT('',(0.638629179795,-15.45678885603));
#2456 = CARTESIAN_POINT('',(0.611916688554,-15.45990322311));
#2457 = CARTESIAN_POINT('',(0.554499103131,-15.46640585151));
#2458 = CARTESIAN_POINT('',(0.523682286986,-15.46978689485));
#2459 = CARTESIAN_POINT('',(0.492138603852,-15.47311486954));
#2460 = CARTESIAN_POINT('',(0.459816370861,-15.47636556437));
#2461 = CARTESIAN_POINT('',(0.426672428154,-15.47950950263));
#2462 = CARTESIAN_POINT('',(0.392672093029,-15.48251201713));
#2463 = CARTESIAN_POINT('',(0.357790202885,-15.48533388726));
#2464 = CARTESIAN_POINT('',(0.284583840263,-15.49065121472));
#2465 = CARTESIAN_POINT('',(0.246142086558,-15.49312795243));
#2466 = CARTESIAN_POINT('',(0.206737674029,-15.49530841085));
#2467 = CARTESIAN_POINT('',(0.166458298767,-15.49713546312));
#2468 = CARTESIAN_POINT('',(0.125431106293,-15.49855409157));
#2469 = CARTESIAN_POINT('',(8.383284399709E-02,-15.49951829387));
#2470 = CARTESIAN_POINT('',(4.19087245067E-02,-15.5));
#2471 = CARTESIAN_POINT('',(1.530808498934E-16,-15.5));
#2472 = ( GEOMETRIC_REPRESENTATION_CONTEXT(2) 
PARAMETRIC_REPRESENTATION_CONTEXT() REPRESENTATION_CONTEXT('2D SPACE',''
  ) );
#2473 = FACE_BOUND('',#2474,.F.);
#2474 = EDGE_LOOP('',(#2475));
#2475 = ORIENTED_EDGE('',*,*,#2476,.F.);
#2476 = EDGE_CURVE('',#2477,#2477,#2479,.T.);
#2477 = VERTEX_POINT('',#2478);
#2478 = CARTESIAN_POINT('',(18.,0.,0.));
#2479 = SURFACE_CURVE('',#2480,(#2658,#2839),.PCURVE_S1.);
#2480 = B_SPLINE_CURVE_WITH_KNOTS('',8,(#2481,#2482,#2483,#2484,#2485,
    #2486,#2487,#2488,#2489,#2490,#2491,#2492,#2493,#2494,#2495,#2496,
    #2497,#2498,#2499,#2500,#2501,#2502,#2503,#2504,#2505,#2506,#2507,
    #2508,#2509,#2510,#2511,#2512,#2513,#2514,#2515,#2516,#2517,#2518,
    #2519,#2520,#2521,#2522,#2523,#2524,#2525,#2526,#2527,#2528,#2529,
    #2530,#2531,#2532,#2533,#2534,#2535,#2536,#2537,#2538,#2539,#2540,
    #2541,#2542,#2543,#2544,#2545,#2546,#2547,#2548,#2549,#2550,#2551,
    #2552,#2553,#2554,#2555,#2556,#2557,#2558,#2559,#2560,#2561,#2562,
    #2563,#2564,#2565,#2566,#2567,#2568,#2569,#2570,#2571,#2572,#2573,
    #2574,#2575,#2576,#2577,#2578,#2579,#2580,#2581,#2582,#2583,#2584,
    #2585,#2586,#2587,#2588,#2589,#2590,#2591,#2592,#2593,#2594,#2595,
    #2596,#2597,#2598,#2599,#2600,#2601,#2602,#2603,#2604,#2605,#2606,
    #2607,#2608,#2609,#2610,#2611,#2612,#2613,#2614,#2615,#2616,#2617,
    #2618,#2619,#2620,#2621,#2622,#2623,#2624,#2625,#2626,#2627,#2628,
    #2629,#2630,#2631,#2632,#2633,#2634,#2635,#2636,#2637,#2638,#2639,
    #2640,#2641,#2642,#2643,#2644,#2645,#2646,#2647,#2648,#2649,#2650,
    #2651,#2652,#2653,#2654,#2655,#2656,#2657),.UNSPECIFIED.,.T.,.F.,(9,
    7,7,7,7,7,7,7,7,7,7,7,7,7,7,7,7,7,7,7,7,7,7,7,7,9),(0.,
    2.91574327356E-02,4.961223570136E-02,8.130398007099E-02,
    0.113017019134,0.178419574309,0.249964212533,0.36645857823,
    0.397365239191,0.429028580907,0.463614889842,0.476926362937,
    0.484294065085,0.499984254984,0.519050619682,0.529153303061,
    0.54961013302,0.581305017922,0.613021199627,0.678430235948,
    0.749981963975,0.866487873825,0.89739759752,0.929064076954,
    0.963653813262,1.),.UNSPECIFIED.);
#2481 = CARTESIAN_POINT('',(18.,-4.440892098501E-16,0.));
#2482 = CARTESIAN_POINT('',(18.,4.028622475765E-02,-3.700229714939E-18)
  );
#2483 = CARTESIAN_POINT('',(17.997423826057,8.058614529963E-02,
    3.091277034593E-04));
#2484 = CARTESIAN_POINT('',(17.992268476534,0.12062422768,
    9.278050645531E-04));
#2485 = CARTESIAN_POINT('',(17.984610894993,0.160168075829,
    1.844816618549E-03));
#2486 = CARTESIAN_POINT('',(17.974584018218,0.199025590573,
    3.040521883979E-03));
#2487 = CARTESIAN_POINT('',(17.962356888004,0.237041942471,
    4.489727573085E-03));
#2488 = CARTESIAN_POINT('',(17.948118826712,0.274096358445,
    6.16421961053E-03));
#2489 = CARTESIAN_POINT('',(17.920807319187,0.33535544711,
    9.347331236076E-03));
#2490 = CARTESIAN_POINT('',(17.908649862736,0.360104902541,
    1.075684765174E-02));
#2491 = CARTESIAN_POINT('',(17.895657788088,0.384326115483,
    1.225410491857E-02));
#2492 = CARTESIAN_POINT('',(17.881892341821,0.408005670017,
    1.382986767851E-02));
#2493 = CARTESIAN_POINT('',(17.867412328232,0.431136788633,
    1.547523345549E-02));
#2494 = CARTESIAN_POINT('',(17.852272901341,0.453718413535,
    1.718180160657E-02));
#2495 = CARTESIAN_POINT('',(17.836524356888,0.475754287951,
    1.894184227315E-02));
#2496 = CARTESIAN_POINT('',(17.794935631537,0.530559675853,
    2.354756519418E-02));
#2497 = CARTESIAN_POINT('',(17.768310924164,0.562567333223,
    2.645776270218E-02));
#2498 = CARTESIAN_POINT('',(17.740499470673,0.593309750488,
    2.945350197248E-02));
#2499 = CARTESIAN_POINT('',(17.711644479652,0.62282588086,
    3.2512251659E-02));
#2500 = CARTESIAN_POINT('',(17.681869826407,0.651158238024,
    3.561437688137E-02));
#2501 = CARTESIAN_POINT('',(17.651280179533,0.678352244341,
    3.874301115299E-02));
#2502 = CARTESIAN_POINT('',(17.619961127497,0.704455579052,
    4.188392830917E-02));
#2503 = CARTESIAN_POINT('',(17.555975993315,0.75459631383,
    4.816901142585E-02));
#2504 = CARTESIAN_POINT('',(17.523316140232,0.778626831667,
    5.131245817068E-02));
#2505 = CARTESIAN_POINT('',(17.490071048809,0.801655298857,
    5.444354291589E-02));
#2506 = CARTESIAN_POINT('',(17.456302869589,0.823723595291,
    5.75515534485E-02));
#2507 = CARTESIAN_POINT('',(17.422065222932,0.844869953792,
    6.062712649758E-02));
#2508 = CARTESIAN_POINT('',(17.387403821147,0.865129652032,
    6.366209713543E-02));
#2509 = CARTESIAN_POINT('',(17.352357090624,0.884535704439,
    6.664934817888E-02));
#2510 = CARTESIAN_POINT('',(17.243949919684,0.941445469562,
    7.563209752243E-02));
#2511 = CARTESIAN_POINT('',(17.169461658007,0.976262591631,
    8.145025067464E-02));
#2512 = CARTESIAN_POINT('',(17.093766056104,1.007847880215,
    8.698331644113E-02));
#2513 = CARTESIAN_POINT('',(17.017080815432,1.036409212614,
    9.218810178324E-02));
#2514 = CARTESIAN_POINT('',(16.939580231801,1.062111407231,
    9.70299426651E-02));
#2515 = CARTESIAN_POINT('',(16.861403476777,1.085092209379,
    0.101480983555));
#2516 = CARTESIAN_POINT('',(16.782658220405,1.10546823917,0.105518816992
    ));
#2517 = CARTESIAN_POINT('',(16.616739514425,1.142871081722,
    0.113070858591));
#2518 = CARTESIAN_POINT('',(16.529494026375,1.159398493373,
    0.116499128281));
#2519 = CARTESIAN_POINT('',(16.441801298097,1.173032901525,0.11938637095
    ));
#2520 = CARTESIAN_POINT('',(16.353766630277,1.183859986572,
    0.121713992861));
#2521 = CARTESIAN_POINT('',(16.265485194894,1.191940081845,
    0.123468454767));
#2522 = CARTESIAN_POINT('',(16.177044057944,1.19731315957,0.124640988854
    ));
#2523 = CARTESIAN_POINT('',(16.088523487287,1.200000065182,
    0.125227305737));
#2524 = CARTESIAN_POINT('',(15.855852943365,1.199999893864,
    0.125227268352));
#2525 = CARTESIAN_POINT('',(15.711810149795,1.192875842639,
    0.123672720144));
#2526 = CARTESIAN_POINT('',(15.56809715436,1.178646762896,0.12056741609)
  );
#2527 = CARTESIAN_POINT('',(15.425033388735,1.157151860296,
    0.115939099897));
#2528 = CARTESIAN_POINT('',(15.283032162978,1.128113937531,
    0.109846493166));
#2529 = CARTESIAN_POINT('',(15.142637098246,1.091068730868,
    0.102389869568));
#2530 = CARTESIAN_POINT('',(15.004514301272,1.045404702134,
    9.371228916817E-02));
#2531 = CARTESIAN_POINT('',(14.833810444941,0.975232476353,
    8.144751961629E-02));
#2532 = CARTESIAN_POINT('',(14.798250666168,0.959832402337,
    7.880488933566E-02));
#2533 = CARTESIAN_POINT('',(14.762943453571,0.943724966168,
    7.609531830606E-02));
#2534 = CARTESIAN_POINT('',(14.727911654005,0.926887880694,
    7.332332202249E-02));
#2535 = CARTESIAN_POINT('',(14.693181662362,0.909296925771,
    7.049396243039E-02));
#2536 = CARTESIAN_POINT('',(14.658783730509,0.890925485908,
    6.761292367662E-02));
#2537 = CARTESIAN_POINT('',(14.624752276208,0.871744087899,
    6.468658786043E-02));
#2538 = CARTESIAN_POINT('',(14.55667684811,0.831205542327,
    5.868505509002E-02));
#2539 = CARTESIAN_POINT('',(14.522656460941,0.809808782638,
    5.560827963393E-02));
#2540 = CARTESIAN_POINT('',(14.489104807012,0.787492829252,
    5.249931288316E-02));
#2541 = CARTESIAN_POINT('',(14.456070881941,0.764219643254,
    4.936690482306E-02));
#2542 = CARTESIAN_POINT('',(14.423613643511,0.739949334895,
    4.622121108601E-02));
#2543 = CARTESIAN_POINT('',(14.391802754681,0.714639521535,
    4.307397708019E-02));
#2544 = CARTESIAN_POINT('',(14.360719326595,0.688244685589,
    3.993872211826E-02));
#2545 = CARTESIAN_POINT('',(14.297400331351,0.630645055274,
    3.34362319028E-02));
#2546 = CARTESIAN_POINT('',(14.265336160042,0.59923267497,
    3.007561073431E-02));
#2547 = CARTESIAN_POINT('',(14.234375839071,0.566406862868,
    2.676830181919E-02));
#2548 = CARTESIAN_POINT('',(14.204669164216,0.532105360321,
    2.353824342139E-02));
#2549 = CARTESIAN_POINT('',(14.176402913344,0.496277931835,
    2.041454047556E-02));
#2550 = CARTESIAN_POINT('',(14.149798096748,0.45889045506,
    1.743138390911E-02));
#2551 = CARTESIAN_POINT('',(14.125105580096,0.419930347641,
    1.462741910125E-02));
#2552 = CARTESIAN_POINT('',(14.093938231784,0.363819265155,
    1.10504818847E-02));
#2553 = CARTESIAN_POINT('',(14.085601777293,0.347997143293,
    1.008931751507E-02));
#2554 = CARTESIAN_POINT('',(14.077606869641,0.331949330124,
    9.163516102558E-03));
#2555 = CARTESIAN_POINT('',(14.06997039763,0.31567951788,
    8.275623443058E-03));
#2556 = CARTESIAN_POINT('',(14.062709704079,0.299192879404,
    7.428244335644E-03));
#2557 = CARTESIAN_POINT('',(14.055842304148,0.282496221261,
    6.624001522374E-03));
#2558 = CARTESIAN_POINT('',(14.049385603659,0.265598136871,
    5.865494628097E-03));
#2559 = CARTESIAN_POINT('',(14.0400196633,0.239050665177,
    4.762154311112E-03));
#2560 = CARTESIAN_POINT('',(14.036813719185,0.22953371833,
    4.383834257543E-03));
#2561 = CARTESIAN_POINT('',(14.033741716712,0.21996012996,
    4.020735328624E-03));
#2562 = CARTESIAN_POINT('',(14.030806496097,0.210331898856,
    3.673279898894E-03));
#2563 = CARTESIAN_POINT('',(14.028010806129,0.20065121172,
    3.341876328367E-03));
#2564 = CARTESIAN_POINT('',(14.025357304169,0.190920443167,
    3.026918962535E-03));
#2565 = CARTESIAN_POINT('',(14.022848556154,0.181142155726,
    2.728788132365E-03));
#2566 = CARTESIAN_POINT('',(14.015457966515,0.150400011481,
    1.84956725183E-03));
#2567 = CARTESIAN_POINT('',(14.011096123376,0.129276321355,
    1.329194857299E-03));
#2568 = CARTESIAN_POINT('',(14.007425592753,0.107976584149,
    8.902870686399E-04));
#2569 = CARTESIAN_POINT('',(14.004466889615,8.653167425954E-02,
    5.358725255377E-04));
#2570 = CARTESIAN_POINT('',(14.002236321181,6.497477761145E-02,
    2.683592565098E-04));
#2571 = CARTESIAN_POINT('',(14.000745349773,4.334138347068E-02,
    8.943952598406E-05));
#2572 = CARTESIAN_POINT('',(13.999999955678,2.166927626086E-02,
    -5.318621427388E-09));
#2573 = CARTESIAN_POINT('',(14.000000053862,-2.63352776386E-02,
    6.463469610396E-09));
#2574 = CARTESIAN_POINT('',(14.001100889929,-5.267217934848E-02,
    1.320999579161E-04));
#2575 = CARTESIAN_POINT('',(14.003302841473,-7.893886423625E-02,
    3.963432798073E-04));
#2576 = CARTESIAN_POINT('',(14.006592686787,-0.105067880417,
    7.907873138074E-04));
#2577 = CARTESIAN_POINT('',(14.010945543206,-0.130997560987,
    1.311754648524E-03));
#2578 = CARTESIAN_POINT('',(14.016326761129,-0.15667194737,
    1.954123192076E-03));
#2579 = CARTESIAN_POINT('',(14.022693818046,-0.182040712672,
    2.711609787657E-03));
#2580 = CARTESIAN_POINT('',(14.033868587757,-0.220315555182,
    4.035626151141E-03));
#2581 = CARTESIAN_POINT('',(14.038002528182,-0.233474680554,
    4.524560085714E-03));
#2582 = CARTESIAN_POINT('',(14.042392891387,-0.246530559978,
    5.042795674292E-03));
#2583 = CARTESIAN_POINT('',(14.047032410066,-0.259477920789,
    5.589252316654E-03));
#2584 = CARTESIAN_POINT('',(14.051913692057,-0.272312118826,
    6.162828770888E-03));
#2585 = CARTESIAN_POINT('',(14.05702922034,-0.28502913843,
    6.762403153396E-03));
#2586 = CARTESIAN_POINT('',(14.062371353039,-0.297625592445,
    7.386832938889E-03));
#2587 = CARTESIAN_POINT('',(14.079192680813,-0.33535544711,
    9.347331236084E-03));
#2588 = CARTESIAN_POINT('',(14.091350137264,-0.360104902541,
    1.075684765175E-02));
#2589 = CARTESIAN_POINT('',(14.104342211912,-0.384326115483,
    1.225410491857E-02));
#2590 = CARTESIAN_POINT('',(14.118107658179,-0.408005670018,
    1.382986767852E-02));
#2591 = CARTESIAN_POINT('',(14.132587671768,-0.431136788633,
    1.54752334555E-02));
#2592 = CARTESIAN_POINT('',(14.147727098659,-0.453718413535,
    1.718180160658E-02));
#2593 = CARTESIAN_POINT('',(14.163475643113,-0.475754287951,
    1.894184227316E-02));
#2594 = CARTESIAN_POINT('',(14.205064368464,-0.530559675853,
    2.354756519419E-02));
#2595 = CARTESIAN_POINT('',(14.231689075836,-0.562567333223,
    2.645776270219E-02));
#2596 = CARTESIAN_POINT('',(14.259500529327,-0.593309750488,
    2.945350197249E-02));
#2597 = CARTESIAN_POINT('',(14.288355520348,-0.62282588086,
    3.251225165902E-02));
#2598 = CARTESIAN_POINT('',(14.318130173593,-0.651158238024,
    3.561437688138E-02));
#2599 = CARTESIAN_POINT('',(14.348719820467,-0.678352244341,
    3.8743011153E-02));
#2600 = CARTESIAN_POINT('',(14.380038872503,-0.704455579052,
    4.188392830918E-02));
#2601 = CARTESIAN_POINT('',(14.444024006685,-0.75459631383,
    4.816901142586E-02));
#2602 = CARTESIAN_POINT('',(14.476683859768,-0.778626831667,
    5.131245817069E-02));
#2603 = CARTESIAN_POINT('',(14.509928951191,-0.801655298857,
    5.44435429159E-02));
#2604 = CARTESIAN_POINT('',(14.543697130411,-0.823723595291,
    5.755155344852E-02));
#2605 = CARTESIAN_POINT('',(14.577934777069,-0.844869953792,
    6.062712649759E-02));
#2606 = CARTESIAN_POINT('',(14.612596178853,-0.865129652032,
    6.366209713545E-02));
#2607 = CARTESIAN_POINT('',(14.647642909376,-0.884535704439,
    6.66493481789E-02));
#2608 = CARTESIAN_POINT('',(14.756050080316,-0.941445469562,
    7.563209752244E-02));
#2609 = CARTESIAN_POINT('',(14.830538341993,-0.976262591631,
    8.145025067466E-02));
#2610 = CARTESIAN_POINT('',(14.906233943896,-1.007847880215,
    8.698331644114E-02));
#2611 = CARTESIAN_POINT('',(14.982919184568,-1.036409212614,
    9.218810178325E-02));
#2612 = CARTESIAN_POINT('',(15.060419768199,-1.062111407231,
    9.702994266511E-02));
#2613 = CARTESIAN_POINT('',(15.138596523223,-1.085092209379,
    0.101480983555));
#2614 = CARTESIAN_POINT('',(15.217341779595,-1.105468239171,
    0.105518816992));
#2615 = CARTESIAN_POINT('',(15.383260485575,-1.142871081722,
    0.113070858591));
#2616 = CARTESIAN_POINT('',(15.470505973625,-1.159398493373,
    0.116499128281));
#2617 = CARTESIAN_POINT('',(15.558198701903,-1.173032901525,
    0.11938637095));
#2618 = CARTESIAN_POINT('',(15.646233369723,-1.183859986572,
    0.121713992861));
#2619 = CARTESIAN_POINT('',(15.734514805106,-1.191940081845,
    0.123468454767));
#2620 = CARTESIAN_POINT('',(15.822955942056,-1.19731315957,
    0.124640988854));
#2621 = CARTESIAN_POINT('',(15.911476512713,-1.200000065182,
    0.125227305737));
#2622 = CARTESIAN_POINT('',(16.144147056637,-1.199999893864,
    0.125227268352));
#2623 = CARTESIAN_POINT('',(16.288189850197,-1.192875842639,
    0.123672720144));
#2624 = CARTESIAN_POINT('',(16.431902845655,-1.178646762895,
    0.12056741609));
#2625 = CARTESIAN_POINT('',(16.574966611246,-1.157151860298,
    0.115939099898));
#2626 = CARTESIAN_POINT('',(16.716967837036,-1.128113937529,
    0.109846493166));
#2627 = CARTESIAN_POINT('',(16.857362901747,-1.09106873087,
    0.102389869568));
#2628 = CARTESIAN_POINT('',(16.995485698729,-1.045404702134,
    9.371228916809E-02));
#2629 = CARTESIAN_POINT('',(17.166189555058,-0.975232476353,
    8.14475196163E-02));
#2630 = CARTESIAN_POINT('',(17.201749333832,-0.959832402337,
    7.880488933567E-02));
#2631 = CARTESIAN_POINT('',(17.237056546428,-0.943724966168,
    7.609531830607E-02));
#2632 = CARTESIAN_POINT('',(17.272088345995,-0.926887880694,
    7.33233220225E-02));
#2633 = CARTESIAN_POINT('',(17.306818337638,-0.909296925771,
    7.049396243041E-02));
#2634 = CARTESIAN_POINT('',(17.341216269491,-0.890925485908,
    6.761292367664E-02));
#2635 = CARTESIAN_POINT('',(17.375247723792,-0.871744087899,
    6.468658786044E-02));
#2636 = CARTESIAN_POINT('',(17.44332315189,-0.831205542327,
    5.868505509004E-02));
#2637 = CARTESIAN_POINT('',(17.477343539059,-0.809808782638,
    5.560827963395E-02));
#2638 = CARTESIAN_POINT('',(17.510895192988,-0.787492829252,
    5.249931288318E-02));
#2639 = CARTESIAN_POINT('',(17.543929118059,-0.764219643254,
    4.936690482308E-02));
#2640 = CARTESIAN_POINT('',(17.576386356488,-0.739949334895,
    4.622121108603E-02));
#2641 = CARTESIAN_POINT('',(17.608197245319,-0.714639521535,
    4.307397708021E-02));
#2642 = CARTESIAN_POINT('',(17.639280673405,-0.688244685589,
    3.993872211828E-02));
#2643 = CARTESIAN_POINT('',(17.702599668648,-0.630645055274,
    3.343623190281E-02));
#2644 = CARTESIAN_POINT('',(17.734663839958,-0.59923267497,
    3.007561073433E-02));
#2645 = CARTESIAN_POINT('',(17.765624160929,-0.566406862868,
    2.67683018192E-02));
#2646 = CARTESIAN_POINT('',(17.795330835784,-0.532105360321,
    2.353824342141E-02));
#2647 = CARTESIAN_POINT('',(17.823597086656,-0.496277931836,
    2.041454047558E-02));
#2648 = CARTESIAN_POINT('',(17.850201903252,-0.45889045506,
    1.743138390913E-02));
#2649 = CARTESIAN_POINT('',(17.874894419904,-0.419930347642,
    1.462741910126E-02));
#2650 = CARTESIAN_POINT('',(17.921048238705,-0.336838879356,
    9.330551671197E-03));
#2651 = CARTESIAN_POINT('',(17.942302895121,-0.292507880084,
    6.858293233761E-03));
#2652 = CARTESIAN_POINT('',(17.96079393027,-0.246511230646,
    4.681983601752E-03));
#2653 = CARTESIAN_POINT('',(17.976140671701,-0.199005653682,
    2.858567624536E-03));
#2654 = CARTESIAN_POINT('',(17.987976928177,-0.150225213304,
    1.442863902634E-03));
#2655 = CARTESIAN_POINT('',(17.99599378501,-0.100493641511,
    4.806916383379E-04));
#2656 = CARTESIAN_POINT('',(18.,-5.02374746593E-02,4.614237190407E-18));
#2657 = CARTESIAN_POINT('',(18.,-4.440892098501E-16,0.));
#2658 = PCURVE('',#557,#2659);
#2659 = DEFINITIONAL_REPRESENTATION('',(#2660),#2838);
#2660 = B_SPLINE_CURVE_WITH_KNOTS('',8,(#2661,#2662,#2663,#2664,#2665,
    #2666,#2667,#2668,#2669,#2670,#2671,#2672,#2673,#2674,#2675,#2676,
    #2677,#2678,#2679,#2680,#2681,#2682,#2683,#2684,#2685,#2686,#2687,
    #2688,#2689,#2690,#2691,#2692,#2693,#2694,#2695,#2696,#2697,#2698,
    #2699,#2700,#2701,#2702,#2703,#2704,#2705,#2706,#2707,#2708,#2709,
    #2710,#2711,#2712,#2713,#2714,#2715,#2716,#2717,#2718,#2719,#2720,
    #2721,#2722,#2723,#2724,#2725,#2726,#2727,#2728,#2729,#2730,#2731,
    #2732,#2733,#2734,#2735,#2736,#2737,#2738,#2739,#2740,#2741,#2742,
    #2743,#2744,#2745,#2746,#2747,#2748,#2749,#2750,#2751,#2752,#2753,
    #2754,#2755,#2756,#2757,#2758,#2759,#2760,#2761,#2762,#2763,#2764,
    #2765,#2766,#2767,#2768,#2769,#2770,#2771,#2772,#2773,#2774,#2775,
    #2776,#2777,#2778,#2779,#2780,#2781,#2782,#2783,#2784,#2785,#2786,
    #2787,#2788,#2789,#2790,#2791,#2792,#2793,#2794,#2795,#2796,#2797,
    #2798,#2799,#2800,#2801,#2802,#2803,#2804,#2805,#2806,#2807,#2808,
    #2809,#2810,#2811,#2812,#2813,#2814,#2815,#2816,#2817,#2818,#2819,
    #2820,#2821,#2822,#2823,#2824,#2825,#2826,#2827,#2828,#2829,#2830,
    #2831,#2832,#2833,#2834,#2835,#2836,#2837),.UNSPECIFIED.,.F.,.F.,(9,
    7,7,7,7,7,7,7,7,7,7,7,7,7,7,7,7,7,7,7,7,7,7,7,7,9),(0.,
    2.91574327356E-02,4.961223570136E-02,8.130398007099E-02,
    0.113017019134,0.178419574309,0.249964212533,0.36645857823,
    0.397365239191,0.429028580907,0.463614889842,0.476926362937,
    0.484294065085,0.499984254984,0.519050619682,0.529153303061,
    0.54961013302,0.581305017922,0.613021199627,0.678430235948,
    0.749981963975,0.866487873825,0.89739759752,0.929064076954,
    0.963653813262,1.),.UNSPECIFIED.);
#2661 = CARTESIAN_POINT('',(4.712388980385,-13.));
#2662 = CARTESIAN_POINT('',(4.725817721971,-13.));
#2663 = CARTESIAN_POINT('',(4.73925102751,-12.99742382605));
#2664 = CARTESIAN_POINT('',(4.752600747924,-12.99226847653));
#2665 = CARTESIAN_POINT('',(4.765793111546,-12.98461089499));
#2666 = CARTESIAN_POINT('',(4.778767282173,-12.97458401821));
#2667 = CARTESIAN_POINT('',(4.791474065601,-12.962356888));
#2668 = CARTESIAN_POINT('',(4.80387476464,-12.94811882671));
#2669 = CARTESIAN_POINT('',(4.824404430824,-12.92080731918));
#2670 = CARTESIAN_POINT('',(4.832707187027,-12.90864986273));
#2671 = CARTESIAN_POINT('',(4.84084178057,-12.89565778808));
#2672 = CARTESIAN_POINT('',(4.848803896791,-12.88189234182));
#2673 = CARTESIAN_POINT('',(4.856591298392,-12.86741232823));
#2674 = CARTESIAN_POINT('',(4.864203546797,-12.85227290134));
#2675 = CARTESIAN_POINT('',(4.871641723514,-12.83652435688));
#2676 = CARTESIAN_POINT('',(4.890166425574,-12.79493563153));
#2677 = CARTESIAN_POINT('',(4.901009648095,-12.76831092416));
#2678 = CARTESIAN_POINT('',(4.911448573044,-12.74049947067));
#2679 = CARTESIAN_POINT('',(4.921495029257,-12.71164447965));
#2680 = CARTESIAN_POINT('',(4.931161810046,-12.6818698264));
#2681 = CARTESIAN_POINT('',(4.940462562822,-12.65128017953));
#2682 = CARTESIAN_POINT('',(4.949411678721,-12.61996112749));
#2683 = CARTESIAN_POINT('',(4.966642472742,-12.55597599331));
#2684 = CARTESIAN_POINT('',(4.974921808571,-12.52331614023));
#2685 = CARTESIAN_POINT('',(4.98287611524,-12.4900710488));
#2686 = CARTESIAN_POINT('',(4.990517862663,-12.45630286958));
#2687 = CARTESIAN_POINT('',(4.997858318179,-12.42206522293));
#2688 = CARTESIAN_POINT('',(5.004907799597,-12.38740382114));
#2689 = CARTESIAN_POINT('',(5.01167592823,-12.35235709062));
#2690 = CARTESIAN_POINT('',(5.031568641886,-12.24394991968));
#2691 = CARTESIAN_POINT('',(5.043803653634,-12.169461658));
#2692 = CARTESIAN_POINT('',(5.05495776627,-12.0937660561));
#2693 = CARTESIAN_POINT('',(5.065089490746,-12.01708081543));
#2694 = CARTESIAN_POINT('',(5.074243959937,-11.9395802318));
#2695 = CARTESIAN_POINT('',(5.082458424763,-11.86140347677));
#2696 = CARTESIAN_POINT('',(5.089764286389,-11.7826582204));
#2697 = CARTESIAN_POINT('',(5.103210086891,-11.61673951442));
#2698 = CARTESIAN_POINT('',(5.109174230824,-11.52949402637));
#2699 = CARTESIAN_POINT('',(5.114109658767,-11.44180129809));
#2700 = CARTESIAN_POINT('',(5.118038092462,-11.35376663027));
#2701 = CARTESIAN_POINT('',(5.120974460423,-11.26548519489));
#2702 = CARTESIAN_POINT('',(5.12292863374,-11.17704405794));
#2703 = CARTESIAN_POINT('',(5.123905850159,-11.08852348728));
#2704 = CARTESIAN_POINT('',(5.123905787851,-10.85585294336));
#2705 = CARTESIAN_POINT('',(5.121314801097,-10.71181014979));
#2706 = CARTESIAN_POINT('',(5.116139703407,-10.56809715436));
#2707 = CARTESIAN_POINT('',(5.108338576871,-10.42503338873));
#2708 = CARTESIAN_POINT('',(5.097842848185,-10.28303216298));
#2709 = CARTESIAN_POINT('',(5.084534351784,-10.14263709824));
#2710 = CARTESIAN_POINT('',(5.068256627509,-10.00451430127));
#2711 = CARTESIAN_POINT('',(5.043477963838,-9.833810444941));
#2712 = CARTESIAN_POINT('',(5.038050794663,-9.798250666168));
#2713 = CARTESIAN_POINT('',(5.032386100821,-9.762943453571));
#2714 = CARTESIAN_POINT('',(5.026477573586,-9.727911654005));
#2715 = CARTESIAN_POINT('',(5.020318314912,-9.693181662362));
#2716 = CARTESIAN_POINT('',(5.01390067609,-9.658783730509));
#2717 = CARTESIAN_POINT('',(5.007216096414,-9.624752276208));
#2718 = CARTESIAN_POINT('',(4.993123358886,-9.55667684811));
#2719 = CARTESIAN_POINT('',(4.985702244924,-9.522656460941));
#2720 = CARTESIAN_POINT('',(4.977980683721,-9.489104807012));
#2721 = CARTESIAN_POINT('',(4.969947443932,-9.456070881941));
#2722 = CARTESIAN_POINT('',(4.961590727591,-9.423613643511));
#2723 = CARTESIAN_POINT('',(4.95289791861,-9.391802754681));
#2724 = CARTESIAN_POINT('',(4.943855331276,-9.360719326595));
#2725 = CARTESIAN_POINT('',(4.924172154792,-9.297400331351));
#2726 = CARTESIAN_POINT('',(4.913465037925,-9.265336160042));
#2727 = CARTESIAN_POINT('',(4.902304510519,-9.234375839071));
#2728 = CARTESIAN_POINT('',(4.89067162614,-9.204669164216));
#2729 = CARTESIAN_POINT('',(4.878551318159,-9.176402913344));
#2730 = CARTESIAN_POINT('',(4.865933521447,-9.149798096748));
#2731 = CARTESIAN_POINT('',(4.852814687136,-9.125105580096));
#2732 = CARTESIAN_POINT('',(4.833959592047,-9.093938231784));
#2733 = CARTESIAN_POINT('',(4.828646860389,-9.085601777293));
#2734 = CARTESIAN_POINT('',(4.823262265489,-9.077606869641));
#2735 = CARTESIAN_POINT('',(4.817806997271,-9.06997039763));
#2736 = CARTESIAN_POINT('',(4.812282713952,-9.062709704079));
#2737 = CARTESIAN_POINT('',(4.806691590427,-9.055842304148));
#2738 = CARTESIAN_POINT('',(4.801036366653,-9.049385603659));
#2739 = CARTESIAN_POINT('',(4.792156691404,-9.0400196633));
#2740 = CARTESIAN_POINT('',(4.788974386291,-9.036813719185));
#2741 = CARTESIAN_POINT('',(4.785774057694,-9.033741716712));
#2742 = CARTESIAN_POINT('',(4.782556342237,-9.030806496097));
#2743 = CARTESIAN_POINT('',(4.779321936173,-9.028010806129));
#2744 = CARTESIAN_POINT('',(4.77607159538,-9.025357304169));
#2745 = CARTESIAN_POINT('',(4.772806135363,-9.022848556154));
#2746 = CARTESIAN_POINT('',(4.762542003911,-9.015457966515));
#2747 = CARTESIAN_POINT('',(4.755492452449,-9.011096123376));
#2748 = CARTESIAN_POINT('',(4.748386898759,-9.007425592753));
#2749 = CARTESIAN_POINT('',(4.741235170505,-9.004466889615));
#2750 = CARTESIAN_POINT('',(4.734047814025,-9.002236321181));
#2751 = CARTESIAN_POINT('',(4.726836107222,-9.000745349773));
#2752 = CARTESIAN_POINT('',(4.719612072472,-8.999999955678));
#2753 = CARTESIAN_POINT('',(4.703610554505,-9.000000053862));
#2754 = CARTESIAN_POINT('',(4.694831590668,-9.001100889929));
#2755 = CARTESIAN_POINT('',(4.686074994254,-9.003302841473));
#2756 = CARTESIAN_POINT('',(4.677362225758,-9.006592686787));
#2757 = CARTESIAN_POINT('',(4.668712872055,-9.010945543206));
#2758 = CARTESIAN_POINT('',(4.660144708543,-9.016326761129));
#2759 = CARTESIAN_POINT('',(4.65167376129,-9.022693818046));
#2760 = CARTESIAN_POINT('',(4.638884983021,-9.033868587757));
#2761 = CARTESIAN_POINT('',(4.634486571149,-9.038002528182));
#2762 = CARTESIAN_POINT('',(4.630121011299,-9.042392891387));
#2763 = CARTESIAN_POINT('',(4.625789982138,-9.047032410066));
#2764 = CARTESIAN_POINT('',(4.621494963259,-9.051913692057));
#2765 = CARTESIAN_POINT('',(4.617237235182,-9.05702922034));
#2766 = CARTESIAN_POINT('',(4.613017879353,-9.062371353039));
#2767 = CARTESIAN_POINT('',(4.600373529946,-9.079192680813));
#2768 = CARTESIAN_POINT('',(4.592070773742,-9.091350137264));
#2769 = CARTESIAN_POINT('',(4.583936180199,-9.104342211912));
#2770 = CARTESIAN_POINT('',(4.575974063978,-9.118107658179));
#2771 = CARTESIAN_POINT('',(4.568186662378,-9.132587671768));
#2772 = CARTESIAN_POINT('',(4.560574413972,-9.147727098659));
#2773 = CARTESIAN_POINT('',(4.553136237255,-9.163475643113));
#2774 = CARTESIAN_POINT('',(4.534611535195,-9.205064368464));
#2775 = CARTESIAN_POINT('',(4.523768312674,-9.231689075836));
#2776 = CARTESIAN_POINT('',(4.513329387726,-9.259500529327));
#2777 = CARTESIAN_POINT('',(4.503282931513,-9.288355520348));
#2778 = CARTESIAN_POINT('',(4.493616150724,-9.318130173593));
#2779 = CARTESIAN_POINT('',(4.484315397947,-9.348719820467));
#2780 = CARTESIAN_POINT('',(4.475366282048,-9.380038872503));
#2781 = CARTESIAN_POINT('',(4.458135488027,-9.444024006685));
#2782 = CARTESIAN_POINT('',(4.449856152198,-9.476683859768));
#2783 = CARTESIAN_POINT('',(4.441901845529,-9.509928951191));
#2784 = CARTESIAN_POINT('',(4.434260098106,-9.543697130411));
#2785 = CARTESIAN_POINT('',(4.42691964259,-9.577934777069));
#2786 = CARTESIAN_POINT('',(4.419870161173,-9.612596178853));
#2787 = CARTESIAN_POINT('',(4.413102032539,-9.647642909376));
#2788 = CARTESIAN_POINT('',(4.393209318883,-9.756050080316));
#2789 = CARTESIAN_POINT('',(4.380974307135,-9.830538341993));
#2790 = CARTESIAN_POINT('',(4.3698201945,-9.906233943896));
#2791 = CARTESIAN_POINT('',(4.359688470023,-9.982919184568));
#2792 = CARTESIAN_POINT('',(4.350534000833,-10.06041976819));
#2793 = CARTESIAN_POINT('',(4.342319536006,-10.13859652322));
#2794 = CARTESIAN_POINT('',(4.33501367438,-10.21734177959));
#2795 = CARTESIAN_POINT('',(4.321567873879,-10.38326048557));
#2796 = CARTESIAN_POINT('',(4.315603729946,-10.47050597362));
#2797 = CARTESIAN_POINT('',(4.310668302002,-10.5581987019));
#2798 = CARTESIAN_POINT('',(4.306739868307,-10.64623336972));
#2799 = CARTESIAN_POINT('',(4.303803500346,-10.7345148051));
#2800 = CARTESIAN_POINT('',(4.30184932703,-10.82295594205));
#2801 = CARTESIAN_POINT('',(4.300872110611,-10.91147651271));
#2802 = CARTESIAN_POINT('',(4.300872172919,-11.14414705663));
#2803 = CARTESIAN_POINT('',(4.303463159673,-11.28818985019));
#2804 = CARTESIAN_POINT('',(4.308638257361,-11.43190284565));
#2805 = CARTESIAN_POINT('',(4.316439383899,-11.57496661124));
#2806 = CARTESIAN_POINT('',(4.326935112583,-11.71696783703));
#2807 = CARTESIAN_POINT('',(4.340243608985,-11.85736290174));
#2808 = CARTESIAN_POINT('',(4.356521333261,-11.99548569872));
#2809 = CARTESIAN_POINT('',(4.381299996931,-12.16618955505));
#2810 = CARTESIAN_POINT('',(4.386727166107,-12.20174933383));
#2811 = CARTESIAN_POINT('',(4.392391859948,-12.23705654642));
#2812 = CARTESIAN_POINT('',(4.398300387183,-12.27208834599));
#2813 = CARTESIAN_POINT('',(4.404459645858,-12.30681833763));
#2814 = CARTESIAN_POINT('',(4.410877284679,-12.34121626949));
#2815 = CARTESIAN_POINT('',(4.417561864355,-12.37524772379));
#2816 = CARTESIAN_POINT('',(4.431654601884,-12.44332315189));
#2817 = CARTESIAN_POINT('',(4.439075715846,-12.47734353905));
#2818 = CARTESIAN_POINT('',(4.446797277048,-12.51089519298));
#2819 = CARTESIAN_POINT('',(4.454830516837,-12.54392911805));
#2820 = CARTESIAN_POINT('',(4.463187233178,-12.57638635648));
#2821 = CARTESIAN_POINT('',(4.47188004216,-12.60819724531));
#2822 = CARTESIAN_POINT('',(4.480922629493,-12.6392806734));
#2823 = CARTESIAN_POINT('',(4.500605805977,-12.70259966864));
#2824 = CARTESIAN_POINT('',(4.511312922845,-12.73466383995));
#2825 = CARTESIAN_POINT('',(4.52247345025,-12.76562416092));
#2826 = CARTESIAN_POINT('',(4.53410633463,-12.79533083578));
#2827 = CARTESIAN_POINT('',(4.546226642611,-12.82359708665));
#2828 = CARTESIAN_POINT('',(4.558844439322,-12.85020190325));
#2829 = CARTESIAN_POINT('',(4.571963273634,-12.8748944199));
#2830 = CARTESIAN_POINT('',(4.599884630096,-12.9210482387));
#2831 = CARTESIAN_POINT('',(4.614751410148,-12.94230289512));
#2832 = CARTESIAN_POINT('',(4.630148498368,-12.96079393027));
#2833 = CARTESIAN_POINT('',(4.646025110351,-12.9761406717));
#2834 = CARTESIAN_POINT('',(4.662306738594,-12.98797692817));
#2835 = CARTESIAN_POINT('',(4.678891110542,-12.99599378501));
#2836 = CARTESIAN_POINT('',(4.695643155498,-13.));
#2837 = CARTESIAN_POINT('',(4.712388980385,-13.));
#2838 = ( GEOMETRIC_REPRESENTATION_CONTEXT(2) 
PARAMETRIC_REPRESENTATION_CONTEXT() REPRESENTATION_CONTEXT('2D SPACE',''
  ) );
#2839 = PCURVE('',#2840,#2848);
#2840 = SURFACE_OF_LINEAR_EXTRUSION('',#2841,#2846);
#2841 = ELLIPSE('',#2842,2.,1.2);
#2842 = AXIS2_PLACEMENT_3D('',#2843,#2844,#2845);
#2843 = CARTESIAN_POINT('',(16.,0.,-12.5));
#2844 = DIRECTION('',(0.,0.,1.));
#2845 = DIRECTION('',(1.,0.,0.));
#2846 = VECTOR('',#2847,1.);
#2847 = DIRECTION('',(-0.,-0.,-1.));
#2848 = DEFINITIONAL_REPRESENTATION('',(#2849),#3027);
#2849 = B_SPLINE_CURVE_WITH_KNOTS('',8,(#2850,#2851,#2852,#2853,#2854,
    #2855,#2856,#2857,#2858,#2859,#2860,#2861,#2862,#2863,#2864,#2865,
    #2866,#2867,#2868,#2869,#2870,#2871,#2872,#2873,#2874,#2875,#2876,
    #2877,#2878,#2879,#2880,#2881,#2882,#2883,#2884,#2885,#2886,#2887,
    #2888,#2889,#2890,#2891,#2892,#2893,#2894,#2895,#2896,#2897,#2898,
    #2899,#2900,#2901,#2902,#2903,#2904,#2905,#2906,#2907,#2908,#2909,
    #2910,#2911,#2912,#2913,#2914,#2915,#2916,#2917,#2918,#2919,#2920,
    #2921,#2922,#2923,#2924,#2925,#2926,#2927,#2928,#2929,#2930,#2931,
    #2932,#2933,#2934,#2935,#2936,#2937,#2938,#2939,#2940,#2941,#2942,
    #2943,#2944,#2945,#2946,#2947,#2948,#2949,#2950,#2951,#2952,#2953,
    #2954,#2955,#2956,#2957,#2958,#2959,#2960,#2961,#2962,#2963,#2964,
    #2965,#2966,#2967,#2968,#2969,#2970,#2971,#2972,#2973,#2974,#2975,
    #2976,#2977,#2978,#2979,#2980,#2981,#2982,#2983,#2984,#2985,#2986,
    #2987,#2988,#2989,#2990,#2991,#2992,#2993,#2994,#2995,#2996,#2997,
    #2998,#2999,#3000,#3001,#3002,#3003,#3004,#3005,#3006,#3007,#3008,
    #3009,#3010,#3011,#3012,#3013,#3014,#3015,#3016,#3017,#3018,#3019,
    #3020,#3021,#3022,#3023,#3024,#3025,#3026),.UNSPECIFIED.,.F.,.F.,(9,
    7,7,7,7,7,7,7,7,7,7,7,7,7,7,7,7,7,7,7,7,7,7,7,7,9),(0.,
    2.91574327356E-02,4.961223570136E-02,8.130398007099E-02,
    0.113017019134,0.178419574309,0.249964212533,0.36645857823,
    0.397365239191,0.429028580907,0.463614889842,0.476926362937,
    0.484294065085,0.499984254984,0.519050619682,0.529153303061,
    0.54961013302,0.581305017922,0.613021199627,0.678430235948,
    0.749981963975,0.866487873825,0.89739759752,0.929064076954,
    0.963653813262,1.),.UNSPECIFIED.);
#2850 = CARTESIAN_POINT('',(-4.592425496803E-16,-12.5));
#2851 = CARTESIAN_POINT('',(3.35718539647E-02,-12.5));
#2852 = CARTESIAN_POINT('',(6.715509272094E-02,-12.5003091277));
#2853 = CARTESIAN_POINT('',(0.100577892156,-12.50092780506));
#2854 = CARTESIAN_POINT('',(0.133704194996,-12.50184481661));
#2855 = CARTESIAN_POINT('',(0.166425593649,-12.50304052188));
#2856 = CARTESIAN_POINT('',(0.198655397418,-12.50448972757));
#2857 = CARTESIAN_POINT('',(0.230324884102,-12.50616421961));
#2858 = CARTESIAN_POINT('',(0.283169037723,-12.50934733123));
#2859 = CARTESIAN_POINT('',(0.304663859598,-12.51075684765));
#2860 = CARTESIAN_POINT('',(0.325857090516,-12.51225410491));
#2861 = CARTESIAN_POINT('',(0.346743921327,-12.51382986767));
#2862 = CARTESIAN_POINT('',(0.367323419808,-12.51547523345));
#2863 = CARTESIAN_POINT('',(0.38759810567,-12.5171818016));
#2864 = CARTESIAN_POINT('',(0.40757352556,-12.51894184227));
#2865 = CARTESIAN_POINT('',(0.457755793972,-12.52354756519));
#2866 = CARTESIAN_POINT('',(0.487547449738,-12.5264577627));
#2867 = CARTESIAN_POINT('',(0.516668530861,-12.52945350197));
#2868 = CARTESIAN_POINT('',(0.545153852979,-12.53251225165));
#2869 = CARTESIAN_POINT('',(0.573038219551,-12.53561437688));
#2870 = CARTESIAN_POINT('',(0.600357329536,-12.53874301115));
#2871 = CARTESIAN_POINT('',(0.627148685068,-12.5418839283));
#2872 = CARTESIAN_POINT('',(0.679773987566,-12.54816901142));
#2873 = CARTESIAN_POINT('',(0.70560149295,-12.55131245817));
#2874 = CARTESIAN_POINT('',(0.73097155241,-12.55444354291));
#2875 = CARTESIAN_POINT('',(0.755916540825,-12.55755155344));
#2876 = CARTESIAN_POINT('',(0.780465627109,-12.56062712649));
#2877 = CARTESIAN_POINT('',(0.804645730496,-12.56366209713));
#2878 = CARTESIAN_POINT('',(0.828482476828,-12.56664934817));
#2879 = CARTESIAN_POINT('',(0.900504284204,-12.57563209752));
#2880 = CARTESIAN_POINT('',(0.947639663426,-12.58145025067));
#2881 = CARTESIAN_POINT('',(0.993629085654,-12.58698331644));
#2882 = CARTESIAN_POINT('',(1.038639213494,-12.59218810178));
#2883 = CARTESIAN_POINT('',(1.082805184769,-12.59702994266));
#2884 = CARTESIAN_POINT('',(1.126246609993,-12.60148098355));
#2885 = CARTESIAN_POINT('',(1.169075961521,-12.60551881699));
#2886 = CARTESIAN_POINT('',(1.257697420661,-12.61307085859));
#2887 = CARTESIAN_POINT('',(1.303377186694,-12.61649912828));
#2888 = CARTESIAN_POINT('',(1.348569312645,-12.61938637095));
#2889 = CARTESIAN_POINT('',(1.393384534779,-12.62171399286));
#2890 = CARTESIAN_POINT('',(1.437921716281,-12.62346845476));
#2891 = CARTESIAN_POINT('',(1.482274217143,-12.62464098885));
#2892 = CARTESIAN_POINT('',(1.526534583151,-12.62522730573));
#2893 = CARTESIAN_POINT('',(1.642869855112,-12.62522726835));
#2894 = CARTESIAN_POINT('',(1.714891451639,-12.62367272014));
#2895 = CARTESIAN_POINT('',(1.787317346924,-12.62056741609));
#2896 = CARTESIAN_POINT('',(1.860560367545,-12.61593909989));
#2897 = CARTESIAN_POINT('',(1.935030707387,-12.60984649316));
#2898 = CARTESIAN_POINT('',(2.0112209073,-12.60238986956));
#2899 = CARTESIAN_POINT('',(2.089701295007,-12.59371228916));
#2900 = CARTESIAN_POINT('',(2.193163820546,-12.58144751961));
#2901 = CARTESIAN_POINT('',(2.215084815608,-12.57880488933));
#2902 = CARTESIAN_POINT('',(2.237250414966,-12.5760953183));
#2903 = CARTESIAN_POINT('',(2.259678561524,-12.57332332202));
#2904 = CARTESIAN_POINT('',(2.28238831533,-12.57049396243));
#2905 = CARTESIAN_POINT('',(2.305400388259,-12.56761292367));
#2906 = CARTESIAN_POINT('',(2.328737678692,-12.56468658786));
#2907 = CARTESIAN_POINT('',(2.376693884734,-12.55868505509));
#2908 = CARTESIAN_POINT('',(2.401327644768,-12.55560827963));
#2909 = CARTESIAN_POINT('',(2.426356562986,-12.55249931288));
#2910 = CARTESIAN_POINT('',(2.451809994444,-12.54936690482));
#2911 = CARTESIAN_POINT('',(2.477718290199,-12.54622121108));
#2912 = CARTESIAN_POINT('',(2.504113914949,-12.54307397708));
#2913 = CARTESIAN_POINT('',(2.531032564673,-12.53993872211));
#2914 = CARTESIAN_POINT('',(2.588532949149,-12.5334362319));
#2915 = CARTESIAN_POINT('',(2.619211941426,-12.53007561073));
#2916 = CARTESIAN_POINT('',(2.650611572529,-12.52676830181));
#2917 = CARTESIAN_POINT('',(2.682782627021,-12.52353824342));
#2918 = CARTESIAN_POINT('',(2.715767463676,-12.52041454047));
#2919 = CARTESIAN_POINT('',(2.749600038086,-12.5174313839));
#2920 = CARTESIAN_POINT('',(2.784304846812,-12.5146274191));
#2921 = CARTESIAN_POINT('',(2.833592543004,-12.51105048188));
#2922 = CARTESIAN_POINT('',(2.84741915369,-12.51008931751));
#2923 = CARTESIAN_POINT('',(2.861374104024,-12.5091635161));
#2924 = CARTESIAN_POINT('',(2.875456040978,-12.50827562344));
#2925 = CARTESIAN_POINT('',(2.889662684082,-12.50742824433));
#2926 = CARTESIAN_POINT('',(2.903990729929,-12.50662400152));
#2927 = CARTESIAN_POINT('',(2.918435756681,-12.50586549462));
#2928 = CARTESIAN_POINT('',(2.941048863674,-12.50476215431));
#2929 = CARTESIAN_POINT('',(2.949139684976,-12.50438383425));
#2930 = CARTESIAN_POINT('',(2.957263614614,-12.50402073532));
#2931 = CARTESIAN_POINT('',(2.965419554625,-12.50367327989));
#2932 = CARTESIAN_POINT('',(2.973606286951,-12.50334187632));
#2933 = CARTESIAN_POINT('',(2.981822473434,-12.50302691896));
#2934 = CARTESIAN_POINT('',(2.990066655824,-12.50272878813));
#2935 = CARTESIAN_POINT('',(3.015950248416,-12.50184956725));
#2936 = CARTESIAN_POINT('',(3.033684378827,-12.50132919485));
#2937 = CARTESIAN_POINT('',(3.051522665242,-12.50089028706));
#2938 = CARTESIAN_POINT('',(3.069447012844,-12.50053587252));
#2939 = CARTESIAN_POINT('',(3.087438030171,-12.50026835925));
#2940 = CARTESIAN_POINT('',(3.105474845522,-12.50008943952));
#2941 = CARTESIAN_POINT('',(3.123534923372,-12.49999999468));
#2942 = CARTESIAN_POINT('',(3.163538718289,-12.50000000646));
#2943 = CARTESIAN_POINT('',(3.185486097444,-12.50013209995));
#2944 = CARTESIAN_POINT('',(3.20739115507,-12.50039634328));
#2945 = CARTESIAN_POINT('',(3.229213699675,-12.50079078731));
#2946 = CARTESIAN_POINT('',(3.250917700167,-12.50131175464));
#2947 = CARTESIAN_POINT('',(3.27247077458,-12.50195412319));
#2948 = CARTESIAN_POINT('',(3.293843678792,-12.50271160978));
#2949 = CARTESIAN_POINT('',(3.326225072855,-12.50403562615));
#2950 = CARTESIAN_POINT('',(3.337383179668,-12.50452456008));
#2951 = CARTESIAN_POINT('',(3.348480818253,-12.50504279567));
#2952 = CARTESIAN_POINT('',(3.359515088486,-12.50558925231));
#2953 = CARTESIAN_POINT('',(3.370483487563,-12.50616282877));
#2954 = CARTESIAN_POINT('',(3.381383909994,-12.50676240315));
#2955 = CARTESIAN_POINT('',(3.392214647609,-12.50738683293));
#2956 = CARTESIAN_POINT('',(3.424761691313,-12.50934733123));
#2957 = CARTESIAN_POINT('',(3.446256513188,-12.51075684765));
#2958 = CARTESIAN_POINT('',(3.467449744106,-12.51225410491));
#2959 = CARTESIAN_POINT('',(3.488336574917,-12.51382986767));
#2960 = CARTESIAN_POINT('',(3.508916073398,-12.51547523345));
#2961 = CARTESIAN_POINT('',(3.52919075926,-12.5171818016));
#2962 = CARTESIAN_POINT('',(3.54916617915,-12.51894184227));
#2963 = CARTESIAN_POINT('',(3.599348447562,-12.52354756519));
#2964 = CARTESIAN_POINT('',(3.629140103327,-12.5264577627));
#2965 = CARTESIAN_POINT('',(3.658261184451,-12.52945350197));
#2966 = CARTESIAN_POINT('',(3.686746506569,-12.53251225165));
#2967 = CARTESIAN_POINT('',(3.714630873141,-12.53561437688));
#2968 = CARTESIAN_POINT('',(3.741949983126,-12.53874301115));
#2969 = CARTESIAN_POINT('',(3.768741338657,-12.5418839283));
#2970 = CARTESIAN_POINT('',(3.821366641156,-12.54816901142));
#2971 = CARTESIAN_POINT('',(3.84719414654,-12.55131245817));
#2972 = CARTESIAN_POINT('',(3.872564206,-12.55444354291));
#2973 = CARTESIAN_POINT('',(3.897509194415,-12.55755155344));
#2974 = CARTESIAN_POINT('',(3.922058280699,-12.56062712649));
#2975 = CARTESIAN_POINT('',(3.946238384086,-12.56366209713));
#2976 = CARTESIAN_POINT('',(3.970075130418,-12.56664934817));
#2977 = CARTESIAN_POINT('',(4.042096937794,-12.57563209752));
#2978 = CARTESIAN_POINT('',(4.089232317016,-12.58145025067));
#2979 = CARTESIAN_POINT('',(4.135221739244,-12.58698331644));
#2980 = CARTESIAN_POINT('',(4.180231867083,-12.59218810178));
#2981 = CARTESIAN_POINT('',(4.224397838359,-12.59702994266));
#2982 = CARTESIAN_POINT('',(4.267839263583,-12.60148098355));
#2983 = CARTESIAN_POINT('',(4.310668615111,-12.60551881699));
#2984 = CARTESIAN_POINT('',(4.399290074251,-12.61307085859));
#2985 = CARTESIAN_POINT('',(4.444969840284,-12.61649912828));
#2986 = CARTESIAN_POINT('',(4.490161966235,-12.61938637095));
#2987 = CARTESIAN_POINT('',(4.534977188369,-12.62171399286));
#2988 = CARTESIAN_POINT('',(4.579514369871,-12.62346845476));
#2989 = CARTESIAN_POINT('',(4.623866870732,-12.62464098885));
#2990 = CARTESIAN_POINT('',(4.668127236741,-12.62522730573));
#2991 = CARTESIAN_POINT('',(4.784462508703,-12.62522726835));
#2992 = CARTESIAN_POINT('',(4.856484105224,-12.62367272014));
#2993 = CARTESIAN_POINT('',(4.928910000525,-12.62056741609));
#2994 = CARTESIAN_POINT('',(5.00215302112,-12.61593909989));
#2995 = CARTESIAN_POINT('',(5.076623360987,-12.60984649316));
#2996 = CARTESIAN_POINT('',(5.152813560885,-12.60238986956));
#2997 = CARTESIAN_POINT('',(5.231293948598,-12.59371228916));
#2998 = CARTESIAN_POINT('',(5.334756474136,-12.58144751961));
#2999 = CARTESIAN_POINT('',(5.356677469198,-12.57880488933));
#3000 = CARTESIAN_POINT('',(5.378843068556,-12.5760953183));
#3001 = CARTESIAN_POINT('',(5.401271215113,-12.57332332202));
#3002 = CARTESIAN_POINT('',(5.423980968919,-12.57049396243));
#3003 = CARTESIAN_POINT('',(5.446993041849,-12.56761292367));
#3004 = CARTESIAN_POINT('',(5.470330332282,-12.56468658786));
#3005 = CARTESIAN_POINT('',(5.518286538323,-12.55868505509));
#3006 = CARTESIAN_POINT('',(5.542920298357,-12.55560827963));
#3007 = CARTESIAN_POINT('',(5.567949216576,-12.55249931288));
#3008 = CARTESIAN_POINT('',(5.593402648034,-12.54936690482));
#3009 = CARTESIAN_POINT('',(5.619310943788,-12.54622121108));
#3010 = CARTESIAN_POINT('',(5.645706568539,-12.54307397708));
#3011 = CARTESIAN_POINT('',(5.672625218263,-12.53993872211));
#3012 = CARTESIAN_POINT('',(5.730125602739,-12.5334362319));
#3013 = CARTESIAN_POINT('',(5.760804595015,-12.53007561073));
#3014 = CARTESIAN_POINT('',(5.792204226119,-12.52676830181));
#3015 = CARTESIAN_POINT('',(5.824375280611,-12.52353824342));
#3016 = CARTESIAN_POINT('',(5.857360117265,-12.52041454047));
#3017 = CARTESIAN_POINT('',(5.891192691676,-12.5174313839));
#3018 = CARTESIAN_POINT('',(5.925897500402,-12.5146274191));
#3019 = CARTESIAN_POINT('',(5.998884633487,-12.50933055167));
#3020 = CARTESIAN_POINT('',(6.037291923252,-12.50685829323));
#3021 = CARTESIAN_POINT('',(6.076659494373,-12.5046819836));
#3022 = CARTESIAN_POINT('',(6.116899689274,-12.50285856762));
#3023 = CARTESIAN_POINT('',(6.1578855631,-12.5014428639));
#3024 = CARTESIAN_POINT('',(6.199440764002,-12.50048069163));
#3025 = CARTESIAN_POINT('',(6.241320744964,-12.5));
#3026 = CARTESIAN_POINT('',(6.28318530718,-12.5));
#3027 = ( GEOMETRIC_REPRESENTATION_CONTEXT(2) 
PARAMETRIC_REPRESENTATION_CONTEXT() REPRESENTATION_CONTEXT('2D SPACE',''
  ) );
#3028 = ADVANCED_FACE('',(#3029),#827,.F.);
#3029 = FACE_BOUND('',#3030,.F.);
#3030 = EDGE_LOOP('',(#3031,#3032,#3033));
#3031 = ORIENTED_EDGE('',*,*,#1867,.T.);
#3032 = ORIENTED_EDGE('',*,*,#1335,.T.);
#3033 = ORIENTED_EDGE('',*,*,#812,.F.);
#3034 = ADVANCED_FACE('',(#3035),#1004,.F.);
#3035 = FACE_BOUND('',#3036,.F.);
#3036 = EDGE_LOOP('',(#3037,#3038));
#3037 = ORIENTED_EDGE('',*,*,#989,.F.);
#3038 = ORIENTED_EDGE('',*,*,#1893,.T.);
#3039 = ADVANCED_FACE('',(#3040),#1426,.T.);
#3040 = FACE_BOUND('',#3041,.F.);
#3041 = EDGE_LOOP('',(#3042,#3065,#3094,#3122,#3151,#3172,#3173));
#3042 = ORIENTED_EDGE('',*,*,#3043,.F.);
#3043 = EDGE_CURVE('',#3044,#1695,#3046,.T.);
#3044 = VERTEX_POINT('',#3045);
#3045 = CARTESIAN_POINT('',(40.,2.25,-1.7));
#3046 = SURFACE_CURVE('',#3047,(#3051,#3058),.PCURVE_S1.);
#3047 = LINE('',#3048,#3049);
#3048 = CARTESIAN_POINT('',(40.,2.25,-4.2));
#3049 = VECTOR('',#3050,1.);
#3050 = DIRECTION('',(0.,0.,1.));
#3051 = PCURVE('',#1426,#3052);
#3052 = DEFINITIONAL_REPRESENTATION('',(#3053),#3057);
#3053 = LINE('',#3054,#3055);
#3054 = CARTESIAN_POINT('',(-0.,0.));
#3055 = VECTOR('',#3056,1.);
#3056 = DIRECTION('',(-0.,1.));
#3057 = ( GEOMETRIC_REPRESENTATION_CONTEXT(2) 
PARAMETRIC_REPRESENTATION_CONTEXT() REPRESENTATION_CONTEXT('2D SPACE',''
  ) );
#3058 = PCURVE('',#1764,#3059);
#3059 = DEFINITIONAL_REPRESENTATION('',(#3060),#3064);
#3060 = LINE('',#3061,#3062);
#3061 = CARTESIAN_POINT('',(0.,-6.));
#3062 = VECTOR('',#3063,1.);
#3063 = DIRECTION('',(1.,0.));
#3064 = ( GEOMETRIC_REPRESENTATION_CONTEXT(2) 
PARAMETRIC_REPRESENTATION_CONTEXT() REPRESENTATION_CONTEXT('2D SPACE',''
  ) );
#3065 = ORIENTED_EDGE('',*,*,#3066,.F.);
#3066 = EDGE_CURVE('',#3067,#3044,#3069,.T.);
#3067 = VERTEX_POINT('',#3068);
#3068 = CARTESIAN_POINT('',(41.5,3.75,-1.7));
#3069 = SURFACE_CURVE('',#3070,(#3075,#3082),.PCURVE_S1.);
#3070 = CIRCLE('',#3071,1.5);
#3071 = AXIS2_PLACEMENT_3D('',#3072,#3073,#3074);
#3072 = CARTESIAN_POINT('',(41.5,2.25,-1.7));
#3073 = DIRECTION('',(0.,0.,1.));
#3074 = DIRECTION('',(-1.,-0.,0.));
#3075 = PCURVE('',#1426,#3076);
#3076 = DEFINITIONAL_REPRESENTATION('',(#3077),#3081);
#3077 = LINE('',#3078,#3079);
#3078 = CARTESIAN_POINT('',(-6.28318530718,2.5));
#3079 = VECTOR('',#3080,1.);
#3080 = DIRECTION('',(1.,-0.));
#3081 = ( GEOMETRIC_REPRESENTATION_CONTEXT(2) 
PARAMETRIC_REPRESENTATION_CONTEXT() REPRESENTATION_CONTEXT('2D SPACE',''
  ) );
#3082 = PCURVE('',#3083,#3088);
#3083 = PLANE('',#3084);
#3084 = AXIS2_PLACEMENT_3D('',#3085,#3086,#3087);
#3085 = CARTESIAN_POINT('',(40.,-3.75,-1.7));
#3086 = DIRECTION('',(0.,0.,1.));
#3087 = DIRECTION('',(1.,0.,0.));
#3088 = DEFINITIONAL_REPRESENTATION('',(#3089),#3093);
#3089 = CIRCLE('',#3090,1.5);
#3090 = AXIS2_PLACEMENT_2D('',#3091,#3092);
#3091 = CARTESIAN_POINT('',(1.5,6.));
#3092 = DIRECTION('',(-1.,0.));
#3093 = ( GEOMETRIC_REPRESENTATION_CONTEXT(2) 
PARAMETRIC_REPRESENTATION_CONTEXT() REPRESENTATION_CONTEXT('2D SPACE',''
  ) );
#3094 = ORIENTED_EDGE('',*,*,#3095,.T.);
#3095 = EDGE_CURVE('',#3067,#3096,#3098,.T.);
#3096 = VERTEX_POINT('',#3097);
#3097 = CARTESIAN_POINT('',(41.5,3.75,4.7));
#3098 = SURFACE_CURVE('',#3099,(#3103,#3110),.PCURVE_S1.);
#3099 = LINE('',#3100,#3101);
#3100 = CARTESIAN_POINT('',(41.5,3.75,-4.2));
#3101 = VECTOR('',#3102,1.);
#3102 = DIRECTION('',(0.,0.,1.));
#3103 = PCURVE('',#1426,#3104);
#3104 = DEFINITIONAL_REPRESENTATION('',(#3105),#3109);
#3105 = LINE('',#3106,#3107);
#3106 = CARTESIAN_POINT('',(-1.570796326795,0.));
#3107 = VECTOR('',#3108,1.);
#3108 = DIRECTION('',(-0.,1.));
#3109 = ( GEOMETRIC_REPRESENTATION_CONTEXT(2) 
PARAMETRIC_REPRESENTATION_CONTEXT() REPRESENTATION_CONTEXT('2D SPACE',''
  ) );
#3110 = PCURVE('',#3111,#3116);
#3111 = PLANE('',#3112);
#3112 = AXIS2_PLACEMENT_3D('',#3113,#3114,#3115);
#3113 = CARTESIAN_POINT('',(40.,3.75,-4.2));
#3114 = DIRECTION('',(0.,1.,0.));
#3115 = DIRECTION('',(0.,0.,1.));
#3116 = DEFINITIONAL_REPRESENTATION('',(#3117),#3121);
#3117 = LINE('',#3118,#3119);
#3118 = CARTESIAN_POINT('',(0.,1.5));
#3119 = VECTOR('',#3120,1.);
#3120 = DIRECTION('',(1.,0.));
#3121 = ( GEOMETRIC_REPRESENTATION_CONTEXT(2) 
PARAMETRIC_REPRESENTATION_CONTEXT() REPRESENTATION_CONTEXT('2D SPACE',''
  ) );
#3122 = ORIENTED_EDGE('',*,*,#3123,.T.);
#3123 = EDGE_CURVE('',#3096,#3124,#3126,.T.);
#3124 = VERTEX_POINT('',#3125);
#3125 = CARTESIAN_POINT('',(40.,2.25,4.7));
#3126 = SURFACE_CURVE('',#3127,(#3132,#3139),.PCURVE_S1.);
#3127 = CIRCLE('',#3128,1.5);
#3128 = AXIS2_PLACEMENT_3D('',#3129,#3130,#3131);
#3129 = CARTESIAN_POINT('',(41.5,2.25,4.7));
#3130 = DIRECTION('',(0.,0.,1.));
#3131 = DIRECTION('',(-1.,-0.,0.));
#3132 = PCURVE('',#1426,#3133);
#3133 = DEFINITIONAL_REPRESENTATION('',(#3134),#3138);
#3134 = LINE('',#3135,#3136);
#3135 = CARTESIAN_POINT('',(-6.28318530718,8.9));
#3136 = VECTOR('',#3137,1.);
#3137 = DIRECTION('',(1.,-0.));
#3138 = ( GEOMETRIC_REPRESENTATION_CONTEXT(2) 
PARAMETRIC_REPRESENTATION_CONTEXT() REPRESENTATION_CONTEXT('2D SPACE',''
  ) );
#3139 = PCURVE('',#3140,#3145);
#3140 = PLANE('',#3141);
#3141 = AXIS2_PLACEMENT_3D('',#3142,#3143,#3144);
#3142 = CARTESIAN_POINT('',(40.,-3.75,4.7));
#3143 = DIRECTION('',(0.,0.,1.));
#3144 = DIRECTION('',(1.,0.,0.));
#3145 = DEFINITIONAL_REPRESENTATION('',(#3146),#3150);
#3146 = CIRCLE('',#3147,1.5);
#3147 = AXIS2_PLACEMENT_2D('',#3148,#3149);
#3148 = CARTESIAN_POINT('',(1.5,6.));
#3149 = DIRECTION('',(-1.,0.));
#3150 = ( GEOMETRIC_REPRESENTATION_CONTEXT(2) 
PARAMETRIC_REPRESENTATION_CONTEXT() REPRESENTATION_CONTEXT('2D SPACE',''
  ) );
#3151 = ORIENTED_EDGE('',*,*,#3152,.F.);
#3152 = EDGE_CURVE('',#1383,#3124,#3153,.T.);
#3153 = SURFACE_CURVE('',#3154,(#3158,#3165),.PCURVE_S1.);
#3154 = LINE('',#3155,#3156);
#3155 = CARTESIAN_POINT('',(40.,2.25,-4.2));
#3156 = VECTOR('',#3157,1.);
#3157 = DIRECTION('',(0.,0.,1.));
#3158 = PCURVE('',#1426,#3159);
#3159 = DEFINITIONAL_REPRESENTATION('',(#3160),#3164);
#3160 = LINE('',#3161,#3162);
#3161 = CARTESIAN_POINT('',(-0.,0.));
#3162 = VECTOR('',#3163,1.);
#3163 = DIRECTION('',(-0.,1.));
#3164 = ( GEOMETRIC_REPRESENTATION_CONTEXT(2) 
PARAMETRIC_REPRESENTATION_CONTEXT() REPRESENTATION_CONTEXT('2D SPACE',''
  ) );
#3165 = PCURVE('',#1522,#3166);
#3166 = DEFINITIONAL_REPRESENTATION('',(#3167),#3171);
#3167 = LINE('',#3168,#3169);
#3168 = CARTESIAN_POINT('',(0.,-6.));
#3169 = VECTOR('',#3170,1.);
#3170 = DIRECTION('',(1.,0.));
#3171 = ( GEOMETRIC_REPRESENTATION_CONTEXT(2) 
PARAMETRIC_REPRESENTATION_CONTEXT() REPRESENTATION_CONTEXT('2D SPACE',''
  ) );
#3172 = ORIENTED_EDGE('',*,*,#1382,.F.);
#3173 = ORIENTED_EDGE('',*,*,#1803,.F.);
#3174 = ADVANCED_FACE('',(#3175),#1764,.F.);
#3175 = FACE_BOUND('',#3176,.F.);
#3176 = EDGE_LOOP('',(#3177,#3200,#3228,#3256,#3284,#3307,#3328,#3329));
#3177 = ORIENTED_EDGE('',*,*,#3178,.F.);
#3178 = EDGE_CURVE('',#3179,#1562,#3181,.T.);
#3179 = VERTEX_POINT('',#3180);
#3180 = CARTESIAN_POINT('',(40.,-2.25,-1.7));
#3181 = SURFACE_CURVE('',#3182,(#3186,#3193),.PCURVE_S1.);
#3182 = LINE('',#3183,#3184);
#3183 = CARTESIAN_POINT('',(40.,-2.25,-4.2));
#3184 = VECTOR('',#3185,1.);
#3185 = DIRECTION('',(0.,0.,1.));
#3186 = PCURVE('',#1764,#3187);
#3187 = DEFINITIONAL_REPRESENTATION('',(#3188),#3192);
#3188 = LINE('',#3189,#3190);
#3189 = CARTESIAN_POINT('',(0.,-1.5));
#3190 = VECTOR('',#3191,1.);
#3191 = DIRECTION('',(1.,0.));
#3192 = ( GEOMETRIC_REPRESENTATION_CONTEXT(2) 
PARAMETRIC_REPRESENTATION_CONTEXT() REPRESENTATION_CONTEXT('2D SPACE',''
  ) );
#3193 = PCURVE('',#1647,#3194);
#3194 = DEFINITIONAL_REPRESENTATION('',(#3195),#3199);
#3195 = LINE('',#3196,#3197);
#3196 = CARTESIAN_POINT('',(0.,0.));
#3197 = VECTOR('',#3198,1.);
#3198 = DIRECTION('',(0.,1.));
#3199 = ( GEOMETRIC_REPRESENTATION_CONTEXT(2) 
PARAMETRIC_REPRESENTATION_CONTEXT() REPRESENTATION_CONTEXT('2D SPACE',''
  ) );
#3200 = ORIENTED_EDGE('',*,*,#3201,.F.);
#3201 = EDGE_CURVE('',#3202,#3179,#3204,.T.);
#3202 = VERTEX_POINT('',#3203);
#3203 = CARTESIAN_POINT('',(40.,-3.75,-1.7));
#3204 = SURFACE_CURVE('',#3205,(#3209,#3216),.PCURVE_S1.);
#3205 = LINE('',#3206,#3207);
#3206 = CARTESIAN_POINT('',(40.,-3.75,-1.7));
#3207 = VECTOR('',#3208,1.);
#3208 = DIRECTION('',(0.,1.,0.));
#3209 = PCURVE('',#1764,#3210);
#3210 = DEFINITIONAL_REPRESENTATION('',(#3211),#3215);
#3211 = LINE('',#3212,#3213);
#3212 = CARTESIAN_POINT('',(2.5,0.));
#3213 = VECTOR('',#3214,1.);
#3214 = DIRECTION('',(0.,-1.));
#3215 = ( GEOMETRIC_REPRESENTATION_CONTEXT(2) 
PARAMETRIC_REPRESENTATION_CONTEXT() REPRESENTATION_CONTEXT('2D SPACE',''
  ) );
#3216 = PCURVE('',#3217,#3222);
#3217 = PLANE('',#3218);
#3218 = AXIS2_PLACEMENT_3D('',#3219,#3220,#3221);
#3219 = CARTESIAN_POINT('',(40.,-3.75,-1.7));
#3220 = DIRECTION('',(0.,0.,1.));
#3221 = DIRECTION('',(1.,0.,0.));
#3222 = DEFINITIONAL_REPRESENTATION('',(#3223),#3227);
#3223 = LINE('',#3224,#3225);
#3224 = CARTESIAN_POINT('',(0.,0.));
#3225 = VECTOR('',#3226,1.);
#3226 = DIRECTION('',(0.,1.));
#3227 = ( GEOMETRIC_REPRESENTATION_CONTEXT(2) 
PARAMETRIC_REPRESENTATION_CONTEXT() REPRESENTATION_CONTEXT('2D SPACE',''
  ) );
#3228 = ORIENTED_EDGE('',*,*,#3229,.F.);
#3229 = EDGE_CURVE('',#3230,#3202,#3232,.T.);
#3230 = VERTEX_POINT('',#3231);
#3231 = CARTESIAN_POINT('',(40.,-3.75,-4.2));
#3232 = SURFACE_CURVE('',#3233,(#3237,#3244),.PCURVE_S1.);
#3233 = LINE('',#3234,#3235);
#3234 = CARTESIAN_POINT('',(40.,-3.75,-4.2));
#3235 = VECTOR('',#3236,1.);
#3236 = DIRECTION('',(0.,0.,1.));
#3237 = PCURVE('',#1764,#3238);
#3238 = DEFINITIONAL_REPRESENTATION('',(#3239),#3243);
#3239 = LINE('',#3240,#3241);
#3240 = CARTESIAN_POINT('',(0.,0.));
#3241 = VECTOR('',#3242,1.);
#3242 = DIRECTION('',(1.,0.));
#3243 = ( GEOMETRIC_REPRESENTATION_CONTEXT(2) 
PARAMETRIC_REPRESENTATION_CONTEXT() REPRESENTATION_CONTEXT('2D SPACE',''
  ) );
#3244 = PCURVE('',#3245,#3250);
#3245 = PLANE('',#3246);
#3246 = AXIS2_PLACEMENT_3D('',#3247,#3248,#3249);
#3247 = CARTESIAN_POINT('',(40.,-3.75,-4.2));
#3248 = DIRECTION('',(0.,1.,0.));
#3249 = DIRECTION('',(0.,0.,1.));
#3250 = DEFINITIONAL_REPRESENTATION('',(#3251),#3255);
#3251 = LINE('',#3252,#3253);
#3252 = CARTESIAN_POINT('',(0.,0.));
#3253 = VECTOR('',#3254,1.);
#3254 = DIRECTION('',(1.,0.));
#3255 = ( GEOMETRIC_REPRESENTATION_CONTEXT(2) 
PARAMETRIC_REPRESENTATION_CONTEXT() REPRESENTATION_CONTEXT('2D SPACE',''
  ) );
#3256 = ORIENTED_EDGE('',*,*,#3257,.T.);
#3257 = EDGE_CURVE('',#3230,#3258,#3260,.T.);
#3258 = VERTEX_POINT('',#3259);
#3259 = CARTESIAN_POINT('',(40.,3.75,-4.2));
#3260 = SURFACE_CURVE('',#3261,(#3265,#3272),.PCURVE_S1.);
#3261 = LINE('',#3262,#3263);
#3262 = CARTESIAN_POINT('',(40.,-3.75,-4.2));
#3263 = VECTOR('',#3264,1.);
#3264 = DIRECTION('',(0.,1.,0.));
#3265 = PCURVE('',#1764,#3266);
#3266 = DEFINITIONAL_REPRESENTATION('',(#3267),#3271);
#3267 = LINE('',#3268,#3269);
#3268 = CARTESIAN_POINT('',(0.,0.));
#3269 = VECTOR('',#3270,1.);
#3270 = DIRECTION('',(0.,-1.));
#3271 = ( GEOMETRIC_REPRESENTATION_CONTEXT(2) 
PARAMETRIC_REPRESENTATION_CONTEXT() REPRESENTATION_CONTEXT('2D SPACE',''
  ) );
#3272 = PCURVE('',#3273,#3278);
#3273 = PLANE('',#3274);
#3274 = AXIS2_PLACEMENT_3D('',#3275,#3276,#3277);
#3275 = CARTESIAN_POINT('',(40.,-3.75,-4.2));
#3276 = DIRECTION('',(0.,0.,1.));
#3277 = DIRECTION('',(1.,0.,0.));
#3278 = DEFINITIONAL_REPRESENTATION('',(#3279),#3283);
#3279 = LINE('',#3280,#3281);
#3280 = CARTESIAN_POINT('',(0.,0.));
#3281 = VECTOR('',#3282,1.);
#3282 = DIRECTION('',(0.,1.));
#3283 = ( GEOMETRIC_REPRESENTATION_CONTEXT(2) 
PARAMETRIC_REPRESENTATION_CONTEXT() REPRESENTATION_CONTEXT('2D SPACE',''
  ) );
#3284 = ORIENTED_EDGE('',*,*,#3285,.T.);
#3285 = EDGE_CURVE('',#3258,#3286,#3288,.T.);
#3286 = VERTEX_POINT('',#3287);
#3287 = CARTESIAN_POINT('',(40.,3.75,-1.7));
#3288 = SURFACE_CURVE('',#3289,(#3293,#3300),.PCURVE_S1.);
#3289 = LINE('',#3290,#3291);
#3290 = CARTESIAN_POINT('',(40.,3.75,-4.2));
#3291 = VECTOR('',#3292,1.);
#3292 = DIRECTION('',(0.,0.,1.));
#3293 = PCURVE('',#1764,#3294);
#3294 = DEFINITIONAL_REPRESENTATION('',(#3295),#3299);
#3295 = LINE('',#3296,#3297);
#3296 = CARTESIAN_POINT('',(0.,-7.5));
#3297 = VECTOR('',#3298,1.);
#3298 = DIRECTION('',(1.,0.));
#3299 = ( GEOMETRIC_REPRESENTATION_CONTEXT(2) 
PARAMETRIC_REPRESENTATION_CONTEXT() REPRESENTATION_CONTEXT('2D SPACE',''
  ) );
#3300 = PCURVE('',#3111,#3301);
#3301 = DEFINITIONAL_REPRESENTATION('',(#3302),#3306);
#3302 = LINE('',#3303,#3304);
#3303 = CARTESIAN_POINT('',(0.,0.));
#3304 = VECTOR('',#3305,1.);
#3305 = DIRECTION('',(1.,0.));
#3306 = ( GEOMETRIC_REPRESENTATION_CONTEXT(2) 
PARAMETRIC_REPRESENTATION_CONTEXT() REPRESENTATION_CONTEXT('2D SPACE',''
  ) );
#3307 = ORIENTED_EDGE('',*,*,#3308,.F.);
#3308 = EDGE_CURVE('',#3044,#3286,#3309,.T.);
#3309 = SURFACE_CURVE('',#3310,(#3314,#3321),.PCURVE_S1.);
#3310 = LINE('',#3311,#3312);
#3311 = CARTESIAN_POINT('',(40.,-3.75,-1.7));
#3312 = VECTOR('',#3313,1.);
#3313 = DIRECTION('',(0.,1.,0.));
#3314 = PCURVE('',#1764,#3315);
#3315 = DEFINITIONAL_REPRESENTATION('',(#3316),#3320);
#3316 = LINE('',#3317,#3318);
#3317 = CARTESIAN_POINT('',(2.5,0.));
#3318 = VECTOR('',#3319,1.);
#3319 = DIRECTION('',(0.,-1.));
#3320 = ( GEOMETRIC_REPRESENTATION_CONTEXT(2) 
PARAMETRIC_REPRESENTATION_CONTEXT() REPRESENTATION_CONTEXT('2D SPACE',''
  ) );
#3321 = PCURVE('',#3083,#3322);
#3322 = DEFINITIONAL_REPRESENTATION('',(#3323),#3327);
#3323 = LINE('',#3324,#3325);
#3324 = CARTESIAN_POINT('',(0.,0.));
#3325 = VECTOR('',#3326,1.);
#3326 = DIRECTION('',(0.,1.));
#3327 = ( GEOMETRIC_REPRESENTATION_CONTEXT(2) 
PARAMETRIC_REPRESENTATION_CONTEXT() REPRESENTATION_CONTEXT('2D SPACE',''
  ) );
#3328 = ORIENTED_EDGE('',*,*,#3043,.T.);
#3329 = ORIENTED_EDGE('',*,*,#1694,.T.);
#3330 = ADVANCED_FACE('',(#3331),#1647,.T.);
#3331 = FACE_BOUND('',#3332,.T.);
#3332 = EDGE_LOOP('',(#3333,#3334,#3358,#3381,#3410,#3431));
#3333 = ORIENTED_EDGE('',*,*,#3178,.F.);
#3334 = ORIENTED_EDGE('',*,*,#3335,.T.);
#3335 = EDGE_CURVE('',#3179,#3336,#3338,.T.);
#3336 = VERTEX_POINT('',#3337);
#3337 = CARTESIAN_POINT('',(41.5,-3.75,-1.7));
#3338 = SURFACE_CURVE('',#3339,(#3344,#3351),.PCURVE_S1.);
#3339 = CIRCLE('',#3340,1.5);
#3340 = AXIS2_PLACEMENT_3D('',#3341,#3342,#3343);
#3341 = CARTESIAN_POINT('',(41.5,-2.25,-1.7));
#3342 = DIRECTION('',(0.,0.,1.));
#3343 = DIRECTION('',(-1.,-0.,0.));
#3344 = PCURVE('',#1647,#3345);
#3345 = DEFINITIONAL_REPRESENTATION('',(#3346),#3350);
#3346 = LINE('',#3347,#3348);
#3347 = CARTESIAN_POINT('',(0.,2.5));
#3348 = VECTOR('',#3349,1.);
#3349 = DIRECTION('',(1.,0.));
#3350 = ( GEOMETRIC_REPRESENTATION_CONTEXT(2) 
PARAMETRIC_REPRESENTATION_CONTEXT() REPRESENTATION_CONTEXT('2D SPACE',''
  ) );
#3351 = PCURVE('',#3217,#3352);
#3352 = DEFINITIONAL_REPRESENTATION('',(#3353),#3357);
#3353 = CIRCLE('',#3354,1.5);
#3354 = AXIS2_PLACEMENT_2D('',#3355,#3356);
#3355 = CARTESIAN_POINT('',(1.5,1.5));
#3356 = DIRECTION('',(-1.,0.));
#3357 = ( GEOMETRIC_REPRESENTATION_CONTEXT(2) 
PARAMETRIC_REPRESENTATION_CONTEXT() REPRESENTATION_CONTEXT('2D SPACE',''
  ) );
#3358 = ORIENTED_EDGE('',*,*,#3359,.T.);
#3359 = EDGE_CURVE('',#3336,#3360,#3362,.T.);
#3360 = VERTEX_POINT('',#3361);
#3361 = CARTESIAN_POINT('',(41.5,-3.75,4.7));
#3362 = SURFACE_CURVE('',#3363,(#3367,#3374),.PCURVE_S1.);
#3363 = LINE('',#3364,#3365);
#3364 = CARTESIAN_POINT('',(41.5,-3.75,-4.2));
#3365 = VECTOR('',#3366,1.);
#3366 = DIRECTION('',(0.,0.,1.));
#3367 = PCURVE('',#1647,#3368);
#3368 = DEFINITIONAL_REPRESENTATION('',(#3369),#3373);
#3369 = LINE('',#3370,#3371);
#3370 = CARTESIAN_POINT('',(1.570796326795,0.));
#3371 = VECTOR('',#3372,1.);
#3372 = DIRECTION('',(0.,1.));
#3373 = ( GEOMETRIC_REPRESENTATION_CONTEXT(2) 
PARAMETRIC_REPRESENTATION_CONTEXT() REPRESENTATION_CONTEXT('2D SPACE',''
  ) );
#3374 = PCURVE('',#3245,#3375);
#3375 = DEFINITIONAL_REPRESENTATION('',(#3376),#3380);
#3376 = LINE('',#3377,#3378);
#3377 = CARTESIAN_POINT('',(0.,1.5));
#3378 = VECTOR('',#3379,1.);
#3379 = DIRECTION('',(1.,0.));
#3380 = ( GEOMETRIC_REPRESENTATION_CONTEXT(2) 
PARAMETRIC_REPRESENTATION_CONTEXT() REPRESENTATION_CONTEXT('2D SPACE',''
  ) );
#3381 = ORIENTED_EDGE('',*,*,#3382,.F.);
#3382 = EDGE_CURVE('',#3383,#3360,#3385,.T.);
#3383 = VERTEX_POINT('',#3384);
#3384 = CARTESIAN_POINT('',(40.,-2.25,4.7));
#3385 = SURFACE_CURVE('',#3386,(#3391,#3398),.PCURVE_S1.);
#3386 = CIRCLE('',#3387,1.5);
#3387 = AXIS2_PLACEMENT_3D('',#3388,#3389,#3390);
#3388 = CARTESIAN_POINT('',(41.5,-2.25,4.7));
#3389 = DIRECTION('',(0.,0.,1.));
#3390 = DIRECTION('',(-1.,-0.,0.));
#3391 = PCURVE('',#1647,#3392);
#3392 = DEFINITIONAL_REPRESENTATION('',(#3393),#3397);
#3393 = LINE('',#3394,#3395);
#3394 = CARTESIAN_POINT('',(0.,8.9));
#3395 = VECTOR('',#3396,1.);
#3396 = DIRECTION('',(1.,0.));
#3397 = ( GEOMETRIC_REPRESENTATION_CONTEXT(2) 
PARAMETRIC_REPRESENTATION_CONTEXT() REPRESENTATION_CONTEXT('2D SPACE',''
  ) );
#3398 = PCURVE('',#3399,#3404);
#3399 = PLANE('',#3400);
#3400 = AXIS2_PLACEMENT_3D('',#3401,#3402,#3403);
#3401 = CARTESIAN_POINT('',(40.,-3.75,4.7));
#3402 = DIRECTION('',(0.,0.,1.));
#3403 = DIRECTION('',(1.,0.,0.));
#3404 = DEFINITIONAL_REPRESENTATION('',(#3405),#3409);
#3405 = CIRCLE('',#3406,1.5);
#3406 = AXIS2_PLACEMENT_2D('',#3407,#3408);
#3407 = CARTESIAN_POINT('',(1.5,1.5));
#3408 = DIRECTION('',(-1.,0.));
#3409 = ( GEOMETRIC_REPRESENTATION_CONTEXT(2) 
PARAMETRIC_REPRESENTATION_CONTEXT() REPRESENTATION_CONTEXT('2D SPACE',''
  ) );
#3410 = ORIENTED_EDGE('',*,*,#3411,.F.);
#3411 = EDGE_CURVE('',#1453,#3383,#3412,.T.);
#3412 = SURFACE_CURVE('',#3413,(#3417,#3424),.PCURVE_S1.);
#3413 = LINE('',#3414,#3415);
#3414 = CARTESIAN_POINT('',(40.,-2.25,-4.2));
#3415 = VECTOR('',#3416,1.);
#3416 = DIRECTION('',(0.,0.,1.));
#3417 = PCURVE('',#1647,#3418);
#3418 = DEFINITIONAL_REPRESENTATION('',(#3419),#3423);
#3419 = LINE('',#3420,#3421);
#3420 = CARTESIAN_POINT('',(0.,0.));
#3421 = VECTOR('',#3422,1.);
#3422 = DIRECTION('',(0.,1.));
#3423 = ( GEOMETRIC_REPRESENTATION_CONTEXT(2) 
PARAMETRIC_REPRESENTATION_CONTEXT() REPRESENTATION_CONTEXT('2D SPACE',''
  ) );
#3424 = PCURVE('',#1522,#3425);
#3425 = DEFINITIONAL_REPRESENTATION('',(#3426),#3430);
#3426 = LINE('',#3427,#3428);
#3427 = CARTESIAN_POINT('',(0.,-1.5));
#3428 = VECTOR('',#3429,1.);
#3429 = DIRECTION('',(1.,0.));
#3430 = ( GEOMETRIC_REPRESENTATION_CONTEXT(2) 
PARAMETRIC_REPRESENTATION_CONTEXT() REPRESENTATION_CONTEXT('2D SPACE',''
  ) );
#3431 = ORIENTED_EDGE('',*,*,#1561,.T.);
#3432 = ADVANCED_FACE('',(#3433),#1522,.F.);
#3433 = FACE_BOUND('',#3434,.F.);
#3434 = EDGE_LOOP('',(#3435,#3436,#3437,#3438,#3461,#3484,#3512,#3535));
#3435 = ORIENTED_EDGE('',*,*,#3411,.F.);
#3436 = ORIENTED_EDGE('',*,*,#1452,.T.);
#3437 = ORIENTED_EDGE('',*,*,#3152,.T.);
#3438 = ORIENTED_EDGE('',*,*,#3439,.T.);
#3439 = EDGE_CURVE('',#3124,#3440,#3442,.T.);
#3440 = VERTEX_POINT('',#3441);
#3441 = CARTESIAN_POINT('',(40.,3.75,4.7));
#3442 = SURFACE_CURVE('',#3443,(#3447,#3454),.PCURVE_S1.);
#3443 = LINE('',#3444,#3445);
#3444 = CARTESIAN_POINT('',(40.,-3.75,4.7));
#3445 = VECTOR('',#3446,1.);
#3446 = DIRECTION('',(0.,1.,0.));
#3447 = PCURVE('',#1522,#3448);
#3448 = DEFINITIONAL_REPRESENTATION('',(#3449),#3453);
#3449 = LINE('',#3450,#3451);
#3450 = CARTESIAN_POINT('',(8.9,0.));
#3451 = VECTOR('',#3452,1.);
#3452 = DIRECTION('',(0.,-1.));
#3453 = ( GEOMETRIC_REPRESENTATION_CONTEXT(2) 
PARAMETRIC_REPRESENTATION_CONTEXT() REPRESENTATION_CONTEXT('2D SPACE',''
  ) );
#3454 = PCURVE('',#3140,#3455);
#3455 = DEFINITIONAL_REPRESENTATION('',(#3456),#3460);
#3456 = LINE('',#3457,#3458);
#3457 = CARTESIAN_POINT('',(0.,0.));
#3458 = VECTOR('',#3459,1.);
#3459 = DIRECTION('',(0.,1.));
#3460 = ( GEOMETRIC_REPRESENTATION_CONTEXT(2) 
PARAMETRIC_REPRESENTATION_CONTEXT() REPRESENTATION_CONTEXT('2D SPACE',''
  ) );
#3461 = ORIENTED_EDGE('',*,*,#3462,.T.);
#3462 = EDGE_CURVE('',#3440,#3463,#3465,.T.);
#3463 = VERTEX_POINT('',#3464);
#3464 = CARTESIAN_POINT('',(40.,3.75,7.2));
#3465 = SURFACE_CURVE('',#3466,(#3470,#3477),.PCURVE_S1.);
#3466 = LINE('',#3467,#3468);
#3467 = CARTESIAN_POINT('',(40.,3.75,4.7));
#3468 = VECTOR('',#3469,1.);
#3469 = DIRECTION('',(0.,0.,1.));
#3470 = PCURVE('',#1522,#3471);
#3471 = DEFINITIONAL_REPRESENTATION('',(#3472),#3476);
#3472 = LINE('',#3473,#3474);
#3473 = CARTESIAN_POINT('',(8.9,-7.5));
#3474 = VECTOR('',#3475,1.);
#3475 = DIRECTION('',(1.,0.));
#3476 = ( GEOMETRIC_REPRESENTATION_CONTEXT(2) 
PARAMETRIC_REPRESENTATION_CONTEXT() REPRESENTATION_CONTEXT('2D SPACE',''
  ) );
#3477 = PCURVE('',#3111,#3478);
#3478 = DEFINITIONAL_REPRESENTATION('',(#3479),#3483);
#3479 = LINE('',#3480,#3481);
#3480 = CARTESIAN_POINT('',(8.9,0.));
#3481 = VECTOR('',#3482,1.);
#3482 = DIRECTION('',(1.,0.));
#3483 = ( GEOMETRIC_REPRESENTATION_CONTEXT(2) 
PARAMETRIC_REPRESENTATION_CONTEXT() REPRESENTATION_CONTEXT('2D SPACE',''
  ) );
#3484 = ORIENTED_EDGE('',*,*,#3485,.F.);
#3485 = EDGE_CURVE('',#3486,#3463,#3488,.T.);
#3486 = VERTEX_POINT('',#3487);
#3487 = CARTESIAN_POINT('',(40.,-3.75,7.2));
#3488 = SURFACE_CURVE('',#3489,(#3493,#3500),.PCURVE_S1.);
#3489 = LINE('',#3490,#3491);
#3490 = CARTESIAN_POINT('',(40.,-3.75,7.2));
#3491 = VECTOR('',#3492,1.);
#3492 = DIRECTION('',(0.,1.,0.));
#3493 = PCURVE('',#1522,#3494);
#3494 = DEFINITIONAL_REPRESENTATION('',(#3495),#3499);
#3495 = LINE('',#3496,#3497);
#3496 = CARTESIAN_POINT('',(11.4,0.));
#3497 = VECTOR('',#3498,1.);
#3498 = DIRECTION('',(0.,-1.));
#3499 = ( GEOMETRIC_REPRESENTATION_CONTEXT(2) 
PARAMETRIC_REPRESENTATION_CONTEXT() REPRESENTATION_CONTEXT('2D SPACE',''
  ) );
#3500 = PCURVE('',#3501,#3506);
#3501 = PLANE('',#3502);
#3502 = AXIS2_PLACEMENT_3D('',#3503,#3504,#3505);
#3503 = CARTESIAN_POINT('',(40.,-3.75,7.2));
#3504 = DIRECTION('',(0.,0.,1.));
#3505 = DIRECTION('',(1.,0.,0.));
#3506 = DEFINITIONAL_REPRESENTATION('',(#3507),#3511);
#3507 = LINE('',#3508,#3509);
#3508 = CARTESIAN_POINT('',(0.,0.));
#3509 = VECTOR('',#3510,1.);
#3510 = DIRECTION('',(0.,1.));
#3511 = ( GEOMETRIC_REPRESENTATION_CONTEXT(2) 
PARAMETRIC_REPRESENTATION_CONTEXT() REPRESENTATION_CONTEXT('2D SPACE',''
  ) );
#3512 = ORIENTED_EDGE('',*,*,#3513,.F.);
#3513 = EDGE_CURVE('',#3514,#3486,#3516,.T.);
#3514 = VERTEX_POINT('',#3515);
#3515 = CARTESIAN_POINT('',(40.,-3.75,4.7));
#3516 = SURFACE_CURVE('',#3517,(#3521,#3528),.PCURVE_S1.);
#3517 = LINE('',#3518,#3519);
#3518 = CARTESIAN_POINT('',(40.,-3.75,4.7));
#3519 = VECTOR('',#3520,1.);
#3520 = DIRECTION('',(0.,0.,1.));
#3521 = PCURVE('',#1522,#3522);
#3522 = DEFINITIONAL_REPRESENTATION('',(#3523),#3527);
#3523 = LINE('',#3524,#3525);
#3524 = CARTESIAN_POINT('',(8.9,0.));
#3525 = VECTOR('',#3526,1.);
#3526 = DIRECTION('',(1.,0.));
#3527 = ( GEOMETRIC_REPRESENTATION_CONTEXT(2) 
PARAMETRIC_REPRESENTATION_CONTEXT() REPRESENTATION_CONTEXT('2D SPACE',''
  ) );
#3528 = PCURVE('',#3245,#3529);
#3529 = DEFINITIONAL_REPRESENTATION('',(#3530),#3534);
#3530 = LINE('',#3531,#3532);
#3531 = CARTESIAN_POINT('',(8.9,0.));
#3532 = VECTOR('',#3533,1.);
#3533 = DIRECTION('',(1.,0.));
#3534 = ( GEOMETRIC_REPRESENTATION_CONTEXT(2) 
PARAMETRIC_REPRESENTATION_CONTEXT() REPRESENTATION_CONTEXT('2D SPACE',''
  ) );
#3535 = ORIENTED_EDGE('',*,*,#3536,.T.);
#3536 = EDGE_CURVE('',#3514,#3383,#3537,.T.);
#3537 = SURFACE_CURVE('',#3538,(#3542,#3549),.PCURVE_S1.);
#3538 = LINE('',#3539,#3540);
#3539 = CARTESIAN_POINT('',(40.,-3.75,4.7));
#3540 = VECTOR('',#3541,1.);
#3541 = DIRECTION('',(0.,1.,0.));
#3542 = PCURVE('',#1522,#3543);
#3543 = DEFINITIONAL_REPRESENTATION('',(#3544),#3548);
#3544 = LINE('',#3545,#3546);
#3545 = CARTESIAN_POINT('',(8.9,0.));
#3546 = VECTOR('',#3547,1.);
#3547 = DIRECTION('',(0.,-1.));
#3548 = ( GEOMETRIC_REPRESENTATION_CONTEXT(2) 
PARAMETRIC_REPRESENTATION_CONTEXT() REPRESENTATION_CONTEXT('2D SPACE',''
  ) );
#3549 = PCURVE('',#3399,#3550);
#3550 = DEFINITIONAL_REPRESENTATION('',(#3551),#3555);
#3551 = LINE('',#3552,#3553);
#3552 = CARTESIAN_POINT('',(0.,0.));
#3553 = VECTOR('',#3554,1.);
#3554 = DIRECTION('',(0.,1.));
#3555 = ( GEOMETRIC_REPRESENTATION_CONTEXT(2) 
PARAMETRIC_REPRESENTATION_CONTEXT() REPRESENTATION_CONTEXT('2D SPACE',''
  ) );
#3556 = ADVANCED_FACE('',(#3557),#2285,.F.);
#3557 = FACE_BOUND('',#3558,.F.);
#3558 = EDGE_LOOP('',(#3559,#3582,#3583,#3584,#3621,#3655,#3692,#3715,
    #3742,#3743,#3775,#3809));
#3559 = ORIENTED_EDGE('',*,*,#3560,.F.);
#3560 = EDGE_CURVE('',#1922,#3561,#3563,.T.);
#3561 = VERTEX_POINT('',#3562);
#3562 = CARTESIAN_POINT('',(18.,0.,9.));
#3563 = SEAM_CURVE('',#3564,(#3568,#3575),.PCURVE_S1.);
#3564 = LINE('',#3565,#3566);
#3565 = CARTESIAN_POINT('',(18.,0.,-12.5));
#3566 = VECTOR('',#3567,1.);
#3567 = DIRECTION('',(0.,0.,1.));
#3568 = PCURVE('',#2285,#3569);
#3569 = DEFINITIONAL_REPRESENTATION('',(#3570),#3574);
#3570 = LINE('',#3571,#3572);
#3571 = CARTESIAN_POINT('',(6.28318530718,0.));
#3572 = VECTOR('',#3573,1.);
#3573 = DIRECTION('',(0.,-1.));
#3574 = ( GEOMETRIC_REPRESENTATION_CONTEXT(2) 
PARAMETRIC_REPRESENTATION_CONTEXT() REPRESENTATION_CONTEXT('2D SPACE',''
  ) );
#3575 = PCURVE('',#2285,#3576);
#3576 = DEFINITIONAL_REPRESENTATION('',(#3577),#3581);
#3577 = LINE('',#3578,#3579);
#3578 = CARTESIAN_POINT('',(0.,0.));
#3579 = VECTOR('',#3580,1.);
#3580 = DIRECTION('',(0.,-1.));
#3581 = ( GEOMETRIC_REPRESENTATION_CONTEXT(2) 
PARAMETRIC_REPRESENTATION_CONTEXT() REPRESENTATION_CONTEXT('2D SPACE',''
  ) );
#3582 = ORIENTED_EDGE('',*,*,#1921,.T.);
#3583 = ORIENTED_EDGE('',*,*,#3560,.T.);
#3584 = ORIENTED_EDGE('',*,*,#3585,.F.);
#3585 = EDGE_CURVE('',#3586,#3561,#3588,.T.);
#3586 = VERTEX_POINT('',#3587);
#3587 = CARTESIAN_POINT('',(17.956115765718,0.25,9.));
#3588 = SURFACE_CURVE('',#3589,(#3596,#3606),.PCURVE_S1.);
#3589 = B_SPLINE_CURVE_WITH_KNOTS('',5,(#3590,#3591,#3592,#3593,#3594,
    #3595),.UNSPECIFIED.,.F.,.F.,(6,6),(0.,1.),
  .PIECEWISE_BEZIER_KNOTS.);
#3590 = CARTESIAN_POINT('',(17.956115765718,0.25,9.));
#3591 = CARTESIAN_POINT('',(17.973348962096,0.201457416934,9.));
#3592 = CARTESIAN_POINT('',(17.986583991831,0.151860176444,9.));
#3593 = CARTESIAN_POINT('',(17.995528480059,0.101505483384,9.));
#3594 = CARTESIAN_POINT('',(18.,5.074976074098E-02,9.));
#3595 = CARTESIAN_POINT('',(18.,0.,9.));
#3596 = PCURVE('',#2285,#3597);
#3597 = DEFINITIONAL_REPRESENTATION('',(#3598),#3605);
#3598 = B_SPLINE_CURVE_WITH_KNOTS('',5,(#3599,#3600,#3601,#3602,#3603,
    #3604),.UNSPECIFIED.,.F.,.F.,(6,6),(0.,1.),
  .PIECEWISE_BEZIER_KNOTS.);
#3599 = CARTESIAN_POINT('',(0.209870592263,-21.5));
#3600 = CARTESIAN_POINT('',(0.168510920955,-21.5));
#3601 = CARTESIAN_POINT('',(0.126708036557,-21.5));
#3602 = CARTESIAN_POINT('',(8.458781559951E-02,-21.5));
#3603 = CARTESIAN_POINT('',(4.229146728415E-02,-21.5));
#3604 = CARTESIAN_POINT('',(0.,-21.5));
#3605 = ( GEOMETRIC_REPRESENTATION_CONTEXT(2) 
PARAMETRIC_REPRESENTATION_CONTEXT() REPRESENTATION_CONTEXT('2D SPACE',''
  ) );
#3606 = PCURVE('',#3607,#3612);
#3607 = PLANE('',#3608);
#3608 = AXIS2_PLACEMENT_3D('',#3609,#3610,#3611);
#3609 = CARTESIAN_POINT('',(17.,-0.25,9.));
#3610 = DIRECTION('',(0.,0.,1.));
#3611 = DIRECTION('',(1.,0.,0.));
#3612 = DEFINITIONAL_REPRESENTATION('',(#3613),#3620);
#3613 = B_SPLINE_CURVE_WITH_KNOTS('',5,(#3614,#3615,#3616,#3617,#3618,
    #3619),.UNSPECIFIED.,.F.,.F.,(6,6),(0.,1.),
  .PIECEWISE_BEZIER_KNOTS.);
#3614 = CARTESIAN_POINT('',(0.956115765718,0.5));
#3615 = CARTESIAN_POINT('',(0.973348962096,0.451457416934));
#3616 = CARTESIAN_POINT('',(0.986583991831,0.401860176444));
#3617 = CARTESIAN_POINT('',(0.995528480059,0.351505483384));
#3618 = CARTESIAN_POINT('',(1.,0.300749760741));
#3619 = CARTESIAN_POINT('',(1.,0.25));
#3620 = ( GEOMETRIC_REPRESENTATION_CONTEXT(2) 
PARAMETRIC_REPRESENTATION_CONTEXT() REPRESENTATION_CONTEXT('2D SPACE',''
  ) );
#3621 = ORIENTED_EDGE('',*,*,#3622,.F.);
#3622 = EDGE_CURVE('',#3623,#3586,#3625,.T.);
#3623 = VERTEX_POINT('',#3624);
#3624 = CARTESIAN_POINT('',(17.956115765718,0.25,15.));
#3625 = SURFACE_CURVE('',#3626,(#3632,#3641),.PCURVE_S1.);
#3626 = B_SPLINE_CURVE_WITH_KNOTS('',4,(#3627,#3628,#3629,#3630,#3631),
  .UNSPECIFIED.,.F.,.F.,(5,5),(0.,1.),.PIECEWISE_BEZIER_KNOTS.);
#3627 = CARTESIAN_POINT('',(17.956115765718,0.25,15.));
#3628 = CARTESIAN_POINT('',(17.956115765718,0.25,13.5));
#3629 = CARTESIAN_POINT('',(17.956115765718,0.25,12.));
#3630 = CARTESIAN_POINT('',(17.956115765718,0.25,10.5));
#3631 = CARTESIAN_POINT('',(17.956115765718,0.25,9.));
#3632 = PCURVE('',#2285,#3633);
#3633 = DEFINITIONAL_REPRESENTATION('',(#3634),#3640);
#3634 = B_SPLINE_CURVE_WITH_KNOTS('',4,(#3635,#3636,#3637,#3638,#3639),
  .UNSPECIFIED.,.F.,.F.,(5,5),(0.,1.),.PIECEWISE_BEZIER_KNOTS.);
#3635 = CARTESIAN_POINT('',(0.209870592263,-27.5));
#3636 = CARTESIAN_POINT('',(0.209870592263,-26.));
#3637 = CARTESIAN_POINT('',(0.209870592263,-24.5));
#3638 = CARTESIAN_POINT('',(0.209870592263,-23.));
#3639 = CARTESIAN_POINT('',(0.209870592263,-21.5));
#3640 = ( GEOMETRIC_REPRESENTATION_CONTEXT(2) 
PARAMETRIC_REPRESENTATION_CONTEXT() REPRESENTATION_CONTEXT('2D SPACE',''
  ) );
#3641 = PCURVE('',#3642,#3647);
#3642 = PLANE('',#3643);
#3643 = AXIS2_PLACEMENT_3D('',#3644,#3645,#3646);
#3644 = CARTESIAN_POINT('',(17.,0.25,9.));
#3645 = DIRECTION('',(0.,1.,0.));
#3646 = DIRECTION('',(0.,0.,1.));
#3647 = DEFINITIONAL_REPRESENTATION('',(#3648),#3654);
#3648 = B_SPLINE_CURVE_WITH_KNOTS('',4,(#3649,#3650,#3651,#3652,#3653),
  .UNSPECIFIED.,.F.,.F.,(5,5),(0.,1.),.PIECEWISE_BEZIER_KNOTS.);
#3649 = CARTESIAN_POINT('',(6.,0.956115765718));
#3650 = CARTESIAN_POINT('',(4.5,0.956115765718));
#3651 = CARTESIAN_POINT('',(3.,0.956115765718));
#3652 = CARTESIAN_POINT('',(1.5,0.956115765718));
#3653 = CARTESIAN_POINT('',(0.,0.956115765718));
#3654 = ( GEOMETRIC_REPRESENTATION_CONTEXT(2) 
PARAMETRIC_REPRESENTATION_CONTEXT() REPRESENTATION_CONTEXT('2D SPACE',''
  ) );
#3655 = ORIENTED_EDGE('',*,*,#3656,.T.);
#3656 = EDGE_CURVE('',#3623,#3657,#3659,.T.);
#3657 = VERTEX_POINT('',#3658);
#3658 = CARTESIAN_POINT('',(18.,0.,15.));
#3659 = SURFACE_CURVE('',#3660,(#3667,#3677),.PCURVE_S1.);
#3660 = B_SPLINE_CURVE_WITH_KNOTS('',5,(#3661,#3662,#3663,#3664,#3665,
    #3666),.UNSPECIFIED.,.F.,.F.,(6,6),(0.,1.),
  .PIECEWISE_BEZIER_KNOTS.);
#3661 = CARTESIAN_POINT('',(17.956115765718,0.25,15.));
#3662 = CARTESIAN_POINT('',(17.973348962096,0.201457416934,15.));
#3663 = CARTESIAN_POINT('',(17.986583991831,0.151860176444,15.));
#3664 = CARTESIAN_POINT('',(17.995528480059,0.101505483384,15.));
#3665 = CARTESIAN_POINT('',(18.,5.074976074098E-02,15.));
#3666 = CARTESIAN_POINT('',(18.,0.,15.));
#3667 = PCURVE('',#2285,#3668);
#3668 = DEFINITIONAL_REPRESENTATION('',(#3669),#3676);
#3669 = B_SPLINE_CURVE_WITH_KNOTS('',5,(#3670,#3671,#3672,#3673,#3674,
    #3675),.UNSPECIFIED.,.F.,.F.,(6,6),(0.,1.),
  .PIECEWISE_BEZIER_KNOTS.);
#3670 = CARTESIAN_POINT('',(0.209870592263,-27.5));
#3671 = CARTESIAN_POINT('',(0.168510920955,-27.5));
#3672 = CARTESIAN_POINT('',(0.126708036557,-27.5));
#3673 = CARTESIAN_POINT('',(8.458781559951E-02,-27.5));
#3674 = CARTESIAN_POINT('',(4.229146728415E-02,-27.5));
#3675 = CARTESIAN_POINT('',(0.,-27.5));
#3676 = ( GEOMETRIC_REPRESENTATION_CONTEXT(2) 
PARAMETRIC_REPRESENTATION_CONTEXT() REPRESENTATION_CONTEXT('2D SPACE',''
  ) );
#3677 = PCURVE('',#3678,#3683);
#3678 = PLANE('',#3679);
#3679 = AXIS2_PLACEMENT_3D('',#3680,#3681,#3682);
#3680 = CARTESIAN_POINT('',(17.,-0.25,15.));
#3681 = DIRECTION('',(0.,0.,1.));
#3682 = DIRECTION('',(1.,0.,0.));
#3683 = DEFINITIONAL_REPRESENTATION('',(#3684),#3691);
#3684 = B_SPLINE_CURVE_WITH_KNOTS('',5,(#3685,#3686,#3687,#3688,#3689,
    #3690),.UNSPECIFIED.,.F.,.F.,(6,6),(0.,1.),
  .PIECEWISE_BEZIER_KNOTS.);
#3685 = CARTESIAN_POINT('',(0.956115765718,0.5));
#3686 = CARTESIAN_POINT('',(0.973348962096,0.451457416934));
#3687 = CARTESIAN_POINT('',(0.986583991831,0.401860176444));
#3688 = CARTESIAN_POINT('',(0.995528480059,0.351505483384));
#3689 = CARTESIAN_POINT('',(1.,0.300749760741));
#3690 = CARTESIAN_POINT('',(1.,0.25));
#3691 = ( GEOMETRIC_REPRESENTATION_CONTEXT(2) 
PARAMETRIC_REPRESENTATION_CONTEXT() REPRESENTATION_CONTEXT('2D SPACE',''
  ) );
#3692 = ORIENTED_EDGE('',*,*,#3693,.T.);
#3693 = EDGE_CURVE('',#3657,#3694,#3696,.T.);
#3694 = VERTEX_POINT('',#3695);
#3695 = CARTESIAN_POINT('',(18.,0.,15.5));
#3696 = SEAM_CURVE('',#3697,(#3701,#3708),.PCURVE_S1.);
#3697 = LINE('',#3698,#3699);
#3698 = CARTESIAN_POINT('',(18.,0.,-12.5));
#3699 = VECTOR('',#3700,1.);
#3700 = DIRECTION('',(0.,0.,1.));
#3701 = PCURVE('',#2285,#3702);
#3702 = DEFINITIONAL_REPRESENTATION('',(#3703),#3707);
#3703 = LINE('',#3704,#3705);
#3704 = CARTESIAN_POINT('',(6.28318530718,0.));
#3705 = VECTOR('',#3706,1.);
#3706 = DIRECTION('',(0.,-1.));
#3707 = ( GEOMETRIC_REPRESENTATION_CONTEXT(2) 
PARAMETRIC_REPRESENTATION_CONTEXT() REPRESENTATION_CONTEXT('2D SPACE',''
  ) );
#3708 = PCURVE('',#2285,#3709);
#3709 = DEFINITIONAL_REPRESENTATION('',(#3710),#3714);
#3710 = LINE('',#3711,#3712);
#3711 = CARTESIAN_POINT('',(0.,0.));
#3712 = VECTOR('',#3713,1.);
#3713 = DIRECTION('',(0.,-1.));
#3714 = ( GEOMETRIC_REPRESENTATION_CONTEXT(2) 
PARAMETRIC_REPRESENTATION_CONTEXT() REPRESENTATION_CONTEXT('2D SPACE',''
  ) );
#3715 = ORIENTED_EDGE('',*,*,#3716,.T.);
#3716 = EDGE_CURVE('',#3694,#3694,#3717,.T.);
#3717 = SURFACE_CURVE('',#3718,(#3723,#3730),.PCURVE_S1.);
#3718 = ELLIPSE('',#3719,2.,1.2);
#3719 = AXIS2_PLACEMENT_3D('',#3720,#3721,#3722);
#3720 = CARTESIAN_POINT('',(16.,0.,15.5));
#3721 = DIRECTION('',(0.,0.,1.));
#3722 = DIRECTION('',(1.,0.,0.));
#3723 = PCURVE('',#2285,#3724);
#3724 = DEFINITIONAL_REPRESENTATION('',(#3725),#3729);
#3725 = LINE('',#3726,#3727);
#3726 = CARTESIAN_POINT('',(0.,-28.));
#3727 = VECTOR('',#3728,1.);
#3728 = DIRECTION('',(1.,0.));
#3729 = ( GEOMETRIC_REPRESENTATION_CONTEXT(2) 
PARAMETRIC_REPRESENTATION_CONTEXT() REPRESENTATION_CONTEXT('2D SPACE',''
  ) );
#3730 = PCURVE('',#3731,#3736);
#3731 = PLANE('',#3732);
#3732 = AXIS2_PLACEMENT_3D('',#3733,#3734,#3735);
#3733 = CARTESIAN_POINT('',(16.130090916605,1.027129254321E-16,15.5));
#3734 = DIRECTION('',(0.,0.,1.));
#3735 = DIRECTION('',(1.,0.,-0.));
#3736 = DEFINITIONAL_REPRESENTATION('',(#3737),#3741);
#3737 = ELLIPSE('',#3738,2.,1.2);
#3738 = AXIS2_PLACEMENT_2D('',#3739,#3740);
#3739 = CARTESIAN_POINT('',(-0.130090916605,-1.027129254321E-16));
#3740 = DIRECTION('',(1.,0.));
#3741 = ( GEOMETRIC_REPRESENTATION_CONTEXT(2) 
PARAMETRIC_REPRESENTATION_CONTEXT() REPRESENTATION_CONTEXT('2D SPACE',''
  ) );
#3742 = ORIENTED_EDGE('',*,*,#3693,.F.);
#3743 = ORIENTED_EDGE('',*,*,#3744,.T.);
#3744 = EDGE_CURVE('',#3657,#3745,#3747,.T.);
#3745 = VERTEX_POINT('',#3746);
#3746 = CARTESIAN_POINT('',(17.956115765718,-0.25,15.));
#3747 = SURFACE_CURVE('',#3748,(#3755,#3765),.PCURVE_S1.);
#3748 = B_SPLINE_CURVE_WITH_KNOTS('',5,(#3749,#3750,#3751,#3752,#3753,
    #3754),.UNSPECIFIED.,.F.,.F.,(6,6),(0.,1.),
  .PIECEWISE_BEZIER_KNOTS.);
#3749 = CARTESIAN_POINT('',(18.,-3.053113317719E-16,15.));
#3750 = CARTESIAN_POINT('',(18.,-5.074976074099E-02,15.));
#3751 = CARTESIAN_POINT('',(17.995528480059,-0.101505483384,15.));
#3752 = CARTESIAN_POINT('',(17.986583991831,-0.151860176444,15.));
#3753 = CARTESIAN_POINT('',(17.973348962096,-0.201457416934,15.));
#3754 = CARTESIAN_POINT('',(17.956115765718,-0.25,15.));
#3755 = PCURVE('',#2285,#3756);
#3756 = DEFINITIONAL_REPRESENTATION('',(#3757),#3764);
#3757 = B_SPLINE_CURVE_WITH_KNOTS('',5,(#3758,#3759,#3760,#3761,#3762,
    #3763),.UNSPECIFIED.,.F.,.F.,(6,6),(0.,1.),
  .PIECEWISE_BEZIER_KNOTS.);
#3758 = CARTESIAN_POINT('',(6.28318530718,-27.5));
#3759 = CARTESIAN_POINT('',(6.240893839895,-27.5));
#3760 = CARTESIAN_POINT('',(6.19859749158,-27.5));
#3761 = CARTESIAN_POINT('',(6.156477270622,-27.5));
#3762 = CARTESIAN_POINT('',(6.114674386225,-27.5));
#3763 = CARTESIAN_POINT('',(6.073314714917,-27.5));
#3764 = ( GEOMETRIC_REPRESENTATION_CONTEXT(2) 
PARAMETRIC_REPRESENTATION_CONTEXT() REPRESENTATION_CONTEXT('2D SPACE',''
  ) );
#3765 = PCURVE('',#3678,#3766);
#3766 = DEFINITIONAL_REPRESENTATION('',(#3767),#3774);
#3767 = B_SPLINE_CURVE_WITH_KNOTS('',5,(#3768,#3769,#3770,#3771,#3772,
    #3773),.UNSPECIFIED.,.F.,.F.,(6,6),(0.,1.),
  .PIECEWISE_BEZIER_KNOTS.);
#3768 = CARTESIAN_POINT('',(1.,0.25));
#3769 = CARTESIAN_POINT('',(1.,0.199250239259));
#3770 = CARTESIAN_POINT('',(0.995528480059,0.148494516616));
#3771 = CARTESIAN_POINT('',(0.986583991831,9.813982355552E-02));
#3772 = CARTESIAN_POINT('',(0.973348962096,4.854258306613E-02));
#3773 = CARTESIAN_POINT('',(0.956115765718,0.));
#3774 = ( GEOMETRIC_REPRESENTATION_CONTEXT(2) 
PARAMETRIC_REPRESENTATION_CONTEXT() REPRESENTATION_CONTEXT('2D SPACE',''
  ) );
#3775 = ORIENTED_EDGE('',*,*,#3776,.T.);
#3776 = EDGE_CURVE('',#3745,#3777,#3779,.T.);
#3777 = VERTEX_POINT('',#3778);
#3778 = CARTESIAN_POINT('',(17.956115765718,-0.25,9.));
#3779 = SURFACE_CURVE('',#3780,(#3786,#3795),.PCURVE_S1.);
#3780 = B_SPLINE_CURVE_WITH_KNOTS('',4,(#3781,#3782,#3783,#3784,#3785),
  .UNSPECIFIED.,.F.,.F.,(5,5),(0.,1.),.PIECEWISE_BEZIER_KNOTS.);
#3781 = CARTESIAN_POINT('',(17.956115765718,-0.25,15.));
#3782 = CARTESIAN_POINT('',(17.956115765718,-0.25,13.5));
#3783 = CARTESIAN_POINT('',(17.956115765718,-0.25,12.));
#3784 = CARTESIAN_POINT('',(17.956115765718,-0.25,10.5));
#3785 = CARTESIAN_POINT('',(17.956115765718,-0.25,9.));
#3786 = PCURVE('',#2285,#3787);
#3787 = DEFINITIONAL_REPRESENTATION('',(#3788),#3794);
#3788 = B_SPLINE_CURVE_WITH_KNOTS('',4,(#3789,#3790,#3791,#3792,#3793),
  .UNSPECIFIED.,.F.,.F.,(5,5),(0.,1.),.PIECEWISE_BEZIER_KNOTS.);
#3789 = CARTESIAN_POINT('',(6.073314714917,-27.5));
#3790 = CARTESIAN_POINT('',(6.073314714917,-26.));
#3791 = CARTESIAN_POINT('',(6.073314714917,-24.5));
#3792 = CARTESIAN_POINT('',(6.073314714917,-23.));
#3793 = CARTESIAN_POINT('',(6.073314714917,-21.5));
#3794 = ( GEOMETRIC_REPRESENTATION_CONTEXT(2) 
PARAMETRIC_REPRESENTATION_CONTEXT() REPRESENTATION_CONTEXT('2D SPACE',''
  ) );
#3795 = PCURVE('',#3796,#3801);
#3796 = PLANE('',#3797);
#3797 = AXIS2_PLACEMENT_3D('',#3798,#3799,#3800);
#3798 = CARTESIAN_POINT('',(17.,-0.25,9.));
#3799 = DIRECTION('',(0.,1.,0.));
#3800 = DIRECTION('',(0.,0.,1.));
#3801 = DEFINITIONAL_REPRESENTATION('',(#3802),#3808);
#3802 = B_SPLINE_CURVE_WITH_KNOTS('',4,(#3803,#3804,#3805,#3806,#3807),
  .UNSPECIFIED.,.F.,.F.,(5,5),(0.,1.),.PIECEWISE_BEZIER_KNOTS.);
#3803 = CARTESIAN_POINT('',(6.,0.956115765718));
#3804 = CARTESIAN_POINT('',(4.5,0.956115765718));
#3805 = CARTESIAN_POINT('',(3.,0.956115765718));
#3806 = CARTESIAN_POINT('',(1.5,0.956115765718));
#3807 = CARTESIAN_POINT('',(0.,0.956115765718));
#3808 = ( GEOMETRIC_REPRESENTATION_CONTEXT(2) 
PARAMETRIC_REPRESENTATION_CONTEXT() REPRESENTATION_CONTEXT('2D SPACE',''
  ) );
#3809 = ORIENTED_EDGE('',*,*,#3810,.F.);
#3810 = EDGE_CURVE('',#3561,#3777,#3811,.T.);
#3811 = SURFACE_CURVE('',#3812,(#3819,#3829),.PCURVE_S1.);
#3812 = B_SPLINE_CURVE_WITH_KNOTS('',5,(#3813,#3814,#3815,#3816,#3817,
    #3818),.UNSPECIFIED.,.F.,.F.,(6,6),(0.,1.),
  .PIECEWISE_BEZIER_KNOTS.);
#3813 = CARTESIAN_POINT('',(18.,-3.053113317719E-16,9.));
#3814 = CARTESIAN_POINT('',(18.,-5.074976074099E-02,9.));
#3815 = CARTESIAN_POINT('',(17.995528480059,-0.101505483384,9.));
#3816 = CARTESIAN_POINT('',(17.986583991831,-0.151860176444,9.));
#3817 = CARTESIAN_POINT('',(17.973348962096,-0.201457416934,9.));
#3818 = CARTESIAN_POINT('',(17.956115765718,-0.25,9.));
#3819 = PCURVE('',#2285,#3820);
#3820 = DEFINITIONAL_REPRESENTATION('',(#3821),#3828);
#3821 = B_SPLINE_CURVE_WITH_KNOTS('',5,(#3822,#3823,#3824,#3825,#3826,
    #3827),.UNSPECIFIED.,.F.,.F.,(6,6),(0.,1.),
  .PIECEWISE_BEZIER_KNOTS.);
#3822 = CARTESIAN_POINT('',(6.28318530718,-21.5));
#3823 = CARTESIAN_POINT('',(6.240893839895,-21.5));
#3824 = CARTESIAN_POINT('',(6.19859749158,-21.5));
#3825 = CARTESIAN_POINT('',(6.156477270622,-21.5));
#3826 = CARTESIAN_POINT('',(6.114674386225,-21.5));
#3827 = CARTESIAN_POINT('',(6.073314714917,-21.5));
#3828 = ( GEOMETRIC_REPRESENTATION_CONTEXT(2) 
PARAMETRIC_REPRESENTATION_CONTEXT() REPRESENTATION_CONTEXT('2D SPACE',''
  ) );
#3829 = PCURVE('',#3607,#3830);
#3830 = DEFINITIONAL_REPRESENTATION('',(#3831),#3838);
#3831 = B_SPLINE_CURVE_WITH_KNOTS('',5,(#3832,#3833,#3834,#3835,#3836,
    #3837),.UNSPECIFIED.,.F.,.F.,(6,6),(0.,1.),
  .PIECEWISE_BEZIER_KNOTS.);
#3832 = CARTESIAN_POINT('',(1.,0.25));
#3833 = CARTESIAN_POINT('',(1.,0.199250239259));
#3834 = CARTESIAN_POINT('',(0.995528480059,0.148494516616));
#3835 = CARTESIAN_POINT('',(0.986583991831,9.813982355552E-02));
#3836 = CARTESIAN_POINT('',(0.973348962096,4.854258306613E-02));
#3837 = CARTESIAN_POINT('',(0.956115765718,0.));
#3838 = ( GEOMETRIC_REPRESENTATION_CONTEXT(2) 
PARAMETRIC_REPRESENTATION_CONTEXT() REPRESENTATION_CONTEXT('2D SPACE',''
  ) );
#3839 = ADVANCED_FACE('',(#3840),#2840,.F.);
#3840 = FACE_BOUND('',#3841,.F.);
#3841 = EDGE_LOOP('',(#3842,#3867,#3894,#3895,#3932,#3966,#4003,#4024,
    #4025,#4026,#4058,#4092));
#3842 = ORIENTED_EDGE('',*,*,#3843,.F.);
#3843 = EDGE_CURVE('',#3844,#3846,#3848,.T.);
#3844 = VERTEX_POINT('',#3845);
#3845 = CARTESIAN_POINT('',(18.,0.,-12.5));
#3846 = VERTEX_POINT('',#3847);
#3847 = CARTESIAN_POINT('',(18.,0.,-12.));
#3848 = SEAM_CURVE('',#3849,(#3853,#3860),.PCURVE_S1.);
#3849 = LINE('',#3850,#3851);
#3850 = CARTESIAN_POINT('',(18.,0.,-12.5));
#3851 = VECTOR('',#3852,1.);
#3852 = DIRECTION('',(0.,0.,1.));
#3853 = PCURVE('',#2840,#3854);
#3854 = DEFINITIONAL_REPRESENTATION('',(#3855),#3859);
#3855 = LINE('',#3856,#3857);
#3856 = CARTESIAN_POINT('',(6.28318530718,0.));
#3857 = VECTOR('',#3858,1.);
#3858 = DIRECTION('',(0.,-1.));
#3859 = ( GEOMETRIC_REPRESENTATION_CONTEXT(2) 
PARAMETRIC_REPRESENTATION_CONTEXT() REPRESENTATION_CONTEXT('2D SPACE',''
  ) );
#3860 = PCURVE('',#2840,#3861);
#3861 = DEFINITIONAL_REPRESENTATION('',(#3862),#3866);
#3862 = LINE('',#3863,#3864);
#3863 = CARTESIAN_POINT('',(0.,0.));
#3864 = VECTOR('',#3865,1.);
#3865 = DIRECTION('',(0.,-1.));
#3866 = ( GEOMETRIC_REPRESENTATION_CONTEXT(2) 
PARAMETRIC_REPRESENTATION_CONTEXT() REPRESENTATION_CONTEXT('2D SPACE',''
  ) );
#3867 = ORIENTED_EDGE('',*,*,#3868,.F.);
#3868 = EDGE_CURVE('',#3844,#3844,#3869,.T.);
#3869 = SURFACE_CURVE('',#3870,(#3875,#3882),.PCURVE_S1.);
#3870 = ELLIPSE('',#3871,2.,1.2);
#3871 = AXIS2_PLACEMENT_3D('',#3872,#3873,#3874);
#3872 = CARTESIAN_POINT('',(16.,0.,-12.5));
#3873 = DIRECTION('',(0.,0.,1.));
#3874 = DIRECTION('',(1.,0.,0.));
#3875 = PCURVE('',#2840,#3876);
#3876 = DEFINITIONAL_REPRESENTATION('',(#3877),#3881);
#3877 = LINE('',#3878,#3879);
#3878 = CARTESIAN_POINT('',(0.,0.));
#3879 = VECTOR('',#3880,1.);
#3880 = DIRECTION('',(1.,0.));
#3881 = ( GEOMETRIC_REPRESENTATION_CONTEXT(2) 
PARAMETRIC_REPRESENTATION_CONTEXT() REPRESENTATION_CONTEXT('2D SPACE',''
  ) );
#3882 = PCURVE('',#3883,#3888);
#3883 = PLANE('',#3884);
#3884 = AXIS2_PLACEMENT_3D('',#3885,#3886,#3887);
#3885 = CARTESIAN_POINT('',(16.130090916605,1.027129254321E-16,-12.5));
#3886 = DIRECTION('',(0.,0.,1.));
#3887 = DIRECTION('',(1.,0.,-0.));
#3888 = DEFINITIONAL_REPRESENTATION('',(#3889),#3893);
#3889 = ELLIPSE('',#3890,2.,1.2);
#3890 = AXIS2_PLACEMENT_2D('',#3891,#3892);
#3891 = CARTESIAN_POINT('',(-0.130090916605,-1.027129254321E-16));
#3892 = DIRECTION('',(1.,0.));
#3893 = ( GEOMETRIC_REPRESENTATION_CONTEXT(2) 
PARAMETRIC_REPRESENTATION_CONTEXT() REPRESENTATION_CONTEXT('2D SPACE',''
  ) );
#3894 = ORIENTED_EDGE('',*,*,#3843,.T.);
#3895 = ORIENTED_EDGE('',*,*,#3896,.F.);
#3896 = EDGE_CURVE('',#3897,#3846,#3899,.T.);
#3897 = VERTEX_POINT('',#3898);
#3898 = CARTESIAN_POINT('',(17.956115765718,0.25,-12.));
#3899 = SURFACE_CURVE('',#3900,(#3907,#3917),.PCURVE_S1.);
#3900 = B_SPLINE_CURVE_WITH_KNOTS('',5,(#3901,#3902,#3903,#3904,#3905,
    #3906),.UNSPECIFIED.,.F.,.F.,(6,6),(0.,1.),
  .PIECEWISE_BEZIER_KNOTS.);
#3901 = CARTESIAN_POINT('',(17.956115765718,0.25,-12.));
#3902 = CARTESIAN_POINT('',(17.973348962096,0.201457416934,-12.));
#3903 = CARTESIAN_POINT('',(17.986583991831,0.151860176444,-12.));
#3904 = CARTESIAN_POINT('',(17.995528480059,0.101505483384,-12.));
#3905 = CARTESIAN_POINT('',(18.,5.074976074098E-02,-12.));
#3906 = CARTESIAN_POINT('',(18.,0.,-12.));
#3907 = PCURVE('',#2840,#3908);
#3908 = DEFINITIONAL_REPRESENTATION('',(#3909),#3916);
#3909 = B_SPLINE_CURVE_WITH_KNOTS('',5,(#3910,#3911,#3912,#3913,#3914,
    #3915),.UNSPECIFIED.,.F.,.F.,(6,6),(0.,1.),
  .PIECEWISE_BEZIER_KNOTS.);
#3910 = CARTESIAN_POINT('',(0.209870592263,-0.5));
#3911 = CARTESIAN_POINT('',(0.168510920955,-0.5));
#3912 = CARTESIAN_POINT('',(0.126708036557,-0.5));
#3913 = CARTESIAN_POINT('',(8.458781559951E-02,-0.5));
#3914 = CARTESIAN_POINT('',(4.229146728415E-02,-0.5));
#3915 = CARTESIAN_POINT('',(0.,-0.5));
#3916 = ( GEOMETRIC_REPRESENTATION_CONTEXT(2) 
PARAMETRIC_REPRESENTATION_CONTEXT() REPRESENTATION_CONTEXT('2D SPACE',''
  ) );
#3917 = PCURVE('',#3918,#3923);
#3918 = PLANE('',#3919);
#3919 = AXIS2_PLACEMENT_3D('',#3920,#3921,#3922);
#3920 = CARTESIAN_POINT('',(17.,-0.25,-12.));
#3921 = DIRECTION('',(0.,0.,1.));
#3922 = DIRECTION('',(1.,0.,0.));
#3923 = DEFINITIONAL_REPRESENTATION('',(#3924),#3931);
#3924 = B_SPLINE_CURVE_WITH_KNOTS('',5,(#3925,#3926,#3927,#3928,#3929,
    #3930),.UNSPECIFIED.,.F.,.F.,(6,6),(0.,1.),
  .PIECEWISE_BEZIER_KNOTS.);
#3925 = CARTESIAN_POINT('',(0.956115765718,0.5));
#3926 = CARTESIAN_POINT('',(0.973348962096,0.451457416934));
#3927 = CARTESIAN_POINT('',(0.986583991831,0.401860176444));
#3928 = CARTESIAN_POINT('',(0.995528480059,0.351505483384));
#3929 = CARTESIAN_POINT('',(1.,0.300749760741));
#3930 = CARTESIAN_POINT('',(1.,0.25));
#3931 = ( GEOMETRIC_REPRESENTATION_CONTEXT(2) 
PARAMETRIC_REPRESENTATION_CONTEXT() REPRESENTATION_CONTEXT('2D SPACE',''
  ) );
#3932 = ORIENTED_EDGE('',*,*,#3933,.F.);
#3933 = EDGE_CURVE('',#3934,#3897,#3936,.T.);
#3934 = VERTEX_POINT('',#3935);
#3935 = CARTESIAN_POINT('',(17.956115765718,0.25,-6.));
#3936 = SURFACE_CURVE('',#3937,(#3943,#3952),.PCURVE_S1.);
#3937 = B_SPLINE_CURVE_WITH_KNOTS('',4,(#3938,#3939,#3940,#3941,#3942),
  .UNSPECIFIED.,.F.,.F.,(5,5),(0.,1.),.PIECEWISE_BEZIER_KNOTS.);
#3938 = CARTESIAN_POINT('',(17.956115765718,0.25,-6.));
#3939 = CARTESIAN_POINT('',(17.956115765718,0.25,-7.5));
#3940 = CARTESIAN_POINT('',(17.956115765718,0.25,-9.));
#3941 = CARTESIAN_POINT('',(17.956115765718,0.25,-10.5));
#3942 = CARTESIAN_POINT('',(17.956115765718,0.25,-12.));
#3943 = PCURVE('',#2840,#3944);
#3944 = DEFINITIONAL_REPRESENTATION('',(#3945),#3951);
#3945 = B_SPLINE_CURVE_WITH_KNOTS('',4,(#3946,#3947,#3948,#3949,#3950),
  .UNSPECIFIED.,.F.,.F.,(5,5),(0.,1.),.PIECEWISE_BEZIER_KNOTS.);
#3946 = CARTESIAN_POINT('',(0.209870592263,-6.5));
#3947 = CARTESIAN_POINT('',(0.209870592263,-5.));
#3948 = CARTESIAN_POINT('',(0.209870592263,-3.5));
#3949 = CARTESIAN_POINT('',(0.209870592263,-2.));
#3950 = CARTESIAN_POINT('',(0.209870592263,-0.5));
#3951 = ( GEOMETRIC_REPRESENTATION_CONTEXT(2) 
PARAMETRIC_REPRESENTATION_CONTEXT() REPRESENTATION_CONTEXT('2D SPACE',''
  ) );
#3952 = PCURVE('',#3953,#3958);
#3953 = PLANE('',#3954);
#3954 = AXIS2_PLACEMENT_3D('',#3955,#3956,#3957);
#3955 = CARTESIAN_POINT('',(17.,0.25,-12.));
#3956 = DIRECTION('',(0.,1.,0.));
#3957 = DIRECTION('',(0.,0.,1.));
#3958 = DEFINITIONAL_REPRESENTATION('',(#3959),#3965);
#3959 = B_SPLINE_CURVE_WITH_KNOTS('',4,(#3960,#3961,#3962,#3963,#3964),
  .UNSPECIFIED.,.F.,.F.,(5,5),(0.,1.),.PIECEWISE_BEZIER_KNOTS.);
#3960 = CARTESIAN_POINT('',(6.,0.956115765718));
#3961 = CARTESIAN_POINT('',(4.5,0.956115765718));
#3962 = CARTESIAN_POINT('',(3.,0.956115765718));
#3963 = CARTESIAN_POINT('',(1.5,0.956115765718));
#3964 = CARTESIAN_POINT('',(0.,0.956115765718));
#3965 = ( GEOMETRIC_REPRESENTATION_CONTEXT(2) 
PARAMETRIC_REPRESENTATION_CONTEXT() REPRESENTATION_CONTEXT('2D SPACE',''
  ) );
#3966 = ORIENTED_EDGE('',*,*,#3967,.T.);
#3967 = EDGE_CURVE('',#3934,#3968,#3970,.T.);
#3968 = VERTEX_POINT('',#3969);
#3969 = CARTESIAN_POINT('',(18.,0.,-6.));
#3970 = SURFACE_CURVE('',#3971,(#3978,#3988),.PCURVE_S1.);
#3971 = B_SPLINE_CURVE_WITH_KNOTS('',5,(#3972,#3973,#3974,#3975,#3976,
    #3977),.UNSPECIFIED.,.F.,.F.,(6,6),(0.,1.),
  .PIECEWISE_BEZIER_KNOTS.);
#3972 = CARTESIAN_POINT('',(17.956115765718,0.25,-6.));
#3973 = CARTESIAN_POINT('',(17.973348962096,0.201457416934,-6.));
#3974 = CARTESIAN_POINT('',(17.986583991831,0.151860176444,-6.));
#3975 = CARTESIAN_POINT('',(17.995528480059,0.101505483384,-6.));
#3976 = CARTESIAN_POINT('',(18.,5.074976074098E-02,-6.));
#3977 = CARTESIAN_POINT('',(18.,0.,-6.));
#3978 = PCURVE('',#2840,#3979);
#3979 = DEFINITIONAL_REPRESENTATION('',(#3980),#3987);
#3980 = B_SPLINE_CURVE_WITH_KNOTS('',5,(#3981,#3982,#3983,#3984,#3985,
    #3986),.UNSPECIFIED.,.F.,.F.,(6,6),(0.,1.),
  .PIECEWISE_BEZIER_KNOTS.);
#3981 = CARTESIAN_POINT('',(0.209870592263,-6.5));
#3982 = CARTESIAN_POINT('',(0.168510920955,-6.5));
#3983 = CARTESIAN_POINT('',(0.126708036557,-6.5));
#3984 = CARTESIAN_POINT('',(8.458781559951E-02,-6.5));
#3985 = CARTESIAN_POINT('',(4.229146728415E-02,-6.5));
#3986 = CARTESIAN_POINT('',(0.,-6.5));
#3987 = ( GEOMETRIC_REPRESENTATION_CONTEXT(2) 
PARAMETRIC_REPRESENTATION_CONTEXT() REPRESENTATION_CONTEXT('2D SPACE',''
  ) );
#3988 = PCURVE('',#3989,#3994);
#3989 = PLANE('',#3990);
#3990 = AXIS2_PLACEMENT_3D('',#3991,#3992,#3993);
#3991 = CARTESIAN_POINT('',(17.,-0.25,-6.));
#3992 = DIRECTION('',(0.,0.,1.));
#3993 = DIRECTION('',(1.,0.,0.));
#3994 = DEFINITIONAL_REPRESENTATION('',(#3995),#4002);
#3995 = B_SPLINE_CURVE_WITH_KNOTS('',5,(#3996,#3997,#3998,#3999,#4000,
    #4001),.UNSPECIFIED.,.F.,.F.,(6,6),(0.,1.),
  .PIECEWISE_BEZIER_KNOTS.);
#3996 = CARTESIAN_POINT('',(0.956115765718,0.5));
#3997 = CARTESIAN_POINT('',(0.973348962096,0.451457416934));
#3998 = CARTESIAN_POINT('',(0.986583991831,0.401860176444));
#3999 = CARTESIAN_POINT('',(0.995528480059,0.351505483384));
#4000 = CARTESIAN_POINT('',(1.,0.300749760741));
#4001 = CARTESIAN_POINT('',(1.,0.25));
#4002 = ( GEOMETRIC_REPRESENTATION_CONTEXT(2) 
PARAMETRIC_REPRESENTATION_CONTEXT() REPRESENTATION_CONTEXT('2D SPACE',''
  ) );
#4003 = ORIENTED_EDGE('',*,*,#4004,.T.);
#4004 = EDGE_CURVE('',#3968,#2477,#4005,.T.);
#4005 = SEAM_CURVE('',#4006,(#4010,#4017),.PCURVE_S1.);
#4006 = LINE('',#4007,#4008);
#4007 = CARTESIAN_POINT('',(18.,0.,-12.5));
#4008 = VECTOR('',#4009,1.);
#4009 = DIRECTION('',(0.,0.,1.));
#4010 = PCURVE('',#2840,#4011);
#4011 = DEFINITIONAL_REPRESENTATION('',(#4012),#4016);
#4012 = LINE('',#4013,#4014);
#4013 = CARTESIAN_POINT('',(6.28318530718,0.));
#4014 = VECTOR('',#4015,1.);
#4015 = DIRECTION('',(0.,-1.));
#4016 = ( GEOMETRIC_REPRESENTATION_CONTEXT(2) 
PARAMETRIC_REPRESENTATION_CONTEXT() REPRESENTATION_CONTEXT('2D SPACE',''
  ) );
#4017 = PCURVE('',#2840,#4018);
#4018 = DEFINITIONAL_REPRESENTATION('',(#4019),#4023);
#4019 = LINE('',#4020,#4021);
#4020 = CARTESIAN_POINT('',(0.,0.));
#4021 = VECTOR('',#4022,1.);
#4022 = DIRECTION('',(0.,-1.));
#4023 = ( GEOMETRIC_REPRESENTATION_CONTEXT(2) 
PARAMETRIC_REPRESENTATION_CONTEXT() REPRESENTATION_CONTEXT('2D SPACE',''
  ) );
#4024 = ORIENTED_EDGE('',*,*,#2476,.T.);
#4025 = ORIENTED_EDGE('',*,*,#4004,.F.);
#4026 = ORIENTED_EDGE('',*,*,#4027,.T.);
#4027 = EDGE_CURVE('',#3968,#4028,#4030,.T.);
#4028 = VERTEX_POINT('',#4029);
#4029 = CARTESIAN_POINT('',(17.956115765718,-0.25,-6.));
#4030 = SURFACE_CURVE('',#4031,(#4038,#4048),.PCURVE_S1.);
#4031 = B_SPLINE_CURVE_WITH_KNOTS('',5,(#4032,#4033,#4034,#4035,#4036,
    #4037),.UNSPECIFIED.,.F.,.F.,(6,6),(0.,1.),
  .PIECEWISE_BEZIER_KNOTS.);
#4032 = CARTESIAN_POINT('',(18.,-3.053113317719E-16,-6.));
#4033 = CARTESIAN_POINT('',(18.,-5.074976074099E-02,-6.));
#4034 = CARTESIAN_POINT('',(17.995528480059,-0.101505483384,-6.));
#4035 = CARTESIAN_POINT('',(17.986583991831,-0.151860176444,-6.));
#4036 = CARTESIAN_POINT('',(17.973348962096,-0.201457416934,-6.));
#4037 = CARTESIAN_POINT('',(17.956115765718,-0.25,-6.));
#4038 = PCURVE('',#2840,#4039);
#4039 = DEFINITIONAL_REPRESENTATION('',(#4040),#4047);
#4040 = B_SPLINE_CURVE_WITH_KNOTS('',5,(#4041,#4042,#4043,#4044,#4045,
    #4046),.UNSPECIFIED.,.F.,.F.,(6,6),(0.,1.),
  .PIECEWISE_BEZIER_KNOTS.);
#4041 = CARTESIAN_POINT('',(6.28318530718,-6.5));
#4042 = CARTESIAN_POINT('',(6.240893839895,-6.5));
#4043 = CARTESIAN_POINT('',(6.19859749158,-6.5));
#4044 = CARTESIAN_POINT('',(6.156477270622,-6.5));
#4045 = CARTESIAN_POINT('',(6.114674386225,-6.5));
#4046 = CARTESIAN_POINT('',(6.073314714917,-6.5));
#4047 = ( GEOMETRIC_REPRESENTATION_CONTEXT(2) 
PARAMETRIC_REPRESENTATION_CONTEXT() REPRESENTATION_CONTEXT('2D SPACE',''
  ) );
#4048 = PCURVE('',#3989,#4049);
#4049 = DEFINITIONAL_REPRESENTATION('',(#4050),#4057);
#4050 = B_SPLINE_CURVE_WITH_KNOTS('',5,(#4051,#4052,#4053,#4054,#4055,
    #4056),.UNSPECIFIED.,.F.,.F.,(6,6),(0.,1.),
  .PIECEWISE_BEZIER_KNOTS.);
#4051 = CARTESIAN_POINT('',(1.,0.25));
#4052 = CARTESIAN_POINT('',(1.,0.199250239259));
#4053 = CARTESIAN_POINT('',(0.995528480059,0.148494516616));
#4054 = CARTESIAN_POINT('',(0.986583991831,9.813982355552E-02));
#4055 = CARTESIAN_POINT('',(0.973348962096,4.854258306613E-02));
#4056 = CARTESIAN_POINT('',(0.956115765718,0.));
#4057 = ( GEOMETRIC_REPRESENTATION_CONTEXT(2) 
PARAMETRIC_REPRESENTATION_CONTEXT() REPRESENTATION_CONTEXT('2D SPACE',''
  ) );
#4058 = ORIENTED_EDGE('',*,*,#4059,.T.);
#4059 = EDGE_CURVE('',#4028,#4060,#4062,.T.);
#4060 = VERTEX_POINT('',#4061);
#4061 = CARTESIAN_POINT('',(17.956115765718,-0.25,-12.));
#4062 = SURFACE_CURVE('',#4063,(#4069,#4078),.PCURVE_S1.);
#4063 = B_SPLINE_CURVE_WITH_KNOTS('',4,(#4064,#4065,#4066,#4067,#4068),
  .UNSPECIFIED.,.F.,.F.,(5,5),(0.,1.),.PIECEWISE_BEZIER_KNOTS.);
#4064 = CARTESIAN_POINT('',(17.956115765718,-0.25,-6.));
#4065 = CARTESIAN_POINT('',(17.956115765718,-0.25,-7.5));
#4066 = CARTESIAN_POINT('',(17.956115765718,-0.25,-9.));
#4067 = CARTESIAN_POINT('',(17.956115765718,-0.25,-10.5));
#4068 = CARTESIAN_POINT('',(17.956115765718,-0.25,-12.));
#4069 = PCURVE('',#2840,#4070);
#4070 = DEFINITIONAL_REPRESENTATION('',(#4071),#4077);
#4071 = B_SPLINE_CURVE_WITH_KNOTS('',4,(#4072,#4073,#4074,#4075,#4076),
  .UNSPECIFIED.,.F.,.F.,(5,5),(0.,1.),.PIECEWISE_BEZIER_KNOTS.);
#4072 = CARTESIAN_POINT('',(6.073314714917,-6.5));
#4073 = CARTESIAN_POINT('',(6.073314714917,-5.));
#4074 = CARTESIAN_POINT('',(6.073314714917,-3.5));
#4075 = CARTESIAN_POINT('',(6.073314714917,-2.));
#4076 = CARTESIAN_POINT('',(6.073314714917,-0.5));
#4077 = ( GEOMETRIC_REPRESENTATION_CONTEXT(2) 
PARAMETRIC_REPRESENTATION_CONTEXT() REPRESENTATION_CONTEXT('2D SPACE',''
  ) );
#4078 = PCURVE('',#4079,#4084);
#4079 = PLANE('',#4080);
#4080 = AXIS2_PLACEMENT_3D('',#4081,#4082,#4083);
#4081 = CARTESIAN_POINT('',(17.,-0.25,-12.));
#4082 = DIRECTION('',(0.,1.,0.));
#4083 = DIRECTION('',(0.,0.,1.));
#4084 = DEFINITIONAL_REPRESENTATION('',(#4085),#4091);
#4085 = B_SPLINE_CURVE_WITH_KNOTS('',4,(#4086,#4087,#4088,#4089,#4090),
  .UNSPECIFIED.,.F.,.F.,(5,5),(0.,1.),.PIECEWISE_BEZIER_KNOTS.);
#4086 = CARTESIAN_POINT('',(6.,0.956115765718));
#4087 = CARTESIAN_POINT('',(4.5,0.956115765718));
#4088 = CARTESIAN_POINT('',(3.,0.956115765718));
#4089 = CARTESIAN_POINT('',(1.5,0.956115765718));
#4090 = CARTESIAN_POINT('',(0.,0.956115765718));
#4091 = ( GEOMETRIC_REPRESENTATION_CONTEXT(2) 
PARAMETRIC_REPRESENTATION_CONTEXT() REPRESENTATION_CONTEXT('2D SPACE',''
  ) );
#4092 = ORIENTED_EDGE('',*,*,#4093,.F.);
#4093 = EDGE_CURVE('',#3846,#4060,#4094,.T.);
#4094 = SURFACE_CURVE('',#4095,(#4102,#4112),.PCURVE_S1.);
#4095 = B_SPLINE_CURVE_WITH_KNOTS('',5,(#4096,#4097,#4098,#4099,#4100,
    #4101),.UNSPECIFIED.,.F.,.F.,(6,6),(0.,1.),
  .PIECEWISE_BEZIER_KNOTS.);
#4096 = CARTESIAN_POINT('',(18.,-3.053113317719E-16,-12.));
#4097 = CARTESIAN_POINT('',(18.,-5.074976074099E-02,-12.));
#4098 = CARTESIAN_POINT('',(17.995528480059,-0.101505483384,-12.));
#4099 = CARTESIAN_POINT('',(17.986583991831,-0.151860176444,-12.));
#4100 = CARTESIAN_POINT('',(17.973348962096,-0.201457416934,-12.));
#4101 = CARTESIAN_POINT('',(17.956115765718,-0.25,-12.));
#4102 = PCURVE('',#2840,#4103);
#4103 = DEFINITIONAL_REPRESENTATION('',(#4104),#4111);
#4104 = B_SPLINE_CURVE_WITH_KNOTS('',5,(#4105,#4106,#4107,#4108,#4109,
    #4110),.UNSPECIFIED.,.F.,.F.,(6,6),(0.,1.),
  .PIECEWISE_BEZIER_KNOTS.);
#4105 = CARTESIAN_POINT('',(6.28318530718,-0.5));
#4106 = CARTESIAN_POINT('',(6.240893839895,-0.5));
#4107 = CARTESIAN_POINT('',(6.19859749158,-0.5));
#4108 = CARTESIAN_POINT('',(6.156477270622,-0.5));
#4109 = CARTESIAN_POINT('',(6.114674386225,-0.5));
#4110 = CARTESIAN_POINT('',(6.073314714917,-0.5));
#4111 = ( GEOMETRIC_REPRESENTATION_CONTEXT(2) 
PARAMETRIC_REPRESENTATION_CONTEXT() REPRESENTATION_CONTEXT('2D SPACE',''
  ) );
#4112 = PCURVE('',#3918,#4113);
#4113 = DEFINITIONAL_REPRESENTATION('',(#4114),#4121);
#4114 = B_SPLINE_CURVE_WITH_KNOTS('',5,(#4115,#4116,#4117,#4118,#4119,
    #4120),.UNSPECIFIED.,.F.,.F.,(6,6),(0.,1.),
  .PIECEWISE_BEZIER_KNOTS.);
#4115 = CARTESIAN_POINT('',(1.,0.25));
#4116 = CARTESIAN_POINT('',(1.,0.199250239259));
#4117 = CARTESIAN_POINT('',(0.995528480059,0.148494516616));
#4118 = CARTESIAN_POINT('',(0.986583991831,9.813982355552E-02));
#4119 = CARTESIAN_POINT('',(0.973348962096,4.854258306613E-02));
#4120 = CARTESIAN_POINT('',(0.956115765718,0.));
#4121 = ( GEOMETRIC_REPRESENTATION_CONTEXT(2) 
PARAMETRIC_REPRESENTATION_CONTEXT() REPRESENTATION_CONTEXT('2D SPACE',''
  ) );
#4122 = ADVANCED_FACE('',(#4123),#3140,.F.);
#4123 = FACE_BOUND('',#4124,.F.);
#4124 = EDGE_LOOP('',(#4125,#4146,#4147));
#4125 = ORIENTED_EDGE('',*,*,#4126,.F.);
#4126 = EDGE_CURVE('',#3440,#3096,#4127,.T.);
#4127 = SURFACE_CURVE('',#4128,(#4132,#4139),.PCURVE_S1.);
#4128 = LINE('',#4129,#4130);
#4129 = CARTESIAN_POINT('',(40.,3.75,4.7));
#4130 = VECTOR('',#4131,1.);
#4131 = DIRECTION('',(1.,0.,0.));
#4132 = PCURVE('',#3140,#4133);
#4133 = DEFINITIONAL_REPRESENTATION('',(#4134),#4138);
#4134 = LINE('',#4135,#4136);
#4135 = CARTESIAN_POINT('',(0.,7.5));
#4136 = VECTOR('',#4137,1.);
#4137 = DIRECTION('',(1.,0.));
#4138 = ( GEOMETRIC_REPRESENTATION_CONTEXT(2) 
PARAMETRIC_REPRESENTATION_CONTEXT() REPRESENTATION_CONTEXT('2D SPACE',''
  ) );
#4139 = PCURVE('',#3111,#4140);
#4140 = DEFINITIONAL_REPRESENTATION('',(#4141),#4145);
#4141 = LINE('',#4142,#4143);
#4142 = CARTESIAN_POINT('',(8.9,0.));
#4143 = VECTOR('',#4144,1.);
#4144 = DIRECTION('',(0.,1.));
#4145 = ( GEOMETRIC_REPRESENTATION_CONTEXT(2) 
PARAMETRIC_REPRESENTATION_CONTEXT() REPRESENTATION_CONTEXT('2D SPACE',''
  ) );
#4146 = ORIENTED_EDGE('',*,*,#3439,.F.);
#4147 = ORIENTED_EDGE('',*,*,#3123,.F.);
#4148 = ADVANCED_FACE('',(#4149),#3111,.T.);
#4149 = FACE_BOUND('',#4150,.T.);
#4150 = EDGE_LOOP('',(#4151,#4181,#4209,#4237,#4258,#4259,#4280,#4281,
    #4282,#4283,#4306,#4334));
#4151 = ORIENTED_EDGE('',*,*,#4152,.F.);
#4152 = EDGE_CURVE('',#4153,#4155,#4157,.T.);
#4153 = VERTEX_POINT('',#4154);
#4154 = CARTESIAN_POINT('',(44.,3.75,-1.7));
#4155 = VERTEX_POINT('',#4156);
#4156 = CARTESIAN_POINT('',(44.,3.75,4.7));
#4157 = SURFACE_CURVE('',#4158,(#4162,#4169),.PCURVE_S1.);
#4158 = LINE('',#4159,#4160);
#4159 = CARTESIAN_POINT('',(44.,3.75,-4.2));
#4160 = VECTOR('',#4161,1.);
#4161 = DIRECTION('',(0.,0.,1.));
#4162 = PCURVE('',#3111,#4163);
#4163 = DEFINITIONAL_REPRESENTATION('',(#4164),#4168);
#4164 = LINE('',#4165,#4166);
#4165 = CARTESIAN_POINT('',(0.,4.));
#4166 = VECTOR('',#4167,1.);
#4167 = DIRECTION('',(1.,0.));
#4168 = ( GEOMETRIC_REPRESENTATION_CONTEXT(2) 
PARAMETRIC_REPRESENTATION_CONTEXT() REPRESENTATION_CONTEXT('2D SPACE',''
  ) );
#4169 = PCURVE('',#4170,#4175);
#4170 = PLANE('',#4171);
#4171 = AXIS2_PLACEMENT_3D('',#4172,#4173,#4174);
#4172 = CARTESIAN_POINT('',(44.,-3.75,-4.2));
#4173 = DIRECTION('',(1.,0.,0.));
#4174 = DIRECTION('',(0.,0.,1.));
#4175 = DEFINITIONAL_REPRESENTATION('',(#4176),#4180);
#4176 = LINE('',#4177,#4178);
#4177 = CARTESIAN_POINT('',(0.,-7.5));
#4178 = VECTOR('',#4179,1.);
#4179 = DIRECTION('',(1.,0.));
#4180 = ( GEOMETRIC_REPRESENTATION_CONTEXT(2) 
PARAMETRIC_REPRESENTATION_CONTEXT() REPRESENTATION_CONTEXT('2D SPACE',''
  ) );
#4181 = ORIENTED_EDGE('',*,*,#4182,.T.);
#4182 = EDGE_CURVE('',#4153,#4183,#4185,.T.);
#4183 = VERTEX_POINT('',#4184);
#4184 = CARTESIAN_POINT('',(49.45,3.75,-1.7));
#4185 = SURFACE_CURVE('',#4186,(#4190,#4197),.PCURVE_S1.);
#4186 = LINE('',#4187,#4188);
#4187 = CARTESIAN_POINT('',(40.,3.75,-1.7));
#4188 = VECTOR('',#4189,1.);
#4189 = DIRECTION('',(1.,0.,0.));
#4190 = PCURVE('',#3111,#4191);
#4191 = DEFINITIONAL_REPRESENTATION('',(#4192),#4196);
#4192 = LINE('',#4193,#4194);
#4193 = CARTESIAN_POINT('',(2.5,0.));
#4194 = VECTOR('',#4195,1.);
#4195 = DIRECTION('',(0.,1.));
#4196 = ( GEOMETRIC_REPRESENTATION_CONTEXT(2) 
PARAMETRIC_REPRESENTATION_CONTEXT() REPRESENTATION_CONTEXT('2D SPACE',''
  ) );
#4197 = PCURVE('',#4198,#4203);
#4198 = PLANE('',#4199);
#4199 = AXIS2_PLACEMENT_3D('',#4200,#4201,#4202);
#4200 = CARTESIAN_POINT('',(40.,-3.75,-1.7));
#4201 = DIRECTION('',(0.,0.,1.));
#4202 = DIRECTION('',(1.,0.,0.));
#4203 = DEFINITIONAL_REPRESENTATION('',(#4204),#4208);
#4204 = LINE('',#4205,#4206);
#4205 = CARTESIAN_POINT('',(0.,7.5));
#4206 = VECTOR('',#4207,1.);
#4207 = DIRECTION('',(1.,0.));
#4208 = ( GEOMETRIC_REPRESENTATION_CONTEXT(2) 
PARAMETRIC_REPRESENTATION_CONTEXT() REPRESENTATION_CONTEXT('2D SPACE',''
  ) );
#4209 = ORIENTED_EDGE('',*,*,#4210,.F.);
#4210 = EDGE_CURVE('',#4211,#4183,#4213,.T.);
#4211 = VERTEX_POINT('',#4212);
#4212 = CARTESIAN_POINT('',(49.45,3.75,-4.2));
#4213 = SURFACE_CURVE('',#4214,(#4218,#4225),.PCURVE_S1.);
#4214 = LINE('',#4215,#4216);
#4215 = CARTESIAN_POINT('',(49.45,3.75,-4.2));
#4216 = VECTOR('',#4217,1.);
#4217 = DIRECTION('',(0.,0.,1.));
#4218 = PCURVE('',#3111,#4219);
#4219 = DEFINITIONAL_REPRESENTATION('',(#4220),#4224);
#4220 = LINE('',#4221,#4222);
#4221 = CARTESIAN_POINT('',(0.,9.45));
#4222 = VECTOR('',#4223,1.);
#4223 = DIRECTION('',(1.,0.));
#4224 = ( GEOMETRIC_REPRESENTATION_CONTEXT(2) 
PARAMETRIC_REPRESENTATION_CONTEXT() REPRESENTATION_CONTEXT('2D SPACE',''
  ) );
#4225 = PCURVE('',#4226,#4231);
#4226 = CYLINDRICAL_SURFACE('',#4227,3.55);
#4227 = AXIS2_PLACEMENT_3D('',#4228,#4229,#4230);
#4228 = CARTESIAN_POINT('',(49.45,0.2,-4.2));
#4229 = DIRECTION('',(0.,0.,1.));
#4230 = DIRECTION('',(1.,0.,-0.));
#4231 = DEFINITIONAL_REPRESENTATION('',(#4232),#4236);
#4232 = LINE('',#4233,#4234);
#4233 = CARTESIAN_POINT('',(1.570796326795,0.));
#4234 = VECTOR('',#4235,1.);
#4235 = DIRECTION('',(0.,1.));
#4236 = ( GEOMETRIC_REPRESENTATION_CONTEXT(2) 
PARAMETRIC_REPRESENTATION_CONTEXT() REPRESENTATION_CONTEXT('2D SPACE',''
  ) );
#4237 = ORIENTED_EDGE('',*,*,#4238,.F.);
#4238 = EDGE_CURVE('',#3258,#4211,#4239,.T.);
#4239 = SURFACE_CURVE('',#4240,(#4244,#4251),.PCURVE_S1.);
#4240 = LINE('',#4241,#4242);
#4241 = CARTESIAN_POINT('',(40.,3.75,-4.2));
#4242 = VECTOR('',#4243,1.);
#4243 = DIRECTION('',(1.,0.,0.));
#4244 = PCURVE('',#3111,#4245);
#4245 = DEFINITIONAL_REPRESENTATION('',(#4246),#4250);
#4246 = LINE('',#4247,#4248);
#4247 = CARTESIAN_POINT('',(0.,0.));
#4248 = VECTOR('',#4249,1.);
#4249 = DIRECTION('',(0.,1.));
#4250 = ( GEOMETRIC_REPRESENTATION_CONTEXT(2) 
PARAMETRIC_REPRESENTATION_CONTEXT() REPRESENTATION_CONTEXT('2D SPACE',''
  ) );
#4251 = PCURVE('',#3273,#4252);
#4252 = DEFINITIONAL_REPRESENTATION('',(#4253),#4257);
#4253 = LINE('',#4254,#4255);
#4254 = CARTESIAN_POINT('',(0.,7.5));
#4255 = VECTOR('',#4256,1.);
#4256 = DIRECTION('',(1.,0.));
#4257 = ( GEOMETRIC_REPRESENTATION_CONTEXT(2) 
PARAMETRIC_REPRESENTATION_CONTEXT() REPRESENTATION_CONTEXT('2D SPACE',''
  ) );
#4258 = ORIENTED_EDGE('',*,*,#3285,.T.);
#4259 = ORIENTED_EDGE('',*,*,#4260,.T.);
#4260 = EDGE_CURVE('',#3286,#3067,#4261,.T.);
#4261 = SURFACE_CURVE('',#4262,(#4266,#4273),.PCURVE_S1.);
#4262 = LINE('',#4263,#4264);
#4263 = CARTESIAN_POINT('',(40.,3.75,-1.7));
#4264 = VECTOR('',#4265,1.);
#4265 = DIRECTION('',(1.,0.,0.));
#4266 = PCURVE('',#3111,#4267);
#4267 = DEFINITIONAL_REPRESENTATION('',(#4268),#4272);
#4268 = LINE('',#4269,#4270);
#4269 = CARTESIAN_POINT('',(2.5,0.));
#4270 = VECTOR('',#4271,1.);
#4271 = DIRECTION('',(0.,1.));
#4272 = ( GEOMETRIC_REPRESENTATION_CONTEXT(2) 
PARAMETRIC_REPRESENTATION_CONTEXT() REPRESENTATION_CONTEXT('2D SPACE',''
  ) );
#4273 = PCURVE('',#3083,#4274);
#4274 = DEFINITIONAL_REPRESENTATION('',(#4275),#4279);
#4275 = LINE('',#4276,#4277);
#4276 = CARTESIAN_POINT('',(0.,7.5));
#4277 = VECTOR('',#4278,1.);
#4278 = DIRECTION('',(1.,0.));
#4279 = ( GEOMETRIC_REPRESENTATION_CONTEXT(2) 
PARAMETRIC_REPRESENTATION_CONTEXT() REPRESENTATION_CONTEXT('2D SPACE',''
  ) );
#4280 = ORIENTED_EDGE('',*,*,#3095,.T.);
#4281 = ORIENTED_EDGE('',*,*,#4126,.F.);
#4282 = ORIENTED_EDGE('',*,*,#3462,.T.);
#4283 = ORIENTED_EDGE('',*,*,#4284,.T.);
#4284 = EDGE_CURVE('',#3463,#4285,#4287,.T.);
#4285 = VERTEX_POINT('',#4286);
#4286 = CARTESIAN_POINT('',(49.45,3.75,7.2));
#4287 = SURFACE_CURVE('',#4288,(#4292,#4299),.PCURVE_S1.);
#4288 = LINE('',#4289,#4290);
#4289 = CARTESIAN_POINT('',(40.,3.75,7.2));
#4290 = VECTOR('',#4291,1.);
#4291 = DIRECTION('',(1.,0.,0.));
#4292 = PCURVE('',#3111,#4293);
#4293 = DEFINITIONAL_REPRESENTATION('',(#4294),#4298);
#4294 = LINE('',#4295,#4296);
#4295 = CARTESIAN_POINT('',(11.4,0.));
#4296 = VECTOR('',#4297,1.);
#4297 = DIRECTION('',(0.,1.));
#4298 = ( GEOMETRIC_REPRESENTATION_CONTEXT(2) 
PARAMETRIC_REPRESENTATION_CONTEXT() REPRESENTATION_CONTEXT('2D SPACE',''
  ) );
#4299 = PCURVE('',#3501,#4300);
#4300 = DEFINITIONAL_REPRESENTATION('',(#4301),#4305);
#4301 = LINE('',#4302,#4303);
#4302 = CARTESIAN_POINT('',(0.,7.5));
#4303 = VECTOR('',#4304,1.);
#4304 = DIRECTION('',(1.,0.));
#4305 = ( GEOMETRIC_REPRESENTATION_CONTEXT(2) 
PARAMETRIC_REPRESENTATION_CONTEXT() REPRESENTATION_CONTEXT('2D SPACE',''
  ) );
#4306 = ORIENTED_EDGE('',*,*,#4307,.F.);
#4307 = EDGE_CURVE('',#4308,#4285,#4310,.T.);
#4308 = VERTEX_POINT('',#4309);
#4309 = CARTESIAN_POINT('',(49.45,3.75,4.7));
#4310 = SURFACE_CURVE('',#4311,(#4315,#4322),.PCURVE_S1.);
#4311 = LINE('',#4312,#4313);
#4312 = CARTESIAN_POINT('',(49.45,3.75,4.7));
#4313 = VECTOR('',#4314,1.);
#4314 = DIRECTION('',(0.,0.,1.));
#4315 = PCURVE('',#3111,#4316);
#4316 = DEFINITIONAL_REPRESENTATION('',(#4317),#4321);
#4317 = LINE('',#4318,#4319);
#4318 = CARTESIAN_POINT('',(8.9,9.45));
#4319 = VECTOR('',#4320,1.);
#4320 = DIRECTION('',(1.,0.));
#4321 = ( GEOMETRIC_REPRESENTATION_CONTEXT(2) 
PARAMETRIC_REPRESENTATION_CONTEXT() REPRESENTATION_CONTEXT('2D SPACE',''
  ) );
#4322 = PCURVE('',#4323,#4328);
#4323 = CYLINDRICAL_SURFACE('',#4324,3.55);
#4324 = AXIS2_PLACEMENT_3D('',#4325,#4326,#4327);
#4325 = CARTESIAN_POINT('',(49.45,0.2,4.7));
#4326 = DIRECTION('',(0.,0.,1.));
#4327 = DIRECTION('',(1.,0.,-0.));
#4328 = DEFINITIONAL_REPRESENTATION('',(#4329),#4333);
#4329 = LINE('',#4330,#4331);
#4330 = CARTESIAN_POINT('',(1.570796326795,0.));
#4331 = VECTOR('',#4332,1.);
#4332 = DIRECTION('',(0.,1.));
#4333 = ( GEOMETRIC_REPRESENTATION_CONTEXT(2) 
PARAMETRIC_REPRESENTATION_CONTEXT() REPRESENTATION_CONTEXT('2D SPACE',''
  ) );
#4334 = ORIENTED_EDGE('',*,*,#4335,.F.);
#4335 = EDGE_CURVE('',#4155,#4308,#4336,.T.);
#4336 = SURFACE_CURVE('',#4337,(#4341,#4348),.PCURVE_S1.);
#4337 = LINE('',#4338,#4339);
#4338 = CARTESIAN_POINT('',(40.,3.75,4.7));
#4339 = VECTOR('',#4340,1.);
#4340 = DIRECTION('',(1.,0.,0.));
#4341 = PCURVE('',#3111,#4342);
#4342 = DEFINITIONAL_REPRESENTATION('',(#4343),#4347);
#4343 = LINE('',#4344,#4345);
#4344 = CARTESIAN_POINT('',(8.9,0.));
#4345 = VECTOR('',#4346,1.);
#4346 = DIRECTION('',(0.,1.));
#4347 = ( GEOMETRIC_REPRESENTATION_CONTEXT(2) 
PARAMETRIC_REPRESENTATION_CONTEXT() REPRESENTATION_CONTEXT('2D SPACE',''
  ) );
#4348 = PCURVE('',#4349,#4354);
#4349 = PLANE('',#4350);
#4350 = AXIS2_PLACEMENT_3D('',#4351,#4352,#4353);
#4351 = CARTESIAN_POINT('',(40.,-3.75,4.7));
#4352 = DIRECTION('',(0.,0.,1.));
#4353 = DIRECTION('',(1.,0.,0.));
#4354 = DEFINITIONAL_REPRESENTATION('',(#4355),#4359);
#4355 = LINE('',#4356,#4357);
#4356 = CARTESIAN_POINT('',(0.,7.5));
#4357 = VECTOR('',#4358,1.);
#4358 = DIRECTION('',(1.,0.));
#4359 = ( GEOMETRIC_REPRESENTATION_CONTEXT(2) 
PARAMETRIC_REPRESENTATION_CONTEXT() REPRESENTATION_CONTEXT('2D SPACE',''
  ) );
#4360 = ADVANCED_FACE('',(#4361),#3083,.T.);
#4361 = FACE_BOUND('',#4362,.T.);
#4362 = EDGE_LOOP('',(#4363,#4364,#4365));
#4363 = ORIENTED_EDGE('',*,*,#4260,.F.);
#4364 = ORIENTED_EDGE('',*,*,#3308,.F.);
#4365 = ORIENTED_EDGE('',*,*,#3066,.F.);
#4366 = ADVANCED_FACE('',(#4367),#3217,.T.);
#4367 = FACE_BOUND('',#4368,.T.);
#4368 = EDGE_LOOP('',(#4369,#4370,#4371));
#4369 = ORIENTED_EDGE('',*,*,#3335,.F.);
#4370 = ORIENTED_EDGE('',*,*,#3201,.F.);
#4371 = ORIENTED_EDGE('',*,*,#4372,.T.);
#4372 = EDGE_CURVE('',#3202,#3336,#4373,.T.);
#4373 = SURFACE_CURVE('',#4374,(#4378,#4385),.PCURVE_S1.);
#4374 = LINE('',#4375,#4376);
#4375 = CARTESIAN_POINT('',(40.,-3.75,-1.7));
#4376 = VECTOR('',#4377,1.);
#4377 = DIRECTION('',(1.,0.,0.));
#4378 = PCURVE('',#3217,#4379);
#4379 = DEFINITIONAL_REPRESENTATION('',(#4380),#4384);
#4380 = LINE('',#4381,#4382);
#4381 = CARTESIAN_POINT('',(0.,0.));
#4382 = VECTOR('',#4383,1.);
#4383 = DIRECTION('',(1.,0.));
#4384 = ( GEOMETRIC_REPRESENTATION_CONTEXT(2) 
PARAMETRIC_REPRESENTATION_CONTEXT() REPRESENTATION_CONTEXT('2D SPACE',''
  ) );
#4385 = PCURVE('',#3245,#4386);
#4386 = DEFINITIONAL_REPRESENTATION('',(#4387),#4391);
#4387 = LINE('',#4388,#4389);
#4388 = CARTESIAN_POINT('',(2.5,0.));
#4389 = VECTOR('',#4390,1.);
#4390 = DIRECTION('',(0.,1.));
#4391 = ( GEOMETRIC_REPRESENTATION_CONTEXT(2) 
PARAMETRIC_REPRESENTATION_CONTEXT() REPRESENTATION_CONTEXT('2D SPACE',''
  ) );
#4392 = ADVANCED_FACE('',(#4393),#3245,.F.);
#4393 = FACE_BOUND('',#4394,.F.);
#4394 = EDGE_LOOP('',(#4395,#4420,#4443,#4471,#4492,#4493,#4494,#4495,
    #4516,#4517,#4540,#4568));
#4395 = ORIENTED_EDGE('',*,*,#4396,.F.);
#4396 = EDGE_CURVE('',#4397,#4399,#4401,.T.);
#4397 = VERTEX_POINT('',#4398);
#4398 = CARTESIAN_POINT('',(44.,-3.75,-1.7));
#4399 = VERTEX_POINT('',#4400);
#4400 = CARTESIAN_POINT('',(44.,-3.75,4.7));
#4401 = SURFACE_CURVE('',#4402,(#4406,#4413),.PCURVE_S1.);
#4402 = LINE('',#4403,#4404);
#4403 = CARTESIAN_POINT('',(44.,-3.75,-4.2));
#4404 = VECTOR('',#4405,1.);
#4405 = DIRECTION('',(0.,0.,1.));
#4406 = PCURVE('',#3245,#4407);
#4407 = DEFINITIONAL_REPRESENTATION('',(#4408),#4412);
#4408 = LINE('',#4409,#4410);
#4409 = CARTESIAN_POINT('',(0.,4.));
#4410 = VECTOR('',#4411,1.);
#4411 = DIRECTION('',(1.,0.));
#4412 = ( GEOMETRIC_REPRESENTATION_CONTEXT(2) 
PARAMETRIC_REPRESENTATION_CONTEXT() REPRESENTATION_CONTEXT('2D SPACE',''
  ) );
#4413 = PCURVE('',#4170,#4414);
#4414 = DEFINITIONAL_REPRESENTATION('',(#4415),#4419);
#4415 = LINE('',#4416,#4417);
#4416 = CARTESIAN_POINT('',(0.,0.));
#4417 = VECTOR('',#4418,1.);
#4418 = DIRECTION('',(1.,0.));
#4419 = ( GEOMETRIC_REPRESENTATION_CONTEXT(2) 
PARAMETRIC_REPRESENTATION_CONTEXT() REPRESENTATION_CONTEXT('2D SPACE',''
  ) );
#4420 = ORIENTED_EDGE('',*,*,#4421,.T.);
#4421 = EDGE_CURVE('',#4397,#4422,#4424,.T.);
#4422 = VERTEX_POINT('',#4423);
#4423 = CARTESIAN_POINT('',(49.45,-3.75,-1.7));
#4424 = SURFACE_CURVE('',#4425,(#4429,#4436),.PCURVE_S1.);
#4425 = LINE('',#4426,#4427);
#4426 = CARTESIAN_POINT('',(40.,-3.75,-1.7));
#4427 = VECTOR('',#4428,1.);
#4428 = DIRECTION('',(1.,0.,0.));
#4429 = PCURVE('',#3245,#4430);
#4430 = DEFINITIONAL_REPRESENTATION('',(#4431),#4435);
#4431 = LINE('',#4432,#4433);
#4432 = CARTESIAN_POINT('',(2.5,0.));
#4433 = VECTOR('',#4434,1.);
#4434 = DIRECTION('',(0.,1.));
#4435 = ( GEOMETRIC_REPRESENTATION_CONTEXT(2) 
PARAMETRIC_REPRESENTATION_CONTEXT() REPRESENTATION_CONTEXT('2D SPACE',''
  ) );
#4436 = PCURVE('',#4198,#4437);
#4437 = DEFINITIONAL_REPRESENTATION('',(#4438),#4442);
#4438 = LINE('',#4439,#4440);
#4439 = CARTESIAN_POINT('',(0.,0.));
#4440 = VECTOR('',#4441,1.);
#4441 = DIRECTION('',(1.,0.));
#4442 = ( GEOMETRIC_REPRESENTATION_CONTEXT(2) 
PARAMETRIC_REPRESENTATION_CONTEXT() REPRESENTATION_CONTEXT('2D SPACE',''
  ) );
#4443 = ORIENTED_EDGE('',*,*,#4444,.F.);
#4444 = EDGE_CURVE('',#4445,#4422,#4447,.T.);
#4445 = VERTEX_POINT('',#4446);
#4446 = CARTESIAN_POINT('',(49.45,-3.75,-4.2));
#4447 = SURFACE_CURVE('',#4448,(#4452,#4459),.PCURVE_S1.);
#4448 = LINE('',#4449,#4450);
#4449 = CARTESIAN_POINT('',(49.45,-3.75,-4.2));
#4450 = VECTOR('',#4451,1.);
#4451 = DIRECTION('',(0.,0.,1.));
#4452 = PCURVE('',#3245,#4453);
#4453 = DEFINITIONAL_REPRESENTATION('',(#4454),#4458);
#4454 = LINE('',#4455,#4456);
#4455 = CARTESIAN_POINT('',(0.,9.45));
#4456 = VECTOR('',#4457,1.);
#4457 = DIRECTION('',(1.,0.));
#4458 = ( GEOMETRIC_REPRESENTATION_CONTEXT(2) 
PARAMETRIC_REPRESENTATION_CONTEXT() REPRESENTATION_CONTEXT('2D SPACE',''
  ) );
#4459 = PCURVE('',#4460,#4465);
#4460 = CYLINDRICAL_SURFACE('',#4461,3.55);
#4461 = AXIS2_PLACEMENT_3D('',#4462,#4463,#4464);
#4462 = CARTESIAN_POINT('',(49.45,-0.2,-4.2));
#4463 = DIRECTION('',(0.,0.,1.));
#4464 = DIRECTION('',(1.,0.,-0.));
#4465 = DEFINITIONAL_REPRESENTATION('',(#4466),#4470);
#4466 = LINE('',#4467,#4468);
#4467 = CARTESIAN_POINT('',(-1.570796326795,0.));
#4468 = VECTOR('',#4469,1.);
#4469 = DIRECTION('',(-0.,1.));
#4470 = ( GEOMETRIC_REPRESENTATION_CONTEXT(2) 
PARAMETRIC_REPRESENTATION_CONTEXT() REPRESENTATION_CONTEXT('2D SPACE',''
  ) );
#4471 = ORIENTED_EDGE('',*,*,#4472,.F.);
#4472 = EDGE_CURVE('',#3230,#4445,#4473,.T.);
#4473 = SURFACE_CURVE('',#4474,(#4478,#4485),.PCURVE_S1.);
#4474 = LINE('',#4475,#4476);
#4475 = CARTESIAN_POINT('',(40.,-3.75,-4.2));
#4476 = VECTOR('',#4477,1.);
#4477 = DIRECTION('',(1.,0.,0.));
#4478 = PCURVE('',#3245,#4479);
#4479 = DEFINITIONAL_REPRESENTATION('',(#4480),#4484);
#4480 = LINE('',#4481,#4482);
#4481 = CARTESIAN_POINT('',(0.,0.));
#4482 = VECTOR('',#4483,1.);
#4483 = DIRECTION('',(0.,1.));
#4484 = ( GEOMETRIC_REPRESENTATION_CONTEXT(2) 
PARAMETRIC_REPRESENTATION_CONTEXT() REPRESENTATION_CONTEXT('2D SPACE',''
  ) );
#4485 = PCURVE('',#3273,#4486);
#4486 = DEFINITIONAL_REPRESENTATION('',(#4487),#4491);
#4487 = LINE('',#4488,#4489);
#4488 = CARTESIAN_POINT('',(0.,0.));
#4489 = VECTOR('',#4490,1.);
#4490 = DIRECTION('',(1.,0.));
#4491 = ( GEOMETRIC_REPRESENTATION_CONTEXT(2) 
PARAMETRIC_REPRESENTATION_CONTEXT() REPRESENTATION_CONTEXT('2D SPACE',''
  ) );
#4492 = ORIENTED_EDGE('',*,*,#3229,.T.);
#4493 = ORIENTED_EDGE('',*,*,#4372,.T.);
#4494 = ORIENTED_EDGE('',*,*,#3359,.T.);
#4495 = ORIENTED_EDGE('',*,*,#4496,.F.);
#4496 = EDGE_CURVE('',#3514,#3360,#4497,.T.);
#4497 = SURFACE_CURVE('',#4498,(#4502,#4509),.PCURVE_S1.);
#4498 = LINE('',#4499,#4500);
#4499 = CARTESIAN_POINT('',(40.,-3.75,4.7));
#4500 = VECTOR('',#4501,1.);
#4501 = DIRECTION('',(1.,0.,0.));
#4502 = PCURVE('',#3245,#4503);
#4503 = DEFINITIONAL_REPRESENTATION('',(#4504),#4508);
#4504 = LINE('',#4505,#4506);
#4505 = CARTESIAN_POINT('',(8.9,0.));
#4506 = VECTOR('',#4507,1.);
#4507 = DIRECTION('',(0.,1.));
#4508 = ( GEOMETRIC_REPRESENTATION_CONTEXT(2) 
PARAMETRIC_REPRESENTATION_CONTEXT() REPRESENTATION_CONTEXT('2D SPACE',''
  ) );
#4509 = PCURVE('',#3399,#4510);
#4510 = DEFINITIONAL_REPRESENTATION('',(#4511),#4515);
#4511 = LINE('',#4512,#4513);
#4512 = CARTESIAN_POINT('',(0.,0.));
#4513 = VECTOR('',#4514,1.);
#4514 = DIRECTION('',(1.,0.));
#4515 = ( GEOMETRIC_REPRESENTATION_CONTEXT(2) 
PARAMETRIC_REPRESENTATION_CONTEXT() REPRESENTATION_CONTEXT('2D SPACE',''
  ) );
#4516 = ORIENTED_EDGE('',*,*,#3513,.T.);
#4517 = ORIENTED_EDGE('',*,*,#4518,.T.);
#4518 = EDGE_CURVE('',#3486,#4519,#4521,.T.);
#4519 = VERTEX_POINT('',#4520);
#4520 = CARTESIAN_POINT('',(49.45,-3.75,7.2));
#4521 = SURFACE_CURVE('',#4522,(#4526,#4533),.PCURVE_S1.);
#4522 = LINE('',#4523,#4524);
#4523 = CARTESIAN_POINT('',(40.,-3.75,7.2));
#4524 = VECTOR('',#4525,1.);
#4525 = DIRECTION('',(1.,0.,0.));
#4526 = PCURVE('',#3245,#4527);
#4527 = DEFINITIONAL_REPRESENTATION('',(#4528),#4532);
#4528 = LINE('',#4529,#4530);
#4529 = CARTESIAN_POINT('',(11.4,0.));
#4530 = VECTOR('',#4531,1.);
#4531 = DIRECTION('',(0.,1.));
#4532 = ( GEOMETRIC_REPRESENTATION_CONTEXT(2) 
PARAMETRIC_REPRESENTATION_CONTEXT() REPRESENTATION_CONTEXT('2D SPACE',''
  ) );
#4533 = PCURVE('',#3501,#4534);
#4534 = DEFINITIONAL_REPRESENTATION('',(#4535),#4539);
#4535 = LINE('',#4536,#4537);
#4536 = CARTESIAN_POINT('',(0.,0.));
#4537 = VECTOR('',#4538,1.);
#4538 = DIRECTION('',(1.,0.));
#4539 = ( GEOMETRIC_REPRESENTATION_CONTEXT(2) 
PARAMETRIC_REPRESENTATION_CONTEXT() REPRESENTATION_CONTEXT('2D SPACE',''
  ) );
#4540 = ORIENTED_EDGE('',*,*,#4541,.F.);
#4541 = EDGE_CURVE('',#4542,#4519,#4544,.T.);
#4542 = VERTEX_POINT('',#4543);
#4543 = CARTESIAN_POINT('',(49.45,-3.75,4.7));
#4544 = SURFACE_CURVE('',#4545,(#4549,#4556),.PCURVE_S1.);
#4545 = LINE('',#4546,#4547);
#4546 = CARTESIAN_POINT('',(49.45,-3.75,4.7));
#4547 = VECTOR('',#4548,1.);
#4548 = DIRECTION('',(0.,0.,1.));
#4549 = PCURVE('',#3245,#4550);
#4550 = DEFINITIONAL_REPRESENTATION('',(#4551),#4555);
#4551 = LINE('',#4552,#4553);
#4552 = CARTESIAN_POINT('',(8.9,9.45));
#4553 = VECTOR('',#4554,1.);
#4554 = DIRECTION('',(1.,0.));
#4555 = ( GEOMETRIC_REPRESENTATION_CONTEXT(2) 
PARAMETRIC_REPRESENTATION_CONTEXT() REPRESENTATION_CONTEXT('2D SPACE',''
  ) );
#4556 = PCURVE('',#4557,#4562);
#4557 = CYLINDRICAL_SURFACE('',#4558,3.55);
#4558 = AXIS2_PLACEMENT_3D('',#4559,#4560,#4561);
#4559 = CARTESIAN_POINT('',(49.45,-0.2,4.7));
#4560 = DIRECTION('',(0.,0.,1.));
#4561 = DIRECTION('',(1.,0.,-0.));
#4562 = DEFINITIONAL_REPRESENTATION('',(#4563),#4567);
#4563 = LINE('',#4564,#4565);
#4564 = CARTESIAN_POINT('',(-1.570796326795,0.));
#4565 = VECTOR('',#4566,1.);
#4566 = DIRECTION('',(-0.,1.));
#4567 = ( GEOMETRIC_REPRESENTATION_CONTEXT(2) 
PARAMETRIC_REPRESENTATION_CONTEXT() REPRESENTATION_CONTEXT('2D SPACE',''
  ) );
#4568 = ORIENTED_EDGE('',*,*,#4569,.F.);
#4569 = EDGE_CURVE('',#4399,#4542,#4570,.T.);
#4570 = SURFACE_CURVE('',#4571,(#4575,#4582),.PCURVE_S1.);
#4571 = LINE('',#4572,#4573);
#4572 = CARTESIAN_POINT('',(40.,-3.75,4.7));
#4573 = VECTOR('',#4574,1.);
#4574 = DIRECTION('',(1.,0.,0.));
#4575 = PCURVE('',#3245,#4576);
#4576 = DEFINITIONAL_REPRESENTATION('',(#4577),#4581);
#4577 = LINE('',#4578,#4579);
#4578 = CARTESIAN_POINT('',(8.9,0.));
#4579 = VECTOR('',#4580,1.);
#4580 = DIRECTION('',(0.,1.));
#4581 = ( GEOMETRIC_REPRESENTATION_CONTEXT(2) 
PARAMETRIC_REPRESENTATION_CONTEXT() REPRESENTATION_CONTEXT('2D SPACE',''
  ) );
#4582 = PCURVE('',#4349,#4583);
#4583 = DEFINITIONAL_REPRESENTATION('',(#4584),#4588);
#4584 = LINE('',#4585,#4586);
#4585 = CARTESIAN_POINT('',(0.,0.));
#4586 = VECTOR('',#4587,1.);
#4587 = DIRECTION('',(1.,0.));
#4588 = ( GEOMETRIC_REPRESENTATION_CONTEXT(2) 
PARAMETRIC_REPRESENTATION_CONTEXT() REPRESENTATION_CONTEXT('2D SPACE',''
  ) );
#4589 = ADVANCED_FACE('',(#4590,#4673),#3273,.F.);
#4590 = FACE_BOUND('',#4591,.F.);
#4591 = EDGE_LOOP('',(#4592,#4593,#4594,#4595,#4623,#4651));
#4592 = ORIENTED_EDGE('',*,*,#4238,.F.);
#4593 = ORIENTED_EDGE('',*,*,#3257,.F.);
#4594 = ORIENTED_EDGE('',*,*,#4472,.T.);
#4595 = ORIENTED_EDGE('',*,*,#4596,.F.);
#4596 = EDGE_CURVE('',#4597,#4445,#4599,.T.);
#4597 = VERTEX_POINT('',#4598);
#4598 = CARTESIAN_POINT('',(53.,-0.2,-4.2));
#4599 = SURFACE_CURVE('',#4600,(#4605,#4616),.PCURVE_S1.);
#4600 = CIRCLE('',#4601,3.55);
#4601 = AXIS2_PLACEMENT_3D('',#4602,#4603,#4604);
#4602 = CARTESIAN_POINT('',(49.45,-0.2,-4.2));
#4603 = DIRECTION('',(-0.,-0.,-1.));
#4604 = DIRECTION('',(0.,-1.,0.));
#4605 = PCURVE('',#3273,#4606);
#4606 = DEFINITIONAL_REPRESENTATION('',(#4607),#4615);
#4607 = ( BOUNDED_CURVE() B_SPLINE_CURVE(2,(#4608,#4609,#4610,#4611,
#4612,#4613,#4614),.UNSPECIFIED.,.T.,.F.) B_SPLINE_CURVE_WITH_KNOTS((1,2
    ,2,2,2,1),(-2.094395102393,0.,2.094395102393,4.188790204786,
6.28318530718,8.377580409573),.UNSPECIFIED.) CURVE() 
GEOMETRIC_REPRESENTATION_ITEM() RATIONAL_B_SPLINE_CURVE((1.,0.5,1.,0.5,
1.,0.5,1.)) REPRESENTATION_ITEM('') );
#4608 = CARTESIAN_POINT('',(9.45,-8.881784197001E-16));
#4609 = CARTESIAN_POINT('',(3.30121963313,-8.881784197001E-16));
#4610 = CARTESIAN_POINT('',(6.375609816565,5.325));
#4611 = CARTESIAN_POINT('',(9.45,10.65));
#4612 = CARTESIAN_POINT('',(12.524390183435,5.325));
#4613 = CARTESIAN_POINT('',(15.59878036687,4.440892098501E-15));
#4614 = CARTESIAN_POINT('',(9.45,-8.881784197001E-16));
#4615 = ( GEOMETRIC_REPRESENTATION_CONTEXT(2) 
PARAMETRIC_REPRESENTATION_CONTEXT() REPRESENTATION_CONTEXT('2D SPACE',''
  ) );
#4616 = PCURVE('',#4460,#4617);
#4617 = DEFINITIONAL_REPRESENTATION('',(#4618),#4622);
#4618 = LINE('',#4619,#4620);
#4619 = CARTESIAN_POINT('',(4.712388980385,-0.));
#4620 = VECTOR('',#4621,1.);
#4621 = DIRECTION('',(-1.,0.));
#4622 = ( GEOMETRIC_REPRESENTATION_CONTEXT(2) 
PARAMETRIC_REPRESENTATION_CONTEXT() REPRESENTATION_CONTEXT('2D SPACE',''
  ) );
#4623 = ORIENTED_EDGE('',*,*,#4624,.T.);
#4624 = EDGE_CURVE('',#4597,#4625,#4627,.T.);
#4625 = VERTEX_POINT('',#4626);
#4626 = CARTESIAN_POINT('',(53.,0.2,-4.2));
#4627 = SURFACE_CURVE('',#4628,(#4632,#4639),.PCURVE_S1.);
#4628 = LINE('',#4629,#4630);
#4629 = CARTESIAN_POINT('',(53.,-3.75,-4.2));
#4630 = VECTOR('',#4631,1.);
#4631 = DIRECTION('',(0.,1.,0.));
#4632 = PCURVE('',#3273,#4633);
#4633 = DEFINITIONAL_REPRESENTATION('',(#4634),#4638);
#4634 = LINE('',#4635,#4636);
#4635 = CARTESIAN_POINT('',(13.,0.));
#4636 = VECTOR('',#4637,1.);
#4637 = DIRECTION('',(0.,1.));
#4638 = ( GEOMETRIC_REPRESENTATION_CONTEXT(2) 
PARAMETRIC_REPRESENTATION_CONTEXT() REPRESENTATION_CONTEXT('2D SPACE',''
  ) );
#4639 = PCURVE('',#4640,#4645);
#4640 = PLANE('',#4641);
#4641 = AXIS2_PLACEMENT_3D('',#4642,#4643,#4644);
#4642 = CARTESIAN_POINT('',(53.,-3.75,-4.2));
#4643 = DIRECTION('',(1.,0.,0.));
#4644 = DIRECTION('',(0.,0.,1.));
#4645 = DEFINITIONAL_REPRESENTATION('',(#4646),#4650);
#4646 = LINE('',#4647,#4648);
#4647 = CARTESIAN_POINT('',(0.,0.));
#4648 = VECTOR('',#4649,1.);
#4649 = DIRECTION('',(0.,-1.));
#4650 = ( GEOMETRIC_REPRESENTATION_CONTEXT(2) 
PARAMETRIC_REPRESENTATION_CONTEXT() REPRESENTATION_CONTEXT('2D SPACE',''
  ) );
#4651 = ORIENTED_EDGE('',*,*,#4652,.T.);
#4652 = EDGE_CURVE('',#4625,#4211,#4653,.T.);
#4653 = SURFACE_CURVE('',#4654,(#4659,#4666),.PCURVE_S1.);
#4654 = CIRCLE('',#4655,3.55);
#4655 = AXIS2_PLACEMENT_3D('',#4656,#4657,#4658);
#4656 = CARTESIAN_POINT('',(49.45,0.2,-4.2));
#4657 = DIRECTION('',(0.,0.,1.));
#4658 = DIRECTION('',(0.,-1.,0.));
#4659 = PCURVE('',#3273,#4660);
#4660 = DEFINITIONAL_REPRESENTATION('',(#4661),#4665);
#4661 = CIRCLE('',#4662,3.55);
#4662 = AXIS2_PLACEMENT_2D('',#4663,#4664);
#4663 = CARTESIAN_POINT('',(9.45,3.95));
#4664 = DIRECTION('',(0.,-1.));
#4665 = ( GEOMETRIC_REPRESENTATION_CONTEXT(2) 
PARAMETRIC_REPRESENTATION_CONTEXT() REPRESENTATION_CONTEXT('2D SPACE',''
  ) );
#4666 = PCURVE('',#4226,#4667);
#4667 = DEFINITIONAL_REPRESENTATION('',(#4668),#4672);
#4668 = LINE('',#4669,#4670);
#4669 = CARTESIAN_POINT('',(-1.570796326795,0.));
#4670 = VECTOR('',#4671,1.);
#4671 = DIRECTION('',(1.,0.));
#4672 = ( GEOMETRIC_REPRESENTATION_CONTEXT(2) 
PARAMETRIC_REPRESENTATION_CONTEXT() REPRESENTATION_CONTEXT('2D SPACE',''
  ) );
#4673 = FACE_BOUND('',#4674,.F.);
#4674 = EDGE_LOOP('',(#4675));
#4675 = ORIENTED_EDGE('',*,*,#4676,.F.);
#4676 = EDGE_CURVE('',#4677,#4677,#4679,.T.);
#4677 = VERTEX_POINT('',#4678);
#4678 = CARTESIAN_POINT('',(50.95,-2.32682891838E-16,-4.2));
#4679 = SURFACE_CURVE('',#4680,(#4685,#4692),.PCURVE_S1.);
#4680 = CIRCLE('',#4681,0.95);
#4681 = AXIS2_PLACEMENT_3D('',#4682,#4683,#4684);
#4682 = CARTESIAN_POINT('',(50.,0.,-4.2));
#4683 = DIRECTION('',(0.,0.,1.));
#4684 = DIRECTION('',(1.,0.,-0.));
#4685 = PCURVE('',#3273,#4686);
#4686 = DEFINITIONAL_REPRESENTATION('',(#4687),#4691);
#4687 = CIRCLE('',#4688,0.95);
#4688 = AXIS2_PLACEMENT_2D('',#4689,#4690);
#4689 = CARTESIAN_POINT('',(10.,3.75));
#4690 = DIRECTION('',(1.,0.));
#4691 = ( GEOMETRIC_REPRESENTATION_CONTEXT(2) 
PARAMETRIC_REPRESENTATION_CONTEXT() REPRESENTATION_CONTEXT('2D SPACE',''
  ) );
#4692 = PCURVE('',#4693,#4698);
#4693 = CYLINDRICAL_SURFACE('',#4694,0.95);
#4694 = AXIS2_PLACEMENT_3D('',#4695,#4696,#4697);
#4695 = CARTESIAN_POINT('',(50.,0.,-4.7));
#4696 = DIRECTION('',(0.,0.,1.));
#4697 = DIRECTION('',(1.,0.,0.));
#4698 = DEFINITIONAL_REPRESENTATION('',(#4699),#4703);
#4699 = LINE('',#4700,#4701);
#4700 = CARTESIAN_POINT('',(0.,0.5));
#4701 = VECTOR('',#4702,1.);
#4702 = DIRECTION('',(1.,0.));
#4703 = ( GEOMETRIC_REPRESENTATION_CONTEXT(2) 
PARAMETRIC_REPRESENTATION_CONTEXT() REPRESENTATION_CONTEXT('2D SPACE',''
  ) );
#4704 = ADVANCED_FACE('',(#4705),#3399,.F.);
#4705 = FACE_BOUND('',#4706,.F.);
#4706 = EDGE_LOOP('',(#4707,#4708,#4709));
#4707 = ORIENTED_EDGE('',*,*,#3382,.F.);
#4708 = ORIENTED_EDGE('',*,*,#3536,.F.);
#4709 = ORIENTED_EDGE('',*,*,#4496,.T.);
#4710 = ADVANCED_FACE('',(#4711,#4794),#3501,.T.);
#4711 = FACE_BOUND('',#4712,.T.);
#4712 = EDGE_LOOP('',(#4713,#4714,#4715,#4716,#4744,#4772));
#4713 = ORIENTED_EDGE('',*,*,#4284,.F.);
#4714 = ORIENTED_EDGE('',*,*,#3485,.F.);
#4715 = ORIENTED_EDGE('',*,*,#4518,.T.);
#4716 = ORIENTED_EDGE('',*,*,#4717,.F.);
#4717 = EDGE_CURVE('',#4718,#4519,#4720,.T.);
#4718 = VERTEX_POINT('',#4719);
#4719 = CARTESIAN_POINT('',(53.,-0.2,7.2));
#4720 = SURFACE_CURVE('',#4721,(#4726,#4737),.PCURVE_S1.);
#4721 = CIRCLE('',#4722,3.55);
#4722 = AXIS2_PLACEMENT_3D('',#4723,#4724,#4725);
#4723 = CARTESIAN_POINT('',(49.45,-0.2,7.2));
#4724 = DIRECTION('',(-0.,-0.,-1.));
#4725 = DIRECTION('',(0.,-1.,0.));
#4726 = PCURVE('',#3501,#4727);
#4727 = DEFINITIONAL_REPRESENTATION('',(#4728),#4736);
#4728 = ( BOUNDED_CURVE() B_SPLINE_CURVE(2,(#4729,#4730,#4731,#4732,
#4733,#4734,#4735),.UNSPECIFIED.,.T.,.F.) B_SPLINE_CURVE_WITH_KNOTS((1,2
    ,2,2,2,1),(-2.094395102393,0.,2.094395102393,4.188790204786,
6.28318530718,8.377580409573),.UNSPECIFIED.) CURVE() 
GEOMETRIC_REPRESENTATION_ITEM() RATIONAL_B_SPLINE_CURVE((1.,0.5,1.,0.5,
1.,0.5,1.)) REPRESENTATION_ITEM('') );
#4729 = CARTESIAN_POINT('',(9.45,-8.881784197001E-16));
#4730 = CARTESIAN_POINT('',(3.30121963313,-8.881784197001E-16));
#4731 = CARTESIAN_POINT('',(6.375609816565,5.325));
#4732 = CARTESIAN_POINT('',(9.45,10.65));
#4733 = CARTESIAN_POINT('',(12.524390183435,5.325));
#4734 = CARTESIAN_POINT('',(15.59878036687,4.440892098501E-15));
#4735 = CARTESIAN_POINT('',(9.45,-8.881784197001E-16));
#4736 = ( GEOMETRIC_REPRESENTATION_CONTEXT(2) 
PARAMETRIC_REPRESENTATION_CONTEXT() REPRESENTATION_CONTEXT('2D SPACE',''
  ) );
#4737 = PCURVE('',#4557,#4738);
#4738 = DEFINITIONAL_REPRESENTATION('',(#4739),#4743);
#4739 = LINE('',#4740,#4741);
#4740 = CARTESIAN_POINT('',(4.712388980385,2.5));
#4741 = VECTOR('',#4742,1.);
#4742 = DIRECTION('',(-1.,0.));
#4743 = ( GEOMETRIC_REPRESENTATION_CONTEXT(2) 
PARAMETRIC_REPRESENTATION_CONTEXT() REPRESENTATION_CONTEXT('2D SPACE',''
  ) );
#4744 = ORIENTED_EDGE('',*,*,#4745,.T.);
#4745 = EDGE_CURVE('',#4718,#4746,#4748,.T.);
#4746 = VERTEX_POINT('',#4747);
#4747 = CARTESIAN_POINT('',(53.,0.2,7.2));
#4748 = SURFACE_CURVE('',#4749,(#4753,#4760),.PCURVE_S1.);
#4749 = LINE('',#4750,#4751);
#4750 = CARTESIAN_POINT('',(53.,-3.75,7.2));
#4751 = VECTOR('',#4752,1.);
#4752 = DIRECTION('',(0.,1.,0.));
#4753 = PCURVE('',#3501,#4754);
#4754 = DEFINITIONAL_REPRESENTATION('',(#4755),#4759);
#4755 = LINE('',#4756,#4757);
#4756 = CARTESIAN_POINT('',(13.,0.));
#4757 = VECTOR('',#4758,1.);
#4758 = DIRECTION('',(0.,1.));
#4759 = ( GEOMETRIC_REPRESENTATION_CONTEXT(2) 
PARAMETRIC_REPRESENTATION_CONTEXT() REPRESENTATION_CONTEXT('2D SPACE',''
  ) );
#4760 = PCURVE('',#4761,#4766);
#4761 = PLANE('',#4762);
#4762 = AXIS2_PLACEMENT_3D('',#4763,#4764,#4765);
#4763 = CARTESIAN_POINT('',(53.,-3.75,4.7));
#4764 = DIRECTION('',(1.,0.,0.));
#4765 = DIRECTION('',(0.,0.,1.));
#4766 = DEFINITIONAL_REPRESENTATION('',(#4767),#4771);
#4767 = LINE('',#4768,#4769);
#4768 = CARTESIAN_POINT('',(2.5,0.));
#4769 = VECTOR('',#4770,1.);
#4770 = DIRECTION('',(0.,-1.));
#4771 = ( GEOMETRIC_REPRESENTATION_CONTEXT(2) 
PARAMETRIC_REPRESENTATION_CONTEXT() REPRESENTATION_CONTEXT('2D SPACE',''
  ) );
#4772 = ORIENTED_EDGE('',*,*,#4773,.T.);
#4773 = EDGE_CURVE('',#4746,#4285,#4774,.T.);
#4774 = SURFACE_CURVE('',#4775,(#4780,#4787),.PCURVE_S1.);
#4775 = CIRCLE('',#4776,3.55);
#4776 = AXIS2_PLACEMENT_3D('',#4777,#4778,#4779);
#4777 = CARTESIAN_POINT('',(49.45,0.2,7.2));
#4778 = DIRECTION('',(0.,0.,1.));
#4779 = DIRECTION('',(0.,-1.,0.));
#4780 = PCURVE('',#3501,#4781);
#4781 = DEFINITIONAL_REPRESENTATION('',(#4782),#4786);
#4782 = CIRCLE('',#4783,3.55);
#4783 = AXIS2_PLACEMENT_2D('',#4784,#4785);
#4784 = CARTESIAN_POINT('',(9.45,3.95));
#4785 = DIRECTION('',(0.,-1.));
#4786 = ( GEOMETRIC_REPRESENTATION_CONTEXT(2) 
PARAMETRIC_REPRESENTATION_CONTEXT() REPRESENTATION_CONTEXT('2D SPACE',''
  ) );
#4787 = PCURVE('',#4323,#4788);
#4788 = DEFINITIONAL_REPRESENTATION('',(#4789),#4793);
#4789 = LINE('',#4790,#4791);
#4790 = CARTESIAN_POINT('',(-1.570796326795,2.5));
#4791 = VECTOR('',#4792,1.);
#4792 = DIRECTION('',(1.,0.));
#4793 = ( GEOMETRIC_REPRESENTATION_CONTEXT(2) 
PARAMETRIC_REPRESENTATION_CONTEXT() REPRESENTATION_CONTEXT('2D SPACE',''
  ) );
#4794 = FACE_BOUND('',#4795,.T.);
#4795 = EDGE_LOOP('',(#4796));
#4796 = ORIENTED_EDGE('',*,*,#4797,.F.);
#4797 = EDGE_CURVE('',#4798,#4798,#4800,.T.);
#4798 = VERTEX_POINT('',#4799);
#4799 = CARTESIAN_POINT('',(50.95,-2.32682891838E-16,7.2));
#4800 = SURFACE_CURVE('',#4801,(#4806,#4813),.PCURVE_S1.);
#4801 = CIRCLE('',#4802,0.95);
#4802 = AXIS2_PLACEMENT_3D('',#4803,#4804,#4805);
#4803 = CARTESIAN_POINT('',(50.,0.,7.2));
#4804 = DIRECTION('',(0.,0.,1.));
#4805 = DIRECTION('',(1.,0.,-0.));
#4806 = PCURVE('',#3501,#4807);
#4807 = DEFINITIONAL_REPRESENTATION('',(#4808),#4812);
#4808 = CIRCLE('',#4809,0.95);
#4809 = AXIS2_PLACEMENT_2D('',#4810,#4811);
#4810 = CARTESIAN_POINT('',(10.,3.75));
#4811 = DIRECTION('',(1.,0.));
#4812 = ( GEOMETRIC_REPRESENTATION_CONTEXT(2) 
PARAMETRIC_REPRESENTATION_CONTEXT() REPRESENTATION_CONTEXT('2D SPACE',''
  ) );
#4813 = PCURVE('',#4814,#4819);
#4814 = CYLINDRICAL_SURFACE('',#4815,0.95);
#4815 = AXIS2_PLACEMENT_3D('',#4816,#4817,#4818);
#4816 = CARTESIAN_POINT('',(50.,0.,-4.7));
#4817 = DIRECTION('',(0.,0.,1.));
#4818 = DIRECTION('',(1.,0.,0.));
#4819 = DEFINITIONAL_REPRESENTATION('',(#4820),#4824);
#4820 = LINE('',#4821,#4822);
#4821 = CARTESIAN_POINT('',(0.,11.9));
#4822 = VECTOR('',#4823,1.);
#4823 = DIRECTION('',(1.,0.));
#4824 = ( GEOMETRIC_REPRESENTATION_CONTEXT(2) 
PARAMETRIC_REPRESENTATION_CONTEXT() REPRESENTATION_CONTEXT('2D SPACE',''
  ) );
#4825 = ADVANCED_FACE('',(#4826),#3607,.F.);
#4826 = FACE_BOUND('',#4827,.F.);
#4827 = EDGE_LOOP('',(#4828,#4851,#4852,#4853,#4876,#6219));
#4828 = ORIENTED_EDGE('',*,*,#4829,.F.);
#4829 = EDGE_CURVE('',#3586,#4830,#4832,.T.);
#4830 = VERTEX_POINT('',#4831);
#4831 = CARTESIAN_POINT('',(57.448746656494,0.25,9.));
#4832 = SURFACE_CURVE('',#4833,(#4837,#4844),.PCURVE_S1.);
#4833 = LINE('',#4834,#4835);
#4834 = CARTESIAN_POINT('',(17.,0.25,9.));
#4835 = VECTOR('',#4836,1.);
#4836 = DIRECTION('',(1.,0.,0.));
#4837 = PCURVE('',#3607,#4838);
#4838 = DEFINITIONAL_REPRESENTATION('',(#4839),#4843);
#4839 = LINE('',#4840,#4841);
#4840 = CARTESIAN_POINT('',(0.,0.5));
#4841 = VECTOR('',#4842,1.);
#4842 = DIRECTION('',(1.,0.));
#4843 = ( GEOMETRIC_REPRESENTATION_CONTEXT(2) 
PARAMETRIC_REPRESENTATION_CONTEXT() REPRESENTATION_CONTEXT('2D SPACE',''
  ) );
#4844 = PCURVE('',#3642,#4845);
#4845 = DEFINITIONAL_REPRESENTATION('',(#4846),#4850);
#4846 = LINE('',#4847,#4848);
#4847 = CARTESIAN_POINT('',(0.,0.));
#4848 = VECTOR('',#4849,1.);
#4849 = DIRECTION('',(0.,1.));
#4850 = ( GEOMETRIC_REPRESENTATION_CONTEXT(2) 
PARAMETRIC_REPRESENTATION_CONTEXT() REPRESENTATION_CONTEXT('2D SPACE',''
  ) );
#4851 = ORIENTED_EDGE('',*,*,#3585,.T.);
#4852 = ORIENTED_EDGE('',*,*,#3810,.T.);
#4853 = ORIENTED_EDGE('',*,*,#4854,.T.);
#4854 = EDGE_CURVE('',#3777,#4855,#4857,.T.);
#4855 = VERTEX_POINT('',#4856);
#4856 = CARTESIAN_POINT('',(57.448657142116,-0.25,9.));
#4857 = SURFACE_CURVE('',#4858,(#4862,#4869),.PCURVE_S1.);
#4858 = LINE('',#4859,#4860);
#4859 = CARTESIAN_POINT('',(17.,-0.25,9.));
#4860 = VECTOR('',#4861,1.);
#4861 = DIRECTION('',(1.,0.,0.));
#4862 = PCURVE('',#3607,#4863);
#4863 = DEFINITIONAL_REPRESENTATION('',(#4864),#4868);
#4864 = LINE('',#4865,#4866);
#4865 = CARTESIAN_POINT('',(0.,0.));
#4866 = VECTOR('',#4867,1.);
#4867 = DIRECTION('',(1.,0.));
#4868 = ( GEOMETRIC_REPRESENTATION_CONTEXT(2) 
PARAMETRIC_REPRESENTATION_CONTEXT() REPRESENTATION_CONTEXT('2D SPACE',''
  ) );
#4869 = PCURVE('',#3796,#4870);
#4870 = DEFINITIONAL_REPRESENTATION('',(#4871),#4875);
#4871 = LINE('',#4872,#4873);
#4872 = CARTESIAN_POINT('',(0.,0.));
#4873 = VECTOR('',#4874,1.);
#4874 = DIRECTION('',(0.,1.));
#4875 = ( GEOMETRIC_REPRESENTATION_CONTEXT(2) 
PARAMETRIC_REPRESENTATION_CONTEXT() REPRESENTATION_CONTEXT('2D SPACE',''
  ) );
#4876 = ORIENTED_EDGE('',*,*,#4877,.F.);
#4877 = EDGE_CURVE('',#4878,#4855,#4880,.T.);
#4878 = VERTEX_POINT('',#4879);
#4879 = CARTESIAN_POINT('',(57.418928451928,-2.937002041309E-18,9.));
#4880 = SURFACE_CURVE('',#4881,(#4887,#4896),.PCURVE_S1.);
#4881 = B_SPLINE_CURVE_WITH_KNOTS('',4,(#4882,#4883,#4884,#4885,#4886),
  .UNSPECIFIED.,.F.,.F.,(5,5),(0.,1.),.PIECEWISE_BEZIER_KNOTS.);
#4882 = CARTESIAN_POINT('',(57.418928451928,0.,9.));
#4883 = CARTESIAN_POINT('',(57.419360636874,-6.30720092122E-02,9.));
#4884 = CARTESIAN_POINT('',(57.42413076324,-0.126140078873,9.));
#4885 = CARTESIAN_POINT('',(57.433860607255,-0.188678957173,9.));
#4886 = CARTESIAN_POINT('',(57.448657142116,-0.25,9.));
#4887 = PCURVE('',#3607,#4888);
#4888 = DEFINITIONAL_REPRESENTATION('',(#4889),#4895);
#4889 = B_SPLINE_CURVE_WITH_KNOTS('',4,(#4890,#4891,#4892,#4893,#4894),
  .UNSPECIFIED.,.F.,.F.,(5,5),(0.,1.),.PIECEWISE_BEZIER_KNOTS.);
#4890 = CARTESIAN_POINT('',(40.418928451928,0.25));
#4891 = CARTESIAN_POINT('',(40.419360636874,0.186927990788));
#4892 = CARTESIAN_POINT('',(40.42413076324,0.123859921127));
#4893 = CARTESIAN_POINT('',(40.433860607255,6.132104282661E-02));
#4894 = CARTESIAN_POINT('',(40.448657142116,0.));
#4895 = ( GEOMETRIC_REPRESENTATION_CONTEXT(2) 
PARAMETRIC_REPRESENTATION_CONTEXT() REPRESENTATION_CONTEXT('2D SPACE',''
  ) );
#4896 = PCURVE('',#4897,#6211);
#4897 = ( BOUNDED_SURFACE() B_SPLINE_SURFACE(3,7,(
    (#4898,#4899,#4900,#4901,#4902,#4903,#4904,#4905,#4906,#4907,#4908
      ,#4909,#4910)
    ,(#4911,#4912,#4913,#4914,#4915,#4916,#4917,#4918,#4919,#4920,#4921
      ,#4922,#4923)
    ,(#4924,#4925,#4926,#4927,#4928,#4929,#4930,#4931,#4932,#4933,#4934
      ,#4935,#4936)
    ,(#4937,#4938,#4939,#4940,#4941,#4942,#4943,#4944,#4945,#4946,#4947
      ,#4948,#4949)
    ,(#4950,#4951,#4952,#4953,#4954,#4955,#4956,#4957,#4958,#4959,#4960
      ,#4961,#4962)
    ,(#4963,#4964,#4965,#4966,#4967,#4968,#4969,#4970,#4971,#4972,#4973
      ,#4974,#4975)
    ,(#4976,#4977,#4978,#4979,#4980,#4981,#4982,#4983,#4984,#4985,#4986
      ,#4987,#4988)
    ,(#4989,#4990,#4991,#4992,#4993,#4994,#4995,#4996,#4997,#4998,#4999
      ,#5000,#5001)
    ,(#5002,#5003,#5004,#5005,#5006,#5007,#5008,#5009,#5010,#5011,#5012
      ,#5013,#5014)
    ,(#5015,#5016,#5017,#5018,#5019,#5020,#5021,#5022,#5023,#5024,#5025
      ,#5026,#5027)
    ,(#5028,#5029,#5030,#5031,#5032,#5033,#5034,#5035,#5036,#5037,#5038
      ,#5039,#5040)
    ,(#5041,#5042,#5043,#5044,#5045,#5046,#5047,#5048,#5049,#5050,#5051
      ,#5052,#5053)
    ,(#5054,#5055,#5056,#5057,#5058,#5059,#5060,#5061,#5062,#5063,#5064
      ,#5065,#5066)
    ,(#5067,#5068,#5069,#5070,#5071,#5072,#5073,#5074,#5075,#5076,#5077
      ,#5078,#5079)
    ,(#5080,#5081,#5082,#5083,#5084,#5085,#5086,#5087,#5088,#5089,#5090
      ,#5091,#5092)
    ,(#5093,#5094,#5095,#5096,#5097,#5098,#5099,#5100,#5101,#5102,#5103
      ,#5104,#5105)
    ,(#5106,#5107,#5108,#5109,#5110,#5111,#5112,#5113,#5114,#5115,#5116
      ,#5117,#5118)
    ,(#5119,#5120,#5121,#5122,#5123,#5124,#5125,#5126,#5127,#5128,#5129
      ,#5130,#5131)
    ,(#5132,#5133,#5134,#5135,#5136,#5137,#5138,#5139,#5140,#5141,#5142
      ,#5143,#5144)
    ,(#5145,#5146,#5147,#5148,#5149,#5150,#5151,#5152,#5153,#5154,#5155
      ,#5156,#5157)
    ,(#5158,#5159,#5160,#5161,#5162,#5163,#5164,#5165,#5166,#5167,#5168
      ,#5169,#5170)
    ,(#5171,#5172,#5173,#5174,#5175,#5176,#5177,#5178,#5179,#5180,#5181
      ,#5182,#5183)
    ,(#5184,#5185,#5186,#5187,#5188,#5189,#5190,#5191,#5192,#5193,#5194
      ,#5195,#5196)
    ,(#5197,#5198,#5199,#5200,#5201,#5202,#5203,#5204,#5205,#5206,#5207
      ,#5208,#5209)
    ,(#5210,#5211,#5212,#5213,#5214,#5215,#5216,#5217,#5218,#5219,#5220
      ,#5221,#5222)
    ,(#5223,#5224,#5225,#5226,#5227,#5228,#5229,#5230,#5231,#5232,#5233
      ,#5234,#5235)
    ,(#5236,#5237,#5238,#5239,#5240,#5241,#5242,#5243,#5244,#5245,#5246
      ,#5247,#5248)
    ,(#5249,#5250,#5251,#5252,#5253,#5254,#5255,#5256,#5257,#5258,#5259
      ,#5260,#5261)
    ,(#5262,#5263,#5264,#5265,#5266,#5267,#5268,#5269,#5270,#5271,#5272
      ,#5273,#5274)
    ,(#5275,#5276,#5277,#5278,#5279,#5280,#5281,#5282,#5283,#5284,#5285
      ,#5286,#5287)
    ,(#5288,#5289,#5290,#5291,#5292,#5293,#5294,#5295,#5296,#5297,#5298
      ,#5299,#5300)
    ,(#5301,#5302,#5303,#5304,#5305,#5306,#5307,#5308,#5309,#5310,#5311
      ,#5312,#5313)
    ,(#5314,#5315,#5316,#5317,#5318,#5319,#5320,#5321,#5322,#5323,#5324
      ,#5325,#5326)
    ,(#5327,#5328,#5329,#5330,#5331,#5332,#5333,#5334,#5335,#5336,#5337
      ,#5338,#5339)
    ,(#5340,#5341,#5342,#5343,#5344,#5345,#5346,#5347,#5348,#5349,#5350
      ,#5351,#5352)
    ,(#5353,#5354,#5355,#5356,#5357,#5358,#5359,#5360,#5361,#5362,#5363
      ,#5364,#5365)
    ,(#5366,#5367,#5368,#5369,#5370,#5371,#5372,#5373,#5374,#5375,#5376
      ,#5377,#5378)
    ,(#5379,#5380,#5381,#5382,#5383,#5384,#5385,#5386,#5387,#5388,#5389
      ,#5390,#5391)
    ,(#5392,#5393,#5394,#5395,#5396,#5397,#5398,#5399,#5400,#5401,#5402
      ,#5403,#5404)
    ,(#5405,#5406,#5407,#5408,#5409,#5410,#5411,#5412,#5413,#5414,#5415
      ,#5416,#5417)
    ,(#5418,#5419,#5420,#5421,#5422,#5423,#5424,#5425,#5426,#5427,#5428
      ,#5429,#5430)
    ,(#5431,#5432,#5433,#5434,#5435,#5436,#5437,#5438,#5439,#5440,#5441
      ,#5442,#5443)
    ,(#5444,#5445,#5446,#5447,#5448,#5449,#5450,#5451,#5452,#5453,#5454
      ,#5455,#5456)
    ,(#5457,#5458,#5459,#5460,#5461,#5462,#5463,#5464,#5465,#5466,#5467
      ,#5468,#5469)
    ,(#5470,#5471,#5472,#5473,#5474,#5475,#5476,#5477,#5478,#5479,#5480
      ,#5481,#5482)
    ,(#5483,#5484,#5485,#5486,#5487,#5488,#5489,#5490,#5491,#5492,#5493
      ,#5494,#5495)
    ,(#5496,#5497,#5498,#5499,#5500,#5501,#5502,#5503,#5504,#5505,#5506
      ,#5507,#5508)
    ,(#5509,#5510,#5511,#5512,#5513,#5514,#5515,#5516,#5517,#5518,#5519
      ,#5520,#5521)
    ,(#5522,#5523,#5524,#5525,#5526,#5527,#5528,#5529,#5530,#5531,#5532
      ,#5533,#5534)
    ,(#5535,#5536,#5537,#5538,#5539,#5540,#5541,#5542,#5543,#5544,#5545
      ,#5546,#5547)
    ,(#5548,#5549,#5550,#5551,#5552,#5553,#5554,#5555,#5556,#5557,#5558
      ,#5559,#5560)
    ,(#5561,#5562,#5563,#5564,#5565,#5566,#5567,#5568,#5569,#5570,#5571
      ,#5572,#5573)
    ,(#5574,#5575,#5576,#5577,#5578,#5579,#5580,#5581,#5582,#5583,#5584
      ,#5585,#5586)
    ,(#5587,#5588,#5589,#5590,#5591,#5592,#5593,#5594,#5595,#5596,#5597
      ,#5598,#5599)
    ,(#5600,#5601,#5602,#5603,#5604,#5605,#5606,#5607,#5608,#5609,#5610
      ,#5611,#5612)
    ,(#5613,#5614,#5615,#5616,#5617,#5618,#5619,#5620,#5621,#5622,#5623
      ,#5624,#5625)
    ,(#5626,#5627,#5628,#5629,#5630,#5631,#5632,#5633,#5634,#5635,#5636
      ,#5637,#5638)
    ,(#5639,#5640,#5641,#5642,#5643,#5644,#5645,#5646,#5647,#5648,#5649
      ,#5650,#5651)
    ,(#5652,#5653,#5654,#5655,#5656,#5657,#5658,#5659,#5660,#5661,#5662
      ,#5663,#5664)
    ,(#5665,#5666,#5667,#5668,#5669,#5670,#5671,#5672,#5673,#5674,#5675
      ,#5676,#5677)
    ,(#5678,#5679,#5680,#5681,#5682,#5683,#5684,#5685,#5686,#5687,#5688
      ,#5689,#5690)
    ,(#5691,#5692,#5693,#5694,#5695,#5696,#5697,#5698,#5699,#5700,#5701
      ,#5702,#5703)
    ,(#5704,#5705,#5706,#5707,#5708,#5709,#5710,#5711,#5712,#5713,#5714
      ,#5715,#5716)
    ,(#5717,#5718,#5719,#5720,#5721,#5722,#5723,#5724,#5725,#5726,#5727
      ,#5728,#5729)
    ,(#5730,#5731,#5732,#5733,#5734,#5735,#5736,#5737,#5738,#5739,#5740
      ,#5741,#5742)
    ,(#5743,#5744,#5745,#5746,#5747,#5748,#5749,#5750,#5751,#5752,#5753
      ,#5754,#5755)
    ,(#5756,#5757,#5758,#5759,#5760,#5761,#5762,#5763,#5764,#5765,#5766
      ,#5767,#5768)
    ,(#5769,#5770,#5771,#5772,#5773,#5774,#5775,#5776,#5777,#5778,#5779
      ,#5780,#5781)
    ,(#5782,#5783,#5784,#5785,#5786,#5787,#5788,#5789,#5790,#5791,#5792
      ,#5793,#5794)
    ,(#5795,#5796,#5797,#5798,#5799,#5800,#5801,#5802,#5803,#5804,#5805
      ,#5806,#5807)
    ,(#5808,#5809,#5810,#5811,#5812,#5813,#5814,#5815,#5816,#5817,#5818
      ,#5819,#5820)
    ,(#5821,#5822,#5823,#5824,#5825,#5826,#5827,#5828,#5829,#5830,#5831
      ,#5832,#5833)
    ,(#5834,#5835,#5836,#5837,#5838,#5839,#5840,#5841,#5842,#5843,#5844
      ,#5845,#5846)
    ,(#5847,#5848,#5849,#5850,#5851,#5852,#5853,#5854,#5855,#5856,#5857
      ,#5858,#5859)
    ,(#5860,#5861,#5862,#5863,#5864,#5865,#5866,#5867,#5868,#5869,#5870
      ,#5871,#5872)
    ,(#5873,#5874,#5875,#5876,#5877,#5878,#5879,#5880,#5881,#5882,#5883
      ,#5884,#5885)
    ,(#5886,#5887,#5888,#5889,#5890,#5891,#5892,#5893,#5894,#5895,#5896
      ,#5897,#5898)
    ,(#5899,#5900,#5901,#5902,#5903,#5904,#5905,#5906,#5907,#5908,#5909
      ,#5910,#5911)
    ,(#5912,#5913,#5914,#5915,#5916,#5917,#5918,#5919,#5920,#5921,#5922
      ,#5923,#5924)
    ,(#5925,#5926,#5927,#5928,#5929,#5930,#5931,#5932,#5933,#5934,#5935
      ,#5936,#5937)
    ,(#5938,#5939,#5940,#5941,#5942,#5943,#5944,#5945,#5946,#5947,#5948
      ,#5949,#5950)
    ,(#5951,#5952,#5953,#5954,#5955,#5956,#5957,#5958,#5959,#5960,#5961
      ,#5962,#5963)
    ,(#5964,#5965,#5966,#5967,#5968,#5969,#5970,#5971,#5972,#5973,#5974
      ,#5975,#5976)
    ,(#5977,#5978,#5979,#5980,#5981,#5982,#5983,#5984,#5985,#5986,#5987
      ,#5988,#5989)
    ,(#5990,#5991,#5992,#5993,#5994,#5995,#5996,#5997,#5998,#5999,#6000
      ,#6001,#6002)
    ,(#6003,#6004,#6005,#6006,#6007,#6008,#6009,#6010,#6011,#6012,#6013
      ,#6014,#6015)
    ,(#6016,#6017,#6018,#6019,#6020,#6021,#6022,#6023,#6024,#6025,#6026
      ,#6027,#6028)
    ,(#6029,#6030,#6031,#6032,#6033,#6034,#6035,#6036,#6037,#6038,#6039
      ,#6040,#6041)
    ,(#6042,#6043,#6044,#6045,#6046,#6047,#6048,#6049,#6050,#6051,#6052
      ,#6053,#6054)
    ,(#6055,#6056,#6057,#6058,#6059,#6060,#6061,#6062,#6063,#6064,#6065
      ,#6066,#6067)
    ,(#6068,#6069,#6070,#6071,#6072,#6073,#6074,#6075,#6076,#6077,#6078
      ,#6079,#6080)
    ,(#6081,#6082,#6083,#6084,#6085,#6086,#6087,#6088,#6089,#6090,#6091
      ,#6092,#6093)
    ,(#6094,#6095,#6096,#6097,#6098,#6099,#6100,#6101,#6102,#6103,#6104
      ,#6105,#6106)
    ,(#6107,#6108,#6109,#6110,#6111,#6112,#6113,#6114,#6115,#6116,#6117
      ,#6118,#6119)
    ,(#6120,#6121,#6122,#6123,#6124,#6125,#6126,#6127,#6128,#6129,#6130
      ,#6131,#6132)
    ,(#6133,#6134,#6135,#6136,#6137,#6138,#6139,#6140,#6141,#6142,#6143
      ,#6144,#6145)
    ,(#6146,#6147,#6148,#6149,#6150,#6151,#6152,#6153,#6154,#6155,#6156
      ,#6157,#6158)
    ,(#6159,#6160,#6161,#6162,#6163,#6164,#6165,#6166,#6167,#6168,#6169
      ,#6170,#6171)
    ,(#6172,#6173,#6174,#6175,#6176,#6177,#6178,#6179,#6180,#6181,#6182
      ,#6183,#6184)
    ,(#6185,#6186,#6187,#6188,#6189,#6190,#6191,#6192,#6193,#6194,#6195
      ,#6196,#6197)
    ,(#6198,#6199,#6200,#6201,#6202,#6203,#6204,#6205,#6206,#6207,#6208
      ,#6209,#6210
)),.UNSPECIFIED.,.T.,.F.,.F.) B_SPLINE_SURFACE_WITH_KNOTS((4,1,1,1,1,1,1
    ,1,1,1,1,1,1,1,1,1,1,1,1,1,1,1,1,1,1,1,1,1,1,1,1,1,1,1,1,1,1,1,1,1,1
    ,1,1,1,1,1,1,1,1,1,1,1,1,1,1,1,1,1,1,1,1,1,1,1,1,1,1,1,1,1,1,1,1,1,1
    ,1,1,1,1,1,1,1,1,1,1,1,1,1,1,1,1,1,1,1,1,1,1,1,4),(8,5,8),(0.,
    4.723282016847E-03,9.514454336009E-03,1.455684604926E-02,
    2.000091975438E-02,2.595818016451E-02,3.250479129167E-02,
    3.96887894112E-02,4.753708013963E-02,5.606092810048E-02,
    6.525988994889E-02,7.512451417629E-02,8.563815405804E-02,
    9.677817025697E-02,0.108516725585,0.120821316956,0.133655148333,
    0.146977418882,0.16074357851,0.174905585911,0.189412190531,
    0.204209248955,0.219240077706,0.234445838157,0.249765945186,
    0.26513848898,0.28050065887,0.295789158863,0.310940606169,
    0.325891906261,0.340580600428,0.354945184105,0.368925396403,
    0.382462482971,0.395499435671,0.407981213444,0.419854949216,
    0.431070147802,0.441578879446,0.451335972959,0.460299211368,
    0.468429531632,0.47569122832,0.482052159426,0.487483950692,
    0.491962193245,0.49546662814,0.497981310719,0.499494747627,0.5,
    0.500505252373,0.502018689281,0.50453337186,0.508037806755,
    0.512516049308,0.517947840574,0.52430877168,0.531570468368,
    0.539700788632,0.548664027041,0.558421120554,0.568929852198,
    0.580145050784,0.592018786556,0.604500564329,0.617537517029,
    0.631074603597,0.645054815895,0.659419399572,0.674108093739,
    0.689059393831,0.704210841137,0.71949934113,0.73486151102,
    0.750234054814,0.765554161843,0.780759922294,0.795790751045,
    0.810587809469,0.825094414089,0.83925642149,0.853022581118,
    0.866344851667,0.879178683044,0.891483274415,0.903221829743,
    0.914361845942,0.924875485824,0.934740110051,0.9439390719,
    0.95246291986,0.960311210589,0.967495208708,0.974041819835,
    0.979999080246,0.985443153951,0.990485545664,0.995276717983,1.),(0.,
0.5,1.),.UNSPECIFIED.) GEOMETRIC_REPRESENTATION_ITEM() 
RATIONAL_B_SPLINE_SURFACE((
    (1.,1.,1.000000000001,0.999999999999,1.000000000001,1.,1.,1.,1.
      ,0.999999999999,1.,1.,1.)
    ,(1.,1.,1.000000000001,0.999999999999,1.000000000001,1.,1.,1.,1.
      ,0.999999999999,1.,1.,1.)
    ,(1.,1.,1.000000000001,0.999999999999,1.000000000001,1.,1.,1.,1.
      ,0.999999999999,1.,1.,1.)
    ,(1.,1.,1.000000000001,0.999999999999,1.000000000001,1.,1.,1.,1.
      ,0.999999999999,1.,1.,1.)
    ,(1.,1.,1.000000000001,0.999999999999,1.000000000001,1.,1.,1.,1.
      ,0.999999999999,1.,1.,1.)
    ,(1.,1.,1.000000000001,0.999999999999,1.000000000001,1.,1.,1.,1.
      ,0.999999999999,1.,1.,1.)
    ,(1.,1.,1.000000000001,0.999999999999,1.000000000001,1.,1.,1.,1.
      ,0.999999999999,1.,1.,1.)
    ,(1.,1.,1.000000000001,0.999999999999,1.000000000001,1.,1.,1.,1.
      ,0.999999999999,1.,1.,1.)
    ,(1.,1.,1.000000000001,0.999999999999,1.000000000001,1.,1.,1.,1.
      ,0.999999999999,1.,1.,1.)
    ,(1.,1.,1.000000000001,0.999999999999,1.000000000001,1.,1.,1.,1.
      ,0.999999999999,1.,1.,1.)
    ,(1.,1.,1.000000000001,0.999999999999,1.000000000001,1.,1.,1.,1.
      ,0.999999999999,1.,1.,1.)
    ,(1.,1.,1.000000000001,0.999999999999,1.000000000001,1.,1.,1.,1.
      ,0.999999999999,1.,1.,1.)
    ,(1.,1.,1.000000000001,0.999999999999,1.000000000001,1.,1.,1.,1.
      ,0.999999999999,1.,1.,1.)
    ,(1.,1.,1.000000000001,0.999999999999,1.000000000001,1.,1.,1.,1.
      ,0.999999999999,1.,1.,1.)
    ,(1.,1.,1.000000000001,0.999999999999,1.000000000001,1.,1.,1.,1.
      ,0.999999999999,1.,1.,1.)
    ,(1.,1.,1.000000000001,0.999999999999,1.000000000001,1.,1.,1.,1.
      ,0.999999999999,1.,1.,1.)
    ,(1.,1.,1.000000000001,0.999999999999,1.000000000001,1.,1.,1.,1.
      ,0.999999999999,1.,1.,1.)
    ,(1.,1.,1.000000000001,0.999999999999,1.000000000001,1.,1.,1.,1.
      ,0.999999999999,1.,1.,1.)
    ,(1.,1.,1.000000000001,0.999999999999,1.000000000001,1.,1.,1.,1.
      ,0.999999999999,1.,1.,1.)
    ,(1.,1.,1.000000000001,0.999999999999,1.000000000001,1.,1.,1.,1.
      ,0.999999999999,1.,1.,1.)
    ,(1.,1.,1.000000000001,0.999999999999,1.000000000001,1.,1.,1.,1.
      ,0.999999999999,1.,1.,1.)
    ,(1.,1.,1.000000000001,0.999999999999,1.000000000001,1.,1.,1.,1.
      ,0.999999999999,1.,1.,1.)
    ,(1.,1.,1.000000000001,0.999999999999,1.000000000001,1.,1.,1.,1.
      ,0.999999999999,1.,1.,1.)
    ,(1.,1.,1.000000000001,0.999999999999,1.000000000001,1.,1.,1.,1.
      ,0.999999999999,1.,1.,1.)
    ,(1.,1.,1.000000000001,0.999999999999,1.000000000001,1.,1.,1.,1.
      ,0.999999999999,1.,1.,1.)
    ,(1.,1.,1.000000000001,0.999999999999,1.000000000001,1.,1.,1.,1.
      ,0.999999999999,1.,1.,1.)
    ,(1.,1.,1.000000000001,0.999999999999,1.000000000001,1.,1.,1.,1.
      ,0.999999999999,1.,1.,1.)
    ,(1.,1.,1.000000000001,0.999999999999,1.000000000001,1.,1.,1.,1.
      ,0.999999999999,1.,1.,1.)
    ,(1.,1.,1.000000000001,0.999999999999,1.000000000001,1.,1.,1.,1.
      ,0.999999999999,1.,1.,1.)
    ,(1.,1.,1.000000000001,0.999999999999,1.000000000001,1.,1.,1.,1.
      ,0.999999999999,1.,1.,1.)
    ,(1.,1.,1.000000000001,0.999999999999,1.000000000001,1.,1.,1.,1.
      ,0.999999999999,1.,1.,1.)
    ,(1.,1.,1.000000000001,0.999999999999,1.000000000001,1.,1.,1.,1.
      ,0.999999999999,1.,1.,1.)
    ,(1.,1.,1.000000000001,0.999999999999,1.000000000001,1.,1.,1.,1.
      ,0.999999999999,1.,1.,1.)
    ,(1.,1.,1.000000000001,0.999999999999,1.000000000001,1.,1.,1.,1.
      ,0.999999999999,1.,1.,1.)
    ,(1.,1.,1.000000000001,0.999999999999,1.000000000001,1.,1.,1.,1.
      ,0.999999999999,1.,1.,1.)
    ,(1.,1.,1.000000000001,0.999999999999,1.000000000001,1.,1.,1.,1.
      ,0.999999999999,1.,1.,1.)
    ,(1.,1.,1.000000000001,0.999999999999,1.000000000001,1.,1.,1.,1.
      ,0.999999999999,1.,1.,1.)
    ,(1.,1.,1.000000000001,0.999999999999,1.000000000001,1.,1.,1.,1.
      ,0.999999999999,1.,1.,1.)
    ,(1.,1.,1.000000000001,0.999999999999,1.000000000001,1.,1.,1.,1.
      ,0.999999999999,1.,1.,1.)
    ,(1.,1.,1.000000000001,0.999999999999,1.000000000001,1.,1.,1.,1.
      ,0.999999999999,1.,1.,1.)
    ,(1.,1.,1.000000000001,0.999999999999,1.000000000001,1.,1.,1.,1.
      ,0.999999999999,1.,1.,1.)
    ,(1.,1.,1.000000000001,0.999999999999,1.000000000001,1.,1.,1.,1.
      ,0.999999999999,1.,1.,1.)
    ,(1.,1.,1.000000000001,0.999999999999,1.000000000001,1.,1.,1.,1.
      ,0.999999999999,1.,1.,1.)
    ,(1.,1.,1.000000000001,0.999999999999,1.000000000001,1.,1.,1.,1.
      ,0.999999999999,1.,1.,1.)
    ,(1.,1.,1.000000000001,0.999999999999,1.000000000001,1.,1.,1.,1.
      ,0.999999999999,1.,1.,1.)
    ,(1.,1.,1.000000000001,0.999999999999,1.000000000001,1.,1.,1.,1.
      ,0.999999999999,1.,1.,1.)
    ,(1.,1.,1.000000000001,0.999999999999,1.000000000001,1.,1.,1.,1.
      ,0.999999999999,1.,1.,1.)
    ,(1.,1.,1.000000000001,0.999999999999,1.000000000001,1.,1.,1.,1.
      ,0.999999999999,1.,1.,1.)
    ,(1.,1.,1.000000000001,0.999999999999,1.000000000001,1.,1.,1.,1.
      ,0.999999999999,1.,1.,1.)
    ,(1.,1.,1.000000000001,0.999999999999,1.000000000001,1.,1.,1.,1.
      ,0.999999999999,1.,1.,1.)
    ,(1.,1.,1.000000000001,0.999999999999,1.000000000001,1.,1.,1.,1.
      ,0.999999999999,1.,1.,1.)
    ,(1.,1.,1.000000000001,0.999999999999,1.000000000001,1.,1.,1.,1.
      ,0.999999999999,1.,1.,1.)
    ,(1.,1.,1.000000000001,0.999999999999,1.000000000001,1.,1.,1.,1.
      ,0.999999999999,1.,1.,1.)
    ,(1.,1.,1.000000000001,0.999999999999,1.000000000001,1.,1.,1.,1.
      ,0.999999999999,1.,1.,1.)
    ,(1.,1.,1.000000000001,0.999999999999,1.000000000001,1.,1.,1.,1.
      ,0.999999999999,1.,1.,1.)
    ,(1.,1.,1.000000000001,0.999999999999,1.000000000001,1.,1.,1.,1.
      ,0.999999999999,1.,1.,1.)
    ,(1.,1.,1.000000000001,0.999999999999,1.000000000001,1.,1.,1.,1.
      ,0.999999999999,1.,1.,1.)
    ,(1.,1.,1.000000000001,0.999999999999,1.000000000001,1.,1.,1.,1.
      ,0.999999999999,1.,1.,1.)
    ,(1.,1.,1.000000000001,0.999999999999,1.000000000001,1.,1.,1.,1.
      ,0.999999999999,1.,1.,1.)
    ,(1.,1.,1.000000000001,0.999999999999,1.000000000001,1.,1.,1.,1.
      ,0.999999999999,1.,1.,1.)
    ,(1.,1.,1.000000000001,0.999999999999,1.000000000001,1.,1.,1.,1.
      ,0.999999999999,1.,1.,1.)
    ,(1.,1.,1.000000000001,0.999999999999,1.000000000001,1.,1.,1.,1.
      ,0.999999999999,1.,1.,1.)
    ,(1.,1.,1.000000000001,0.999999999999,1.000000000001,1.,1.,1.,1.
      ,0.999999999999,1.,1.,1.)
    ,(1.,1.,1.000000000001,0.999999999999,1.000000000001,1.,1.,1.,1.
      ,0.999999999999,1.,1.,1.)
    ,(1.,1.,1.000000000001,0.999999999999,1.000000000001,1.,1.,1.,1.
      ,0.999999999999,1.,1.,1.)
    ,(1.,1.,1.000000000001,0.999999999999,1.000000000001,1.,1.,1.,1.
      ,0.999999999999,1.,1.,1.)
    ,(1.,1.,1.000000000001,0.999999999999,1.000000000001,1.,1.,1.,1.
      ,0.999999999999,1.,1.,1.)
    ,(1.,1.,1.000000000001,0.999999999999,1.000000000001,1.,1.,1.,1.
      ,0.999999999999,1.,1.,1.)
    ,(1.,1.,1.000000000001,0.999999999999,1.000000000001,1.,1.,1.,1.
      ,0.999999999999,1.,1.,1.)
    ,(1.,1.,1.000000000001,0.999999999999,1.000000000001,1.,1.,1.,1.
      ,0.999999999999,1.,1.,1.)
    ,(1.,1.,1.000000000001,0.999999999999,1.000000000001,1.,1.,1.,1.
      ,0.999999999999,1.,1.,1.)
    ,(1.,1.,1.000000000001,0.999999999999,1.000000000001,1.,1.,1.,1.
      ,0.999999999999,1.,1.,1.)
    ,(1.,1.,1.000000000001,0.999999999999,1.000000000001,1.,1.,1.,1.
      ,0.999999999999,1.,1.,1.)
    ,(1.,1.,1.000000000001,0.999999999999,1.000000000001,1.,1.,1.,1.
      ,0.999999999999,1.,1.,1.)
    ,(1.,1.,1.000000000001,0.999999999999,1.000000000001,1.,1.,1.,1.
      ,0.999999999999,1.,1.,1.)
    ,(1.,1.,1.000000000001,0.999999999999,1.000000000001,1.,1.,1.,1.
      ,0.999999999999,1.,1.,1.)
    ,(1.,1.,1.000000000001,0.999999999999,1.000000000001,1.,1.,1.,1.
      ,0.999999999999,1.,1.,1.)
    ,(1.,1.,1.000000000001,0.999999999999,1.000000000001,1.,1.,1.,1.
      ,0.999999999999,1.,1.,1.)
    ,(1.,1.,1.000000000001,0.999999999999,1.000000000001,1.,1.,1.,1.
      ,0.999999999999,1.,1.,1.)
    ,(1.,1.,1.000000000001,0.999999999999,1.000000000001,1.,1.,1.,1.
      ,0.999999999999,1.,1.,1.)
    ,(1.,1.,1.000000000001,0.999999999999,1.000000000001,1.,1.,1.,1.
      ,0.999999999999,1.,1.,1.)
    ,(1.,1.,1.000000000001,0.999999999999,1.000000000001,1.,1.,1.,1.
      ,0.999999999999,1.,1.,1.)
    ,(1.,1.,1.000000000001,0.999999999999,1.000000000001,1.,1.,1.,1.
      ,0.999999999999,1.,1.,1.)
    ,(1.,1.,1.000000000001,0.999999999999,1.000000000001,1.,1.,1.,1.
      ,0.999999999999,1.,1.,1.)
    ,(1.,1.,1.000000000001,0.999999999999,1.000000000001,1.,1.,1.,1.
      ,0.999999999999,1.,1.,1.)
    ,(1.,1.,1.000000000001,0.999999999999,1.000000000001,1.,1.,1.,1.
      ,0.999999999999,1.,1.,1.)
    ,(1.,1.,1.000000000001,0.999999999999,1.000000000001,1.,1.,1.,1.
      ,0.999999999999,1.,1.,1.)
    ,(1.,1.,1.000000000001,0.999999999999,1.000000000001,1.,1.,1.,1.
      ,0.999999999999,1.,1.,1.)
    ,(1.,1.,1.000000000001,0.999999999999,1.000000000001,1.,1.,1.,1.
      ,0.999999999999,1.,1.,1.)
    ,(1.,1.,1.000000000001,0.999999999999,1.000000000001,1.,1.,1.,1.
      ,0.999999999999,1.,1.,1.)
    ,(1.,1.,1.000000000001,0.999999999999,1.000000000001,1.,1.,1.,1.
      ,0.999999999999,1.,1.,1.)
    ,(1.,1.,1.000000000001,0.999999999999,1.000000000001,1.,1.,1.,1.
      ,0.999999999999,1.,1.,1.)
    ,(1.,1.,1.000000000001,0.999999999999,1.000000000001,1.,1.,1.,1.
      ,0.999999999999,1.,1.,1.)
    ,(1.,1.,1.000000000001,0.999999999999,1.000000000001,1.,1.,1.,1.
      ,0.999999999999,1.,1.,1.)
    ,(1.,1.,1.000000000001,0.999999999999,1.000000000001,1.,1.,1.,1.
      ,0.999999999999,1.,1.,1.)
    ,(1.,1.,1.000000000001,0.999999999999,1.000000000001,1.,1.,1.,1.
      ,0.999999999999,1.,1.,1.)
    ,(1.,1.,1.000000000001,0.999999999999,1.000000000001,1.,1.,1.,1.
      ,0.999999999999,1.,1.,1.)
    ,(1.,1.,1.000000000001,0.999999999999,1.000000000001,1.,1.,1.,1.
      ,0.999999999999,1.,1.,1.)
    ,(1.,1.,1.000000000001,0.999999999999,1.000000000001,1.,1.,1.,1.
      ,0.999999999999,1.,1.,1.)
    ,(1.,1.,1.000000000001,0.999999999999,1.000000000001,1.,1.,1.,1.
      ,0.999999999999,1.,1.,1.)
    ,(1.,1.,1.000000000001,0.999999999999,1.000000000001,1.,1.,1.,1.
,0.999999999999,1.,1.,1.))) REPRESENTATION_ITEM('') SURFACE() );
#4898 = CARTESIAN_POINT('',(70.320508075689,0.,-28.5));
#4899 = CARTESIAN_POINT('',(70.320508075724,9.71445146547E-18,
    -24.21428571429));
#4900 = CARTESIAN_POINT('',(58.196152422628,-9.665218361095E-17,
    -19.92857142854));
#4901 = CARTESIAN_POINT('',(74.131019852451,2.443303496035E-16,
    -15.64285714288));
#4902 = CARTESIAN_POINT('',(49.189488223296,-2.494849565031E-16,
    -11.35714285713));
#4903 = CARTESIAN_POINT('',(65.124355652999,1.072918209304E-16,
    -7.071428571431));
#4904 = CARTESIAN_POINT('',(40.875644347008,-1.35047396546E-16,1.5));
#4905 = CARTESIAN_POINT('',(65.124355652992,1.072918209304E-16,
    10.071428571429));
#4906 = CARTESIAN_POINT('',(49.189488223333,-2.494849565032E-16,
    14.357142857139));
#4907 = CARTESIAN_POINT('',(74.13101985237,2.443303496034E-16,
    18.642857142865));
#4908 = CARTESIAN_POINT('',(58.196152422692,-9.665218361099E-17,
    22.928571428564));
#4909 = CARTESIAN_POINT('',(70.320508075696,9.714451465467E-18,
    27.214285714289));
#4910 = CARTESIAN_POINT('',(70.320508075689,0.,31.5));
#4911 = CARTESIAN_POINT('',(70.320217271557,4.243924044844E-02,-28.5));
#4912 = CARTESIAN_POINT('',(70.320217271569,4.243924044846E-02,
    -24.21428571429));
#4913 = CARTESIAN_POINT('',(58.195658055665,7.214670876227E-02,
    -19.92857142855));
#4914 = CARTESIAN_POINT('',(74.130793025155,3.310260754984E-02,
    -15.64285714287));
#4915 = CARTESIAN_POINT('',(49.188842638172,9.421511379547E-02,
    -11.35714285713));
#4916 = CARTESIAN_POINT('',(65.123977607614,5.517101258299E-02,
    -7.07142857143));
#4917 = CARTESIAN_POINT('',(40.874859175867,0.114585949211,1.5));
#4918 = CARTESIAN_POINT('',(65.123977607609,5.517101258299E-02,
    10.07142857143));
#4919 = CARTESIAN_POINT('',(49.188842638197,9.421511379551E-02,
    14.35714285714));
#4920 = CARTESIAN_POINT('',(74.130793025097,3.31026075498E-02,
    18.642857142863));
#4921 = CARTESIAN_POINT('',(58.195658055708,7.214670876232E-02,
    22.928571428565));
#4922 = CARTESIAN_POINT('',(70.320217271549,4.243924044845E-02,
    27.214285714289));
#4923 = CARTESIAN_POINT('',(70.320217271557,4.243924044844E-02,31.5));
#4924 = CARTESIAN_POINT('',(70.329476184625,0.127398841277,-28.5));
#4925 = CARTESIAN_POINT('',(70.329476184644,0.127398841277,
    -24.21428571429));
#4926 = CARTESIAN_POINT('',(58.211398207862,0.216578030171,
    -19.92857142855));
#4927 = CARTESIAN_POINT('',(74.138014977373,9.9371096196E-02,
    -15.64285714287));
#4928 = CARTESIAN_POINT('',(49.209397425163,0.282825427635,
    -11.35714285713));
#4929 = CARTESIAN_POINT('',(65.136014194611,0.16561849366,-7.07142857143
    ));
#4930 = CARTESIAN_POINT('',(40.899858241138,0.343976871448,1.5));
#4931 = CARTESIAN_POINT('',(65.136014194612,0.16561849366,10.07142857143
    ));
#4932 = CARTESIAN_POINT('',(49.209397425156,0.282825427635,
    14.357142857139));
#4933 = CARTESIAN_POINT('',(74.13801497737,9.9371096196E-02,
    18.642857142863));
#4934 = CARTESIAN_POINT('',(58.211398207858,0.216578030171,
    22.928571428565));
#4935 = CARTESIAN_POINT('',(70.329476184643,0.127398841277,
    27.214285714289));
#4936 = CARTESIAN_POINT('',(70.329476184625,0.127398841277,31.5));
#4937 = CARTESIAN_POINT('',(70.369869179368,0.25204732539,-28.5));
#4938 = CARTESIAN_POINT('',(70.369869179394,0.25204732539,
    -24.21428571429));
#4939 = CARTESIAN_POINT('',(58.280066298907,0.428480453162,
    -19.92857142855));
#4940 = CARTESIAN_POINT('',(74.169521513296,0.196596913804,
    -15.64285714287));
#4941 = CARTESIAN_POINT('',(49.299069873478,0.559545062365,
    -11.35714285713));
#4942 = CARTESIAN_POINT('',(65.188525087781,0.327661523007,
    -7.07142857143));
#4943 = CARTESIAN_POINT('',(41.008919326942,0.680527778552,1.5));
#4944 = CARTESIAN_POINT('',(65.188525087779,0.327661523007,
    10.07142857143));
#4945 = CARTESIAN_POINT('',(49.299069873483,0.559545062365,
    14.35714285714));
#4946 = CARTESIAN_POINT('',(74.169521513272,0.196596913804,
    18.642857142863));
#4947 = CARTESIAN_POINT('',(58.28006629892,0.428480453162,
    22.928571428565));
#4948 = CARTESIAN_POINT('',(70.369869179386,0.25204732539,
    27.214285714289));
#4949 = CARTESIAN_POINT('',(70.369869179368,0.25204732539,31.5));
#4950 = CARTESIAN_POINT('',(70.437057686039,0.371761434061,-28.5));
#4951 = CARTESIAN_POINT('',(70.437057686068,0.371761434061,
    -24.21428571429));
#4952 = CARTESIAN_POINT('',(58.394286760239,0.631994437903,
    -19.92857142855));
#4953 = CARTESIAN_POINT('',(74.221928548508,0.289973918568,
    -15.64285714287));
#4954 = CARTESIAN_POINT('',(49.448228358284,0.825310383615,
    -11.35714285713));
#4955 = CARTESIAN_POINT('',(65.275870146453,0.48328986428,-7.07142857143
    ));
#4956 = CARTESIAN_POINT('',(41.190328294955,1.003755871965,1.5));
#4957 = CARTESIAN_POINT('',(65.275870146449,0.483289864279,
    10.07142857143));
#4958 = CARTESIAN_POINT('',(49.448228358303,0.825310383615,
    14.357142857139));
#4959 = CARTESIAN_POINT('',(74.221928548458,0.289973918568,
    18.642857142863));
#4960 = CARTESIAN_POINT('',(58.394286760275,0.631994437904,
    22.928571428565));
#4961 = CARTESIAN_POINT('',(70.437057686052,0.371761434061,
    27.214285714289));
#4962 = CARTESIAN_POINT('',(70.437057686039,0.371761434061,31.5));
#4963 = CARTESIAN_POINT('',(70.529947013813,0.486369663497,-28.5));
#4964 = CARTESIAN_POINT('',(70.52994701384,0.486369663497,
    -24.21428571429));
#4965 = CARTESIAN_POINT('',(58.552198617461,0.826828427944,
    -19.92857142854));
#4966 = CARTESIAN_POINT('',(74.294382224164,0.379368337528,
    -15.64285714288));
#4967 = CARTESIAN_POINT('',(49.654442665948,1.079740652963,
    -11.35714285713));
#4968 = CARTESIAN_POINT('',(65.396626272557,0.632280562546,
    -7.071428571431));
#4969 = CARTESIAN_POINT('',(41.441129479948,1.313198091442,
    1.500000000001));
#4970 = CARTESIAN_POINT('',(65.396626272552,0.632280562546,
    10.071428571429));
#4971 = CARTESIAN_POINT('',(49.654442665978,1.079740652963,
    14.357142857141));
#4972 = CARTESIAN_POINT('',(74.294382224095,0.379368337528,
    18.642857142861));
#4973 = CARTESIAN_POINT('',(58.552198617513,0.826828427945,
    22.928571428567));
#4974 = CARTESIAN_POINT('',(70.529947013817,0.486369663497,
    27.214285714288));
#4975 = CARTESIAN_POINT('',(70.529947013813,0.486369663497,31.5));
#4976 = CARTESIAN_POINT('',(70.647969575178,0.59561768775,-28.5));
#4977 = CARTESIAN_POINT('',(70.647969575203,0.595617687751,
    -24.21428571429));
#4978 = CARTESIAN_POINT('',(58.752836971787,1.012550069174,
    -19.92857142855));
#4979 = CARTESIAN_POINT('',(74.386439822024,0.464581796446,
    -15.64285714287));
#4980 = CARTESIAN_POINT('',(49.916452752177,1.322271266805,
    -11.35714285713));
#4981 = CARTESIAN_POINT('',(65.550055602334,0.774302994075,
    -7.07142857143));
#4982 = CARTESIAN_POINT('',(41.759790395627,1.608167756925,1.5));
#4983 = CARTESIAN_POINT('',(65.550055602334,0.774302994075,
    10.07142857143));
#4984 = CARTESIAN_POINT('',(49.916452752175,1.322271266805,
    14.357142857139));
#4985 = CARTESIAN_POINT('',(74.386439822013,0.464581796445,
    18.642857142863));
#4986 = CARTESIAN_POINT('',(58.752836971789,1.012550069175,
    22.928571428565));
#4987 = CARTESIAN_POINT('',(70.647969575199,0.59561768775,
    27.214285714289));
#4988 = CARTESIAN_POINT('',(70.647969575178,0.59561768775,31.5));
#4989 = CARTESIAN_POINT('',(70.790551761294,0.699240763595,-28.5));
#4990 = CARTESIAN_POINT('',(70.790551761314,0.699240763595,
    -24.21428571429));
#4991 = CARTESIAN_POINT('',(58.995226688194,1.18870929811,
    -19.92857142855));
#4992 = CARTESIAN_POINT('',(74.497653927178,0.545407795605,
    -15.64285714287));
#4993 = CARTESIAN_POINT('',(50.232985205367,1.55231449518,
    -11.35714285713));
#4994 = CARTESIAN_POINT('',(65.735412444279,0.909012992674,
    -7.07142857143));
#4995 = CARTESIAN_POINT('',(42.144762298146,1.887950061706,1.5));
#4996 = CARTESIAN_POINT('',(65.735412444278,0.909012992673,
    10.07142857143));
#4997 = CARTESIAN_POINT('',(50.23298520537,1.55231449518,14.357142857137
    ));
#4998 = CARTESIAN_POINT('',(74.497653927156,0.545407795604,
    18.642857142867));
#4999 = CARTESIAN_POINT('',(58.995226688206,1.188709298111,
    22.928571428562));
#5000 = CARTESIAN_POINT('',(70.790551761307,0.699240763595,
    27.21428571429));
#5001 = CARTESIAN_POINT('',(70.790551761294,0.699240763595,31.5));
#5002 = CARTESIAN_POINT('',(70.957151119799,0.796832837821,-28.5));
#5003 = CARTESIAN_POINT('',(70.95715111983,0.796832837821,
    -24.21428571429));
#5004 = CARTESIAN_POINT('',(59.278445597627,1.354615824294,
    -19.92857142855));
#5005 = CARTESIAN_POINT('',(74.627601426841,0.621529613501,
    -15.64285714287));
#5006 = CARTESIAN_POINT('',(50.602835781232,1.768968899961,
    -11.35714285713));
#5007 = CARTESIAN_POINT('',(65.951991610337,1.035882689167,
    -7.071428571431));
#5008 = CARTESIAN_POINT('',(42.594580566111,2.151448662116,
    1.500000000001));
#5009 = CARTESIAN_POINT('',(65.95199161033,1.035882689167,
    10.071428571429));
#5010 = CARTESIAN_POINT('',(50.602835781276,1.768968899962,
    14.35714285714));
#5011 = CARTESIAN_POINT('',(74.62760142675,0.6215296135,18.642857142863)
  );
#5012 = CARTESIAN_POINT('',(59.278445597698,1.354615824296,
    22.928571428565));
#5013 = CARTESIAN_POINT('',(70.957151119799,0.796832837821,
    27.214285714289));
#5014 = CARTESIAN_POINT('',(70.957151119799,0.796832837821,31.5));
#5015 = CARTESIAN_POINT('',(71.147142783163,0.887902278854,-28.5));
#5016 = CARTESIAN_POINT('',(71.147142783189,0.887902278854,
    -24.21428571429));
#5017 = CARTESIAN_POINT('',(59.601431425355,1.509433874052,
    -19.92857142855));
#5018 = CARTESIAN_POINT('',(74.775794924255,0.692563777506,
    -15.64285714287));
#5019 = CARTESIAN_POINT('',(51.024617273903,1.971143059056,
    -11.35714285713));
#5020 = CARTESIAN_POINT('',(66.198980772711,1.154272962511,
    -7.07142857143));
#5021 = CARTESIAN_POINT('',(43.107558057191,2.397336152906,1.5));
#5022 = CARTESIAN_POINT('',(66.198980772706,1.15427296251,10.07142857143
    ));
#5023 = CARTESIAN_POINT('',(51.024617273933,1.971143059056,
    14.357142857137));
#5024 = CARTESIAN_POINT('',(74.775794924189,0.692563777506,
    18.642857142867));
#5025 = CARTESIAN_POINT('',(59.601431425405,1.509433874052,
    22.928571428562));
#5026 = CARTESIAN_POINT('',(71.147142783167,0.887902278854,
    27.21428571429));
#5027 = CARTESIAN_POINT('',(71.147142783163,0.887902278854,31.5));
#5028 = CARTESIAN_POINT('',(71.359805621863,0.971912241177,-28.5));
#5029 = CARTESIAN_POINT('',(71.359805621888,0.971912241177,
    -24.21428571429));
#5030 = CARTESIAN_POINT('',(59.962958251148,1.652250809999,
    -19.92857142855));
#5031 = CARTESIAN_POINT('',(74.94167193844,0.758091548118,
    -15.64285714287));
#5032 = CARTESIAN_POINT('',(51.496728775815,2.157645175411,
    -11.35714285713));
#5033 = CARTESIAN_POINT('',(66.475442463023,1.26348591353,
    -7.071428571431));
#5034 = CARTESIAN_POINT('',(43.681747721678,2.624163051177,
    1.500000000001));
#5035 = CARTESIAN_POINT('',(66.475442463018,1.26348591353,
    10.071428571429));
#5036 = CARTESIAN_POINT('',(51.496728775838,2.157645175412,
    14.357142857141));
#5037 = CARTESIAN_POINT('',(74.941671938387,0.758091548118,
    18.642857142861));
#5038 = CARTESIAN_POINT('',(59.962958251186,1.65225081,22.928571428567)
  );
#5039 = CARTESIAN_POINT('',(71.35980562187,0.971912241177,
    27.214285714288));
#5040 = CARTESIAN_POINT('',(71.359805621863,0.971912241177,31.5));
#5041 = CARTESIAN_POINT('',(71.594312404311,1.048326260332,-28.5));
#5042 = CARTESIAN_POINT('',(71.594312404337,1.048326260333,
    -24.21428571429));
#5043 = CARTESIAN_POINT('',(60.361619781308,1.782154642563,
    -19.92857142854));
#5044 = CARTESIAN_POINT('',(75.124587228752,0.81769448306,
    -15.64285714288));
#5045 = CARTESIAN_POINT('',(52.017333832849,2.327284297936,
    -11.35714285712));
#5046 = CARTESIAN_POINT('',(66.780301280206,1.362824138432,
    -7.071428571432));
#5047 = CARTESIAN_POINT('',(44.314916034288,2.830480902897,
    1.500000000002));
#5048 = CARTESIAN_POINT('',(66.780301280203,1.362824138432,
    10.071428571428));
#5049 = CARTESIAN_POINT('',(52.017333832864,2.327284297937,
    14.357142857143));
#5050 = CARTESIAN_POINT('',(75.124587228713,0.81769448306,
    18.642857142859));
#5051 = CARTESIAN_POINT('',(60.361619781334,1.782154642564,
    22.928571428568));
#5052 = CARTESIAN_POINT('',(71.594312404325,1.048326260332,
    27.214285714287));
#5053 = CARTESIAN_POINT('',(71.594312404311,1.048326260332,31.5));
#5054 = CARTESIAN_POINT('',(71.849734226816,1.116642432156,-28.5));
#5055 = CARTESIAN_POINT('',(71.849734226843,1.116642432157,
    -24.21428571429));
#5056 = CARTESIAN_POINT('',(60.795836879566,1.898292134663,
    -19.92857142854));
#5057 = CARTESIAN_POINT('',(75.323816250306,0.870981097083,
    -15.64285714288));
#5058 = CARTESIAN_POINT('',(52.584370278813,2.478946199385,
    -11.35714285712));
#5059 = CARTESIAN_POINT('',(67.112349649461,1.451635161803,
    -7.071428571432));
#5060 = CARTESIAN_POINT('',(45.004554955056,3.014934566821,
    1.500000000002));
#5061 = CARTESIAN_POINT('',(67.112349649456,1.451635161803,
    10.071428571428));
#5062 = CARTESIAN_POINT('',(52.584370278843,2.478946199385,
    14.357142857144));
#5063 = CARTESIAN_POINT('',(75.32381625024,0.870981097083,
    18.642857142857));
#5064 = CARTESIAN_POINT('',(60.795836879615,1.898292134664,
    22.92857142857));
#5065 = CARTESIAN_POINT('',(71.849734226821,1.116642432156,
    27.214285714287));
#5066 = CARTESIAN_POINT('',(71.849734226816,1.116642432156,31.5));
#5067 = CARTESIAN_POINT('',(72.125046170635,1.176421135998,-28.5));
#5068 = CARTESIAN_POINT('',(72.125046170658,1.176421135998,
    -24.21428571429));
#5069 = CARTESIAN_POINT('',(61.263867184063,1.999915931194,
    -19.92857142855));
#5070 = CARTESIAN_POINT('',(75.538559566478,0.91760848608,
    -15.64285714287));
#5071 = CARTESIAN_POINT('',(53.195562794091,2.611654921912,
    -11.35714285713));
#5072 = CARTESIAN_POINT('',(67.470255176426,1.529347476797,
    -7.07142857143));
#5073 = CARTESIAN_POINT('',(45.747897203363,3.176337067193,1.5));
#5074 = CARTESIAN_POINT('',(67.470255176422,1.529347476797,
    10.07142857143));
#5075 = CARTESIAN_POINT('',(53.195562794115,2.611654921913,
    14.357142857136));
#5076 = CARTESIAN_POINT('',(75.538559566424,0.91760848608,
    18.642857142869));
#5077 = CARTESIAN_POINT('',(61.263867184103,1.999915931194,
    22.92857142856));
#5078 = CARTESIAN_POINT('',(72.125046170641,1.176421135998,
    27.214285714291));
#5079 = CARTESIAN_POINT('',(72.125046170635,1.176421135998,31.5));
#5080 = CARTESIAN_POINT('',(72.419134155384,1.227306277771,-28.5));
#5081 = CARTESIAN_POINT('',(72.419134155411,1.227306277772,
    -24.21428571429));
#5082 = CARTESIAN_POINT('',(61.763816758128,2.086420672208,
    -19.92857142855));
#5083 = CARTESIAN_POINT('',(75.767948194593,0.957298896663,
    -15.64285714287));
#5084 = CARTESIAN_POINT('',(53.848438120226,2.724619936649,
    -11.35714285713));
#5085 = CARTESIAN_POINT('',(67.852569556603,1.595498161103,
    -7.071428571429));
#5086 = CARTESIAN_POINT('',(46.541934762181,3.313726949981,
    1.499999999999));
#5087 = CARTESIAN_POINT('',(67.852569556601,1.595498161103,
    10.071428571431));
#5088 = CARTESIAN_POINT('',(53.848438120237,2.72461993665,
    14.357142857135));
#5089 = CARTESIAN_POINT('',(75.767948194559,0.957298896663,
    18.642857142871));
#5090 = CARTESIAN_POINT('',(61.76381675815,2.086420672209,
    22.928571428559));
#5091 = CARTESIAN_POINT('',(72.4191341554,1.227306277771,27.214285714291
    ));
#5092 = CARTESIAN_POINT('',(72.419134155384,1.227306277771,31.5));
#5093 = CARTESIAN_POINT('',(72.73080164772,1.269041097511,-28.5));
#5094 = CARTESIAN_POINT('',(72.730801647742,1.269041097512,
    -24.21428571429));
#5095 = CARTESIAN_POINT('',(62.293651495112,2.157369865766,
    -19.92857142854));
#5096 = CARTESIAN_POINT('',(76.011048838597,0.98985205606,
    -15.64285714288));
#5097 = CARTESIAN_POINT('',(54.540339953224,2.817271236472,
    -11.35714285713));
#5098 = CARTESIAN_POINT('',(68.257737296635,1.649753426765,
    -7.071428571431));
#5099 = CARTESIAN_POINT('',(47.383436991492,3.426410963279,
    1.500000000001));
#5100 = CARTESIAN_POINT('',(68.257737296633,1.649753426764,
    10.071428571428));
#5101 = CARTESIAN_POINT('',(54.540339953234,2.817271236474,
    14.357142857143));
#5102 = CARTESIAN_POINT('',(76.011048838565,0.989852056059,
    18.642857142857));
#5103 = CARTESIAN_POINT('',(62.293651495133,2.157369865768,
    22.92857142857));
#5104 = CARTESIAN_POINT('',(72.730801647731,1.269041097511,
    27.214285714287));
#5105 = CARTESIAN_POINT('',(72.73080164772,1.269041097511,31.5));
#5106 = CARTESIAN_POINT('',(73.058776277429,1.301478749521,-28.5));
#5107 = CARTESIAN_POINT('',(73.058776277446,1.301478749521,
    -24.21428571429));
#5108 = CARTESIAN_POINT('',(62.851208365632,2.212513874183,
    -19.92857142855));
#5109 = CARTESIAN_POINT('',(76.266869049752,1.015153424627,
    -15.64285714287));
#5110 = CARTESIAN_POINT('',(55.268443631194,2.889282823934,
    -11.35714285713));
#5111 = CARTESIAN_POINT('',(68.684104315251,1.691922374377,
    -7.07142857143));
#5112 = CARTESIAN_POINT('',(48.268968491717,3.513992623705,
    1.499999999999));
#5113 = CARTESIAN_POINT('',(68.684104315246,1.691922374377,
    10.071428571431));
#5114 = CARTESIAN_POINT('',(55.268443631226,2.889282823935,
    14.357142857135));
#5115 = CARTESIAN_POINT('',(76.266869049683,1.015153424627,
    18.642857142871));
#5116 = CARTESIAN_POINT('',(62.851208365685,2.212513874184,
    22.928571428559));
#5117 = CARTESIAN_POINT('',(73.058776277423,1.301478749521,
    27.214285714291));
#5118 = CARTESIAN_POINT('',(73.058776277429,1.301478749521,31.5));
#5119 = CARTESIAN_POINT('',(73.401716320548,1.324587887397,-28.5));
#5120 = CARTESIAN_POINT('',(73.401716320575,1.324587887397,
    -24.21428571429));
#5121 = CARTESIAN_POINT('',(63.43420643891,2.251799408572,
    -19.92857142855));
#5122 = CARTESIAN_POINT('',(76.534362283415,1.033178552171,
    -15.64285714287));
#5123 = CARTESIAN_POINT('',(56.029770526897,2.940585110019,
    -11.35714285713));
#5124 = CARTESIAN_POINT('',(69.129926371313,1.721964253616,
    -7.071428571431));
#5125 = CARTESIAN_POINT('',(49.194906608129,3.576387295971,1.5));
#5126 = CARTESIAN_POINT('',(69.129926371309,1.721964253616,
    10.071428571429));
#5127 = CARTESIAN_POINT('',(56.029770526919,2.940585110019,
    14.35714285714));
#5128 = CARTESIAN_POINT('',(76.534362283363,1.033178552171,
    18.642857142863));
#5129 = CARTESIAN_POINT('',(63.434206438949,2.251799408573,
    22.928571428565));
#5130 = CARTESIAN_POINT('',(73.401716320557,1.324587887397,
    27.214285714289));
#5131 = CARTESIAN_POINT('',(73.401716320548,1.324587887397,31.5));
#5132 = CARTESIAN_POINT('',(73.758217117146,1.338453488469,-28.5));
#5133 = CARTESIAN_POINT('',(73.758217117161,1.338453488469,
    -24.21428571429));
#5134 = CARTESIAN_POINT('',(64.040257793154,2.275370930394,
    -19.92857142855));
#5135 = CARTESIAN_POINT('',(76.812432904728,1.043993721007,
    -15.64285714287));
#5136 = CARTESIAN_POINT('',(56.821202295364,2.971366744398,
    -11.35714285713));
#5137 = CARTESIAN_POINT('',(69.593377406886,1.73998953501,-7.07142857143
    ));
#5138 = CARTESIAN_POINT('',(50.157458758945,3.613824418865,1.5));
#5139 = CARTESIAN_POINT('',(69.593377406887,1.73998953501,10.07142857143
    ));
#5140 = CARTESIAN_POINT('',(56.821202295353,2.971366744399,
    14.357142857137));
#5141 = CARTESIAN_POINT('',(76.812432904733,1.043993721006,
    18.642857142867));
#5142 = CARTESIAN_POINT('',(64.040257793143,2.275370930396,
    22.928571428562));
#5143 = CARTESIAN_POINT('',(73.758217117164,1.338453488469,
    27.21428571429));
#5144 = CARTESIAN_POINT('',(73.758217117146,1.338453488469,31.5));
#5145 = CARTESIAN_POINT('',(74.126817464744,1.343273291563,-28.5));
#5146 = CARTESIAN_POINT('',(74.126817464772,1.343273291564,
    -24.21428571429));
#5147 = CARTESIAN_POINT('',(64.666878384041,2.283564595655,
    -19.92857142855));
#5148 = CARTESIAN_POINT('',(77.099941175891,1.047753167421,
    -15.64285714287));
#5149 = CARTESIAN_POINT('',(57.63949506701,2.982066707268,
    -11.35714285713));
#5150 = CARTESIAN_POINT('',(70.072557858769,1.746255279032,
    -7.071428571431));
#5151 = CARTESIAN_POINT('',(51.152679697458,3.62683788722,1.5));
#5152 = CARTESIAN_POINT('',(70.072557858766,1.746255279032,
    10.07142857143));
#5153 = CARTESIAN_POINT('',(57.639495067027,2.982066707269,
    14.357142857138));
#5154 = CARTESIAN_POINT('',(77.099941175849,1.047753167419,
    18.642857142867));
#5155 = CARTESIAN_POINT('',(64.66687838407,2.283564595657,
    22.928571428562));
#5156 = CARTESIAN_POINT('',(74.126817464758,1.343273291563,
    27.21428571429));
#5157 = CARTESIAN_POINT('',(74.126817464744,1.343273291563,31.5));
#5158 = CARTESIAN_POINT('',(74.506006023591,1.339350371983,-28.5));
#5159 = CARTESIAN_POINT('',(74.506006023631,1.339350371984,
    -24.21428571429));
#5160 = CARTESIAN_POINT('',(65.311498934047,2.276895632369,
    -19.92857142854));
#5161 = CARTESIAN_POINT('',(77.395708251833,1.044693290149,
    -15.64285714288));
#5162 = CARTESIAN_POINT('',(58.481293667619,2.973357825801,
    -11.35714285713));
#5163 = CARTESIAN_POINT('',(70.565502985279,1.741155483579,
    -7.071428571431));
#5164 = CARTESIAN_POINT('',(52.176488806335,3.616246004355,
    1.500000000001));
#5165 = CARTESIAN_POINT('',(70.565502985273,1.741155483579,
    10.071428571429));
#5166 = CARTESIAN_POINT('',(58.481293667652,2.973357825802,
    14.357142857142));
#5167 = CARTESIAN_POINT('',(77.395708251765,1.044693290148,
    18.642857142861));
#5168 = CARTESIAN_POINT('',(65.3114989341,2.276895632371,22.928571428567
    ));
#5169 = CARTESIAN_POINT('',(74.506006023607,1.339350371984,
    27.214285714288));
#5170 = CARTESIAN_POINT('',(74.506006023591,1.339350371983,31.5));
#5171 = CARTESIAN_POINT('',(74.894227758419,1.3270825233,-28.5));
#5172 = CARTESIAN_POINT('',(74.894227758454,1.3270825233,-24.21428571429
    ));
#5173 = CARTESIAN_POINT('',(65.971475883266,2.256040289608,
    -19.92857142854));
#5174 = CARTESIAN_POINT('',(77.698521204983,1.035124368175,
    -15.64285714288));
#5175 = CARTESIAN_POINT('',(59.343145918948,2.946123201724,
    -11.35714285713));
#5176 = CARTESIAN_POINT('',(71.070191240551,1.72520728029,
    -7.071428571431));
#5177 = CARTESIAN_POINT('',(53.224687490374,3.583122812909,1.5));
#5178 = CARTESIAN_POINT('',(71.070191240546,1.72520728029,10.07142857143
    ));
#5179 = CARTESIAN_POINT('',(59.343145918977,2.946123201725,
    14.357142857137));
#5180 = CARTESIAN_POINT('',(77.698521204924,1.035124368174,
    18.642857142867));
#5181 = CARTESIAN_POINT('',(65.97147588331,2.25604028961,22.928571428562
    ));
#5182 = CARTESIAN_POINT('',(74.894227758435,1.3270825233,27.21428571429)
  );
#5183 = CARTESIAN_POINT('',(74.894227758419,1.3270825233,31.5));
#5184 = CARTESIAN_POINT('',(75.289890434375,1.30694922923,-28.5));
#5185 = CARTESIAN_POINT('',(75.289890434398,1.306949229231,
    -24.21428571429));
#5186 = CARTESIAN_POINT('',(66.644102432423,2.221813689689,
    -19.92857142854));
#5187 = CARTESIAN_POINT('',(78.007138092192,1.019420398802,
    -15.64285714288));
#5188 = CARTESIAN_POINT('',(60.221517059594,2.901427288889,
    -11.35714285713));
#5189 = CARTESIAN_POINT('',(71.584552719289,1.699033998,-7.071428571431)
  );
#5190 = CARTESIAN_POINT('',(54.292976715461,3.528762918921,
    1.500000000001));
#5191 = CARTESIAN_POINT('',(71.584552719285,1.699033998,10.071428571429)
  );
#5192 = CARTESIAN_POINT('',(60.221517059612,2.90142728889,
    14.357142857141));
#5193 = CARTESIAN_POINT('',(78.00713809215,1.0194203988,18.642857142861)
  );
#5194 = CARTESIAN_POINT('',(66.644102432453,2.221813689691,
    22.928571428567));
#5195 = CARTESIAN_POINT('',(75.289890434384,1.306949229231,
    27.214285714288));
#5196 = CARTESIAN_POINT('',(75.289890434375,1.30694922923,31.5));
#5197 = CARTESIAN_POINT('',(75.691371178394,1.279497079702,-28.5));
#5198 = CARTESIAN_POINT('',(75.691371178428,1.279497079702,
    -24.21428571429));
#5199 = CARTESIAN_POINT('',(67.326619697226,2.175145035491,
    -19.92857142855));
#5200 = CARTESIAN_POINT('',(78.320293072557,0.998007722168,
    -15.64285714287));
#5201 = CARTESIAN_POINT('',(61.112804311299,2.840483516936,
    -11.35714285713));
#5202 = CARTESIAN_POINT('',(72.106477686515,1.663346203612,
    -7.07142857143));
#5203 = CARTESIAN_POINT('',(55.376974724311,3.454642115194,
    1.499999999999));
#5204 = CARTESIAN_POINT('',(72.106477686508,1.663346203612,
    10.07142857143));
#5205 = CARTESIAN_POINT('',(61.112804311338,2.840483516937,
    14.357142857136));
#5206 = CARTESIAN_POINT('',(78.320293072478,0.998007722167,
    18.642857142869));
#5207 = CARTESIAN_POINT('',(67.326619697288,2.175145035492,
    22.92857142856));
#5208 = CARTESIAN_POINT('',(75.691371178402,1.279497079701,
    27.214285714291));
#5209 = CARTESIAN_POINT('',(75.691371178394,1.279497079702,31.5));
#5210 = CARTESIAN_POINT('',(76.097023111425,1.245324506391,-28.5));
#5211 = CARTESIAN_POINT('',(76.097023111449,1.245324506391,
    -24.21428571429));
#5212 = CARTESIAN_POINT('',(68.016227983404,2.117051660862,
    -19.92857142855));
#5213 = CARTESIAN_POINT('',(78.63670158029,0.971353114986,
    -15.64285714287));
#5214 = CARTESIAN_POINT('',(62.013351602646,2.764620404185,
    -11.35714285713));
#5215 = CARTESIAN_POINT('',(72.63382519945,1.618921858308,
    -7.071428571431));
#5216 = CARTESIAN_POINT('',(56.472234943498,3.362376167254,
    1.500000000001));
#5217 = CARTESIAN_POINT('',(72.633825199446,1.618921858308,
    10.071428571429));
#5218 = CARTESIAN_POINT('',(62.013351602674,2.764620404186,
    14.357142857143));
#5219 = CARTESIAN_POINT('',(78.636701580228,0.971353114985,
    18.642857142858));
#5220 = CARTESIAN_POINT('',(68.016227983453,2.117051660864,
    22.92857142857));
#5221 = CARTESIAN_POINT('',(76.097023111427,1.245324506391,
    27.214285714287));
#5222 = CARTESIAN_POINT('',(76.097023111425,1.245324506391,31.5));
#5223 = CARTESIAN_POINT('',(76.505182050885,1.205066683444,-28.5));
#5224 = CARTESIAN_POINT('',(76.505182050919,1.205066683445,
    -24.21428571429));
#5225 = CARTESIAN_POINT('',(68.71009818046,2.048613361854,
    -19.92857142855));
#5226 = CARTESIAN_POINT('',(78.955065553097,0.939952013087,
    -15.64285714287));
#5227 = CARTESIAN_POINT('',(62.919464448232,2.675248037245,
    -11.35714285713));
#5228 = CARTESIAN_POINT('',(73.164431820751,1.566586688478,
    -7.07142857143));
#5229 = CARTESIAN_POINT('',(57.574264080039,3.253680045299,
    1.499999999999));
#5230 = CARTESIAN_POINT('',(73.164431820744,1.566586688478,
    10.071428571431));
#5231 = CARTESIAN_POINT('',(62.919464448274,2.675248037246,
    14.357142857133));
#5232 = CARTESIAN_POINT('',(78.955065553012,0.939952013086,
    18.642857142874));
#5233 = CARTESIAN_POINT('',(68.710098180531,2.048613361855,
    22.928571428556));
#5234 = CARTESIAN_POINT('',(76.505182050889,1.205066683444,
    27.214285714293));
#5235 = CARTESIAN_POINT('',(76.505182050885,1.205066683444,31.5));
#5236 = CARTESIAN_POINT('',(76.914173276531,1.15938136118,-28.5));
#5237 = CARTESIAN_POINT('',(76.914173276552,1.15938136118,
    -24.21428571429));
#5238 = CARTESIAN_POINT('',(69.405383264091,1.970948314005,
    -19.92857142855));
#5239 = CARTESIAN_POINT('',(79.274078709065,0.904317461721,
    -15.64285714287));
#5240 = CARTESIAN_POINT('',(63.827424969185,2.573826621819,
    -11.35714285713));
#5241 = CARTESIAN_POINT('',(73.696120414088,1.507195769535,
    -7.071428571431));
#5242 = CARTESIAN_POINT('',(58.678540389283,3.130329675186,
    1.500000000001));
#5243 = CARTESIAN_POINT('',(73.696120414086,1.507195769535,
    10.071428571429));
#5244 = CARTESIAN_POINT('',(63.827424969193,2.573826621819,
    14.357142857141));
#5245 = CARTESIAN_POINT('',(79.274078709042,0.904317461721,
    18.642857142861));
#5246 = CARTESIAN_POINT('',(69.405383264107,1.970948314005,
    22.928571428567));
#5247 = CARTESIAN_POINT('',(76.914173276544,1.159381361181,
    27.214285714288));
#5248 = CARTESIAN_POINT('',(76.914173276531,1.15938136118,31.5));
#5249 = CARTESIAN_POINT('',(77.322318346899,1.108936280239,-28.5));
#5250 = CARTESIAN_POINT('',(77.322318346923,1.108936280239,
    -24.21428571429));
#5251 = CARTESIAN_POINT('',(70.09922988371,1.885191676404,
    -19.92857142855));
#5252 = CARTESIAN_POINT('',(79.59243186396,0.864970298588,
    -15.64285714287));
#5253 = CARTESIAN_POINT('',(64.733507025397,2.461838542129,
    -11.35714285713));
#5254 = CARTESIAN_POINT('',(74.226709005569,1.441617164311,
    -7.071428571431));
#5255 = CARTESIAN_POINT('',(59.780532079275,2.994127956645,1.5));
#5256 = CARTESIAN_POINT('',(74.226709005567,1.441617164311,
    10.071428571429));
#5257 = CARTESIAN_POINT('',(64.733507025404,2.46183854213,
    14.357142857139));
#5258 = CARTESIAN_POINT('',(79.592431863938,0.864970298586,
    18.642857142865));
#5259 = CARTESIAN_POINT('',(70.099229883725,1.885191676406,
    22.928571428564));
#5260 = CARTESIAN_POINT('',(77.322318346916,1.108936280239,
    27.214285714289));
#5261 = CARTESIAN_POINT('',(77.322318346899,1.108936280239,31.5));
#5262 = CARTESIAN_POINT('',(77.727941947871,1.054398659447,-28.5));
#5263 = CARTESIAN_POINT('',(77.727941947895,1.054398659448,
    -24.21428571429));
#5264 = CARTESIAN_POINT('',(70.788790005363,1.792477721058,
    -19.92857142855));
#5265 = CARTESIAN_POINT('',(79.90881827272,0.822430954371,
    -15.64285714287));
#5266 = CARTESIAN_POINT('',(65.633991419552,2.340765023971,
    -11.35714285713));
#5267 = CARTESIAN_POINT('',(74.754019686834,1.370718257282,
    -7.07142857143));
#5268 = CARTESIAN_POINT('',(60.875715801898,2.846876380507,1.5));
#5269 = CARTESIAN_POINT('',(74.754019686833,1.370718257282,
    10.071428571429));
#5270 = CARTESIAN_POINT('',(65.633991419558,2.340765023973,
    14.357142857141));
#5271 = CARTESIAN_POINT('',(79.908818272703,0.822430954369,
    18.642857142861));
#5272 = CARTESIAN_POINT('',(70.788790005372,1.79247772106,
    22.928571428567));
#5273 = CARTESIAN_POINT('',(77.72794194789,1.054398659447,
    27.214285714288));
#5274 = CARTESIAN_POINT('',(77.727941947871,1.054398659447,31.5));
#5275 = CARTESIAN_POINT('',(78.129378750109,0.996427073167,-28.5));
#5276 = CARTESIAN_POINT('',(78.129378750131,0.996427073167,
    -24.21428571429));
#5277 = CARTESIAN_POINT('',(71.471232569168,1.693926024382,
    -19.92857142855));
#5278 = CARTESIAN_POINT('',(80.221938978463,0.777213117072,
    -15.64285714287));
#5279 = CARTESIAN_POINT('',(66.52518112052,2.212068102429,
    -11.35714285713));
#5280 = CARTESIAN_POINT('',(75.275887529742,1.295355195117,
    -7.07142857143));
#5281 = CARTESIAN_POINT('',(61.959595167941,2.69035309755,1.499999999999
    ));
#5282 = CARTESIAN_POINT('',(75.275887529739,1.295355195117,
    10.071428571431));
#5283 = CARTESIAN_POINT('',(66.525181120537,2.21206810243,
    14.357142857135));
#5284 = CARTESIAN_POINT('',(80.221938978428,0.77721311707,
    18.642857142871));
#5285 = CARTESIAN_POINT('',(71.471232569193,1.693926024383,
    22.928571428559));
#5286 = CARTESIAN_POINT('',(78.12937875012,0.996427073167,
    27.214285714291));
#5287 = CARTESIAN_POINT('',(78.129378750109,0.996427073167,31.5));
#5288 = CARTESIAN_POINT('',(78.524980248358,0.935665845128,-28.5));
#5289 = CARTESIAN_POINT('',(78.524980248388,0.935665845129,
    -24.21428571429));
#5290 = CARTESIAN_POINT('',(72.143755116176,1.590631936716,
    -19.92857142854));
#5291 = CARTESIAN_POINT('',(80.530508147116,0.729819359202,
    -15.64285714288));
#5292 = CARTESIAN_POINT('',(67.403416446625,2.077178176182,
    -11.35714285712));
#5293 = CARTESIAN_POINT('',(75.790169477469,1.216365598667,
    -7.071428571432));
#5294 = CARTESIAN_POINT('',(63.027719213213,2.526297781845,
    1.500000000001));
#5295 = CARTESIAN_POINT('',(75.790169477465,1.216365598667,
    10.071428571429));
#5296 = CARTESIAN_POINT('',(67.403416446644,2.077178176184,
    14.357142857142));
#5297 = CARTESIAN_POINT('',(80.530508147073,0.7298193592,18.642857142859
    ));
#5298 = CARTESIAN_POINT('',(72.143755116209,1.590631936718,
    22.928571428568));
#5299 = CARTESIAN_POINT('',(78.524980248373,0.935665845128,
    27.214285714287));
#5300 = CARTESIAN_POINT('',(78.524980248358,0.935665845128,31.5));
#5301 = CARTESIAN_POINT('',(78.913121552921,0.872741898237,-28.5));
#5302 = CARTESIAN_POINT('',(78.913121552948,0.872741898237,
    -24.21428571429));
#5303 = CARTESIAN_POINT('',(72.803595333939,1.483661227001,
    -19.92857142855));
#5304 = CARTESIAN_POINT('',(80.833258364668,0.680738680626,
    -15.64285714287));
#5305 = CARTESIAN_POINT('',(68.265090142759,1.937487014084,
    -11.35714285713));
#5306 = CARTESIAN_POINT('',(76.294753173399,1.134564467708,
    -7.07142857143));
#5307 = CARTESIAN_POINT('',(64.075700735537,2.356403125239,1.5));
#5308 = CARTESIAN_POINT('',(76.294753173392,1.134564467708,
    10.07142857143));
#5309 = CARTESIAN_POINT('',(68.265090142796,1.937487014085,
    14.35714285714));
#5310 = CARTESIAN_POINT('',(80.833258364596,0.680738680625,
    18.642857142863));
#5311 = CARTESIAN_POINT('',(72.803595333996,1.483661227002,
    22.928571428565));
#5312 = CARTESIAN_POINT('',(78.913121552925,0.872741898237,
    27.214285714289));
#5313 = CARTESIAN_POINT('',(78.913121552921,0.872741898237,31.5));
#5314 = CARTESIAN_POINT('',(79.292208102401,0.808263825851,-28.5));
#5315 = CARTESIAN_POINT('',(79.292208102437,0.808263825851,
    -24.21428571429));
#5316 = CARTESIAN_POINT('',(73.448042468029,1.374048503946,
    -19.92857142854));
#5317 = CARTESIAN_POINT('',(81.12894587329,0.630445784164,
    -15.64285714288));
#5318 = CARTESIAN_POINT('',(69.106662282585,1.794345693388,
    -11.35714285712));
#5319 = CARTESIAN_POINT('',(76.787565687726,1.050742973606,
    -7.071428571432));
#5320 = CARTESIAN_POINT('',(65.099234419128,2.182312329797,
    1.500000000002));
#5321 = CARTESIAN_POINT('',(76.787565687717,1.050742973606,
    10.071428571428));
#5322 = CARTESIAN_POINT('',(69.106662282638,1.794345693389,
    14.357142857144));
#5323 = CARTESIAN_POINT('',(81.12894587319,0.630445784164,
    18.642857142857));
#5324 = CARTESIAN_POINT('',(73.448042468111,1.374048503946,
    22.92857142857));
#5325 = CARTESIAN_POINT('',(79.292208102403,0.808263825851,
    27.214285714287));
#5326 = CARTESIAN_POINT('',(79.292208102401,0.808263825851,31.5));
#5327 = CARTESIAN_POINT('',(79.66068226522,0.742822800763,-28.5));
#5328 = CARTESIAN_POINT('',(79.660682265251,0.742822800763,
    -24.21428571429));
#5329 = CARTESIAN_POINT('',(74.074448544838,1.262798761297,
    -19.92857142854));
#5330 = CARTESIAN_POINT('',(81.416355720272,0.579401784595,
    -15.64285714288));
#5331 = CARTESIAN_POINT('',(69.924674924052,1.649066617694,
    -11.35714285712));
#5332 = CARTESIAN_POINT('',(77.266582099392,0.965669640993,
    -7.071428571432));
#5333 = CARTESIAN_POINT('',(66.094114658737,2.005621562061,
    1.500000000002));
#5334 = CARTESIAN_POINT('',(77.266582099388,0.965669640993,
    10.071428571428));
#5335 = CARTESIAN_POINT('',(69.924674924069,1.649066617694,
    14.357142857144));
#5336 = CARTESIAN_POINT('',(81.416355720237,0.579401784596,
    18.642857142857));
#5337 = CARTESIAN_POINT('',(74.074448544864,1.262798761297,
    22.92857142857));
#5338 = CARTESIAN_POINT('',(79.660682265239,0.742822800764,
    27.214285714287));
#5339 = CARTESIAN_POINT('',(79.66068226522,0.742822800763,31.5));
#5340 = CARTESIAN_POINT('',(80.017029801714,0.676994822941,-28.5));
#5341 = CARTESIAN_POINT('',(80.017029801744,0.676994822941,
    -24.21428571429));
#5342 = CARTESIAN_POINT('',(74.680239356879,1.150891198999,
    -19.92857142854));
#5343 = CARTESIAN_POINT('',(81.694306798733,0.528055961894,
    -15.64285714288));
#5344 = CARTESIAN_POINT('',(70.715766455074,1.502928506928,
    -11.35714285713));
#5345 = CARTESIAN_POINT('',(77.729833896831,0.880093269823,
    -7.071428571431));
#5346 = CARTESIAN_POINT('',(67.056253007276,1.82788602194,1.500000000001
    ));
#5347 = CARTESIAN_POINT('',(77.729833896824,0.880093269823,
    10.071428571429));
#5348 = CARTESIAN_POINT('',(70.715766455112,1.502928506929,
    14.357142857139));
#5349 = CARTESIAN_POINT('',(81.69430679866,0.528055961894,
    18.642857142865));
#5350 = CARTESIAN_POINT('',(74.680239356939,1.150891199,22.928571428564)
  );
#5351 = CARTESIAN_POINT('',(80.017029801719,0.676994822941,
    27.214285714289));
#5352 = CARTESIAN_POINT('',(80.017029801714,0.676994822941,31.5));
#5353 = CARTESIAN_POINT('',(80.359786144945,0.61134373287,-28.5));
#5354 = CARTESIAN_POINT('',(80.359786144989,0.61134373287,
    -24.21428571429));
#5355 = CARTESIAN_POINT('',(75.262925140334,1.039284345878,
    -19.92857142855));
#5356 = CARTESIAN_POINT('',(81.9616567465,0.476848111639,-15.64285714287
    ));
#5357 = CARTESIAN_POINT('',(71.476685537013,1.35718308697,
    -11.35714285713));
#5358 = CARTESIAN_POINT('',(78.175417143041,0.794746852731,
    -7.071428571429));
#5359 = CARTESIAN_POINT('',(67.981695133987,1.650628078749,
    1.499999999999));
#5360 = CARTESIAN_POINT('',(78.175417143036,0.794746852731,
    10.071428571431));
#5361 = CARTESIAN_POINT('',(71.476685537048,1.357183086971,
    14.357142857134));
#5362 = CARTESIAN_POINT('',(81.961656746431,0.476848111639,
    18.642857142873));
#5363 = CARTESIAN_POINT('',(75.262925140391,1.039284345878,
    22.928571428557));
#5364 = CARTESIAN_POINT('',(80.359786144965,0.61134373287,
    27.214285714292));
#5365 = CARTESIAN_POINT('',(80.359786144945,0.61134373287,31.5));
#5366 = CARTESIAN_POINT('',(80.687542510408,0.546424388103,-28.5));
#5367 = CARTESIAN_POINT('',(80.687542510432,0.546424388103,
    -24.21428571429));
#5368 = CARTESIAN_POINT('',(75.820110961674,0.928921459774,
    -19.92857142854));
#5369 = CARTESIAN_POINT('',(82.217306711496,0.426211022721,
    -15.64285714287));
#5370 = CARTESIAN_POINT('',(72.204304668385,1.213062141587,
    -11.35714285713));
#5371 = CARTESIAN_POINT('',(78.60150041813,0.710351704534,
    -7.071428571431));
#5372 = CARTESIAN_POINT('',(68.866637320751,1.475345847877,
    1.500000000001));
#5373 = CARTESIAN_POINT('',(78.601500418127,0.710351704534,
    10.071428571429));
#5374 = CARTESIAN_POINT('',(72.204304668403,1.213062141587,
    14.357142857142));
#5375 = CARTESIAN_POINT('',(82.21730671146,0.426211022721,
    18.642857142859));
#5376 = CARTESIAN_POINT('',(75.820110961702,0.928921459774,
    22.928571428568));
#5377 = CARTESIAN_POINT('',(80.68754251042,0.546424388103,
    27.214285714287));
#5378 = CARTESIAN_POINT('',(80.687542510408,0.546424388103,31.5));
#5379 = CARTESIAN_POINT('',(80.998951666935,0.482785417179,-28.5));
#5380 = CARTESIAN_POINT('',(80.998951666961,0.482785417179,
    -24.21428571429));
#5381 = CARTESIAN_POINT('',(76.349506527761,0.820735209204,
    -19.92857142854));
#5382 = CARTESIAN_POINT('',(82.460205853597,0.3765726254,-15.64285714288
    ));
#5383 = CARTESIAN_POINT('',(72.895632995865,1.071783626137,
    -11.35714285713));
#5384 = CARTESIAN_POINT('',(79.006332321618,0.627621042333,
    -7.071428571431));
#5385 = CARTESIAN_POINT('',(69.707442043367,1.303520626383,
    1.500000000001));
#5386 = CARTESIAN_POINT('',(79.006332321616,0.627621042333,
    10.071428571429));
#5387 = CARTESIAN_POINT('',(72.895632995874,1.071783626137,
    14.357142857141));
#5388 = CARTESIAN_POINT('',(82.460205853576,0.3765726254,18.642857142861
    ));
#5389 = CARTESIAN_POINT('',(76.349506527776,0.820735209204,
    22.928571428567));
#5390 = CARTESIAN_POINT('',(80.998951666954,0.482785417179,
    27.214285714288));
#5391 = CARTESIAN_POINT('',(80.998951666935,0.482785417179,31.5));
#5392 = CARTESIAN_POINT('',(81.292733824525,0.420971025041,-28.5));
#5393 = CARTESIAN_POINT('',(81.292733824558,0.420971025041,
    -24.21428571429));
#5394 = CARTESIAN_POINT('',(76.848936195648,0.715650742569,
    -19.92857142854));
#5395 = CARTESIAN_POINT('',(82.689355936537,0.328357399532,
    -15.64285714288));
#5396 = CARTESIAN_POINT('',(73.547829385703,0.93455567559,
    -11.35714285713));
#5397 = CARTESIAN_POINT('',(79.388249126487,0.547262332553,
    -7.071428571431));
#5398 = CARTESIAN_POINT('',(70.500653868861,1.136621767609,
    1.500000000001));
#5399 = CARTESIAN_POINT('',(79.388249126481,0.547262332553,
    10.071428571428));
#5400 = CARTESIAN_POINT('',(73.547829385745,0.93455567559,
    14.357142857143));
#5401 = CARTESIAN_POINT('',(82.689355936458,0.328357399532,
    18.642857142858));
#5402 = CARTESIAN_POINT('',(76.848936195714,0.715650742569,
    22.92857142857));
#5403 = CARTESIAN_POINT('',(81.29273382453,0.420971025041,
    27.214285714287));
#5404 = CARTESIAN_POINT('',(81.292733824525,0.420971025041,31.5));
#5405 = CARTESIAN_POINT('',(81.567680953155,0.361521422418,-28.5));
#5406 = CARTESIAN_POINT('',(81.567680953171,0.361521422418,
    -24.21428571429));
#5407 = CARTESIAN_POINT('',(77.316346314365,0.61458641811,
    -19.92857142855));
#5408 = CARTESIAN_POINT('',(82.903814696808,0.281986709486,
    -15.64285714287));
#5409 = CARTESIAN_POINT('',(74.158212011306,0.802577557767,
    -11.35714285713));
#5410 = CARTESIAN_POINT('',(79.745680393691,0.469977849143,
    -7.071428571431));
#5411 = CARTESIAN_POINT('',(71.243011116179,0.976107840528,
    1.500000000001));
#5412 = CARTESIAN_POINT('',(79.745680393684,0.469977849143,
    10.071428571429));
#5413 = CARTESIAN_POINT('',(74.158212011348,0.802577557767,
    14.357142857142));
#5414 = CARTESIAN_POINT('',(82.90381469673,0.281986709486,
    18.642857142861));
#5415 = CARTESIAN_POINT('',(77.31634631443,0.61458641811,22.928571428567
    ));
#5416 = CARTESIAN_POINT('',(81.567680953144,0.361521422418,
    27.214285714288));
#5417 = CARTESIAN_POINT('',(81.567680953155,0.361521422418,31.5));
#5418 = CARTESIAN_POINT('',(81.822665143312,0.304971579336,-28.5));
#5419 = CARTESIAN_POINT('',(81.822665143344,0.304971579336,
    -24.21428571429));
#5420 = CARTESIAN_POINT('',(77.749819437589,0.518451684871,
    -19.92857142855));
#5421 = CARTESIAN_POINT('',(83.102702365185,0.237877831883,
    -15.64285714287));
#5422 = CARTESIAN_POINT('',(74.724276913415,0.677036906126,
    -11.35714285713));
#5423 = CARTESIAN_POINT('',(80.077159840908,0.396463053137,
    -7.071428571431));
#5424 = CARTESIAN_POINT('',(71.931468429588,0.823423264208,
    1.500000000001));
#5425 = CARTESIAN_POINT('',(80.077159840901,0.396463053137,
    10.071428571429));
#5426 = CARTESIAN_POINT('',(74.724276913457,0.677036906126,
    14.357142857142));
#5427 = CARTESIAN_POINT('',(83.102702365106,0.237877831882,
    18.642857142859));
#5428 = CARTESIAN_POINT('',(77.749819437654,0.518451684871,
    22.928571428568));
#5429 = CARTESIAN_POINT('',(81.822665143317,0.304971579336,
    27.214285714287));
#5430 = CARTESIAN_POINT('',(81.822665143312,0.304971579336,31.5));
#5431 = CARTESIAN_POINT('',(82.056632095705,0.251848154072,-28.5));
#5432 = CARTESIAN_POINT('',(82.056632095726,0.251848154072,
    -24.21428571429));
#5433 = CARTESIAN_POINT('',(78.147563256684,0.428141861922,
    -19.92857142855));
#5434 = CARTESIAN_POINT('',(83.285196588018,0.196441560176,
    -15.64285714287));
#5435 = CARTESIAN_POINT('',(75.243683547751,0.559102902039,
    -11.35714285713));
#5436 = CARTESIAN_POINT('',(80.381316879011,0.327402600294,
    -7.071428571431));
#5437 = CARTESIAN_POINT('',(72.563179201059,0.679990015994,
    1.500000000001));
#5438 = CARTESIAN_POINT('',(80.381316879005,0.327402600294,
    10.071428571429));
#5439 = CARTESIAN_POINT('',(75.243683547792,0.55910290204,
    14.357142857141));
#5440 = CARTESIAN_POINT('',(83.285196587942,0.196441560176,
    18.642857142861));
#5441 = CARTESIAN_POINT('',(78.147563256746,0.428141861922,
    22.928571428567));
#5442 = CARTESIAN_POINT('',(82.056632095701,0.251848154072,
    27.214285714288));
#5443 = CARTESIAN_POINT('',(82.056632095705,0.251848154072,31.5));
#5444 = CARTESIAN_POINT('',(82.268642076835,0.20266459879,-28.5));
#5445 = CARTESIAN_POINT('',(82.268642076859,0.20266459879,
    -24.21428571429));
#5446 = CARTESIAN_POINT('',(78.507980224596,0.344529817942,
    -19.92857142854));
#5447 = CARTESIAN_POINT('',(83.450564373312,0.158078387056,
    -15.64285714288));
#5448 = CARTESIAN_POINT('',(75.714345705846,0.449915409313,
    -11.35714285712));
#5449 = CARTESIAN_POINT('',(80.656929854487,0.263463978427,
    -7.071428571432));
#5450 = CARTESIAN_POINT('',(73.135606150098,0.547194416732,
    1.500000000002));
#5451 = CARTESIAN_POINT('',(80.656929854484,0.263463978427,
    10.071428571427));
#5452 = CARTESIAN_POINT('',(75.714345705859,0.449915409313,
    14.357142857146));
#5453 = CARTESIAN_POINT('',(83.450564373284,0.158078387056,
    18.642857142853));
#5454 = CARTESIAN_POINT('',(78.507980224618,0.344529817943,
    22.928571428573));
#5455 = CARTESIAN_POINT('',(82.268642076849,0.20266459879,
    27.214285714286));
#5456 = CARTESIAN_POINT('',(82.268642076835,0.20266459879,31.5));
#5457 = CARTESIAN_POINT('',(82.457756094654,0.157914624877,-28.5));
#5458 = CARTESIAN_POINT('',(82.457756094682,0.157914624877,
    -24.21428571429));
#5459 = CARTESIAN_POINT('',(78.829474054881,0.26845486229,
    -19.92857142854));
#5460 = CARTESIAN_POINT('',(83.598073307219,0.123173407404,
    -15.64285714288));
#5461 = CARTESIAN_POINT('',(76.134178825402,0.350570467225,
    -11.35714285713));
#5462 = CARTESIAN_POINT('',(80.902778077652,0.20528901234,
    -7.071428571431));
#5463 = CARTESIAN_POINT('',(73.646213998213,0.426369487166,
    1.500000000001));
#5464 = CARTESIAN_POINT('',(80.902778077647,0.20528901234,
    10.071428571429));
#5465 = CARTESIAN_POINT('',(76.134178825434,0.350570467226,
    14.357142857142));
#5466 = CARTESIAN_POINT('',(83.598073307157,0.123173407404,
    18.642857142859));
#5467 = CARTESIAN_POINT('',(78.829474054933,0.26845486229,
    22.928571428568));
#5468 = CARTESIAN_POINT('',(82.45775609466,0.157914624877,
    27.214285714287));
#5469 = CARTESIAN_POINT('',(82.457756094654,0.157914624877,31.5));
#5470 = CARTESIAN_POINT('',(82.623409153051,0.118064269176,-28.5));
#5471 = CARTESIAN_POINT('',(82.623409153075,0.118064269176,
    -24.21428571429));
#5472 = CARTESIAN_POINT('',(79.111084254161,0.200709257599,
    -19.92857142854));
#5473 = CARTESIAN_POINT('',(83.727282692763,9.209012995706E-02,
    -15.64285714288));
#5474 = CARTESIAN_POINT('',(76.501928615043,0.26210267757,
    -11.35714285712));
#5475 = CARTESIAN_POINT('',(81.118127053569,0.153483549929,
    -7.071428571432));
#5476 = CARTESIAN_POINT('',(74.093477255881,0.318773526775,
    1.500000000002));
#5477 = CARTESIAN_POINT('',(81.118127053566,0.153483549929,
    10.071428571428));
#5478 = CARTESIAN_POINT('',(76.501928615055,0.262102677571,
    14.357142857143));
#5479 = CARTESIAN_POINT('',(83.727282692739,9.209012995697E-02,
    18.642857142859));
#5480 = CARTESIAN_POINT('',(79.111084254179,0.200709257599,
    22.928571428569));
#5481 = CARTESIAN_POINT('',(82.623409153068,0.118064269176,
    27.214285714287));
#5482 = CARTESIAN_POINT('',(82.623409153051,0.118064269176,31.5));
#5483 = CARTESIAN_POINT('',(82.764286789259,8.354318066014E-02,-28.5));
#5484 = CARTESIAN_POINT('',(82.764286789298,8.354318066018E-02,
    -24.21428571429));
#5485 = CARTESIAN_POINT('',(79.350576235679,0.142023407122,
    -19.92857142854));
#5486 = CARTESIAN_POINT('',(83.83716724905,6.516368091503E-02,
    -15.64285714288));
#5487 = CARTESIAN_POINT('',(76.814676967396,0.185465861065,
    -11.35714285713));
#5488 = CARTESIAN_POINT('',(81.301267980648,0.108606134858,
    -7.071428571431));
#5489 = CARTESIAN_POINT('',(74.473846873634,0.225566587782,
    1.500000000001));
#5490 = CARTESIAN_POINT('',(81.301267980643,0.108606134858,
    10.071428571428));
#5491 = CARTESIAN_POINT('',(76.814676967425,0.185465861065,
    14.357142857144));
#5492 = CARTESIAN_POINT('',(83.837167248995,6.516368091495E-02,
    18.642857142857));
#5493 = CARTESIAN_POINT('',(79.350576235724,0.142023407122,
    22.92857142857));
#5494 = CARTESIAN_POINT('',(82.764286789279,8.354318066015E-02,
    27.214285714287));
#5495 = CARTESIAN_POINT('',(82.764286789259,8.354318066014E-02,31.5));
#5496 = CARTESIAN_POINT('',(82.881630110237,5.473504920414E-02,-28.5));
#5497 = CARTESIAN_POINT('',(82.881630110268,5.473504920419E-02,
    -24.21428571429));
#5498 = CARTESIAN_POINT('',(79.550059881362,9.304958364693E-02,
    -19.92857142854));
#5499 = CARTESIAN_POINT('',(83.928695039385,4.269333837931E-02,
    -15.64285714288));
#5500 = CARTESIAN_POINT('',(77.075179139988,0.121511809233,
    -11.35714285713));
#5501 = CARTESIAN_POINT('',(81.453814297911,7.115556396541E-02,
    -7.071428571431));
#5502 = CARTESIAN_POINT('',(74.790673840284,0.147784632851,1.5));
#5503 = CARTESIAN_POINT('',(81.453814297907,7.115556396541E-02,
    10.07142857143));
#5504 = CARTESIAN_POINT('',(77.075179140015,0.121511809233,
    14.357142857136));
#5505 = CARTESIAN_POINT('',(83.928695039332,4.269333837934E-02,
    18.64285714287));
#5506 = CARTESIAN_POINT('',(79.550059881406,9.304958364693E-02,
    22.928571428559));
#5507 = CARTESIAN_POINT('',(82.881630110249,5.473504920419E-02,
    27.214285714291));
#5508 = CARTESIAN_POINT('',(82.881630110237,5.473504920414E-02,31.5));
#5509 = CARTESIAN_POINT('',(82.970062478126,3.196940927653E-02,-28.5));
#5510 = CARTESIAN_POINT('',(82.970062478152,3.196940927651E-02,
    -24.21428571429));
#5511 = CARTESIAN_POINT('',(79.700394906786,5.434799577012E-02,
    -19.92857142855));
#5512 = CARTESIAN_POINT('',(83.997672286324,2.493613923567E-02,
    -15.64285714287));
#5513 = CARTESIAN_POINT('',(77.27149899671,7.097208859384E-02,
    -11.35714285713));
#5514 = CARTESIAN_POINT('',(81.568776376165,4.15602320595E-02,
    -7.071428571429));
#5515 = CARTESIAN_POINT('',(75.029441233586,8.631740504659E-02,
    1.499999999999));
#5516 = CARTESIAN_POINT('',(81.568776376161,4.15602320595E-02,
    10.071428571431));
#5517 = CARTESIAN_POINT('',(77.271498996737,7.097208859386E-02,
    14.357142857137));
#5518 = CARTESIAN_POINT('',(83.997672286271,2.493613923566E-02,
    18.642857142868));
#5519 = CARTESIAN_POINT('',(79.700394906831,5.434799577013E-02,
    22.928571428562));
#5520 = CARTESIAN_POINT('',(82.970062478133,3.19694092765E-02,
    27.21428571429));
#5521 = CARTESIAN_POINT('',(82.970062478126,3.196940927653E-02,31.5));
#5522 = CARTESIAN_POINT('',(83.041156786355,1.551090089671E-02,-28.5));
#5523 = CARTESIAN_POINT('',(83.041156786409,1.551090089673E-02,
    -24.21428571429));
#5524 = CARTESIAN_POINT('',(79.821255230705,2.636853152435E-02,
    -19.92857142854));
#5525 = CARTESIAN_POINT('',(84.053125846828,1.209850269946E-02,
    -15.64285714288));
#5526 = CARTESIAN_POINT('',(77.429328360923,3.443419999068E-02,
    -11.35714285713));
#5527 = CARTESIAN_POINT('',(81.661198976879,2.016417116572E-02,
    -7.071428571432));
#5528 = CARTESIAN_POINT('',(75.221395865788,4.187943242113E-02,
    1.500000000002));
#5529 = CARTESIAN_POINT('',(81.661198976873,2.016417116572E-02,
    10.071428571428));
#5530 = CARTESIAN_POINT('',(77.42932836096,3.443419999069E-02,
    14.357142857144));
#5531 = CARTESIAN_POINT('',(84.05312584676,1.209850269945E-02,
    18.642857142857));
#5532 = CARTESIAN_POINT('',(79.821255230762,2.636853152436E-02,
    22.92857142857));
#5533 = CARTESIAN_POINT('',(83.041156786385,1.551090089673E-02,
    27.214285714287));
#5534 = CARTESIAN_POINT('',(83.041156786355,1.551090089671E-02,31.5));
#5535 = CARTESIAN_POINT('',(83.070158945229,5.557379670426E-03,-28.5));
#5536 = CARTESIAN_POINT('',(83.070158945261,5.557379670425E-03,
    -24.21428571429));
#5537 = CARTESIAN_POINT('',(79.870558900849,9.447545439702E-03,
    -19.92857142855));
#5538 = CARTESIAN_POINT('',(84.075747530677,4.334756142989E-03,
    -15.64285714287));
#5539 = CARTESIAN_POINT('',(77.493713153674,1.233738286828E-02,
    -11.35714285713));
#5540 = CARTESIAN_POINT('',(81.698901783399,7.224593571576E-03,
    -7.07142857143));
#5541 = CARTESIAN_POINT('',(75.299701694767,1.500492511012E-02,1.5));
#5542 = CARTESIAN_POINT('',(81.698901783392,7.224593571575E-03,
    10.07142857143));
#5543 = CARTESIAN_POINT('',(77.49371315372,1.233738286829E-02,
    14.357142857138));
#5544 = CARTESIAN_POINT('',(84.075747530592,4.334756142981E-03,
    18.642857142865));
#5545 = CARTESIAN_POINT('',(79.870558900922,9.447545439711E-03,
    22.928571428563));
#5546 = CARTESIAN_POINT('',(83.070158945231,5.557379670421E-03,
    27.214285714289));
#5547 = CARTESIAN_POINT('',(83.070158945229,5.557379670426E-03,31.5));
#5548 = CARTESIAN_POINT('',(83.105325662551,-5.992533391094E-16,-28.5));
#5549 = CARTESIAN_POINT('',(83.10532566258,1.125864428271E-15,
    -24.21428571429));
#5550 = CARTESIAN_POINT('',(79.930342320303,-3.146470437101E-15,
    -19.92857142854));
#5551 = CARTESIAN_POINT('',(84.103177570178,9.82749933338E-16,
    -15.64285714288));
#5552 = CARTESIAN_POINT('',(77.571783266135,-1.917071670981E-15,
    -11.35714285712));
#5553 = CARTESIAN_POINT('',(81.744618515915,-6.644627495978E-16,
    -7.071428571432));
#5554 = CARTESIAN_POINT('',(75.394651831538,-1.73255060684E-15,
    1.500000000001));
#5555 = CARTESIAN_POINT('',(81.744618515908,-6.644627495978E-16,
    10.071428571429));
#5556 = CARTESIAN_POINT('',(77.571783266176,-1.917071670982E-15,
    14.357142857141));
#5557 = CARTESIAN_POINT('',(84.103177570101,9.827499333377E-16,
    18.642857142863));
#5558 = CARTESIAN_POINT('',(79.930342320369,-3.146470437103E-15,
    22.928571428565));
#5559 = CARTESIAN_POINT('',(83.105325662553,1.12586442827E-15,
    27.214285714289));
#5560 = CARTESIAN_POINT('',(83.105325662551,-5.992533391094E-16,31.5));
#5561 = CARTESIAN_POINT('',(83.070158945229,-5.557379670425E-03,-28.5));
#5562 = CARTESIAN_POINT('',(83.070158945256,-5.557379670427E-03,
    -24.21428571429));
#5563 = CARTESIAN_POINT('',(79.870558900859,-9.447545439698E-03,
    -19.92857142855));
#5564 = CARTESIAN_POINT('',(84.07574753067,-4.334756142987E-03,
    -15.64285714287));
#5565 = CARTESIAN_POINT('',(77.493713153675,-1.233738286828E-02,
    -11.35714285713));
#5566 = CARTESIAN_POINT('',(81.698901783402,-7.224593571574E-03,
    -7.07142857143));
#5567 = CARTESIAN_POINT('',(75.299701694761,-1.500492511012E-02,1.5));
#5568 = CARTESIAN_POINT('',(81.698901783401,-7.224593571573E-03,
    10.07142857143));
#5569 = CARTESIAN_POINT('',(77.493713153683,-1.233738286828E-02,
    14.357142857138));
#5570 = CARTESIAN_POINT('',(84.075747530653,-4.334756142985E-03,
    18.642857142865));
#5571 = CARTESIAN_POINT('',(79.87055890087,-9.447545439703E-03,
    22.928571428563));
#5572 = CARTESIAN_POINT('',(83.070158945251,-5.557379670425E-03,
    27.214285714289));
#5573 = CARTESIAN_POINT('',(83.070158945229,-5.557379670425E-03,31.5));
#5574 = CARTESIAN_POINT('',(83.041156786355,-1.551090089671E-02,-28.5));
#5575 = CARTESIAN_POINT('',(83.041156786398,-1.551090089673E-02,
    -24.21428571429));
#5576 = CARTESIAN_POINT('',(79.821255230732,-2.636853152436E-02,
    -19.92857142855));
#5577 = CARTESIAN_POINT('',(84.053125846794,-1.209850269945E-02,
    -15.64285714287));
#5578 = CARTESIAN_POINT('',(77.429328360945,-3.443419999069E-02,
    -11.35714285713));
#5579 = CARTESIAN_POINT('',(81.661198976872,-2.016417116572E-02,
    -7.07142857143));
#5580 = CARTESIAN_POINT('',(75.221395865797,-4.187943242113E-02,
    1.499999999999));
#5581 = CARTESIAN_POINT('',(81.661198976864,-2.016417116571E-02,
    10.071428571431));
#5582 = CARTESIAN_POINT('',(77.429328360994,-3.443419999071E-02,
    14.357142857135));
#5583 = CARTESIAN_POINT('',(84.053125846706,-1.209850269943E-02,
    18.642857142871));
#5584 = CARTESIAN_POINT('',(79.821255230807,-2.636853152438E-02,
    22.928571428559));
#5585 = CARTESIAN_POINT('',(83.041156786367,-1.551090089672E-02,
    27.214285714291));
#5586 = CARTESIAN_POINT('',(83.041156786355,-1.551090089671E-02,31.5));
#5587 = CARTESIAN_POINT('',(82.970062478126,-3.196940927653E-02,-28.5));
#5588 = CARTESIAN_POINT('',(82.97006247815,-3.196940927651E-02,
    -24.21428571429));
#5589 = CARTESIAN_POINT('',(79.700394906793,-5.43479957701E-02,
    -19.92857142854));
#5590 = CARTESIAN_POINT('',(83.997672286315,-2.493613923568E-02,
    -15.64285714288));
#5591 = CARTESIAN_POINT('',(77.271498996717,-7.097208859383E-02,
    -11.35714285712));
#5592 = CARTESIAN_POINT('',(81.568776376163,-4.15602320595E-02,
    -7.071428571432));
#5593 = CARTESIAN_POINT('',(75.029441233588,-8.631740504659E-02,
    1.500000000001));
#5594 = CARTESIAN_POINT('',(81.568776376159,-4.15602320595E-02,
    10.071428571429));
#5595 = CARTESIAN_POINT('',(77.27149899674,-7.097208859386E-02,
    14.357142857139));
#5596 = CARTESIAN_POINT('',(83.997672286269,-2.493613923567E-02,
    18.642857142865));
#5597 = CARTESIAN_POINT('',(79.700394906831,-5.434799577013E-02,
    22.928571428564));
#5598 = CARTESIAN_POINT('',(82.970062478133,-3.19694092765E-02,
    27.214285714289));
#5599 = CARTESIAN_POINT('',(82.970062478126,-3.196940927653E-02,31.5));
#5600 = CARTESIAN_POINT('',(82.881630110237,-5.473504920414E-02,-28.5));
#5601 = CARTESIAN_POINT('',(82.881630110262,-5.473504920421E-02,
    -24.21428571429));
#5602 = CARTESIAN_POINT('',(79.550059881378,-9.304958364687E-02,
    -19.92857142854));
#5603 = CARTESIAN_POINT('',(83.928695039366,-4.269333837938E-02,
    -15.64285714288));
#5604 = CARTESIAN_POINT('',(77.07517914,-0.121511809233,-11.35714285713)
  );
#5605 = CARTESIAN_POINT('',(81.453814297908,-7.115556396542E-02,
    -7.071428571431));
#5606 = CARTESIAN_POINT('',(74.790673840286,-0.147784632851,
    1.500000000001));
#5607 = CARTESIAN_POINT('',(81.453814297905,-7.115556396541E-02,
    10.071428571429));
#5608 = CARTESIAN_POINT('',(77.075179140018,-0.121511809233,
    14.357142857142));
#5609 = CARTESIAN_POINT('',(83.928695039329,-4.26933383793E-02,
    18.642857142859));
#5610 = CARTESIAN_POINT('',(79.550059881407,-9.304958364697E-02,
    22.928571428568));
#5611 = CARTESIAN_POINT('',(82.881630110249,-5.473504920418E-02,
    27.214285714287));
#5612 = CARTESIAN_POINT('',(82.881630110237,-5.473504920414E-02,31.5));
#5613 = CARTESIAN_POINT('',(82.764286789259,-8.354318066014E-02,-28.5));
#5614 = CARTESIAN_POINT('',(82.764286789301,-8.354318066017E-02,
    -24.21428571429));
#5615 = CARTESIAN_POINT('',(79.350576235671,-0.142023407122,
    -19.92857142855));
#5616 = CARTESIAN_POINT('',(83.837167249058,-6.516368091499E-02,
    -15.64285714287));
#5617 = CARTESIAN_POINT('',(76.814676967392,-0.185465861065,
    -11.35714285713));
#5618 = CARTESIAN_POINT('',(81.301267980647,-0.108606134858,
    -7.071428571431));
#5619 = CARTESIAN_POINT('',(74.473846873637,-0.225566587782,1.5));
#5620 = CARTESIAN_POINT('',(81.30126798064,-0.108606134858,
    10.07142857143));
#5621 = CARTESIAN_POINT('',(76.814676967436,-0.185465861065,
    14.357142857138));
#5622 = CARTESIAN_POINT('',(83.837167248978,-6.516368091493E-02,
    18.642857142867));
#5623 = CARTESIAN_POINT('',(79.350576235738,-0.142023407122,
    22.928571428562));
#5624 = CARTESIAN_POINT('',(82.764286789274,-8.354318066015E-02,
    27.21428571429));
#5625 = CARTESIAN_POINT('',(82.764286789259,-8.354318066014E-02,31.5));
#5626 = CARTESIAN_POINT('',(82.623409153051,-0.118064269176,-28.5));
#5627 = CARTESIAN_POINT('',(82.623409153075,-0.118064269176,
    -24.21428571429));
#5628 = CARTESIAN_POINT('',(79.111084254163,-0.200709257599,
    -19.92857142855));
#5629 = CARTESIAN_POINT('',(83.727282692757,-9.209012995704E-02,
    -15.64285714287));
#5630 = CARTESIAN_POINT('',(76.501928615051,-0.26210267757,
    -11.35714285713));
#5631 = CARTESIAN_POINT('',(81.118127053563,-0.153483549929,
    -7.07142857143));
#5632 = CARTESIAN_POINT('',(74.093477255889,-0.318773526775,
    1.499999999999));
#5633 = CARTESIAN_POINT('',(81.118127053556,-0.153483549929,
    10.07142857143));
#5634 = CARTESIAN_POINT('',(76.501928615098,-0.262102677571,
    14.357142857136));
#5635 = CARTESIAN_POINT('',(83.72728269267,-9.209012995695E-02,
    18.642857142869));
#5636 = CARTESIAN_POINT('',(79.111084254238,-0.200709257599,
    22.92857142856));
#5637 = CARTESIAN_POINT('',(82.623409153044,-0.118064269176,
    27.214285714291));
#5638 = CARTESIAN_POINT('',(82.623409153051,-0.118064269176,31.5));
#5639 = CARTESIAN_POINT('',(82.457756094654,-0.157914624877,-28.5));
#5640 = CARTESIAN_POINT('',(82.457756094684,-0.157914624877,
    -24.21428571429));
#5641 = CARTESIAN_POINT('',(78.829474054874,-0.26845486229,
    -19.92857142854));
#5642 = CARTESIAN_POINT('',(83.598073307229,-0.123173407404,
    -15.64285714288));
#5643 = CARTESIAN_POINT('',(76.134178825393,-0.350570467225,
    -11.35714285713));
#5644 = CARTESIAN_POINT('',(80.902778077656,-0.20528901234,
    -7.071428571432));
#5645 = CARTESIAN_POINT('',(73.646213998206,-0.426369487166,
    1.500000000002));
#5646 = CARTESIAN_POINT('',(80.902778077654,-0.20528901234,
    10.071428571428));
#5647 = CARTESIAN_POINT('',(76.134178825404,-0.350570467226,
    14.357142857144));
#5648 = CARTESIAN_POINT('',(83.598073307204,-0.123173407404,
    18.642857142857));
#5649 = CARTESIAN_POINT('',(78.829474054894,-0.26845486229,
    22.92857142857));
#5650 = CARTESIAN_POINT('',(82.457756094675,-0.157914624877,
    27.214285714287));
#5651 = CARTESIAN_POINT('',(82.457756094654,-0.157914624877,31.5));
#5652 = CARTESIAN_POINT('',(82.268642076835,-0.20266459879,-28.5));
#5653 = CARTESIAN_POINT('',(82.268642076857,-0.20266459879,
    -24.21428571429));
#5654 = CARTESIAN_POINT('',(78.5079802246,-0.344529817943,
    -19.92857142855));
#5655 = CARTESIAN_POINT('',(83.450564373306,-0.158078387056,
    -15.64285714287));
#5656 = CARTESIAN_POINT('',(75.714345705851,-0.449915409313,
    -11.35714285713));
#5657 = CARTESIAN_POINT('',(80.656929854485,-0.263463978427,
    -7.071428571431));
#5658 = CARTESIAN_POINT('',(73.135606150101,-0.547194416732,
    1.500000000001));
#5659 = CARTESIAN_POINT('',(80.656929854481,-0.263463978427,
    10.071428571428));
#5660 = CARTESIAN_POINT('',(75.714345705871,-0.449915409313,
    14.357142857144));
#5661 = CARTESIAN_POINT('',(83.450564373267,-0.158078387056,
    18.642857142856));
#5662 = CARTESIAN_POINT('',(78.507980224631,-0.344529817943,
    22.928571428572));
#5663 = CARTESIAN_POINT('',(82.268642076844,-0.20266459879,
    27.214285714286));
#5664 = CARTESIAN_POINT('',(82.268642076835,-0.20266459879,31.5));
#5665 = CARTESIAN_POINT('',(82.056632095705,-0.251848154072,-28.5));
#5666 = CARTESIAN_POINT('',(82.056632095733,-0.251848154072,
    -24.21428571429));
#5667 = CARTESIAN_POINT('',(78.147563256667,-0.428141861922,
    -19.92857142854));
#5668 = CARTESIAN_POINT('',(83.285196588039,-0.196441560176,
    -15.64285714288));
#5669 = CARTESIAN_POINT('',(75.243683547736,-0.559102902039,
    -11.35714285713));
#5670 = CARTESIAN_POINT('',(80.381316879018,-0.327402600294,
    -7.071428571432));
#5671 = CARTESIAN_POINT('',(72.56317920105,-0.679990015994,
    1.500000000002));
#5672 = CARTESIAN_POINT('',(80.381316879013,-0.327402600294,
    10.071428571428));
#5673 = CARTESIAN_POINT('',(75.243683547761,-0.55910290204,
    14.357142857146));
#5674 = CARTESIAN_POINT('',(83.28519658799,-0.196441560176,
    18.642857142853));
#5675 = CARTESIAN_POINT('',(78.147563256707,-0.428141861922,
    22.928571428573));
#5676 = CARTESIAN_POINT('',(82.056632095716,-0.251848154072,
    27.214285714286));
#5677 = CARTESIAN_POINT('',(82.056632095705,-0.251848154072,31.5));
#5678 = CARTESIAN_POINT('',(81.822665143312,-0.304971579336,-28.5));
#5679 = CARTESIAN_POINT('',(81.822665143339,-0.304971579336,
    -24.21428571429));
#5680 = CARTESIAN_POINT('',(77.749819437599,-0.518451684871,
    -19.92857142854));
#5681 = CARTESIAN_POINT('',(83.102702365173,-0.237877831883,
    -15.64285714288));
#5682 = CARTESIAN_POINT('',(74.72427691342,-0.677036906126,
    -11.35714285713));
#5683 = CARTESIAN_POINT('',(80.077159840908,-0.396463053137,
    -7.071428571431));
#5684 = CARTESIAN_POINT('',(71.931468429585,-0.823423264208,
    1.500000000001));
#5685 = CARTESIAN_POINT('',(80.077159840906,-0.396463053137,
    10.07142857143));
#5686 = CARTESIAN_POINT('',(74.724276913436,-0.677036906126,
    14.357142857138));
#5687 = CARTESIAN_POINT('',(83.102702365139,-0.237877831882,
    18.642857142867));
#5688 = CARTESIAN_POINT('',(77.749819437627,-0.518451684872,
    22.928571428562));
#5689 = CARTESIAN_POINT('',(81.822665143327,-0.304971579336,
    27.21428571429));
#5690 = CARTESIAN_POINT('',(81.822665143312,-0.304971579336,31.5));
#5691 = CARTESIAN_POINT('',(81.567680953155,-0.361521422418,-28.5));
#5692 = CARTESIAN_POINT('',(81.567680953172,-0.361521422418,
    -24.21428571429));
#5693 = CARTESIAN_POINT('',(77.31634631436,-0.61458641811,
    -19.92857142854));
#5694 = CARTESIAN_POINT('',(82.903814696817,-0.281986709486,
    -15.64285714288));
#5695 = CARTESIAN_POINT('',(74.158212011296,-0.802577557767,
    -11.35714285713));
#5696 = CARTESIAN_POINT('',(79.745680393697,-0.469977849143,
    -7.071428571431));
#5697 = CARTESIAN_POINT('',(71.243011116171,-0.976107840528,
    1.500000000001));
#5698 = CARTESIAN_POINT('',(79.745680393695,-0.469977849143,
    10.071428571429));
#5699 = CARTESIAN_POINT('',(74.158212011309,-0.802577557767,
    14.357142857141));
#5700 = CARTESIAN_POINT('',(82.903814696788,-0.281986709486,
    18.642857142861));
#5701 = CARTESIAN_POINT('',(77.316346314383,-0.61458641811,
    22.928571428567));
#5702 = CARTESIAN_POINT('',(81.567680953162,-0.361521422418,
    27.214285714288));
#5703 = CARTESIAN_POINT('',(81.567680953155,-0.361521422418,31.5));
#5704 = CARTESIAN_POINT('',(81.292733824525,-0.420971025041,-28.5));
#5705 = CARTESIAN_POINT('',(81.292733824551,-0.420971025041,
    -24.21428571429));
#5706 = CARTESIAN_POINT('',(76.848936195665,-0.715650742568,
    -19.92857142855));
#5707 = CARTESIAN_POINT('',(82.689355936517,-0.328357399532,
    -15.64285714287));
#5708 = CARTESIAN_POINT('',(73.547829385715,-0.934555675589,
    -11.35714285713));
#5709 = CARTESIAN_POINT('',(79.388249126485,-0.547262332553,
    -7.071428571431));
#5710 = CARTESIAN_POINT('',(70.500653868861,-1.136621767609,
    1.500000000001));
#5711 = CARTESIAN_POINT('',(79.388249126483,-0.547262332553,
    10.071428571429));
#5712 = CARTESIAN_POINT('',(73.54782938573,-0.93455567559,
    14.357142857139));
#5713 = CARTESIAN_POINT('',(82.689355936486,-0.328357399532,
    18.642857142865));
#5714 = CARTESIAN_POINT('',(76.848936195688,-0.715650742569,
    22.928571428564));
#5715 = CARTESIAN_POINT('',(81.292733824541,-0.420971025041,
    27.214285714289));
#5716 = CARTESIAN_POINT('',(81.292733824525,-0.420971025041,31.5));
#5717 = CARTESIAN_POINT('',(80.998951666935,-0.482785417179,-28.5));
#5718 = CARTESIAN_POINT('',(80.998951666947,-0.482785417179,
    -24.21428571429));
#5719 = CARTESIAN_POINT('',(76.349506527799,-0.820735209204,
    -19.92857142854));
#5720 = CARTESIAN_POINT('',(82.460205853549,-0.3765726254,
    -15.64285714287));
#5721 = CARTESIAN_POINT('',(72.895632995899,-1.071783626137,
    -11.35714285713));
#5722 = CARTESIAN_POINT('',(79.006332321606,-0.627621042333,
    -7.071428571431));
#5723 = CARTESIAN_POINT('',(69.707442043381,-1.303520626383,
    1.500000000001));
#5724 = CARTESIAN_POINT('',(79.006332321603,-0.627621042333,
    10.071428571428));
#5725 = CARTESIAN_POINT('',(72.895632995922,-1.071783626137,
    14.357142857143));
#5726 = CARTESIAN_POINT('',(82.460205853503,-0.3765726254,
    18.642857142857));
#5727 = CARTESIAN_POINT('',(76.349506527836,-0.820735209204,
    22.92857142857));
#5728 = CARTESIAN_POINT('',(80.998951666931,-0.482785417179,
    27.214285714287));
#5729 = CARTESIAN_POINT('',(80.998951666935,-0.482785417179,31.5));
#5730 = CARTESIAN_POINT('',(80.687542510408,-0.546424388103,-28.5));
#5731 = CARTESIAN_POINT('',(80.687542510442,-0.546424388103,
    -24.21428571429));
#5732 = CARTESIAN_POINT('',(75.820110961649,-0.928921459774,
    -19.92857142855));
#5733 = CARTESIAN_POINT('',(82.217306711527,-0.426211022721,
    -15.64285714287));
#5734 = CARTESIAN_POINT('',(72.204304668366,-1.213062141587,
    -11.35714285713));
#5735 = CARTESIAN_POINT('',(78.601500418135,-0.710351704534,
    -7.071428571431));
#5736 = CARTESIAN_POINT('',(68.866637320748,-1.475345847877,
    1.500000000001));
#5737 = CARTESIAN_POINT('',(78.601500418129,-0.710351704534,
    10.071428571429));
#5738 = CARTESIAN_POINT('',(72.204304668404,-1.213062141588,
    14.357142857143));
#5739 = CARTESIAN_POINT('',(82.217306711454,-0.42621102272,
    18.642857142858));
#5740 = CARTESIAN_POINT('',(75.820110961708,-0.928921459774,
    22.92857142857));
#5741 = CARTESIAN_POINT('',(80.687542510417,-0.546424388103,
    27.214285714287));
#5742 = CARTESIAN_POINT('',(80.687542510408,-0.546424388103,31.5));
#5743 = CARTESIAN_POINT('',(80.359786144945,-0.61134373287,-28.5));
#5744 = CARTESIAN_POINT('',(80.359786144979,-0.61134373287,
    -24.21428571429));
#5745 = CARTESIAN_POINT('',(75.26292514036,-1.039284345878,
    -19.92857142854));
#5746 = CARTESIAN_POINT('',(81.961656746468,-0.476848111639,
    -15.64285714288));
#5747 = CARTESIAN_POINT('',(71.476685537034,-1.357183086971,
    -11.35714285713));
#5748 = CARTESIAN_POINT('',(78.175417143036,-0.794746852731,
    -7.071428571431));
#5749 = CARTESIAN_POINT('',(67.98169513399,-1.650628078749,
    1.500000000001));
#5750 = CARTESIAN_POINT('',(78.175417143035,-0.794746852731,
    10.071428571429));
#5751 = CARTESIAN_POINT('',(71.476685537041,-1.357183086971,
    14.357142857141));
#5752 = CARTESIAN_POINT('',(81.96165674645,-0.476848111639,
    18.642857142861));
#5753 = CARTESIAN_POINT('',(75.262925140373,-1.039284345879,
    22.928571428567));
#5754 = CARTESIAN_POINT('',(80.359786144973,-0.61134373287,
    27.214285714288));
#5755 = CARTESIAN_POINT('',(80.359786144945,-0.61134373287,31.5));
#5756 = CARTESIAN_POINT('',(80.017029801714,-0.676994822941,-28.5));
#5757 = CARTESIAN_POINT('',(80.017029801761,-0.676994822941,
    -24.21428571429));
#5758 = CARTESIAN_POINT('',(74.680239356836,-1.150891198998,
    -19.92857142855));
#5759 = CARTESIAN_POINT('',(81.694306798785,-0.528055961895,
    -15.64285714287));
#5760 = CARTESIAN_POINT('',(70.715766455042,-1.502928506928,
    -11.35714285713));
#5761 = CARTESIAN_POINT('',(77.729833896839,-0.880093269824,
    -7.07142857143));
#5762 = CARTESIAN_POINT('',(67.056253007269,-1.82788602194,1.5));
#5763 = CARTESIAN_POINT('',(77.729833896829,-0.880093269823,
    10.07142857143));
#5764 = CARTESIAN_POINT('',(70.7157664551,-1.502928506928,14.35714285714
    ));
#5765 = CARTESIAN_POINT('',(81.694306798676,-0.528055961895,
    18.642857142863));
#5766 = CARTESIAN_POINT('',(74.680239356926,-1.150891198999,
    22.928571428565));
#5767 = CARTESIAN_POINT('',(80.017029801724,-0.676994822941,
    27.214285714289));
#5768 = CARTESIAN_POINT('',(80.017029801714,-0.676994822941,31.5));
#5769 = CARTESIAN_POINT('',(79.66068226522,-0.742822800763,-28.5));
#5770 = CARTESIAN_POINT('',(79.660682265254,-0.742822800764,
    -24.21428571429));
#5771 = CARTESIAN_POINT('',(74.07444854483,-1.262798761297,
    -19.92857142854));
#5772 = CARTESIAN_POINT('',(81.416355720279,-0.579401784596,
    -15.64285714288));
#5773 = CARTESIAN_POINT('',(69.924674924049,-1.649066617694,
    -11.35714285713));
#5774 = CARTESIAN_POINT('',(77.266582099391,-0.965669640993,
    -7.071428571431));
#5775 = CARTESIAN_POINT('',(66.094114658737,-2.005621562061,
    1.500000000001));
#5776 = CARTESIAN_POINT('',(77.266582099387,-0.965669640993,
    10.071428571429));
#5777 = CARTESIAN_POINT('',(69.924674924073,-1.649066617694,
    14.35714285714));
#5778 = CARTESIAN_POINT('',(81.41635572023,-0.579401784596,
    18.642857142863));
#5779 = CARTESIAN_POINT('',(74.07444854487,-1.262798761297,
    22.928571428565));
#5780 = CARTESIAN_POINT('',(79.660682265237,-0.742822800764,
    27.214285714289));
#5781 = CARTESIAN_POINT('',(79.66068226522,-0.742822800763,31.5));
#5782 = CARTESIAN_POINT('',(79.292208102401,-0.808263825851,-28.5));
#5783 = CARTESIAN_POINT('',(79.292208102428,-0.808263825851,
    -24.21428571429));
#5784 = CARTESIAN_POINT('',(73.448042468052,-1.374048503945,
    -19.92857142855));
#5785 = CARTESIAN_POINT('',(81.128945873264,-0.630445784165,
    -15.64285714287));
#5786 = CARTESIAN_POINT('',(69.106662282599,-1.794345693388,
    -11.35714285713));
#5787 = CARTESIAN_POINT('',(76.787565687723,-1.050742973607,
    -7.071428571431));
#5788 = CARTESIAN_POINT('',(65.099234419128,-2.182312329797,
    1.500000000001));
#5789 = CARTESIAN_POINT('',(76.787565687717,-1.050742973606,
    10.071428571429));
#5790 = CARTESIAN_POINT('',(69.106662282634,-1.794345693389,
    14.357142857141));
#5791 = CARTESIAN_POINT('',(81.128945873197,-0.630445784164,
    18.642857142861));
#5792 = CARTESIAN_POINT('',(73.448042468105,-1.374048503946,
    22.928571428567));
#5793 = CARTESIAN_POINT('',(79.292208102406,-0.808263825851,
    27.214285714288));
#5794 = CARTESIAN_POINT('',(79.292208102401,-0.808263825851,31.5));
#5795 = CARTESIAN_POINT('',(78.913121552921,-0.872741898237,-28.5));
#5796 = CARTESIAN_POINT('',(78.913121552948,-0.872741898237,
    -24.21428571429));
#5797 = CARTESIAN_POINT('',(72.803595333939,-1.483661227001,
    -19.92857142854));
#5798 = CARTESIAN_POINT('',(80.833258364668,-0.680738680625,
    -15.64285714288));
#5799 = CARTESIAN_POINT('',(68.265090142759,-1.937487014084,
    -11.35714285713));
#5800 = CARTESIAN_POINT('',(76.294753173399,-1.134564467708,
    -7.071428571431));
#5801 = CARTESIAN_POINT('',(64.075700735537,-2.356403125239,1.5));
#5802 = CARTESIAN_POINT('',(76.294753173392,-1.134564467708,
    10.07142857143));
#5803 = CARTESIAN_POINT('',(68.265090142796,-1.937487014085,
    14.357142857137));
#5804 = CARTESIAN_POINT('',(80.833258364596,-0.680738680624,
    18.642857142869));
#5805 = CARTESIAN_POINT('',(72.803595333996,-1.483661227002,
    22.92857142856));
#5806 = CARTESIAN_POINT('',(78.913121552925,-0.872741898237,
    27.214285714291));
#5807 = CARTESIAN_POINT('',(78.913121552921,-0.872741898237,31.5));
#5808 = CARTESIAN_POINT('',(78.524980248358,-0.935665845128,-28.5));
#5809 = CARTESIAN_POINT('',(78.52498024839,-0.935665845128,
    -24.21428571429));
#5810 = CARTESIAN_POINT('',(72.143755116172,-1.590631936716,
    -19.92857142854));
#5811 = CARTESIAN_POINT('',(80.530508147121,-0.729819359201,
    -15.64285714288));
#5812 = CARTESIAN_POINT('',(67.403416446622,-2.077178176183,
    -11.35714285713));
#5813 = CARTESIAN_POINT('',(75.790169477468,-1.216365598667,
    -7.071428571431));
#5814 = CARTESIAN_POINT('',(63.027719213215,-2.526297781846,
    1.500000000001));
#5815 = CARTESIAN_POINT('',(75.790169477462,-1.216365598667,
    10.071428571429));
#5816 = CARTESIAN_POINT('',(67.403416446663,-2.077178176184,
    14.357142857141));
#5817 = CARTESIAN_POINT('',(80.530508147042,-0.729819359199,
    18.642857142861));
#5818 = CARTESIAN_POINT('',(72.143755116235,-1.590631936718,
    22.928571428567));
#5819 = CARTESIAN_POINT('',(78.524980248363,-0.935665845128,
    27.214285714288));
#5820 = CARTESIAN_POINT('',(78.524980248358,-0.935665845128,31.5));
#5821 = CARTESIAN_POINT('',(78.129378750109,-0.996427073167,-28.5));
#5822 = CARTESIAN_POINT('',(78.129378750133,-0.996427073167,
    -24.21428571429));
#5823 = CARTESIAN_POINT('',(71.471232569166,-1.693926024383,
    -19.92857142854));
#5824 = CARTESIAN_POINT('',(80.221938978462,-0.777213117071,
    -15.64285714288));
#5825 = CARTESIAN_POINT('',(66.525181120524,-2.212068102429,
    -11.35714285713));
#5826 = CARTESIAN_POINT('',(75.275887529739,-1.295355195117,
    -7.071428571431));
#5827 = CARTESIAN_POINT('',(61.959595167946,-2.69035309755,
    1.500000000001));
#5828 = CARTESIAN_POINT('',(75.275887529732,-1.295355195117,
    10.071428571428));
#5829 = CARTESIAN_POINT('',(66.525181120564,-2.21206810243,
    14.357142857144));
#5830 = CARTESIAN_POINT('',(80.221938978383,-0.77721311707,
    18.642857142857));
#5831 = CARTESIAN_POINT('',(71.471232569232,-1.693926024383,
    22.92857142857));
#5832 = CARTESIAN_POINT('',(78.129378750105,-0.996427073167,
    27.214285714287));
#5833 = CARTESIAN_POINT('',(78.129378750109,-0.996427073167,31.5));
#5834 = CARTESIAN_POINT('',(77.727941947871,-1.054398659447,-28.5));
#5835 = CARTESIAN_POINT('',(77.727941947892,-1.054398659448,
    -24.21428571429));
#5836 = CARTESIAN_POINT('',(70.78879000537,-1.792477721058,
    -19.92857142855));
#5837 = CARTESIAN_POINT('',(79.908818272709,-0.822430954371,
    -15.64285714287));
#5838 = CARTESIAN_POINT('',(65.633991419562,-2.340765023971,
    -11.35714285713));
#5839 = CARTESIAN_POINT('',(74.754019686829,-1.370718257282,
    -7.071428571429));
#5840 = CARTESIAN_POINT('',(60.875715801905,-2.846876380507,
    1.499999999999));
#5841 = CARTESIAN_POINT('',(74.754019686825,-1.370718257282,
    10.07142857143));
#5842 = CARTESIAN_POINT('',(65.633991419584,-2.340765023972,
    14.357142857137));
#5843 = CARTESIAN_POINT('',(79.908818272662,-0.822430954369,
    18.642857142867));
#5844 = CARTESIAN_POINT('',(70.788790005405,-1.79247772106,
    22.928571428562));
#5845 = CARTESIAN_POINT('',(77.727941947877,-1.054398659448,
    27.21428571429));
#5846 = CARTESIAN_POINT('',(77.727941947871,-1.054398659447,31.5));
#5847 = CARTESIAN_POINT('',(77.322318346899,-1.108936280239,-28.5));
#5848 = CARTESIAN_POINT('',(77.322318346924,-1.108936280239,
    -24.21428571429));
#5849 = CARTESIAN_POINT('',(70.099229883709,-1.885191676404,
    -19.92857142854));
#5850 = CARTESIAN_POINT('',(79.592431863963,-0.864970298588,
    -15.64285714288));
#5851 = CARTESIAN_POINT('',(64.733507025395,-2.461838542129,
    -11.35714285712));
#5852 = CARTESIAN_POINT('',(74.226709005569,-1.441617164311,
    -7.071428571432));
#5853 = CARTESIAN_POINT('',(59.780532079276,-2.994127956644,
    1.500000000002));
#5854 = CARTESIAN_POINT('',(74.226709005566,-1.441617164311,
    10.071428571428));
#5855 = CARTESIAN_POINT('',(64.733507025415,-2.461838542129,
    14.357142857143));
#5856 = CARTESIAN_POINT('',(79.592431863918,-0.864970298587,
    18.642857142859));
#5857 = CARTESIAN_POINT('',(70.099229883743,-1.885191676405,
    22.928571428569));
#5858 = CARTESIAN_POINT('',(77.322318346908,-1.108936280239,
    27.214285714287));
#5859 = CARTESIAN_POINT('',(77.322318346899,-1.108936280239,31.5));
#5860 = CARTESIAN_POINT('',(76.914173276531,-1.15938136118,-28.5));
#5861 = CARTESIAN_POINT('',(76.914173276558,-1.159381361181,
    -24.21428571429));
#5862 = CARTESIAN_POINT('',(69.405383264076,-1.970948314005,
    -19.92857142855));
#5863 = CARTESIAN_POINT('',(79.274078709082,-0.904317461721,
    -15.64285714287));
#5864 = CARTESIAN_POINT('',(63.827424969175,-2.573826621819,
    -11.35714285713));
#5865 = CARTESIAN_POINT('',(73.69612041409,-1.507195769534,
    -7.071428571431));
#5866 = CARTESIAN_POINT('',(58.678540389283,-3.130329675186,
    1.500000000001));
#5867 = CARTESIAN_POINT('',(73.696120414085,-1.507195769534,
    10.071428571428));
#5868 = CARTESIAN_POINT('',(63.827424969202,-2.57382662182,
    14.357142857147));
#5869 = CARTESIAN_POINT('',(79.274078709026,-0.90431746172,
    18.642857142852));
#5870 = CARTESIAN_POINT('',(69.40538326412,-1.970948314006,
    22.928571428575));
#5871 = CARTESIAN_POINT('',(76.914173276539,-1.15938136118,
    27.214285714285));
#5872 = CARTESIAN_POINT('',(76.914173276531,-1.15938136118,31.5));
#5873 = CARTESIAN_POINT('',(76.505182050885,-1.205066683444,-28.5));
#5874 = CARTESIAN_POINT('',(76.505182050902,-1.205066683445,
    -24.21428571429));
#5875 = CARTESIAN_POINT('',(68.710098180505,-2.048613361853,
    -19.92857142855));
#5876 = CARTESIAN_POINT('',(78.955065553045,-0.939952013088,
    -15.64285714287));
#5877 = CARTESIAN_POINT('',(62.919464448263,-2.675248037244,
    -11.35714285713));
#5878 = CARTESIAN_POINT('',(73.164431820744,-1.566586688478,
    -7.07142857143));
#5879 = CARTESIAN_POINT('',(57.574264080045,-3.253680045299,1.5));
#5880 = CARTESIAN_POINT('',(73.164431820741,-1.566586688478,
    10.07142857143));
#5881 = CARTESIAN_POINT('',(62.919464448281,-2.675248037246,
    14.357142857138));
#5882 = CARTESIAN_POINT('',(78.955065553003,-0.939952013087,
    18.642857142865));
#5883 = CARTESIAN_POINT('',(68.710098180537,-2.048613361855,
    22.928571428564));
#5884 = CARTESIAN_POINT('',(76.505182050887,-1.205066683444,
    27.214285714289));
#5885 = CARTESIAN_POINT('',(76.505182050885,-1.205066683444,31.5));
#5886 = CARTESIAN_POINT('',(76.097023111425,-1.245324506391,-28.5));
#5887 = CARTESIAN_POINT('',(76.097023111448,-1.245324506391,
    -24.21428571429));
#5888 = CARTESIAN_POINT('',(68.016227983405,-2.117051660861,
    -19.92857142855));
#5889 = CARTESIAN_POINT('',(78.636701580289,-0.971353114987,
    -15.64285714287));
#5890 = CARTESIAN_POINT('',(62.013351602646,-2.764620404184,
    -11.35714285713));
#5891 = CARTESIAN_POINT('',(72.63382519945,-1.618921858308,
    -7.07142857143));
#5892 = CARTESIAN_POINT('',(56.472234943498,-3.362376167254,
    1.499999999999));
#5893 = CARTESIAN_POINT('',(72.633825199446,-1.618921858308,
    10.071428571431));
#5894 = CARTESIAN_POINT('',(62.013351602671,-2.764620404185,
    14.357142857131));
#5895 = CARTESIAN_POINT('',(78.636701580235,-0.971353114986,
    18.642857142877));
#5896 = CARTESIAN_POINT('',(68.016227983447,-2.117051660862,
    22.928571428554));
#5897 = CARTESIAN_POINT('',(76.09702311143,-1.245324506391,
    27.214285714293));
#5898 = CARTESIAN_POINT('',(76.097023111425,-1.245324506391,31.5));
#5899 = CARTESIAN_POINT('',(75.691371178394,-1.279497079702,-28.5));
#5900 = CARTESIAN_POINT('',(75.691371178419,-1.279497079702,
    -24.21428571429));
#5901 = CARTESIAN_POINT('',(67.326619697248,-2.175145035492,
    -19.92857142854));
#5902 = CARTESIAN_POINT('',(78.320293072531,-0.998007722167,
    -15.64285714288));
#5903 = CARTESIAN_POINT('',(61.112804311314,-2.840483516936,
    -11.35714285712));
#5904 = CARTESIAN_POINT('',(72.106477686511,-1.663346203612,
    -7.071428571431));
#5905 = CARTESIAN_POINT('',(55.376974724315,-3.454642115194,
    1.500000000001));
#5906 = CARTESIAN_POINT('',(72.106477686505,-1.663346203612,
    10.071428571429));
#5907 = CARTESIAN_POINT('',(61.112804311348,-2.840483516937,
    14.357142857139));
#5908 = CARTESIAN_POINT('',(78.320293072463,-0.998007722167,
    18.642857142865));
#5909 = CARTESIAN_POINT('',(67.326619697301,-2.175145035492,
    22.928571428564));
#5910 = CARTESIAN_POINT('',(75.691371178397,-1.279497079702,
    27.214285714289));
#5911 = CARTESIAN_POINT('',(75.691371178394,-1.279497079702,31.5));
#5912 = CARTESIAN_POINT('',(75.289890434375,-1.30694922923,-28.5));
#5913 = CARTESIAN_POINT('',(75.28989043441,-1.306949229231,
    -24.21428571429));
#5914 = CARTESIAN_POINT('',(66.644102432393,-2.22181368969,
    -19.92857142854));
#5915 = CARTESIAN_POINT('',(78.007138092226,-1.019420398801,
    -15.64285714288));
#5916 = CARTESIAN_POINT('',(60.221517059574,-2.901427288889,
    -11.35714285713));
#5917 = CARTESIAN_POINT('',(71.584552719293,-1.699033998,-7.071428571431
    ));
#5918 = CARTESIAN_POINT('',(54.292976715459,-3.528762918921,
    1.500000000001));
#5919 = CARTESIAN_POINT('',(71.584552719286,-1.699033998,10.071428571429
    ));
#5920 = CARTESIAN_POINT('',(60.221517059611,-2.90142728889,
    14.35714285714));
#5921 = CARTESIAN_POINT('',(78.00713809215,-1.0194203988,18.642857142863
    ));
#5922 = CARTESIAN_POINT('',(66.644102432453,-2.221813689691,
    22.928571428565));
#5923 = CARTESIAN_POINT('',(75.289890434384,-1.306949229231,
    27.214285714289));
#5924 = CARTESIAN_POINT('',(75.289890434375,-1.30694922923,31.5));
#5925 = CARTESIAN_POINT('',(74.894227758419,-1.3270825233,-28.5));
#5926 = CARTESIAN_POINT('',(74.894227758442,-1.3270825233,
    -24.21428571429));
#5927 = CARTESIAN_POINT('',(65.971475883295,-2.256040289608,
    -19.92857142855));
#5928 = CARTESIAN_POINT('',(77.698521204948,-1.035124368175,
    -15.64285714287));
#5929 = CARTESIAN_POINT('',(59.34314591897,-2.946123201724,
    -11.35714285713));
#5930 = CARTESIAN_POINT('',(71.070191240545,-1.72520728029,
    -7.071428571429));
#5931 = CARTESIAN_POINT('',(53.224687490381,-3.583122812909,
    1.499999999999));
#5932 = CARTESIAN_POINT('',(71.07019124054,-1.72520728029,
    10.071428571431));
#5933 = CARTESIAN_POINT('',(59.343145918999,-2.946123201724,
    14.357142857136));
#5934 = CARTESIAN_POINT('',(77.698521204887,-1.035124368175,
    18.642857142869));
#5935 = CARTESIAN_POINT('',(65.971475883342,-2.256040289609,
    22.92857142856));
#5936 = CARTESIAN_POINT('',(74.894227758422,-1.3270825233,
    27.214285714291));
#5937 = CARTESIAN_POINT('',(74.894227758419,-1.3270825233,31.5));
#5938 = CARTESIAN_POINT('',(74.506006023591,-1.339350371983,-28.5));
#5939 = CARTESIAN_POINT('',(74.50600602362,-1.339350371984,
    -24.21428571429));
#5940 = CARTESIAN_POINT('',(65.311498934074,-2.27689563237,
    -19.92857142855));
#5941 = CARTESIAN_POINT('',(77.395708251799,-1.044693290148,
    -15.64285714287));
#5942 = CARTESIAN_POINT('',(58.481293667642,-2.973357825802,
    -11.35714285713));
#5943 = CARTESIAN_POINT('',(70.565502985272,-1.741155483579,
    -7.07142857143));
#5944 = CARTESIAN_POINT('',(52.176488806341,-3.616246004355,1.5));
#5945 = CARTESIAN_POINT('',(70.565502985268,-1.741155483579,
    10.07142857143));
#5946 = CARTESIAN_POINT('',(58.481293667658,-2.973357825802,
    14.357142857138));
#5947 = CARTESIAN_POINT('',(77.39570825176,-1.044693290148,
    18.642857142867));
#5948 = CARTESIAN_POINT('',(65.311498934101,-2.276895632371,
    22.928571428562));
#5949 = CARTESIAN_POINT('',(74.506006023607,-1.339350371984,
    27.21428571429));
#5950 = CARTESIAN_POINT('',(74.506006023591,-1.339350371983,31.5));
#5951 = CARTESIAN_POINT('',(74.126817464745,-1.343273291563,-28.5));
#5952 = CARTESIAN_POINT('',(74.126817464777,-1.343273291563,
    -24.21428571429));
#5953 = CARTESIAN_POINT('',(64.666878384027,-2.283564595656,
    -19.92857142855));
#5954 = CARTESIAN_POINT('',(77.099941175909,-1.047753167419,
    -15.64285714287));
#5955 = CARTESIAN_POINT('',(57.639495066997,-2.982066707269,
    -11.35714285713));
#5956 = CARTESIAN_POINT('',(70.072557858774,-1.746255279032,
    -7.07142857143));
#5957 = CARTESIAN_POINT('',(51.152679697455,-3.62683788722,1.5));
#5958 = CARTESIAN_POINT('',(70.072557858769,-1.746255279032,
    10.07142857143));
#5959 = CARTESIAN_POINT('',(57.639495067024,-2.98206670727,
    14.357142857139));
#5960 = CARTESIAN_POINT('',(77.099941175851,-1.047753167418,
    18.642857142865));
#5961 = CARTESIAN_POINT('',(64.666878384071,-2.283564595658,
    22.928571428564));
#5962 = CARTESIAN_POINT('',(74.126817464758,-1.343273291563,
    27.214285714289));
#5963 = CARTESIAN_POINT('',(74.126817464745,-1.343273291563,31.5));
#5964 = CARTESIAN_POINT('',(73.758217117145,-1.338453488469,-28.5));
#5965 = CARTESIAN_POINT('',(73.758217117161,-1.338453488469,
    -24.21428571429));
#5966 = CARTESIAN_POINT('',(64.040257793152,-2.275370930395,
    -19.92857142855));
#5967 = CARTESIAN_POINT('',(76.812432904726,-1.043993721007,
    -15.64285714287));
#5968 = CARTESIAN_POINT('',(56.821202295365,-2.971366744398,
    -11.35714285713));
#5969 = CARTESIAN_POINT('',(69.593377406881,-1.73998953501,
    -7.071428571431));
#5970 = CARTESIAN_POINT('',(50.15745875895,-3.613824418865,
    1.500000000001));
#5971 = CARTESIAN_POINT('',(69.593377406875,-1.73998953501,
    10.071428571429));
#5972 = CARTESIAN_POINT('',(56.821202295396,-2.971366744399,
    14.357142857141));
#5973 = CARTESIAN_POINT('',(76.812432904659,-1.043993721006,
    18.642857142861));
#5974 = CARTESIAN_POINT('',(64.040257793204,-2.275370930396,
    22.928571428567));
#5975 = CARTESIAN_POINT('',(73.758217117138,-1.338453488469,
    27.214285714288));
#5976 = CARTESIAN_POINT('',(73.758217117145,-1.338453488469,31.5));
#5977 = CARTESIAN_POINT('',(73.401716320552,-1.324587887397,-28.5));
#5978 = CARTESIAN_POINT('',(73.401716320585,-1.324587887397,
    -24.21428571429));
#5979 = CARTESIAN_POINT('',(63.434206438898,-2.251799408572,
    -19.92857142855));
#5980 = CARTESIAN_POINT('',(76.534362283438,-1.033178552171,
    -15.64285714287));
#5981 = CARTESIAN_POINT('',(56.029770526892,-2.940585110018,
    -11.35714285713));
#5982 = CARTESIAN_POINT('',(69.12992637132,-1.721964253616,
    -7.07142857143));
#5983 = CARTESIAN_POINT('',(49.194906608137,-3.576387295971,
    1.499999999999));
#5984 = CARTESIAN_POINT('',(69.129926371314,-1.721964253616,
    10.071428571431));
#5985 = CARTESIAN_POINT('',(56.029770526928,-2.94058511002,
    14.357142857134));
#5986 = CARTESIAN_POINT('',(76.534362283362,-1.03317855217,
    18.642857142873));
#5987 = CARTESIAN_POINT('',(63.434206438957,-2.251799408574,
    22.928571428557));
#5988 = CARTESIAN_POINT('',(73.401716320559,-1.324587887397,
    27.214285714292));
#5989 = CARTESIAN_POINT('',(73.401716320552,-1.324587887397,31.5));
#5990 = CARTESIAN_POINT('',(73.058776277418,-1.301478749521,-28.5));
#5991 = CARTESIAN_POINT('',(73.058776277447,-1.301478749521,
    -24.21428571429));
#5992 = CARTESIAN_POINT('',(62.851208365582,-2.212513874184,
    -19.92857142855));
#5993 = CARTESIAN_POINT('',(76.266869049778,-1.015153424627,
    -15.64285714287));
#5994 = CARTESIAN_POINT('',(55.268443631147,-2.889282823935,
    -11.35714285713));
#5995 = CARTESIAN_POINT('',(68.684104315241,-1.691922374377,
    -7.07142857143));
#5996 = CARTESIAN_POINT('',(48.268968491683,-3.513992623706,1.5));
#5997 = CARTESIAN_POINT('',(68.684104315232,-1.691922374377,
    10.07142857143));
#5998 = CARTESIAN_POINT('',(55.268443631197,-2.889282823936,
    14.35714285714));
#5999 = CARTESIAN_POINT('',(76.266869049678,-1.015153424626,
    18.642857142863));
#6000 = CARTESIAN_POINT('',(62.851208365662,-2.212513874185,
    22.928571428565));
#6001 = CARTESIAN_POINT('',(73.058776277413,-1.301478749521,
    27.214285714289));
#6002 = CARTESIAN_POINT('',(73.058776277418,-1.301478749521,31.5));
#6003 = CARTESIAN_POINT('',(72.73080164776,-1.269041097511,-28.5));
#6004 = CARTESIAN_POINT('',(72.730801647782,-1.269041097512,
    -24.21428571429));
#6005 = CARTESIAN_POINT('',(62.293651495182,-2.157369865766,
    -19.92857142854));
#6006 = CARTESIAN_POINT('',(76.011048838625,-0.989852056061,
    -15.64285714288));
#6007 = CARTESIAN_POINT('',(54.540339953317,-2.817271236472,
    -11.35714285712));
#6008 = CARTESIAN_POINT('',(68.257737296685,-1.649753426765,
    -7.071428571431));
#6009 = CARTESIAN_POINT('',(47.383436991605,-3.426410963279,
    1.500000000001));
#6010 = CARTESIAN_POINT('',(68.257737296681,-1.649753426765,
    10.07142857143));
#6011 = CARTESIAN_POINT('',(54.54033995334,-2.817271236473,
    14.357142857138));
#6012 = CARTESIAN_POINT('',(76.011048838574,-0.989852056059,
    18.642857142867));
#6013 = CARTESIAN_POINT('',(62.29365149522,-2.157369865768,
    22.928571428562));
#6014 = CARTESIAN_POINT('',(72.730801647764,-1.269041097511,
    27.21428571429));
#6015 = CARTESIAN_POINT('',(72.73080164776,-1.269041097511,31.5));
#6016 = CARTESIAN_POINT('',(72.419134155244,-1.227306277771,-28.5));
#6017 = CARTESIAN_POINT('',(72.419134155266,-1.227306277772,
    -24.21428571429));
#6018 = CARTESIAN_POINT('',(61.763816757904,-2.086420672208,
    -19.92857142854));
#6019 = CARTESIAN_POINT('',(75.767948194464,-0.957298896663,
    -15.64285714288));
#6020 = CARTESIAN_POINT('',(53.84843811993,-2.724619936649,
    -11.35714285713));
#6021 = CARTESIAN_POINT('',(67.852569556415,-1.595498161103,
    -7.071428571431));
#6022 = CARTESIAN_POINT('',(46.541934761809,-3.313726949981,
    1.500000000001));
#6023 = CARTESIAN_POINT('',(67.852569556413,-1.595498161103,
    10.071428571428));
#6024 = CARTESIAN_POINT('',(53.84843811994,-2.72461993665,
    14.357142857143));
#6025 = CARTESIAN_POINT('',(75.767948194433,-0.957298896662,
    18.642857142857));
#6026 = CARTESIAN_POINT('',(61.763816757925,-2.086420672209,
    22.92857142857));
#6027 = CARTESIAN_POINT('',(72.419134155255,-1.227306277771,
    27.214285714287));
#6028 = CARTESIAN_POINT('',(72.419134155244,-1.227306277771,31.5));
#6029 = CARTESIAN_POINT('',(72.125046171117,-1.176421135998,-28.5));
#6030 = CARTESIAN_POINT('',(72.125046171147,-1.176421135998,
    -24.21428571429));
#6031 = CARTESIAN_POINT('',(61.263867184867,-1.999915931194,
    -19.92857142855));
#6032 = CARTESIAN_POINT('',(75.538559566872,-0.917608486079,
    -15.64285714287));
#6033 = CARTESIAN_POINT('',(53.19556279515,-2.611654921913,
    -11.35714285713));
#6034 = CARTESIAN_POINT('',(67.470255177056,-1.529347476797,
    -7.071428571429));
#6035 = CARTESIAN_POINT('',(45.747897204659,-3.176337067193,
    1.499999999999));
#6036 = CARTESIAN_POINT('',(67.470255177055,-1.529347476797,
    10.071428571431));
#6037 = CARTESIAN_POINT('',(53.195562795156,-2.611654921914,
    14.357142857136));
#6038 = CARTESIAN_POINT('',(75.538559566848,-0.917608486078,
    18.642857142869));
#6039 = CARTESIAN_POINT('',(61.263867184882,-1.999915931195,
    22.92857142856));
#6040 = CARTESIAN_POINT('',(72.125046171139,-1.176421135998,
    27.214285714291));
#6041 = CARTESIAN_POINT('',(72.125046171117,-1.176421135998,31.5));
#6042 = CARTESIAN_POINT('',(71.849734225171,-1.116642432156,-28.5));
#6043 = CARTESIAN_POINT('',(71.849734225194,-1.116642432156,
    -24.21428571429));
#6044 = CARTESIAN_POINT('',(60.795836876776,-1.898292134665,
    -19.92857142855));
#6045 = CARTESIAN_POINT('',(75.323816249011,-0.870981097082,
    -15.64285714287));
#6046 = CARTESIAN_POINT('',(52.584370275167,-2.478946199386,
    -11.35714285713));
#6047 = CARTESIAN_POINT('',(67.11234964732,-1.451635161803,
    -7.071428571431));
#6048 = CARTESIAN_POINT('',(45.004554950613,-3.014934566821,
    1.500000000001));
#6049 = CARTESIAN_POINT('',(67.112349647318,-1.451635161803,
    10.071428571429));
#6050 = CARTESIAN_POINT('',(52.584370275179,-2.478946199386,
    14.357142857142));
#6051 = CARTESIAN_POINT('',(75.323816248977,-0.870981097081,
    18.642857142859));
#6052 = CARTESIAN_POINT('',(60.795836876799,-1.898292134666,
    22.928571428568));
#6053 = CARTESIAN_POINT('',(71.849734225183,-1.116642432156,
    27.214285714287));
#6054 = CARTESIAN_POINT('',(71.849734225171,-1.116642432156,31.5));
#6055 = CARTESIAN_POINT('',(71.594312409882,-1.048326260332,-28.5));
#6056 = CARTESIAN_POINT('',(71.594312409908,-1.048326260333,
    -24.21428571429));
#6057 = CARTESIAN_POINT('',(60.361619790778,-1.782154642563,
    -19.92857142855));
#6058 = CARTESIAN_POINT('',(75.124587233096,-0.817694483061,
    -15.64285714287));
#6059 = CARTESIAN_POINT('',(52.017333845218,-2.327284297936,
    -11.35714285713));
#6060 = CARTESIAN_POINT('',(66.780301287446,-1.362824138432,
    -7.071428571431));
#6061 = CARTESIAN_POINT('',(44.314916049331,-2.830480902897,
    1.500000000001));
#6062 = CARTESIAN_POINT('',(66.780301287441,-1.362824138432,
    10.071428571429));
#6063 = CARTESIAN_POINT('',(52.017333845243,-2.327284297937,
    14.357142857141));
#6064 = CARTESIAN_POINT('',(75.124587233038,-0.817694483059,
    18.642857142861));
#6065 = CARTESIAN_POINT('',(60.36161979082,-1.782154642565,
    22.928571428567));
#6066 = CARTESIAN_POINT('',(71.594312409889,-1.048326260332,
    27.214285714288));
#6067 = CARTESIAN_POINT('',(71.594312409882,-1.048326260332,31.5));
#6068 = CARTESIAN_POINT('',(71.35980560318,-0.971912241177,-28.5));
#6069 = CARTESIAN_POINT('',(71.359805603202,-0.971912241177,
    -24.21428571429));
#6070 = CARTESIAN_POINT('',(59.962958219398,-1.652250809999,
    -19.92857142855));
#6071 = CARTESIAN_POINT('',(74.941671923853,-0.758091548118,
    -15.64285714287));
#6072 = CARTESIAN_POINT('',(51.496728734353,-2.157645175411,
    -11.35714285713));
#6073 = CARTESIAN_POINT('',(66.475442438731,-1.26348591353,
    -7.071428571431));
#6074 = CARTESIAN_POINT('',(43.681747671241,-2.624163051177,
    1.500000000001));
#6075 = CARTESIAN_POINT('',(66.475442438727,-1.26348591353,
    10.071428571429));
#6076 = CARTESIAN_POINT('',(51.496728734372,-2.157645175412,
    14.357142857141));
#6077 = CARTESIAN_POINT('',(74.941671923806,-0.758091548118,
    18.642857142861));
#6078 = CARTESIAN_POINT('',(59.962958219431,-1.652250810001,
    22.928571428567));
#6079 = CARTESIAN_POINT('',(71.359805603187,-0.971912241177,
    27.214285714288));
#6080 = CARTESIAN_POINT('',(71.35980560318,-0.971912241177,31.5));
#6081 = CARTESIAN_POINT('',(71.147142845233,-0.887902278854,-28.5));
#6082 = CARTESIAN_POINT('',(71.147142845255,-0.887902278854,
    -24.21428571429));
#6083 = CARTESIAN_POINT('',(59.601431530884,-1.509433874051,
    -19.92857142855));
#6084 = CARTESIAN_POINT('',(74.775794972658,-0.692563777506,
    -15.64285714287));
#6085 = CARTESIAN_POINT('',(51.024617411705,-1.971143059055,
    -11.35714285713));
#6086 = CARTESIAN_POINT('',(66.198980853401,-1.154272962511,
    -7.07142857143));
#6087 = CARTESIAN_POINT('',(43.107558224779,-2.397336152906,1.5));
#6088 = CARTESIAN_POINT('',(66.198980853399,-1.15427296251,
    10.07142857143));
#6089 = CARTESIAN_POINT('',(51.024617411714,-1.971143059056,
    14.357142857138));
#6090 = CARTESIAN_POINT('',(74.775794972629,-0.692563777506,
    18.642857142867));
#6091 = CARTESIAN_POINT('',(59.601431530902,-1.509433874052,
    22.928571428562));
#6092 = CARTESIAN_POINT('',(71.147142845246,-0.887902278854,
    27.21428571429));
#6093 = CARTESIAN_POINT('',(71.147142845233,-0.887902278854,31.5));
#6094 = CARTESIAN_POINT('',(70.957150915461,-0.796832837821,-28.5));
#6095 = CARTESIAN_POINT('',(70.957150915486,-0.796832837821,
    -24.21428571429));
#6096 = CARTESIAN_POINT('',(59.278445250267,-1.354615824295,
    -19.92857142854));
#6097 = CARTESIAN_POINT('',(74.627601267444,-0.621529613501,
    -15.64285714288));
#6098 = CARTESIAN_POINT('',(50.602835327608,-1.768968899962,
    -11.35714285713));
#6099 = CARTESIAN_POINT('',(65.951991344699,-1.035882689167,
    -7.071428571431));
#6100 = CARTESIAN_POINT('',(42.594580014396,-2.151448662116,
    1.500000000001));
#6101 = CARTESIAN_POINT('',(65.951991344694,-1.035882689167,
    10.071428571429));
#6102 = CARTESIAN_POINT('',(50.602835327632,-1.768968899962,
    14.357142857141));
#6103 = CARTESIAN_POINT('',(74.627601267386,-0.621529613501,
    18.642857142861));
#6104 = CARTESIAN_POINT('',(59.278445250309,-1.354615824295,
    22.928571428567));
#6105 = CARTESIAN_POINT('',(70.957150915466,-0.796832837821,
    27.214285714288));
#6106 = CARTESIAN_POINT('',(70.957150915461,-0.796832837821,31.5));
#6107 = CARTESIAN_POINT('',(70.790552428575,-0.699240763595,-28.5));
#6108 = CARTESIAN_POINT('',(70.790552428586,-0.699240763595,
    -24.21428571429));
#6109 = CARTESIAN_POINT('',(58.995227822597,-1.18870929811,
    -19.92857142855));
#6110 = CARTESIAN_POINT('',(74.497654447627,-0.545407795605,
    -15.64285714287));
#6111 = CARTESIAN_POINT('',(50.232986686752,-1.552314495179,
    -11.35714285713));
#6112 = CARTESIAN_POINT('',(65.735413311738,-0.909012992674,
    -7.071428571431));
#6113 = CARTESIAN_POINT('',(42.144764099812,-1.887950061706,
    1.500000000001));
#6114 = CARTESIAN_POINT('',(65.735413311735,-0.909012992674,
    10.071428571429));
#6115 = CARTESIAN_POINT('',(50.232986686761,-1.55231449518,
    14.357142857143));
#6116 = CARTESIAN_POINT('',(74.497654447595,-0.545407795604,
    18.642857142858));
#6117 = CARTESIAN_POINT('',(58.995227822618,-1.188709298111,
    22.92857142857));
#6118 = CARTESIAN_POINT('',(70.790552428575,-0.699240763595,
    27.214285714287));
#6119 = CARTESIAN_POINT('',(70.790552428575,-0.699240763595,31.5));
#6120 = CARTESIAN_POINT('',(70.6479674077,-0.59561768775,-28.5));
#6121 = CARTESIAN_POINT('',(70.647967407728,-0.595617687751,
    -24.21428571429));
#6122 = CARTESIAN_POINT('',(58.752833287068,-1.012550069174,
    -19.92857142854));
#6123 = CARTESIAN_POINT('',(74.386438131396,-0.464581796446,
    -15.64285714288));
#6124 = CARTESIAN_POINT('',(49.916447940377,-1.322271266804,
    -11.35714285713));
#6125 = CARTESIAN_POINT('',(65.550052784611,-0.774302994076,
    -7.071428571431));
#6126 = CARTESIAN_POINT('',(41.759784543442,-1.608167756925,
    1.500000000001));
#6127 = CARTESIAN_POINT('',(65.550052784606,-0.774302994075,
    10.071428571429));
#6128 = CARTESIAN_POINT('',(49.916447940401,-1.322271266805,
    14.357142857141));
#6129 = CARTESIAN_POINT('',(74.386438131337,-0.464581796446,
    18.642857142861));
#6130 = CARTESIAN_POINT('',(58.752833287113,-1.012550069175,
    22.928571428567));
#6131 = CARTESIAN_POINT('',(70.647967407707,-0.59561768775,
    27.214285714288));
#6132 = CARTESIAN_POINT('',(70.6479674077,-0.59561768775,31.5));
#6133 = CARTESIAN_POINT('',(70.529954056048,-0.486369663497,-28.5));
#6134 = CARTESIAN_POINT('',(70.529954056062,-0.486369663497,
    -24.21428571429));
#6135 = CARTESIAN_POINT('',(58.552210589294,-0.826828427944,
    -19.92857142855));
#6136 = CARTESIAN_POINT('',(74.294387717066,-0.379368337528,
    -15.64285714287));
#6137 = CARTESIAN_POINT('',(49.654458299735,-1.079740652963,
    -11.35714285713));
#6138 = CARTESIAN_POINT('',(65.396635427456,-0.632280562546,
    -7.071428571431));
#6139 = CARTESIAN_POINT('',(41.441148493986,-1.313198091442,1.5));
#6140 = CARTESIAN_POINT('',(65.396635427456,-0.632280562546,
    10.071428571429));
#6141 = CARTESIAN_POINT('',(49.654458299731,-1.079740652963,
    14.35714285714));
#6142 = CARTESIAN_POINT('',(74.294387717059,-0.379368337528,
    18.642857142863));
#6143 = CARTESIAN_POINT('',(58.552210589292,-0.826828427945,
    22.928571428565));
#6144 = CARTESIAN_POINT('',(70.52995405606,-0.486369663497,
    27.214285714289));
#6145 = CARTESIAN_POINT('',(70.529954056048,-0.486369663497,31.5));
#6146 = CARTESIAN_POINT('',(70.437034572389,-0.371761434061,-28.5));
#6147 = CARTESIAN_POINT('',(70.437034572408,-0.371761434061,
    -24.21428571429));
#6148 = CARTESIAN_POINT('',(58.39424746706,-0.631994437904,
    -19.92857142854));
#6149 = CARTESIAN_POINT('',(74.221910519829,-0.289973918568,
    -15.64285714288));
#6150 = CARTESIAN_POINT('',(49.448177046002,-0.825310383615,
    -11.35714285712));
#6151 = CARTESIAN_POINT('',(65.275840098702,-0.483289864279,
    -7.071428571431));
#6152 = CARTESIAN_POINT('',(41.190265888106,-1.003755871965,
    1.500000000001));
#6153 = CARTESIAN_POINT('',(65.275840098698,-0.483289864279,
    10.071428571429));
#6154 = CARTESIAN_POINT('',(49.448177046019,-0.825310383616,
    14.357142857139));
#6155 = CARTESIAN_POINT('',(74.221910519785,-0.289973918568,
    18.642857142865));
#6156 = CARTESIAN_POINT('',(58.39424746709,-0.631994437904,
    22.928571428564));
#6157 = CARTESIAN_POINT('',(70.437034572394,-0.371761434061,
    27.214285714289));
#6158 = CARTESIAN_POINT('',(70.437034572389,-0.371761434061,31.5));
#6159 = CARTESIAN_POINT('',(70.369946971473,-0.25204732539,-28.5));
#6160 = CARTESIAN_POINT('',(70.369946971499,-0.25204732539,
    -24.21428571429));
#6161 = CARTESIAN_POINT('',(58.280198545484,-0.428480453162,
    -19.92857142854));
#6162 = CARTESIAN_POINT('',(74.16958219114,-0.196596913804,
    -15.64285714288));
#6163 = CARTESIAN_POINT('',(49.299242571947,-0.559545062365,
    -11.35714285713));
#6164 = CARTESIAN_POINT('',(65.188626217519,-0.327661523007,
    -7.071428571431));
#6165 = CARTESIAN_POINT('',(41.009129365623,-0.680527778552,
    1.500000000001));
#6166 = CARTESIAN_POINT('',(65.188626217517,-0.327661523007,
    10.071428571429));
#6167 = CARTESIAN_POINT('',(49.299242571955,-0.559545062365,
    14.357142857142));
#6168 = CARTESIAN_POINT('',(74.169582191114,-0.196596913804,
    18.642857142859));
#6169 = CARTESIAN_POINT('',(58.280198545498,-0.428480453162,
    22.928571428568));
#6170 = CARTESIAN_POINT('',(70.369946971491,-0.25204732539,
    27.214285714287));
#6171 = CARTESIAN_POINT('',(70.369946971473,-0.25204732539,31.5));
#6172 = CARTESIAN_POINT('',(70.329202814064,-0.127398841277,-28.5));
#6173 = CARTESIAN_POINT('',(70.329202814087,-0.127398841277,
    -24.21428571429));
#6174 = CARTESIAN_POINT('',(58.210933477897,-0.216578030171,
    -19.92857142854));
#6175 = CARTESIAN_POINT('',(74.137801748348,-9.937109619584E-02,
    -15.64285714287));
#6176 = CARTESIAN_POINT('',(49.20879054251,-0.282825427635,
    -11.35714285713));
#6177 = CARTESIAN_POINT('',(65.135658812882,-0.16561849366,
    -7.071428571431));
#6178 = CARTESIAN_POINT('',(40.899120140623,-0.343976871448,1.5));
#6179 = CARTESIAN_POINT('',(65.135658812879,-0.16561849366,
    10.07142857143));
#6180 = CARTESIAN_POINT('',(49.20879054252,-0.282825427635,
    14.357142857139));
#6181 = CARTESIAN_POINT('',(74.137801748315,-9.937109619581E-02,
    18.642857142865));
#6182 = CARTESIAN_POINT('',(58.210933477918,-0.216578030171,
    22.928571428564));
#6183 = CARTESIAN_POINT('',(70.329202814076,-0.127398841277,
    27.214285714289));
#6184 = CARTESIAN_POINT('',(70.329202814064,-0.127398841277,31.5));
#6185 = CARTESIAN_POINT('',(70.32079887982,-4.243924044844E-02,-28.5));
#6186 = CARTESIAN_POINT('',(70.32079887984,-4.243924044848E-02,
    -24.21428571429));
#6187 = CARTESIAN_POINT('',(58.196646789692,-7.214670876222E-02,
    -19.92857142855));
#6188 = CARTESIAN_POINT('',(74.131246679625,-3.310260754991E-02,
    -15.64285714287));
#6189 = CARTESIAN_POINT('',(49.190133808499,-9.421511379542E-02,
    -11.35714285713));
#6190 = CARTESIAN_POINT('',(65.124733698361,-5.517101258301E-02,
    -7.071428571431));
#6191 = CARTESIAN_POINT('',(40.87642951817,-0.114585949211,
    1.500000000001));
#6192 = CARTESIAN_POINT('',(65.124733698358,-5.5171012583E-02,
    10.071428571429));
#6193 = CARTESIAN_POINT('',(49.190133808516,-9.421511379545E-02,
    14.357142857141));
#6194 = CARTESIAN_POINT('',(74.13124667958,-3.310260754988E-02,
    18.642857142861));
#6195 = CARTESIAN_POINT('',(58.196646789724,-7.214670876226E-02,
    22.928571428567));
#6196 = CARTESIAN_POINT('',(70.320798879824,-4.243924044847E-02,
    27.214285714288));
#6197 = CARTESIAN_POINT('',(70.32079887982,-4.243924044844E-02,31.5));
#6198 = CARTESIAN_POINT('',(70.320508075689,2.775557561563E-17,-28.5));
#6199 = CARTESIAN_POINT('',(70.320508075724,-1.170075940899E-14,
    -24.21428571429));
#6200 = CARTESIAN_POINT('',(58.196152422628,3.139732191166E-14,
    -19.92857142854));
#6201 = CARTESIAN_POINT('',(74.131019852451,-3.889546423041E-14,
    -15.64285714288));
#6202 = CARTESIAN_POINT('',(49.189488223296,2.616675725302E-14,
    -11.35714285713));
#6203 = CARTESIAN_POINT('',(65.124355652999,-9.022428967964E-15,
    -7.071428571431));
#6204 = CARTESIAN_POINT('',(40.875644347008,9.633051631505E-15,1.5));
#6205 = CARTESIAN_POINT('',(65.124355652992,-9.022428967964E-15,
    10.071428571429));
#6206 = CARTESIAN_POINT('',(49.189488223333,2.616675725303E-14,
    14.357142857139));
#6207 = CARTESIAN_POINT('',(74.13101985237,-3.889546423038E-14,
    18.642857142865));
#6208 = CARTESIAN_POINT('',(58.196152422692,3.139732191167E-14,
    22.928571428564));
#6209 = CARTESIAN_POINT('',(70.320508075696,-1.170075940899E-14,
    27.214285714289));
#6210 = CARTESIAN_POINT('',(70.320508075689,2.775557561563E-17,31.5));
#6211 = DEFINITIONAL_REPRESENTATION('',(#6212),#6218);
#6212 = B_SPLINE_CURVE_WITH_KNOTS('',4,(#6213,#6214,#6215,#6216,#6217),
  .UNSPECIFIED.,.F.,.F.,(5,5),(0.,1.),.PIECEWISE_BEZIER_KNOTS.);
#6213 = CARTESIAN_POINT('',(1.,0.625));
#6214 = CARTESIAN_POINT('',(0.99865900286,0.625));
#6215 = CARTESIAN_POINT('',(0.997311770906,0.625));
#6216 = CARTESIAN_POINT('',(0.995961341859,0.625));
#6217 = CARTESIAN_POINT('',(0.994613787773,0.625));
#6218 = ( GEOMETRIC_REPRESENTATION_CONTEXT(2) 
PARAMETRIC_REPRESENTATION_CONTEXT() REPRESENTATION_CONTEXT('2D SPACE',''
  ) );
#6219 = ORIENTED_EDGE('',*,*,#6220,.F.);
#6220 = EDGE_CURVE('',#4830,#4878,#6221,.T.);
#6221 = SURFACE_CURVE('',#6222,(#6228,#6237),.PCURVE_S1.);
#6222 = B_SPLINE_CURVE_WITH_KNOTS('',4,(#6223,#6224,#6225,#6226,#6227),
  .UNSPECIFIED.,.F.,.F.,(5,5),(0.,1.),.PIECEWISE_BEZIER_KNOTS.);
#6223 = CARTESIAN_POINT('',(57.448746656494,0.25,9.));
#6224 = CARTESIAN_POINT('',(57.433821438842,0.188694436225,9.));
#6225 = CARTESIAN_POINT('',(57.423574657111,0.126235295005,9.));
#6226 = CARTESIAN_POINT('',(57.418496057979,6.31025105287E-02,9.));
#6227 = CARTESIAN_POINT('',(57.418928451928,0.,9.));
#6228 = PCURVE('',#3607,#6229);
#6229 = DEFINITIONAL_REPRESENTATION('',(#6230),#6236);
#6230 = B_SPLINE_CURVE_WITH_KNOTS('',4,(#6231,#6232,#6233,#6234,#6235),
  .UNSPECIFIED.,.F.,.F.,(5,5),(0.,1.),.PIECEWISE_BEZIER_KNOTS.);
#6231 = CARTESIAN_POINT('',(40.448746656494,0.5));
#6232 = CARTESIAN_POINT('',(40.433821438842,0.438694436225));
#6233 = CARTESIAN_POINT('',(40.423574657111,0.376235295005));
#6234 = CARTESIAN_POINT('',(40.418496057979,0.313102510529));
#6235 = CARTESIAN_POINT('',(40.418928451928,0.25));
#6236 = ( GEOMETRIC_REPRESENTATION_CONTEXT(2) 
PARAMETRIC_REPRESENTATION_CONTEXT() REPRESENTATION_CONTEXT('2D SPACE',''
  ) );
#6237 = PCURVE('',#4897,#6238);
#6238 = DEFINITIONAL_REPRESENTATION('',(#6239),#6245);
#6239 = B_SPLINE_CURVE_WITH_KNOTS('',4,(#6240,#6241,#6242,#6243,#6244),
  .UNSPECIFIED.,.F.,.F.,(5,5),(0.,1.),.PIECEWISE_BEZIER_KNOTS.);
#6240 = CARTESIAN_POINT('',(5.386212227141E-03,0.625));
#6241 = CARTESIAN_POINT('',(4.038998298892E-03,0.625));
#6242 = CARTESIAN_POINT('',(2.690277809451E-03,0.625));
#6243 = CARTESIAN_POINT('',(1.341645640079E-03,0.625));
#6244 = CARTESIAN_POINT('',(0.,0.625));
#6245 = ( GEOMETRIC_REPRESENTATION_CONTEXT(2) 
PARAMETRIC_REPRESENTATION_CONTEXT() REPRESENTATION_CONTEXT('2D SPACE',''
  ) );
#6246 = ADVANCED_FACE('',(#6247),#3796,.F.);
#6247 = FACE_BOUND('',#6248,.F.);
#6248 = EDGE_LOOP('',(#6249,#6250,#6251,#6274));
#6249 = ORIENTED_EDGE('',*,*,#4854,.F.);
#6250 = ORIENTED_EDGE('',*,*,#3776,.F.);
#6251 = ORIENTED_EDGE('',*,*,#6252,.T.);
#6252 = EDGE_CURVE('',#3745,#6253,#6255,.T.);
#6253 = VERTEX_POINT('',#6254);
#6254 = CARTESIAN_POINT('',(60.789650205578,-0.25,15.));
#6255 = SURFACE_CURVE('',#6256,(#6260,#6267),.PCURVE_S1.);
#6256 = LINE('',#6257,#6258);
#6257 = CARTESIAN_POINT('',(17.,-0.25,15.));
#6258 = VECTOR('',#6259,1.);
#6259 = DIRECTION('',(1.,0.,0.));
#6260 = PCURVE('',#3796,#6261);
#6261 = DEFINITIONAL_REPRESENTATION('',(#6262),#6266);
#6262 = LINE('',#6263,#6264);
#6263 = CARTESIAN_POINT('',(6.,0.));
#6264 = VECTOR('',#6265,1.);
#6265 = DIRECTION('',(0.,1.));
#6266 = ( GEOMETRIC_REPRESENTATION_CONTEXT(2) 
PARAMETRIC_REPRESENTATION_CONTEXT() REPRESENTATION_CONTEXT('2D SPACE',''
  ) );
#6267 = PCURVE('',#3678,#6268);
#6268 = DEFINITIONAL_REPRESENTATION('',(#6269),#6273);
#6269 = LINE('',#6270,#6271);
#6270 = CARTESIAN_POINT('',(0.,0.));
#6271 = VECTOR('',#6272,1.);
#6272 = DIRECTION('',(1.,0.));
#6273 = ( GEOMETRIC_REPRESENTATION_CONTEXT(2) 
PARAMETRIC_REPRESENTATION_CONTEXT() REPRESENTATION_CONTEXT('2D SPACE',''
  ) );
#6274 = ORIENTED_EDGE('',*,*,#6275,.F.);
#6275 = EDGE_CURVE('',#4855,#6253,#6276,.T.);
#6276 = SURFACE_CURVE('',#6277,(#6292,#6310),.PCURVE_S1.);
#6277 = B_SPLINE_CURVE_WITH_KNOTS('',7,(#6278,#6279,#6280,#6281,#6282,
    #6283,#6284,#6285,#6286,#6287,#6288,#6289,#6290,#6291),
  .UNSPECIFIED.,.F.,.F.,(8,6,8),(0.,0.264625118734,1.),.UNSPECIFIED.);
#6278 = CARTESIAN_POINT('',(57.448657142116,-0.25,9.));
#6279 = CARTESIAN_POINT('',(57.575825296382,-0.25,9.226361143707));
#6280 = CARTESIAN_POINT('',(57.701643251825,-0.25,9.453478408785));
#6281 = CARTESIAN_POINT('',(57.826338021688,-0.25,9.681214962532));
#6282 = CARTESIAN_POINT('',(57.950160816621,-0.25,9.909425393043));
#6283 = CARTESIAN_POINT('',(58.073371209622,-0.25,10.137964322747));
#6284 = CARTESIAN_POINT('',(58.196221300976,-0.25,10.366695021947));
#6285 = CARTESIAN_POINT('',(58.659966325667,-0.25,11.231325717282));
#6286 = CARTESIAN_POINT('',(59.000002663037,-0.25,11.867754053246));
#6287 = CARTESIAN_POINT('',(59.343921709258,-0.25,12.502087056295));
#6288 = CARTESIAN_POINT('',(59.695274803556,-0.25,13.132332738173));
#6289 = CARTESIAN_POINT('',(60.054359855503,-0.25,13.758260053561));
#6290 = CARTESIAN_POINT('',(60.41989081319,-0.25,14.380463742307));
#6291 = CARTESIAN_POINT('',(60.789650205578,-0.25,15.));
#6292 = PCURVE('',#3796,#6293);
#6293 = DEFINITIONAL_REPRESENTATION('',(#6294),#6309);
#6294 = B_SPLINE_CURVE_WITH_KNOTS('',7,(#6295,#6296,#6297,#6298,#6299,
    #6300,#6301,#6302,#6303,#6304,#6305,#6306,#6307,#6308),
  .UNSPECIFIED.,.F.,.F.,(8,6,8),(0.,0.264625118734,1.),.UNSPECIFIED.);
#6295 = CARTESIAN_POINT('',(0.,40.448657142116));
#6296 = CARTESIAN_POINT('',(0.226361143707,40.575825296382));
#6297 = CARTESIAN_POINT('',(0.453478408785,40.701643251825));
#6298 = CARTESIAN_POINT('',(0.681214962532,40.826338021688));
#6299 = CARTESIAN_POINT('',(0.909425393043,40.950160816621));
#6300 = CARTESIAN_POINT('',(1.137964322747,41.073371209622));
#6301 = CARTESIAN_POINT('',(1.366695021947,41.196221300976));
#6302 = CARTESIAN_POINT('',(2.231325717282,41.659966325667));
#6303 = CARTESIAN_POINT('',(2.867754053246,42.000002663037));
#6304 = CARTESIAN_POINT('',(3.502087056295,42.343921709258));
#6305 = CARTESIAN_POINT('',(4.132332738173,42.695274803556));
#6306 = CARTESIAN_POINT('',(4.758260053561,43.054359855503));
#6307 = CARTESIAN_POINT('',(5.380463742307,43.41989081319));
#6308 = CARTESIAN_POINT('',(6.,43.789650205578));
#6309 = ( GEOMETRIC_REPRESENTATION_CONTEXT(2) 
PARAMETRIC_REPRESENTATION_CONTEXT() REPRESENTATION_CONTEXT('2D SPACE',''
  ) );
#6310 = PCURVE('',#4897,#6311);
#6311 = DEFINITIONAL_REPRESENTATION('',(#6312),#6327);
#6312 = B_SPLINE_CURVE_WITH_KNOTS('',7,(#6313,#6314,#6315,#6316,#6317,
    #6318,#6319,#6320,#6321,#6322,#6323,#6324,#6325,#6326),
  .UNSPECIFIED.,.F.,.F.,(8,6,8),(0.,0.264625118734,1.),.UNSPECIFIED.);
#6313 = CARTESIAN_POINT('',(0.994613788422,0.625));
#6314 = CARTESIAN_POINT('',(0.994590694851,0.628772685728));
#6315 = CARTESIAN_POINT('',(0.994567612856,0.63255797348));
#6316 = CARTESIAN_POINT('',(0.994544508051,0.636353582709));
#6317 = CARTESIAN_POINT('',(0.994521336763,0.640157089884));
#6318 = CARTESIAN_POINT('',(0.99449805023,0.643966072046));
#6319 = CARTESIAN_POINT('',(0.994474598791,0.647778250366));
#6320 = CARTESIAN_POINT('',(0.994385179041,0.662188761955));
#6321 = CARTESIAN_POINT('',(0.994317774988,0.672795900887));
#6322 = CARTESIAN_POINT('',(0.994247757075,0.683368117605));
#6323 = CARTESIAN_POINT('',(0.994174076398,0.693872212303));
#6324 = CARTESIAN_POINT('',(0.994096524547,0.704304334226));
#6325 = CARTESIAN_POINT('',(0.994014859716,0.714674395705));
#6326 = CARTESIAN_POINT('',(0.993929413163,0.725));
#6327 = ( GEOMETRIC_REPRESENTATION_CONTEXT(2) 
PARAMETRIC_REPRESENTATION_CONTEXT() REPRESENTATION_CONTEXT('2D SPACE',''
  ) );
#6328 = ADVANCED_FACE('',(#6329),#3678,.T.);
#6329 = FACE_BOUND('',#6330,.T.);
#6330 = EDGE_LOOP('',(#6331,#6354,#6355,#6356,#6357,#6386));
#6331 = ORIENTED_EDGE('',*,*,#6332,.F.);
#6332 = EDGE_CURVE('',#3623,#6333,#6335,.T.);
#6333 = VERTEX_POINT('',#6334);
#6334 = CARTESIAN_POINT('',(60.789769673134,0.25,15.));
#6335 = SURFACE_CURVE('',#6336,(#6340,#6347),.PCURVE_S1.);
#6336 = LINE('',#6337,#6338);
#6337 = CARTESIAN_POINT('',(17.,0.25,15.));
#6338 = VECTOR('',#6339,1.);
#6339 = DIRECTION('',(1.,0.,0.));
#6340 = PCURVE('',#3678,#6341);
#6341 = DEFINITIONAL_REPRESENTATION('',(#6342),#6346);
#6342 = LINE('',#6343,#6344);
#6343 = CARTESIAN_POINT('',(0.,0.5));
#6344 = VECTOR('',#6345,1.);
#6345 = DIRECTION('',(1.,0.));
#6346 = ( GEOMETRIC_REPRESENTATION_CONTEXT(2) 
PARAMETRIC_REPRESENTATION_CONTEXT() REPRESENTATION_CONTEXT('2D SPACE',''
  ) );
#6347 = PCURVE('',#3642,#6348);
#6348 = DEFINITIONAL_REPRESENTATION('',(#6349),#6353);
#6349 = LINE('',#6350,#6351);
#6350 = CARTESIAN_POINT('',(6.,0.));
#6351 = VECTOR('',#6352,1.);
#6352 = DIRECTION('',(0.,1.));
#6353 = ( GEOMETRIC_REPRESENTATION_CONTEXT(2) 
PARAMETRIC_REPRESENTATION_CONTEXT() REPRESENTATION_CONTEXT('2D SPACE',''
  ) );
#6354 = ORIENTED_EDGE('',*,*,#3656,.T.);
#6355 = ORIENTED_EDGE('',*,*,#3744,.T.);
#6356 = ORIENTED_EDGE('',*,*,#6252,.T.);
#6357 = ORIENTED_EDGE('',*,*,#6358,.F.);
#6358 = EDGE_CURVE('',#6359,#6253,#6361,.T.);
#6359 = VERTEX_POINT('',#6360);
#6360 = CARTESIAN_POINT('',(60.756096247318,-3.94702867482E-18,15.));
#6361 = SURFACE_CURVE('',#6362,(#6368,#6377),.PCURVE_S1.);
#6362 = B_SPLINE_CURVE_WITH_KNOTS('',4,(#6363,#6364,#6365,#6366,#6367),
  .UNSPECIFIED.,.F.,.F.,(5,5),(0.,1.),.PIECEWISE_BEZIER_KNOTS.);
#6363 = CARTESIAN_POINT('',(60.756096247318,0.,15.));
#6364 = CARTESIAN_POINT('',(60.75652943113,-6.321778108912E-02,15.));
#6365 = CARTESIAN_POINT('',(60.761816302924,-0.126495041574,15.));
#6366 = CARTESIAN_POINT('',(60.772953431198,-0.188990786718,15.));
#6367 = CARTESIAN_POINT('',(60.789650205578,-0.25,15.));
#6368 = PCURVE('',#3678,#6369);
#6369 = DEFINITIONAL_REPRESENTATION('',(#6370),#6376);
#6370 = B_SPLINE_CURVE_WITH_KNOTS('',4,(#6371,#6372,#6373,#6374,#6375),
  .UNSPECIFIED.,.F.,.F.,(5,5),(0.,1.),.PIECEWISE_BEZIER_KNOTS.);
#6371 = CARTESIAN_POINT('',(43.756096247318,0.25));
#6372 = CARTESIAN_POINT('',(43.75652943113,0.186782218911));
#6373 = CARTESIAN_POINT('',(43.761816302924,0.123504958426));
#6374 = CARTESIAN_POINT('',(43.772953431198,6.100921328248E-02));
#6375 = CARTESIAN_POINT('',(43.789650205578,0.));
#6376 = ( GEOMETRIC_REPRESENTATION_CONTEXT(2) 
PARAMETRIC_REPRESENTATION_CONTEXT() REPRESENTATION_CONTEXT('2D SPACE',''
  ) );
#6377 = PCURVE('',#4897,#6378);
#6378 = DEFINITIONAL_REPRESENTATION('',(#6379),#6385);
#6379 = B_SPLINE_CURVE_WITH_KNOTS('',4,(#6380,#6381,#6382,#6383,#6384),
  .UNSPECIFIED.,.F.,.F.,(5,5),(0.,1.),.PIECEWISE_BEZIER_KNOTS.);
#6380 = CARTESIAN_POINT('',(1.,0.725));
#6381 = CARTESIAN_POINT('',(0.998489063723,0.725));
#6382 = CARTESIAN_POINT('',(0.996968517948,0.725));
#6383 = CARTESIAN_POINT('',(0.995447523001,0.725));
#6384 = CARTESIAN_POINT('',(0.993929417217,0.725));
#6385 = ( GEOMETRIC_REPRESENTATION_CONTEXT(2) 
PARAMETRIC_REPRESENTATION_CONTEXT() REPRESENTATION_CONTEXT('2D SPACE',''
  ) );
#6386 = ORIENTED_EDGE('',*,*,#6387,.F.);
#6387 = EDGE_CURVE('',#6333,#6359,#6388,.T.);
#6388 = SURFACE_CURVE('',#6389,(#6395,#6404),.PCURVE_S1.);
#6389 = B_SPLINE_CURVE_WITH_KNOTS('',4,(#6390,#6391,#6392,#6393,#6394),
  .UNSPECIFIED.,.F.,.F.,(5,5),(0.,1.),.PIECEWISE_BEZIER_KNOTS.);
#6390 = CARTESIAN_POINT('',(60.789769673134,0.25,15.));
#6391 = CARTESIAN_POINT('',(60.773027203167,0.188997289397,15.));
#6392 = CARTESIAN_POINT('',(60.76146531362,0.126558891862,15.));
#6393 = CARTESIAN_POINT('',(60.755662735647,6.326562824467E-02,15.));
#6394 = CARTESIAN_POINT('',(60.756096247318,0.,15.));
#6395 = PCURVE('',#3678,#6396);
#6396 = DEFINITIONAL_REPRESENTATION('',(#6397),#6403);
#6397 = B_SPLINE_CURVE_WITH_KNOTS('',4,(#6398,#6399,#6400,#6401,#6402),
  .UNSPECIFIED.,.F.,.F.,(5,5),(0.,1.),.PIECEWISE_BEZIER_KNOTS.);
#6398 = CARTESIAN_POINT('',(43.789769673134,0.5));
#6399 = CARTESIAN_POINT('',(43.773027203167,0.438997289397));
#6400 = CARTESIAN_POINT('',(43.76146531362,0.376558891862));
#6401 = CARTESIAN_POINT('',(43.755662735647,0.313265628245));
#6402 = CARTESIAN_POINT('',(43.756096247318,0.25));
#6403 = ( GEOMETRIC_REPRESENTATION_CONTEXT(2) 
PARAMETRIC_REPRESENTATION_CONTEXT() REPRESENTATION_CONTEXT('2D SPACE',''
  ) );
#6404 = PCURVE('',#4897,#6405);
#6405 = DEFINITIONAL_REPRESENTATION('',(#6406),#6412);
#6406 = B_SPLINE_CURVE_WITH_KNOTS('',4,(#6407,#6408,#6409,#6410,#6411),
  .UNSPECIFIED.,.F.,.F.,(5,5),(0.,1.),.PIECEWISE_BEZIER_KNOTS.);
#6407 = CARTESIAN_POINT('',(6.070582783028E-03,0.725));
#6408 = CARTESIAN_POINT('',(4.552638806295E-03,0.725));
#6409 = CARTESIAN_POINT('',(3.033036358581E-03,0.725));
#6410 = CARTESIAN_POINT('',(1.512079847507E-03,0.725));
#6411 = CARTESIAN_POINT('',(0.,0.725));
#6412 = ( GEOMETRIC_REPRESENTATION_CONTEXT(2) 
PARAMETRIC_REPRESENTATION_CONTEXT() REPRESENTATION_CONTEXT('2D SPACE',''
  ) );
#6413 = ADVANCED_FACE('',(#6414),#3731,.T.);
#6414 = FACE_BOUND('',#6415,.T.);
#6415 = EDGE_LOOP('',(#6416));
#6416 = ORIENTED_EDGE('',*,*,#3716,.T.);
#6417 = ADVANCED_FACE('',(#6418),#3642,.T.);
#6418 = FACE_BOUND('',#6419,.T.);
#6419 = EDGE_LOOP('',(#6420,#6421,#6422,#6423));
#6420 = ORIENTED_EDGE('',*,*,#4829,.F.);
#6421 = ORIENTED_EDGE('',*,*,#3622,.F.);
#6422 = ORIENTED_EDGE('',*,*,#6332,.T.);
#6423 = ORIENTED_EDGE('',*,*,#6424,.F.);
#6424 = EDGE_CURVE('',#4830,#6333,#6425,.T.);
#6425 = SURFACE_CURVE('',#6426,(#6441,#6459),.PCURVE_S1.);
#6426 = B_SPLINE_CURVE_WITH_KNOTS('',7,(#6427,#6428,#6429,#6430,#6431,
    #6432,#6433,#6434,#6435,#6436,#6437,#6438,#6439,#6440),
  .UNSPECIFIED.,.F.,.F.,(8,6,8),(0.,0.264625374738,1.),.UNSPECIFIED.);
#6427 = CARTESIAN_POINT('',(57.448746656494,0.25,9.));
#6428 = CARTESIAN_POINT('',(57.575916641127,0.25,9.226361031161));
#6429 = CARTESIAN_POINT('',(57.70173636926,0.25,9.453478227305));
#6430 = CARTESIAN_POINT('',(57.826432855601,0.25,9.681214751921));
#6431 = CARTESIAN_POINT('',(57.950257312644,0.25,9.909425189298));
#6432 = CARTESIAN_POINT('',(58.073469315372,0.25,10.13796415832));
#6433 = CARTESIAN_POINT('',(58.196320965962,0.25,10.366694926246));
#6434 = CARTESIAN_POINT('',(58.660071249336,0.25,11.231325147272));
#6435 = CARTESIAN_POINT('',(59.000110956847,0.25,11.867753114774));
#6436 = CARTESIAN_POINT('',(59.344033014102,0.25,12.502085921499));
#6437 = CARTESIAN_POINT('',(59.695388758493,0.25,13.132331570082));
#6438 = CARTESIAN_POINT('',(60.054476068711,0.25,13.758259040602));
#6439 = CARTESIAN_POINT('',(60.420008869472,0.25,14.380463105895));
#6440 = CARTESIAN_POINT('',(60.789769673134,0.25,15.));
#6441 = PCURVE('',#3642,#6442);
#6442 = DEFINITIONAL_REPRESENTATION('',(#6443),#6458);
#6443 = B_SPLINE_CURVE_WITH_KNOTS('',7,(#6444,#6445,#6446,#6447,#6448,
    #6449,#6450,#6451,#6452,#6453,#6454,#6455,#6456,#6457),
  .UNSPECIFIED.,.F.,.F.,(8,6,8),(0.,0.264625374738,1.),.UNSPECIFIED.);
#6444 = CARTESIAN_POINT('',(0.,40.448746656494));
#6445 = CARTESIAN_POINT('',(0.226361031161,40.575916641127));
#6446 = CARTESIAN_POINT('',(0.453478227305,40.70173636926));
#6447 = CARTESIAN_POINT('',(0.681214751921,40.826432855601));
#6448 = CARTESIAN_POINT('',(0.909425189298,40.950257312644));
#6449 = CARTESIAN_POINT('',(1.13796415832,41.073469315372));
#6450 = CARTESIAN_POINT('',(1.366694926246,41.196320965962));
#6451 = CARTESIAN_POINT('',(2.231325147272,41.660071249336));
#6452 = CARTESIAN_POINT('',(2.867753114774,42.000110956847));
#6453 = CARTESIAN_POINT('',(3.502085921499,42.344033014102));
#6454 = CARTESIAN_POINT('',(4.132331570082,42.695388758493));
#6455 = CARTESIAN_POINT('',(4.758259040602,43.054476068711));
#6456 = CARTESIAN_POINT('',(5.380463105895,43.420008869472));
#6457 = CARTESIAN_POINT('',(6.,43.789769673134));
#6458 = ( GEOMETRIC_REPRESENTATION_CONTEXT(2) 
PARAMETRIC_REPRESENTATION_CONTEXT() REPRESENTATION_CONTEXT('2D SPACE',''
  ) );
#6459 = PCURVE('',#4897,#6460);
#6460 = DEFINITIONAL_REPRESENTATION('',(#6461),#6476);
#6461 = B_SPLINE_CURVE_WITH_KNOTS('',7,(#6462,#6463,#6464,#6465,#6466,
    #6467,#6468,#6469,#6470,#6471,#6472,#6473,#6474,#6475),
  .UNSPECIFIED.,.F.,.F.,(8,6,8),(0.,0.264625374738,1.),.UNSPECIFIED.);
#6462 = CARTESIAN_POINT('',(5.386211578241E-03,0.625));
#6463 = CARTESIAN_POINT('',(5.409305138011E-03,0.628772683853));
#6464 = CARTESIAN_POINT('',(5.432387125565E-03,0.632557970455));
#6465 = CARTESIAN_POINT('',(5.455491928014E-03,0.636353579199));
#6466 = CARTESIAN_POINT('',(5.478663216484E-03,0.640157086488));
#6467 = CARTESIAN_POINT('',(5.501949753341E-03,0.643966069305));
#6468 = CARTESIAN_POINT('',(5.525401199401E-03,0.647778248771));
#6469 = CARTESIAN_POINT('',(5.614820899921E-03,0.662188752455));
#6470 = CARTESIAN_POINT('',(5.682224911984E-03,0.672795885246));
#6471 = CARTESIAN_POINT('',(5.752242797837E-03,0.683368098692));
#6472 = CARTESIAN_POINT('',(5.825923460876E-03,0.693872192835));
#6473 = CARTESIAN_POINT('',(5.90347532202E-03,0.704304317343));
#6474 = CARTESIAN_POINT('',(5.985140196418E-03,0.714674385098));
#6475 = CARTESIAN_POINT('',(6.07058683733E-03,0.725));
#6476 = ( GEOMETRIC_REPRESENTATION_CONTEXT(2) 
PARAMETRIC_REPRESENTATION_CONTEXT() REPRESENTATION_CONTEXT('2D SPACE',''
  ) );
#6477 = ADVANCED_FACE('',(#6478),#3918,.F.);
#6478 = FACE_BOUND('',#6479,.F.);
#6479 = EDGE_LOOP('',(#6480,#6503,#6504,#6505,#6528,#6557));
#6480 = ORIENTED_EDGE('',*,*,#6481,.F.);
#6481 = EDGE_CURVE('',#3897,#6482,#6484,.T.);
#6482 = VERTEX_POINT('',#6483);
#6483 = CARTESIAN_POINT('',(60.789769673134,0.25,-12.));
#6484 = SURFACE_CURVE('',#6485,(#6489,#6496),.PCURVE_S1.);
#6485 = LINE('',#6486,#6487);
#6486 = CARTESIAN_POINT('',(17.,0.25,-12.));
#6487 = VECTOR('',#6488,1.);
#6488 = DIRECTION('',(1.,0.,0.));
#6489 = PCURVE('',#3918,#6490);
#6490 = DEFINITIONAL_REPRESENTATION('',(#6491),#6495);
#6491 = LINE('',#6492,#6493);
#6492 = CARTESIAN_POINT('',(0.,0.5));
#6493 = VECTOR('',#6494,1.);
#6494 = DIRECTION('',(1.,0.));
#6495 = ( GEOMETRIC_REPRESENTATION_CONTEXT(2) 
PARAMETRIC_REPRESENTATION_CONTEXT() REPRESENTATION_CONTEXT('2D SPACE',''
  ) );
#6496 = PCURVE('',#3953,#6497);
#6497 = DEFINITIONAL_REPRESENTATION('',(#6498),#6502);
#6498 = LINE('',#6499,#6500);
#6499 = CARTESIAN_POINT('',(0.,0.));
#6500 = VECTOR('',#6501,1.);
#6501 = DIRECTION('',(0.,1.));
#6502 = ( GEOMETRIC_REPRESENTATION_CONTEXT(2) 
PARAMETRIC_REPRESENTATION_CONTEXT() REPRESENTATION_CONTEXT('2D SPACE',''
  ) );
#6503 = ORIENTED_EDGE('',*,*,#3896,.T.);
#6504 = ORIENTED_EDGE('',*,*,#4093,.T.);
#6505 = ORIENTED_EDGE('',*,*,#6506,.T.);
#6506 = EDGE_CURVE('',#4060,#6507,#6509,.T.);
#6507 = VERTEX_POINT('',#6508);
#6508 = CARTESIAN_POINT('',(60.789650205578,-0.25,-12.));
#6509 = SURFACE_CURVE('',#6510,(#6514,#6521),.PCURVE_S1.);
#6510 = LINE('',#6511,#6512);
#6511 = CARTESIAN_POINT('',(17.,-0.25,-12.));
#6512 = VECTOR('',#6513,1.);
#6513 = DIRECTION('',(1.,0.,0.));
#6514 = PCURVE('',#3918,#6515);
#6515 = DEFINITIONAL_REPRESENTATION('',(#6516),#6520);
#6516 = LINE('',#6517,#6518);
#6517 = CARTESIAN_POINT('',(0.,0.));
#6518 = VECTOR('',#6519,1.);
#6519 = DIRECTION('',(1.,0.));
#6520 = ( GEOMETRIC_REPRESENTATION_CONTEXT(2) 
PARAMETRIC_REPRESENTATION_CONTEXT() REPRESENTATION_CONTEXT('2D SPACE',''
  ) );
#6521 = PCURVE('',#4079,#6522);
#6522 = DEFINITIONAL_REPRESENTATION('',(#6523),#6527);
#6523 = LINE('',#6524,#6525);
#6524 = CARTESIAN_POINT('',(0.,0.));
#6525 = VECTOR('',#6526,1.);
#6526 = DIRECTION('',(0.,1.));
#6527 = ( GEOMETRIC_REPRESENTATION_CONTEXT(2) 
PARAMETRIC_REPRESENTATION_CONTEXT() REPRESENTATION_CONTEXT('2D SPACE',''
  ) );
#6528 = ORIENTED_EDGE('',*,*,#6529,.F.);
#6529 = EDGE_CURVE('',#6530,#6507,#6532,.T.);
#6530 = VERTEX_POINT('',#6531);
#6531 = CARTESIAN_POINT('',(60.756096247319,-3.94702867482E-18,-12.));
#6532 = SURFACE_CURVE('',#6533,(#6539,#6548),.PCURVE_S1.);
#6533 = B_SPLINE_CURVE_WITH_KNOTS('',4,(#6534,#6535,#6536,#6537,#6538),
  .UNSPECIFIED.,.F.,.F.,(5,5),(0.,1.),.PIECEWISE_BEZIER_KNOTS.);
#6534 = CARTESIAN_POINT('',(60.756096247319,-4.440892098501E-16,-12.));
#6535 = CARTESIAN_POINT('',(60.75652943113,-6.321778108912E-02,-12.));
#6536 = CARTESIAN_POINT('',(60.761816302925,-0.126495041574,-12.));
#6537 = CARTESIAN_POINT('',(60.772953431198,-0.188990786718,-12.));
#6538 = CARTESIAN_POINT('',(60.789650205578,-0.25,-12.));
#6539 = PCURVE('',#3918,#6540);
#6540 = DEFINITIONAL_REPRESENTATION('',(#6541),#6547);
#6541 = B_SPLINE_CURVE_WITH_KNOTS('',4,(#6542,#6543,#6544,#6545,#6546),
  .UNSPECIFIED.,.F.,.F.,(5,5),(0.,1.),.PIECEWISE_BEZIER_KNOTS.);
#6542 = CARTESIAN_POINT('',(43.756096247319,0.25));
#6543 = CARTESIAN_POINT('',(43.75652943113,0.186782218911));
#6544 = CARTESIAN_POINT('',(43.761816302925,0.123504958426));
#6545 = CARTESIAN_POINT('',(43.772953431198,6.100921328247E-02));
#6546 = CARTESIAN_POINT('',(43.789650205578,0.));
#6547 = ( GEOMETRIC_REPRESENTATION_CONTEXT(2) 
PARAMETRIC_REPRESENTATION_CONTEXT() REPRESENTATION_CONTEXT('2D SPACE',''
  ) );
#6548 = PCURVE('',#4897,#6549);
#6549 = DEFINITIONAL_REPRESENTATION('',(#6550),#6556);
#6550 = B_SPLINE_CURVE_WITH_KNOTS('',4,(#6551,#6552,#6553,#6554,#6555),
  .UNSPECIFIED.,.F.,.F.,(5,5),(0.,1.),.PIECEWISE_BEZIER_KNOTS.);
#6551 = CARTESIAN_POINT('',(1.,0.275));
#6552 = CARTESIAN_POINT('',(0.998489063723,0.275));
#6553 = CARTESIAN_POINT('',(0.996968517948,0.275));
#6554 = CARTESIAN_POINT('',(0.995447523001,0.275));
#6555 = CARTESIAN_POINT('',(0.993929417217,0.275));
#6556 = ( GEOMETRIC_REPRESENTATION_CONTEXT(2) 
PARAMETRIC_REPRESENTATION_CONTEXT() REPRESENTATION_CONTEXT('2D SPACE',''
  ) );
#6557 = ORIENTED_EDGE('',*,*,#6558,.F.);
#6558 = EDGE_CURVE('',#6482,#6530,#6559,.T.);
#6559 = SURFACE_CURVE('',#6560,(#6566,#6575),.PCURVE_S1.);
#6560 = B_SPLINE_CURVE_WITH_KNOTS('',4,(#6561,#6562,#6563,#6564,#6565),
  .UNSPECIFIED.,.F.,.F.,(5,5),(0.,1.),.PIECEWISE_BEZIER_KNOTS.);
#6561 = CARTESIAN_POINT('',(60.789769673134,0.25,-12.));
#6562 = CARTESIAN_POINT('',(60.773027203167,0.188997289397,-12.));
#6563 = CARTESIAN_POINT('',(60.76146531362,0.126558891862,-12.));
#6564 = CARTESIAN_POINT('',(60.755662735647,6.326562824466E-02,-12.));
#6565 = CARTESIAN_POINT('',(60.756096247319,0.,-12.));
#6566 = PCURVE('',#3918,#6567);
#6567 = DEFINITIONAL_REPRESENTATION('',(#6568),#6574);
#6568 = B_SPLINE_CURVE_WITH_KNOTS('',4,(#6569,#6570,#6571,#6572,#6573),
  .UNSPECIFIED.,.F.,.F.,(5,5),(0.,1.),.PIECEWISE_BEZIER_KNOTS.);
#6569 = CARTESIAN_POINT('',(43.789769673134,0.5));
#6570 = CARTESIAN_POINT('',(43.773027203167,0.438997289397));
#6571 = CARTESIAN_POINT('',(43.76146531362,0.376558891862));
#6572 = CARTESIAN_POINT('',(43.755662735647,0.313265628245));
#6573 = CARTESIAN_POINT('',(43.756096247319,0.25));
#6574 = ( GEOMETRIC_REPRESENTATION_CONTEXT(2) 
PARAMETRIC_REPRESENTATION_CONTEXT() REPRESENTATION_CONTEXT('2D SPACE',''
  ) );
#6575 = PCURVE('',#4897,#6576);
#6576 = DEFINITIONAL_REPRESENTATION('',(#6577),#6583);
#6577 = B_SPLINE_CURVE_WITH_KNOTS('',4,(#6578,#6579,#6580,#6581,#6582),
  .UNSPECIFIED.,.F.,.F.,(5,5),(0.,1.),.PIECEWISE_BEZIER_KNOTS.);
#6578 = CARTESIAN_POINT('',(6.070582783028E-03,0.275));
#6579 = CARTESIAN_POINT('',(4.552638806295E-03,0.275));
#6580 = CARTESIAN_POINT('',(3.033036358581E-03,0.275));
#6581 = CARTESIAN_POINT('',(1.512079847507E-03,0.275));
#6582 = CARTESIAN_POINT('',(0.,0.275));
#6583 = ( GEOMETRIC_REPRESENTATION_CONTEXT(2) 
PARAMETRIC_REPRESENTATION_CONTEXT() REPRESENTATION_CONTEXT('2D SPACE',''
  ) );
#6584 = ADVANCED_FACE('',(#6585),#4079,.F.);
#6585 = FACE_BOUND('',#6586,.F.);
#6586 = EDGE_LOOP('',(#6587,#6588,#6589,#6612));
#6587 = ORIENTED_EDGE('',*,*,#6506,.F.);
#6588 = ORIENTED_EDGE('',*,*,#4059,.F.);
#6589 = ORIENTED_EDGE('',*,*,#6590,.T.);
#6590 = EDGE_CURVE('',#4028,#6591,#6593,.T.);
#6591 = VERTEX_POINT('',#6592);
#6592 = CARTESIAN_POINT('',(57.448657142115,-0.25,-6.));
#6593 = SURFACE_CURVE('',#6594,(#6598,#6605),.PCURVE_S1.);
#6594 = LINE('',#6595,#6596);
#6595 = CARTESIAN_POINT('',(17.,-0.25,-6.));
#6596 = VECTOR('',#6597,1.);
#6597 = DIRECTION('',(1.,0.,0.));
#6598 = PCURVE('',#4079,#6599);
#6599 = DEFINITIONAL_REPRESENTATION('',(#6600),#6604);
#6600 = LINE('',#6601,#6602);
#6601 = CARTESIAN_POINT('',(6.,0.));
#6602 = VECTOR('',#6603,1.);
#6603 = DIRECTION('',(0.,1.));
#6604 = ( GEOMETRIC_REPRESENTATION_CONTEXT(2) 
PARAMETRIC_REPRESENTATION_CONTEXT() REPRESENTATION_CONTEXT('2D SPACE',''
  ) );
#6605 = PCURVE('',#3989,#6606);
#6606 = DEFINITIONAL_REPRESENTATION('',(#6607),#6611);
#6607 = LINE('',#6608,#6609);
#6608 = CARTESIAN_POINT('',(0.,0.));
#6609 = VECTOR('',#6610,1.);
#6610 = DIRECTION('',(1.,0.));
#6611 = ( GEOMETRIC_REPRESENTATION_CONTEXT(2) 
PARAMETRIC_REPRESENTATION_CONTEXT() REPRESENTATION_CONTEXT('2D SPACE',''
  ) );
#6612 = ORIENTED_EDGE('',*,*,#6613,.F.);
#6613 = EDGE_CURVE('',#6507,#6591,#6614,.T.);
#6614 = SURFACE_CURVE('',#6615,(#6638,#6664),.PCURVE_S1.);
#6615 = B_SPLINE_CURVE_WITH_KNOTS('',6,(#6616,#6617,#6618,#6619,#6620,
    #6621,#6622,#6623,#6624,#6625,#6626,#6627,#6628,#6629,#6630,#6631,
    #6632,#6633,#6634,#6635,#6636,#6637),.UNSPECIFIED.,.F.,.F.,(7,5,5,5,
    7),(0.,0.289688791899,0.628702075011,0.836961390433,1.),
  .UNSPECIFIED.);
#6616 = CARTESIAN_POINT('',(60.789650205578,-0.25,-12.));
#6617 = CARTESIAN_POINT('',(60.619703732892,-0.25,-11.71525266464));
#6618 = CARTESIAN_POINT('',(60.450689567554,-0.25,-11.42994787136));
#6619 = CARTESIAN_POINT('',(60.282834284103,-0.25,-11.14395764891));
#6620 = CARTESIAN_POINT('',(60.116318781983,-0.25,-10.85718422075));
#6621 = CARTESIAN_POINT('',(59.951249221413,-0.25,-10.56957697966));
#6622 = CARTESIAN_POINT('',(59.596147367618,-0.25,-9.943612207619));
#6623 = CARTESIAN_POINT('',(59.406648288145,-0.25,-9.604947551943));
#6624 = CARTESIAN_POINT('',(59.219135728339,-0.25,-9.26518011928));
#6625 = CARTESIAN_POINT('',(59.033416774931,-0.25,-8.924433089079));
#6626 = CARTESIAN_POINT('',(58.8490298083,-0.25,-8.582967026142));
#6627 = CARTESIAN_POINT('',(58.552434597916,-0.25,-8.031167143645));
#6628 = CARTESIAN_POINT('',(58.439816396362,-0.25,-7.821052265469));
#6629 = CARTESIAN_POINT('',(58.327290327276,-0.25,-7.61088766371));
#6630 = CARTESIAN_POINT('',(58.214669174246,-0.25,-7.400773704755));
#6631 = CARTESIAN_POINT('',(58.101746022864,-0.25,-7.190821985981));
#6632 = CARTESIAN_POINT('',(57.899497349636,-0.25,-6.817004080949));
#6633 = CARTESIAN_POINT('',(57.810372413013,-0.25,-6.653030392472));
#6634 = CARTESIAN_POINT('',(57.720828157668,-0.25,-6.489284212309));
#6635 = CARTESIAN_POINT('',(57.630760068546,-0.25,-6.325824678275));
#6636 = CARTESIAN_POINT('',(57.540067129554,-0.25,-6.162711092426));
#6637 = CARTESIAN_POINT('',(57.448657142116,-0.25,-6.));
#6638 = PCURVE('',#4079,#6639);
#6639 = DEFINITIONAL_REPRESENTATION('',(#6640),#6663);
#6640 = B_SPLINE_CURVE_WITH_KNOTS('',6,(#6641,#6642,#6643,#6644,#6645,
    #6646,#6647,#6648,#6649,#6650,#6651,#6652,#6653,#6654,#6655,#6656,
    #6657,#6658,#6659,#6660,#6661,#6662),.UNSPECIFIED.,.F.,.F.,(7,5,5,5,
    7),(0.,0.289688791899,0.628702075011,0.836961390433,1.),
  .UNSPECIFIED.);
#6641 = CARTESIAN_POINT('',(0.,43.789650205578));
#6642 = CARTESIAN_POINT('',(0.284747335359,43.619703732892));
#6643 = CARTESIAN_POINT('',(0.570052128631,43.450689567554));
#6644 = CARTESIAN_POINT('',(0.856042351081,43.282834284103));
#6645 = CARTESIAN_POINT('',(1.14281577925,43.116318781983));
#6646 = CARTESIAN_POINT('',(1.430423020338,42.951249221413));
#6647 = CARTESIAN_POINT('',(2.056387792381,42.596147367618));
#6648 = CARTESIAN_POINT('',(2.395052448057,42.406648288145));
#6649 = CARTESIAN_POINT('',(2.73481988072,42.219135728339));
#6650 = CARTESIAN_POINT('',(3.075566910921,42.033416774931));
#6651 = CARTESIAN_POINT('',(3.417032973858,41.8490298083));
#6652 = CARTESIAN_POINT('',(3.968832856355,41.552434597916));
#6653 = CARTESIAN_POINT('',(4.178947734531,41.439816396362));
#6654 = CARTESIAN_POINT('',(4.38911233629,41.327290327276));
#6655 = CARTESIAN_POINT('',(4.599226295245,41.214669174246));
#6656 = CARTESIAN_POINT('',(4.809178014019,41.101746022864));
#6657 = CARTESIAN_POINT('',(5.182995919051,40.899497349636));
#6658 = CARTESIAN_POINT('',(5.346969607528,40.810372413013));
#6659 = CARTESIAN_POINT('',(5.510715787691,40.720828157668));
#6660 = CARTESIAN_POINT('',(5.674175321725,40.630760068546));
#6661 = CARTESIAN_POINT('',(5.837288907574,40.540067129554));
#6662 = CARTESIAN_POINT('',(6.,40.448657142116));
#6663 = ( GEOMETRIC_REPRESENTATION_CONTEXT(2) 
PARAMETRIC_REPRESENTATION_CONTEXT() REPRESENTATION_CONTEXT('2D SPACE',''
  ) );
#6664 = PCURVE('',#4897,#6665);
#6665 = DEFINITIONAL_REPRESENTATION('',(#6666),#6689);
#6666 = B_SPLINE_CURVE_WITH_KNOTS('',6,(#6667,#6668,#6669,#6670,#6671,
    #6672,#6673,#6674,#6675,#6676,#6677,#6678,#6679,#6680,#6681,#6682,
    #6683,#6684,#6685,#6686,#6687,#6688),.UNSPECIFIED.,.F.,.F.,(7,5,5,5,
    7),(0.,0.289688791899,0.628702075011,0.836961390433,1.),
  .UNSPECIFIED.);
#6667 = CARTESIAN_POINT('',(0.993929413384,0.275));
#6668 = CARTESIAN_POINT('',(0.993968685787,0.279745788923));
#6669 = CARTESIAN_POINT('',(0.994007136742,0.284500868811));
#6670 = CARTESIAN_POINT('',(0.994044723557,0.289267372518));
#6671 = CARTESIAN_POINT('',(0.994081448394,0.294046929654));
#6672 = CARTESIAN_POINT('',(0.994117333411,0.298840383672));
#6673 = CARTESIAN_POINT('',(0.994193428373,0.309273129873));
#6674 = CARTESIAN_POINT('',(0.994233339818,0.314917540801));
#6675 = CARTESIAN_POINT('',(0.994272178478,0.320580331345));
#6676 = CARTESIAN_POINT('',(0.994310031415,0.326259448515));
#6677 = CARTESIAN_POINT('',(0.99434702982,0.331950549564));
#6678 = CARTESIAN_POINT('',(0.994405631382,0.341147214273));
#6679 = CARTESIAN_POINT('',(0.994427668594,0.344649128909));
#6680 = CARTESIAN_POINT('',(0.994449479296,0.348151872272));
#6681 = CARTESIAN_POINT('',(0.994471103847,0.351653771587));
#6682 = CARTESIAN_POINT('',(0.994492583978,0.3551529669));
#6683 = CARTESIAN_POINT('',(0.994530695114,0.361383265318));
#6684 = CARTESIAN_POINT('',(0.994547366828,0.364116160125));
#6685 = CARTESIAN_POINT('',(0.994563992765,0.366845263128));
#6686 = CARTESIAN_POINT('',(0.994580593707,0.369569588695));
#6687 = CARTESIAN_POINT('',(0.994597188462,0.37228814846));
#6688 = CARTESIAN_POINT('',(0.994613788397,0.375));
#6689 = ( GEOMETRIC_REPRESENTATION_CONTEXT(2) 
PARAMETRIC_REPRESENTATION_CONTEXT() REPRESENTATION_CONTEXT('2D SPACE',''
  ) );
#6690 = ADVANCED_FACE('',(#6691),#3989,.T.);
#6691 = FACE_BOUND('',#6692,.T.);
#6692 = EDGE_LOOP('',(#6693,#6716,#6717,#6718,#6719,#6748));
#6693 = ORIENTED_EDGE('',*,*,#6694,.F.);
#6694 = EDGE_CURVE('',#3934,#6695,#6697,.T.);
#6695 = VERTEX_POINT('',#6696);
#6696 = CARTESIAN_POINT('',(57.448746656494,0.25,-6.));
#6697 = SURFACE_CURVE('',#6698,(#6702,#6709),.PCURVE_S1.);
#6698 = LINE('',#6699,#6700);
#6699 = CARTESIAN_POINT('',(17.,0.25,-6.));
#6700 = VECTOR('',#6701,1.);
#6701 = DIRECTION('',(1.,0.,0.));
#6702 = PCURVE('',#3989,#6703);
#6703 = DEFINITIONAL_REPRESENTATION('',(#6704),#6708);
#6704 = LINE('',#6705,#6706);
#6705 = CARTESIAN_POINT('',(0.,0.5));
#6706 = VECTOR('',#6707,1.);
#6707 = DIRECTION('',(1.,0.));
#6708 = ( GEOMETRIC_REPRESENTATION_CONTEXT(2) 
PARAMETRIC_REPRESENTATION_CONTEXT() REPRESENTATION_CONTEXT('2D SPACE',''
  ) );
#6709 = PCURVE('',#3953,#6710);
#6710 = DEFINITIONAL_REPRESENTATION('',(#6711),#6715);
#6711 = LINE('',#6712,#6713);
#6712 = CARTESIAN_POINT('',(6.,0.));
#6713 = VECTOR('',#6714,1.);
#6714 = DIRECTION('',(0.,1.));
#6715 = ( GEOMETRIC_REPRESENTATION_CONTEXT(2) 
PARAMETRIC_REPRESENTATION_CONTEXT() REPRESENTATION_CONTEXT('2D SPACE',''
  ) );
#6716 = ORIENTED_EDGE('',*,*,#3967,.T.);
#6717 = ORIENTED_EDGE('',*,*,#4027,.T.);
#6718 = ORIENTED_EDGE('',*,*,#6590,.T.);
#6719 = ORIENTED_EDGE('',*,*,#6720,.F.);
#6720 = EDGE_CURVE('',#6721,#6591,#6723,.T.);
#6721 = VERTEX_POINT('',#6722);
#6722 = CARTESIAN_POINT('',(57.418928451927,-2.93700204131E-18,-6.));
#6723 = SURFACE_CURVE('',#6724,(#6730,#6739),.PCURVE_S1.);
#6724 = B_SPLINE_CURVE_WITH_KNOTS('',4,(#6725,#6726,#6727,#6728,#6729),
  .UNSPECIFIED.,.F.,.F.,(5,5),(0.,1.),.PIECEWISE_BEZIER_KNOTS.);
#6725 = CARTESIAN_POINT('',(57.418928451927,0.,-6.));
#6726 = CARTESIAN_POINT('',(57.419360636874,-6.307200921223E-02,-6.));
#6727 = CARTESIAN_POINT('',(57.42413076324,-0.126140078873,-6.));
#6728 = CARTESIAN_POINT('',(57.433860607255,-0.188678957173,-6.));
#6729 = CARTESIAN_POINT('',(57.448657142115,-0.25,-6.));
#6730 = PCURVE('',#3989,#6731);
#6731 = DEFINITIONAL_REPRESENTATION('',(#6732),#6738);
#6732 = B_SPLINE_CURVE_WITH_KNOTS('',4,(#6733,#6734,#6735,#6736,#6737),
  .UNSPECIFIED.,.F.,.F.,(5,5),(0.,1.),.PIECEWISE_BEZIER_KNOTS.);
#6733 = CARTESIAN_POINT('',(40.418928451927,0.25));
#6734 = CARTESIAN_POINT('',(40.419360636874,0.186927990788));
#6735 = CARTESIAN_POINT('',(40.42413076324,0.123859921127));
#6736 = CARTESIAN_POINT('',(40.433860607255,6.132104282659E-02));
#6737 = CARTESIAN_POINT('',(40.448657142115,0.));
#6738 = ( GEOMETRIC_REPRESENTATION_CONTEXT(2) 
PARAMETRIC_REPRESENTATION_CONTEXT() REPRESENTATION_CONTEXT('2D SPACE',''
  ) );
#6739 = PCURVE('',#4897,#6740);
#6740 = DEFINITIONAL_REPRESENTATION('',(#6741),#6747);
#6741 = B_SPLINE_CURVE_WITH_KNOTS('',4,(#6742,#6743,#6744,#6745,#6746),
  .UNSPECIFIED.,.F.,.F.,(5,5),(0.,1.),.PIECEWISE_BEZIER_KNOTS.);
#6742 = CARTESIAN_POINT('',(1.,0.375));
#6743 = CARTESIAN_POINT('',(0.99865900286,0.375));
#6744 = CARTESIAN_POINT('',(0.997311770906,0.375));
#6745 = CARTESIAN_POINT('',(0.995961341859,0.375));
#6746 = CARTESIAN_POINT('',(0.994613787773,0.375));
#6747 = ( GEOMETRIC_REPRESENTATION_CONTEXT(2) 
PARAMETRIC_REPRESENTATION_CONTEXT() REPRESENTATION_CONTEXT('2D SPACE',''
  ) );
#6748 = ORIENTED_EDGE('',*,*,#6749,.F.);
#6749 = EDGE_CURVE('',#6695,#6721,#6750,.T.);
#6750 = SURFACE_CURVE('',#6751,(#6757,#6766),.PCURVE_S1.);
#6751 = B_SPLINE_CURVE_WITH_KNOTS('',4,(#6752,#6753,#6754,#6755,#6756),
  .UNSPECIFIED.,.F.,.F.,(5,5),(0.,1.),.PIECEWISE_BEZIER_KNOTS.);
#6752 = CARTESIAN_POINT('',(57.448746656494,0.25,-6.));
#6753 = CARTESIAN_POINT('',(57.433821438841,0.188694436225,-6.));
#6754 = CARTESIAN_POINT('',(57.423574657111,0.126235295005,-6.));
#6755 = CARTESIAN_POINT('',(57.418496057978,6.31025105287E-02,-6.));
#6756 = CARTESIAN_POINT('',(57.418928451927,4.440892098501E-16,-6.));
#6757 = PCURVE('',#3989,#6758);
#6758 = DEFINITIONAL_REPRESENTATION('',(#6759),#6765);
#6759 = B_SPLINE_CURVE_WITH_KNOTS('',4,(#6760,#6761,#6762,#6763,#6764),
  .UNSPECIFIED.,.F.,.F.,(5,5),(0.,1.),.PIECEWISE_BEZIER_KNOTS.);
#6760 = CARTESIAN_POINT('',(40.448746656494,0.5));
#6761 = CARTESIAN_POINT('',(40.433821438841,0.438694436225));
#6762 = CARTESIAN_POINT('',(40.423574657111,0.376235295005));
#6763 = CARTESIAN_POINT('',(40.418496057978,0.313102510529));
#6764 = CARTESIAN_POINT('',(40.418928451927,0.25));
#6765 = ( GEOMETRIC_REPRESENTATION_CONTEXT(2) 
PARAMETRIC_REPRESENTATION_CONTEXT() REPRESENTATION_CONTEXT('2D SPACE',''
  ) );
#6766 = PCURVE('',#4897,#6767);
#6767 = DEFINITIONAL_REPRESENTATION('',(#6768),#6774);
#6768 = B_SPLINE_CURVE_WITH_KNOTS('',4,(#6769,#6770,#6771,#6772,#6773),
  .UNSPECIFIED.,.F.,.F.,(5,5),(0.,1.),.PIECEWISE_BEZIER_KNOTS.);
#6769 = CARTESIAN_POINT('',(5.386212227141E-03,0.375));
#6770 = CARTESIAN_POINT('',(4.038998298891E-03,0.375));
#6771 = CARTESIAN_POINT('',(2.690277809452E-03,0.375));
#6772 = CARTESIAN_POINT('',(1.341645640079E-03,0.375));
#6773 = CARTESIAN_POINT('',(0.,0.375));
#6774 = ( GEOMETRIC_REPRESENTATION_CONTEXT(2) 
PARAMETRIC_REPRESENTATION_CONTEXT() REPRESENTATION_CONTEXT('2D SPACE',''
  ) );
#6775 = ADVANCED_FACE('',(#6776),#3953,.T.);
#6776 = FACE_BOUND('',#6777,.T.);
#6777 = EDGE_LOOP('',(#6778,#6779,#6780,#6781));
#6778 = ORIENTED_EDGE('',*,*,#6481,.F.);
#6779 = ORIENTED_EDGE('',*,*,#3933,.F.);
#6780 = ORIENTED_EDGE('',*,*,#6694,.T.);
#6781 = ORIENTED_EDGE('',*,*,#6782,.F.);
#6782 = EDGE_CURVE('',#6482,#6695,#6783,.T.);
#6783 = SURFACE_CURVE('',#6784,(#6807,#6833),.PCURVE_S1.);
#6784 = B_SPLINE_CURVE_WITH_KNOTS('',6,(#6785,#6786,#6787,#6788,#6789,
    #6790,#6791,#6792,#6793,#6794,#6795,#6796,#6797,#6798,#6799,#6800,
    #6801,#6802,#6803,#6804,#6805,#6806),.UNSPECIFIED.,.F.,.F.,(7,5,5,5,
    7),(0.,0.289688525919,0.62870177424,0.836961204489,1.),
  .UNSPECIFIED.);
#6785 = CARTESIAN_POINT('',(60.789769673134,0.25,-12.));
#6786 = CARTESIAN_POINT('',(60.619822649227,0.25,-11.71525253536));
#6787 = CARTESIAN_POINT('',(60.450807836975,0.25,-11.42994766848));
#6788 = CARTESIAN_POINT('',(60.282951812892,0.25,-11.14395742524));
#6789 = CARTESIAN_POINT('',(60.116435478733,0.25,-10.85718402599));
#6790 = CARTESIAN_POINT('',(59.951364997134,0.25,-10.56957686043));
#6791 = CARTESIAN_POINT('',(59.596260800121,0.25,-9.943612071837));
#6792 = CARTESIAN_POINT('',(59.406760269789,0.25,-9.604947338666));
#6793 = CARTESIAN_POINT('',(59.21924614727,0.25,-9.265179882089));
#6794 = CARTESIAN_POINT('',(59.033525522464,0.25,-8.924432878745));
#6795 = CARTESIAN_POINT('',(58.849136776939,0.25,-8.582966893733));
#6796 = CARTESIAN_POINT('',(58.552538445389,0.25,-8.031167087636));
#6797 = CARTESIAN_POINT('',(58.439918969686,0.25,-7.821052173934));
#6798 = CARTESIAN_POINT('',(58.327391585182,0.25,-7.610887558112));
#6799 = CARTESIAN_POINT('',(58.214769074516,0.25,-7.40077360821));
#6800 = CARTESIAN_POINT('',(58.101844522062,0.25,-7.190821923776));
#6801 = CARTESIAN_POINT('',(57.899593218711,0.25,-6.81700403292));
#6802 = CARTESIAN_POINT('',(57.810467070025,0.25,-6.653030313712));
#6803 = CARTESIAN_POINT('',(57.720921573975,0.25,-6.48928412144));
#6804 = CARTESIAN_POINT('',(57.630852214671,0.25,-6.325824595429));
#6805 = CARTESIAN_POINT('',(57.540157975245,0.25,-6.162711039336));
#6806 = CARTESIAN_POINT('',(57.448746656494,0.25,-6.));
#6807 = PCURVE('',#3953,#6808);
#6808 = DEFINITIONAL_REPRESENTATION('',(#6809),#6832);
#6809 = B_SPLINE_CURVE_WITH_KNOTS('',6,(#6810,#6811,#6812,#6813,#6814,
    #6815,#6816,#6817,#6818,#6819,#6820,#6821,#6822,#6823,#6824,#6825,
    #6826,#6827,#6828,#6829,#6830,#6831),.UNSPECIFIED.,.F.,.F.,(7,5,5,5,
    7),(0.,0.289688525919,0.62870177424,0.836961204489,1.),
  .UNSPECIFIED.);
#6810 = CARTESIAN_POINT('',(0.,43.789769673134));
#6811 = CARTESIAN_POINT('',(0.284747464633,43.619822649227));
#6812 = CARTESIAN_POINT('',(0.570052331511,43.450807836975));
#6813 = CARTESIAN_POINT('',(0.856042574756,43.282951812892));
#6814 = CARTESIAN_POINT('',(1.142815974001,43.116435478733));
#6815 = CARTESIAN_POINT('',(1.430423139561,42.951364997134));
#6816 = CARTESIAN_POINT('',(2.056387928163,42.596260800121));
#6817 = CARTESIAN_POINT('',(2.395052661334,42.406760269789));
#6818 = CARTESIAN_POINT('',(2.734820117911,42.21924614727));
#6819 = CARTESIAN_POINT('',(3.075567121255,42.033525522464));
#6820 = CARTESIAN_POINT('',(3.417033106267,41.849136776939));
#6821 = CARTESIAN_POINT('',(3.968832912364,41.552538445389));
#6822 = CARTESIAN_POINT('',(4.178947826066,41.439918969686));
#6823 = CARTESIAN_POINT('',(4.389112441888,41.327391585182));
#6824 = CARTESIAN_POINT('',(4.59922639179,41.214769074516));
#6825 = CARTESIAN_POINT('',(4.809178076224,41.101844522062));
#6826 = CARTESIAN_POINT('',(5.18299596708,40.899593218711));
#6827 = CARTESIAN_POINT('',(5.346969686288,40.810467070025));
#6828 = CARTESIAN_POINT('',(5.51071587856,40.720921573975));
#6829 = CARTESIAN_POINT('',(5.674175404571,40.630852214671));
#6830 = CARTESIAN_POINT('',(5.837288960664,40.540157975245));
#6831 = CARTESIAN_POINT('',(6.,40.448746656494));
#6832 = ( GEOMETRIC_REPRESENTATION_CONTEXT(2) 
PARAMETRIC_REPRESENTATION_CONTEXT() REPRESENTATION_CONTEXT('2D SPACE',''
  ) );
#6833 = PCURVE('',#4897,#6834);
#6834 = DEFINITIONAL_REPRESENTATION('',(#6835),#6858);
#6835 = B_SPLINE_CURVE_WITH_KNOTS('',6,(#6836,#6837,#6838,#6839,#6840,
    #6841,#6842,#6843,#6844,#6845,#6846,#6847,#6848,#6849,#6850,#6851,
    #6852,#6853,#6854,#6855,#6856,#6857),.UNSPECIFIED.,.F.,.F.,(7,5,5,5,
    7),(0.,0.289688525919,0.62870177424,0.836961204489,1.),
  .UNSPECIFIED.);
#6836 = CARTESIAN_POINT('',(6.070586616163E-03,0.275));
#6837 = CARTESIAN_POINT('',(6.031314195639E-03,0.279745791077));
#6838 = CARTESIAN_POINT('',(5.992863230535E-03,0.284500872192));
#6839 = CARTESIAN_POINT('',(5.955276414274E-03,0.289267376246));
#6840 = CARTESIAN_POINT('',(5.918551581973E-03,0.2940469329));
#6841 = CARTESIAN_POINT('',(5.8826665746E-03,0.298840385659));
#6842 = CARTESIAN_POINT('',(5.806571610345E-03,0.309273132136));
#6843 = CARTESIAN_POINT('',(5.766660156989E-03,0.314917544356));
#6844 = CARTESIAN_POINT('',(5.727821495546E-03,0.320580335299));
#6845 = CARTESIAN_POINT('',(5.689968562061E-03,0.326259452021));
#6846 = CARTESIAN_POINT('',(5.652970166219E-03,0.331950551771));
#6847 = CARTESIAN_POINT('',(5.594368612305E-03,0.341147215206));
#6848 = CARTESIAN_POINT('',(5.572331396486E-03,0.344649130434));
#6849 = CARTESIAN_POINT('',(5.550520692997E-03,0.348151874031));
#6850 = CARTESIAN_POINT('',(5.528896143033E-03,0.351653773197));
#6851 = CARTESIAN_POINT('',(5.507416016126E-03,0.355152967937));
#6852 = CARTESIAN_POINT('',(5.469304881118E-03,0.361383266118));
#6853 = CARTESIAN_POINT('',(5.452633164409E-03,0.364116161438));
#6854 = CARTESIAN_POINT('',(5.436007225718E-03,0.366845264643));
#6855 = CARTESIAN_POINT('',(5.419406284598E-03,0.369569590076));
#6856 = CARTESIAN_POINT('',(5.402811532844E-03,0.372288149344));
#6857 = CARTESIAN_POINT('',(5.38621160347E-03,0.375));
#6858 = ( GEOMETRIC_REPRESENTATION_CONTEXT(2) 
PARAMETRIC_REPRESENTATION_CONTEXT() REPRESENTATION_CONTEXT('2D SPACE',''
  ) );
#6859 = ADVANCED_FACE('',(#6860),#3883,.F.);
#6860 = FACE_BOUND('',#6861,.F.);
#6861 = EDGE_LOOP('',(#6862));
#6862 = ORIENTED_EDGE('',*,*,#3868,.T.);
#6863 = ADVANCED_FACE('',(#6864),#4170,.T.);
#6864 = FACE_BOUND('',#6865,.T.);
#6865 = EDGE_LOOP('',(#6866,#6867,#6886,#6887));
#6866 = ORIENTED_EDGE('',*,*,#4396,.F.);
#6867 = ORIENTED_EDGE('',*,*,#6868,.F.);
#6868 = EDGE_CURVE('',#4153,#4397,#6869,.T.);
#6869 = SURFACE_CURVE('',#6870,(#6874,#6880),.PCURVE_S1.);
#6870 = LINE('',#6871,#6872);
#6871 = CARTESIAN_POINT('',(44.,-3.75,-1.7));
#6872 = VECTOR('',#6873,1.);
#6873 = DIRECTION('',(0.,-1.,0.));
#6874 = PCURVE('',#4170,#6875);
#6875 = DEFINITIONAL_REPRESENTATION('',(#6876),#6879);
#6876 = B_SPLINE_CURVE_WITH_KNOTS('',1,(#6877,#6878),.UNSPECIFIED.,.F.,
  .F.,(2,2),(-7.5,4.440892098501E-16),.PIECEWISE_BEZIER_KNOTS.);
#6877 = CARTESIAN_POINT('',(2.5,-7.5));
#6878 = CARTESIAN_POINT('',(2.5,4.440892098501E-16));
#6879 = ( GEOMETRIC_REPRESENTATION_CONTEXT(2) 
PARAMETRIC_REPRESENTATION_CONTEXT() REPRESENTATION_CONTEXT('2D SPACE',''
  ) );
#6880 = PCURVE('',#4198,#6881);
#6881 = DEFINITIONAL_REPRESENTATION('',(#6882),#6885);
#6882 = B_SPLINE_CURVE_WITH_KNOTS('',1,(#6883,#6884),.UNSPECIFIED.,.F.,
  .F.,(2,2),(-7.5,4.440892098501E-16),.PIECEWISE_BEZIER_KNOTS.);
#6883 = CARTESIAN_POINT('',(4.,7.5));
#6884 = CARTESIAN_POINT('',(4.,-4.440892098501E-16));
#6885 = ( GEOMETRIC_REPRESENTATION_CONTEXT(2) 
PARAMETRIC_REPRESENTATION_CONTEXT() REPRESENTATION_CONTEXT('2D SPACE',''
  ) );
#6886 = ORIENTED_EDGE('',*,*,#4152,.T.);
#6887 = ORIENTED_EDGE('',*,*,#6888,.T.);
#6888 = EDGE_CURVE('',#4155,#4399,#6889,.T.);
#6889 = SURFACE_CURVE('',#6890,(#6894,#6900),.PCURVE_S1.);
#6890 = LINE('',#6891,#6892);
#6891 = CARTESIAN_POINT('',(44.,-3.75,4.7));
#6892 = VECTOR('',#6893,1.);
#6893 = DIRECTION('',(0.,-1.,0.));
#6894 = PCURVE('',#4170,#6895);
#6895 = DEFINITIONAL_REPRESENTATION('',(#6896),#6899);
#6896 = B_SPLINE_CURVE_WITH_KNOTS('',1,(#6897,#6898),.UNSPECIFIED.,.F.,
  .F.,(2,2),(-7.5,4.440892098501E-16),.PIECEWISE_BEZIER_KNOTS.);
#6897 = CARTESIAN_POINT('',(8.9,-7.5));
#6898 = CARTESIAN_POINT('',(8.9,4.440892098501E-16));
#6899 = ( GEOMETRIC_REPRESENTATION_CONTEXT(2) 
PARAMETRIC_REPRESENTATION_CONTEXT() REPRESENTATION_CONTEXT('2D SPACE',''
  ) );
#6900 = PCURVE('',#4349,#6901);
#6901 = DEFINITIONAL_REPRESENTATION('',(#6902),#6905);
#6902 = B_SPLINE_CURVE_WITH_KNOTS('',1,(#6903,#6904),.UNSPECIFIED.,.F.,
  .F.,(2,2),(-7.5,4.440892098501E-16),.PIECEWISE_BEZIER_KNOTS.);
#6903 = CARTESIAN_POINT('',(4.,7.5));
#6904 = CARTESIAN_POINT('',(4.,-4.440892098501E-16));
#6905 = ( GEOMETRIC_REPRESENTATION_CONTEXT(2) 
PARAMETRIC_REPRESENTATION_CONTEXT() REPRESENTATION_CONTEXT('2D SPACE',''
  ) );
#6906 = ADVANCED_FACE('',(#6907,#6985),#4198,.T.);
#6907 = FACE_BOUND('',#6908,.T.);
#6908 = EDGE_LOOP('',(#6909,#6910,#6911,#6912,#6940,#6963));
#6909 = ORIENTED_EDGE('',*,*,#4182,.F.);
#6910 = ORIENTED_EDGE('',*,*,#6868,.T.);
#6911 = ORIENTED_EDGE('',*,*,#4421,.T.);
#6912 = ORIENTED_EDGE('',*,*,#6913,.F.);
#6913 = EDGE_CURVE('',#6914,#4422,#6916,.T.);
#6914 = VERTEX_POINT('',#6915);
#6915 = CARTESIAN_POINT('',(53.,-0.2,-1.7));
#6916 = SURFACE_CURVE('',#6917,(#6922,#6933),.PCURVE_S1.);
#6917 = CIRCLE('',#6918,3.55);
#6918 = AXIS2_PLACEMENT_3D('',#6919,#6920,#6921);
#6919 = CARTESIAN_POINT('',(49.45,-0.2,-1.7));
#6920 = DIRECTION('',(-0.,-0.,-1.));
#6921 = DIRECTION('',(0.,-1.,0.));
#6922 = PCURVE('',#4198,#6923);
#6923 = DEFINITIONAL_REPRESENTATION('',(#6924),#6932);
#6924 = ( BOUNDED_CURVE() B_SPLINE_CURVE(2,(#6925,#6926,#6927,#6928,
#6929,#6930,#6931),.UNSPECIFIED.,.T.,.F.) B_SPLINE_CURVE_WITH_KNOTS((1,2
    ,2,2,2,1),(-2.094395102393,0.,2.094395102393,4.188790204786,
6.28318530718,8.377580409573),.UNSPECIFIED.) CURVE() 
GEOMETRIC_REPRESENTATION_ITEM() RATIONAL_B_SPLINE_CURVE((1.,0.5,1.,0.5,
1.,0.5,1.)) REPRESENTATION_ITEM('') );
#6925 = CARTESIAN_POINT('',(9.45,-8.881784197001E-16));
#6926 = CARTESIAN_POINT('',(3.30121963313,-8.881784197001E-16));
#6927 = CARTESIAN_POINT('',(6.375609816565,5.325));
#6928 = CARTESIAN_POINT('',(9.45,10.65));
#6929 = CARTESIAN_POINT('',(12.524390183435,5.325));
#6930 = CARTESIAN_POINT('',(15.59878036687,4.440892098501E-15));
#6931 = CARTESIAN_POINT('',(9.45,-8.881784197001E-16));
#6932 = ( GEOMETRIC_REPRESENTATION_CONTEXT(2) 
PARAMETRIC_REPRESENTATION_CONTEXT() REPRESENTATION_CONTEXT('2D SPACE',''
  ) );
#6933 = PCURVE('',#4460,#6934);
#6934 = DEFINITIONAL_REPRESENTATION('',(#6935),#6939);
#6935 = LINE('',#6936,#6937);
#6936 = CARTESIAN_POINT('',(4.712388980385,2.5));
#6937 = VECTOR('',#6938,1.);
#6938 = DIRECTION('',(-1.,0.));
#6939 = ( GEOMETRIC_REPRESENTATION_CONTEXT(2) 
PARAMETRIC_REPRESENTATION_CONTEXT() REPRESENTATION_CONTEXT('2D SPACE',''
  ) );
#6940 = ORIENTED_EDGE('',*,*,#6941,.T.);
#6941 = EDGE_CURVE('',#6914,#6942,#6944,.T.);
#6942 = VERTEX_POINT('',#6943);
#6943 = CARTESIAN_POINT('',(53.,0.2,-1.7));
#6944 = SURFACE_CURVE('',#6945,(#6949,#6956),.PCURVE_S1.);
#6945 = LINE('',#6946,#6947);
#6946 = CARTESIAN_POINT('',(53.,-3.75,-1.7));
#6947 = VECTOR('',#6948,1.);
#6948 = DIRECTION('',(0.,1.,0.));
#6949 = PCURVE('',#4198,#6950);
#6950 = DEFINITIONAL_REPRESENTATION('',(#6951),#6955);
#6951 = LINE('',#6952,#6953);
#6952 = CARTESIAN_POINT('',(13.,0.));
#6953 = VECTOR('',#6954,1.);
#6954 = DIRECTION('',(0.,1.));
#6955 = ( GEOMETRIC_REPRESENTATION_CONTEXT(2) 
PARAMETRIC_REPRESENTATION_CONTEXT() REPRESENTATION_CONTEXT('2D SPACE',''
  ) );
#6956 = PCURVE('',#4640,#6957);
#6957 = DEFINITIONAL_REPRESENTATION('',(#6958),#6962);
#6958 = LINE('',#6959,#6960);
#6959 = CARTESIAN_POINT('',(2.5,0.));
#6960 = VECTOR('',#6961,1.);
#6961 = DIRECTION('',(0.,-1.));
#6962 = ( GEOMETRIC_REPRESENTATION_CONTEXT(2) 
PARAMETRIC_REPRESENTATION_CONTEXT() REPRESENTATION_CONTEXT('2D SPACE',''
  ) );
#6963 = ORIENTED_EDGE('',*,*,#6964,.T.);
#6964 = EDGE_CURVE('',#6942,#4183,#6965,.T.);
#6965 = SURFACE_CURVE('',#6966,(#6971,#6978),.PCURVE_S1.);
#6966 = CIRCLE('',#6967,3.55);
#6967 = AXIS2_PLACEMENT_3D('',#6968,#6969,#6970);
#6968 = CARTESIAN_POINT('',(49.45,0.2,-1.7));
#6969 = DIRECTION('',(0.,0.,1.));
#6970 = DIRECTION('',(0.,-1.,0.));
#6971 = PCURVE('',#4198,#6972);
#6972 = DEFINITIONAL_REPRESENTATION('',(#6973),#6977);
#6973 = CIRCLE('',#6974,3.55);
#6974 = AXIS2_PLACEMENT_2D('',#6975,#6976);
#6975 = CARTESIAN_POINT('',(9.45,3.95));
#6976 = DIRECTION('',(0.,-1.));
#6977 = ( GEOMETRIC_REPRESENTATION_CONTEXT(2) 
PARAMETRIC_REPRESENTATION_CONTEXT() REPRESENTATION_CONTEXT('2D SPACE',''
  ) );
#6978 = PCURVE('',#4226,#6979);
#6979 = DEFINITIONAL_REPRESENTATION('',(#6980),#6984);
#6980 = LINE('',#6981,#6982);
#6981 = CARTESIAN_POINT('',(-1.570796326795,2.5));
#6982 = VECTOR('',#6983,1.);
#6983 = DIRECTION('',(1.,0.));
#6984 = ( GEOMETRIC_REPRESENTATION_CONTEXT(2) 
PARAMETRIC_REPRESENTATION_CONTEXT() REPRESENTATION_CONTEXT('2D SPACE',''
  ) );
#6985 = FACE_BOUND('',#6986,.T.);
#6986 = EDGE_LOOP('',(#6987));
#6987 = ORIENTED_EDGE('',*,*,#6988,.F.);
#6988 = EDGE_CURVE('',#6989,#6989,#6991,.T.);
#6989 = VERTEX_POINT('',#6990);
#6990 = CARTESIAN_POINT('',(50.95,-2.32682891838E-16,-1.7));
#6991 = SURFACE_CURVE('',#6992,(#6997,#7004),.PCURVE_S1.);
#6992 = CIRCLE('',#6993,0.95);
#6993 = AXIS2_PLACEMENT_3D('',#6994,#6995,#6996);
#6994 = CARTESIAN_POINT('',(50.,0.,-1.7));
#6995 = DIRECTION('',(0.,0.,1.));
#6996 = DIRECTION('',(1.,0.,-0.));
#6997 = PCURVE('',#4198,#6998);
#6998 = DEFINITIONAL_REPRESENTATION('',(#6999),#7003);
#6999 = CIRCLE('',#7000,0.95);
#7000 = AXIS2_PLACEMENT_2D('',#7001,#7002);
#7001 = CARTESIAN_POINT('',(10.,3.75));
#7002 = DIRECTION('',(1.,0.));
#7003 = ( GEOMETRIC_REPRESENTATION_CONTEXT(2) 
PARAMETRIC_REPRESENTATION_CONTEXT() REPRESENTATION_CONTEXT('2D SPACE',''
  ) );
#7004 = PCURVE('',#4693,#7005);
#7005 = DEFINITIONAL_REPRESENTATION('',(#7006),#7010);
#7006 = LINE('',#7007,#7008);
#7007 = CARTESIAN_POINT('',(0.,3.));
#7008 = VECTOR('',#7009,1.);
#7009 = DIRECTION('',(1.,0.));
#7010 = ( GEOMETRIC_REPRESENTATION_CONTEXT(2) 
PARAMETRIC_REPRESENTATION_CONTEXT() REPRESENTATION_CONTEXT('2D SPACE',''
  ) );
#7011 = ADVANCED_FACE('',(#7012),#4226,.T.);
#7012 = FACE_BOUND('',#7013,.T.);
#7013 = EDGE_LOOP('',(#7014,#7015,#7016,#7017));
#7014 = ORIENTED_EDGE('',*,*,#4652,.T.);
#7015 = ORIENTED_EDGE('',*,*,#4210,.T.);
#7016 = ORIENTED_EDGE('',*,*,#6964,.F.);
#7017 = ORIENTED_EDGE('',*,*,#7018,.F.);
#7018 = EDGE_CURVE('',#4625,#6942,#7019,.T.);
#7019 = SURFACE_CURVE('',#7020,(#7024,#7031),.PCURVE_S1.);
#7020 = LINE('',#7021,#7022);
#7021 = CARTESIAN_POINT('',(53.,0.2,-4.2));
#7022 = VECTOR('',#7023,1.);
#7023 = DIRECTION('',(0.,0.,1.));
#7024 = PCURVE('',#4226,#7025);
#7025 = DEFINITIONAL_REPRESENTATION('',(#7026),#7030);
#7026 = LINE('',#7027,#7028);
#7027 = CARTESIAN_POINT('',(0.,0.));
#7028 = VECTOR('',#7029,1.);
#7029 = DIRECTION('',(0.,1.));
#7030 = ( GEOMETRIC_REPRESENTATION_CONTEXT(2) 
PARAMETRIC_REPRESENTATION_CONTEXT() REPRESENTATION_CONTEXT('2D SPACE',''
  ) );
#7031 = PCURVE('',#4640,#7032);
#7032 = DEFINITIONAL_REPRESENTATION('',(#7033),#7037);
#7033 = LINE('',#7034,#7035);
#7034 = CARTESIAN_POINT('',(0.,-3.95));
#7035 = VECTOR('',#7036,1.);
#7036 = DIRECTION('',(1.,0.));
#7037 = ( GEOMETRIC_REPRESENTATION_CONTEXT(2) 
PARAMETRIC_REPRESENTATION_CONTEXT() REPRESENTATION_CONTEXT('2D SPACE',''
  ) );
#7038 = ADVANCED_FACE('',(#7039),#4323,.T.);
#7039 = FACE_BOUND('',#7040,.T.);
#7040 = EDGE_LOOP('',(#7041,#7065,#7066,#7067));
#7041 = ORIENTED_EDGE('',*,*,#7042,.T.);
#7042 = EDGE_CURVE('',#7043,#4308,#7045,.T.);
#7043 = VERTEX_POINT('',#7044);
#7044 = CARTESIAN_POINT('',(53.,0.2,4.7));
#7045 = SURFACE_CURVE('',#7046,(#7051,#7058),.PCURVE_S1.);
#7046 = CIRCLE('',#7047,3.55);
#7047 = AXIS2_PLACEMENT_3D('',#7048,#7049,#7050);
#7048 = CARTESIAN_POINT('',(49.45,0.2,4.7));
#7049 = DIRECTION('',(0.,0.,1.));
#7050 = DIRECTION('',(0.,-1.,0.));
#7051 = PCURVE('',#4323,#7052);
#7052 = DEFINITIONAL_REPRESENTATION('',(#7053),#7057);
#7053 = LINE('',#7054,#7055);
#7054 = CARTESIAN_POINT('',(-1.570796326795,0.));
#7055 = VECTOR('',#7056,1.);
#7056 = DIRECTION('',(1.,0.));
#7057 = ( GEOMETRIC_REPRESENTATION_CONTEXT(2) 
PARAMETRIC_REPRESENTATION_CONTEXT() REPRESENTATION_CONTEXT('2D SPACE',''
  ) );
#7058 = PCURVE('',#4349,#7059);
#7059 = DEFINITIONAL_REPRESENTATION('',(#7060),#7064);
#7060 = CIRCLE('',#7061,3.55);
#7061 = AXIS2_PLACEMENT_2D('',#7062,#7063);
#7062 = CARTESIAN_POINT('',(9.45,3.95));
#7063 = DIRECTION('',(0.,-1.));
#7064 = ( GEOMETRIC_REPRESENTATION_CONTEXT(2) 
PARAMETRIC_REPRESENTATION_CONTEXT() REPRESENTATION_CONTEXT('2D SPACE',''
  ) );
#7065 = ORIENTED_EDGE('',*,*,#4307,.T.);
#7066 = ORIENTED_EDGE('',*,*,#4773,.F.);
#7067 = ORIENTED_EDGE('',*,*,#7068,.F.);
#7068 = EDGE_CURVE('',#7043,#4746,#7069,.T.);
#7069 = SURFACE_CURVE('',#7070,(#7074,#7081),.PCURVE_S1.);
#7070 = LINE('',#7071,#7072);
#7071 = CARTESIAN_POINT('',(53.,0.2,4.7));
#7072 = VECTOR('',#7073,1.);
#7073 = DIRECTION('',(0.,0.,1.));
#7074 = PCURVE('',#4323,#7075);
#7075 = DEFINITIONAL_REPRESENTATION('',(#7076),#7080);
#7076 = LINE('',#7077,#7078);
#7077 = CARTESIAN_POINT('',(0.,0.));
#7078 = VECTOR('',#7079,1.);
#7079 = DIRECTION('',(0.,1.));
#7080 = ( GEOMETRIC_REPRESENTATION_CONTEXT(2) 
PARAMETRIC_REPRESENTATION_CONTEXT() REPRESENTATION_CONTEXT('2D SPACE',''
  ) );
#7081 = PCURVE('',#4761,#7082);
#7082 = DEFINITIONAL_REPRESENTATION('',(#7083),#7087);
#7083 = LINE('',#7084,#7085);
#7084 = CARTESIAN_POINT('',(0.,-3.95));
#7085 = VECTOR('',#7086,1.);
#7086 = DIRECTION('',(1.,0.));
#7087 = ( GEOMETRIC_REPRESENTATION_CONTEXT(2) 
PARAMETRIC_REPRESENTATION_CONTEXT() REPRESENTATION_CONTEXT('2D SPACE',''
  ) );
#7088 = ADVANCED_FACE('',(#7089,#7144),#4349,.F.);
#7089 = FACE_BOUND('',#7090,.F.);
#7090 = EDGE_LOOP('',(#7091,#7092,#7093,#7094,#7122,#7143));
#7091 = ORIENTED_EDGE('',*,*,#4335,.F.);
#7092 = ORIENTED_EDGE('',*,*,#6888,.T.);
#7093 = ORIENTED_EDGE('',*,*,#4569,.T.);
#7094 = ORIENTED_EDGE('',*,*,#7095,.F.);
#7095 = EDGE_CURVE('',#7096,#4542,#7098,.T.);
#7096 = VERTEX_POINT('',#7097);
#7097 = CARTESIAN_POINT('',(53.,-0.2,4.7));
#7098 = SURFACE_CURVE('',#7099,(#7104,#7115),.PCURVE_S1.);
#7099 = CIRCLE('',#7100,3.55);
#7100 = AXIS2_PLACEMENT_3D('',#7101,#7102,#7103);
#7101 = CARTESIAN_POINT('',(49.45,-0.2,4.7));
#7102 = DIRECTION('',(-0.,-0.,-1.));
#7103 = DIRECTION('',(0.,-1.,0.));
#7104 = PCURVE('',#4349,#7105);
#7105 = DEFINITIONAL_REPRESENTATION('',(#7106),#7114);
#7106 = ( BOUNDED_CURVE() B_SPLINE_CURVE(2,(#7107,#7108,#7109,#7110,
#7111,#7112,#7113),.UNSPECIFIED.,.T.,.F.) B_SPLINE_CURVE_WITH_KNOTS((1,2
    ,2,2,2,1),(-2.094395102393,0.,2.094395102393,4.188790204786,
6.28318530718,8.377580409573),.UNSPECIFIED.) CURVE() 
GEOMETRIC_REPRESENTATION_ITEM() RATIONAL_B_SPLINE_CURVE((1.,0.5,1.,0.5,
1.,0.5,1.)) REPRESENTATION_ITEM('') );
#7107 = CARTESIAN_POINT('',(9.45,-8.881784197001E-16));
#7108 = CARTESIAN_POINT('',(3.30121963313,-8.881784197001E-16));
#7109 = CARTESIAN_POINT('',(6.375609816565,5.325));
#7110 = CARTESIAN_POINT('',(9.45,10.65));
#7111 = CARTESIAN_POINT('',(12.524390183435,5.325));
#7112 = CARTESIAN_POINT('',(15.59878036687,4.440892098501E-15));
#7113 = CARTESIAN_POINT('',(9.45,-8.881784197001E-16));
#7114 = ( GEOMETRIC_REPRESENTATION_CONTEXT(2) 
PARAMETRIC_REPRESENTATION_CONTEXT() REPRESENTATION_CONTEXT('2D SPACE',''
  ) );
#7115 = PCURVE('',#4557,#7116);
#7116 = DEFINITIONAL_REPRESENTATION('',(#7117),#7121);
#7117 = LINE('',#7118,#7119);
#7118 = CARTESIAN_POINT('',(4.712388980385,-0.));
#7119 = VECTOR('',#7120,1.);
#7120 = DIRECTION('',(-1.,0.));
#7121 = ( GEOMETRIC_REPRESENTATION_CONTEXT(2) 
PARAMETRIC_REPRESENTATION_CONTEXT() REPRESENTATION_CONTEXT('2D SPACE',''
  ) );
#7122 = ORIENTED_EDGE('',*,*,#7123,.T.);
#7123 = EDGE_CURVE('',#7096,#7043,#7124,.T.);
#7124 = SURFACE_CURVE('',#7125,(#7129,#7136),.PCURVE_S1.);
#7125 = LINE('',#7126,#7127);
#7126 = CARTESIAN_POINT('',(53.,-3.75,4.7));
#7127 = VECTOR('',#7128,1.);
#7128 = DIRECTION('',(0.,1.,0.));
#7129 = PCURVE('',#4349,#7130);
#7130 = DEFINITIONAL_REPRESENTATION('',(#7131),#7135);
#7131 = LINE('',#7132,#7133);
#7132 = CARTESIAN_POINT('',(13.,0.));
#7133 = VECTOR('',#7134,1.);
#7134 = DIRECTION('',(0.,1.));
#7135 = ( GEOMETRIC_REPRESENTATION_CONTEXT(2) 
PARAMETRIC_REPRESENTATION_CONTEXT() REPRESENTATION_CONTEXT('2D SPACE',''
  ) );
#7136 = PCURVE('',#4761,#7137);
#7137 = DEFINITIONAL_REPRESENTATION('',(#7138),#7142);
#7138 = LINE('',#7139,#7140);
#7139 = CARTESIAN_POINT('',(0.,0.));
#7140 = VECTOR('',#7141,1.);
#7141 = DIRECTION('',(0.,-1.));
#7142 = ( GEOMETRIC_REPRESENTATION_CONTEXT(2) 
PARAMETRIC_REPRESENTATION_CONTEXT() REPRESENTATION_CONTEXT('2D SPACE',''
  ) );
#7143 = ORIENTED_EDGE('',*,*,#7042,.T.);
#7144 = FACE_BOUND('',#7145,.F.);
#7145 = EDGE_LOOP('',(#7146));
#7146 = ORIENTED_EDGE('',*,*,#7147,.F.);
#7147 = EDGE_CURVE('',#7148,#7148,#7150,.T.);
#7148 = VERTEX_POINT('',#7149);
#7149 = CARTESIAN_POINT('',(50.95,-2.32682891838E-16,4.7));
#7150 = SURFACE_CURVE('',#7151,(#7156,#7163),.PCURVE_S1.);
#7151 = CIRCLE('',#7152,0.95);
#7152 = AXIS2_PLACEMENT_3D('',#7153,#7154,#7155);
#7153 = CARTESIAN_POINT('',(50.,0.,4.7));
#7154 = DIRECTION('',(0.,0.,1.));
#7155 = DIRECTION('',(1.,0.,-0.));
#7156 = PCURVE('',#4349,#7157);
#7157 = DEFINITIONAL_REPRESENTATION('',(#7158),#7162);
#7158 = CIRCLE('',#7159,0.95);
#7159 = AXIS2_PLACEMENT_2D('',#7160,#7161);
#7160 = CARTESIAN_POINT('',(10.,3.75));
#7161 = DIRECTION('',(1.,0.));
#7162 = ( GEOMETRIC_REPRESENTATION_CONTEXT(2) 
PARAMETRIC_REPRESENTATION_CONTEXT() REPRESENTATION_CONTEXT('2D SPACE',''
  ) );
#7163 = PCURVE('',#4814,#7164);
#7164 = DEFINITIONAL_REPRESENTATION('',(#7165),#7169);
#7165 = LINE('',#7166,#7167);
#7166 = CARTESIAN_POINT('',(0.,9.4));
#7167 = VECTOR('',#7168,1.);
#7168 = DIRECTION('',(1.,0.));
#7169 = ( GEOMETRIC_REPRESENTATION_CONTEXT(2) 
PARAMETRIC_REPRESENTATION_CONTEXT() REPRESENTATION_CONTEXT('2D SPACE',''
  ) );
#7170 = ADVANCED_FACE('',(#7171),#4460,.T.);
#7171 = FACE_BOUND('',#7172,.F.);
#7172 = EDGE_LOOP('',(#7173,#7174,#7175,#7176));
#7173 = ORIENTED_EDGE('',*,*,#4596,.T.);
#7174 = ORIENTED_EDGE('',*,*,#4444,.T.);
#7175 = ORIENTED_EDGE('',*,*,#6913,.F.);
#7176 = ORIENTED_EDGE('',*,*,#7177,.F.);
#7177 = EDGE_CURVE('',#4597,#6914,#7178,.T.);
#7178 = SURFACE_CURVE('',#7179,(#7183,#7190),.PCURVE_S1.);
#7179 = LINE('',#7180,#7181);
#7180 = CARTESIAN_POINT('',(53.,-0.2,-4.2));
#7181 = VECTOR('',#7182,1.);
#7182 = DIRECTION('',(0.,0.,1.));
#7183 = PCURVE('',#4460,#7184);
#7184 = DEFINITIONAL_REPRESENTATION('',(#7185),#7189);
#7185 = LINE('',#7186,#7187);
#7186 = CARTESIAN_POINT('',(-0.,0.));
#7187 = VECTOR('',#7188,1.);
#7188 = DIRECTION('',(-0.,1.));
#7189 = ( GEOMETRIC_REPRESENTATION_CONTEXT(2) 
PARAMETRIC_REPRESENTATION_CONTEXT() REPRESENTATION_CONTEXT('2D SPACE',''
  ) );
#7190 = PCURVE('',#4640,#7191);
#7191 = DEFINITIONAL_REPRESENTATION('',(#7192),#7196);
#7192 = LINE('',#7193,#7194);
#7193 = CARTESIAN_POINT('',(0.,-3.55));
#7194 = VECTOR('',#7195,1.);
#7195 = DIRECTION('',(1.,0.));
#7196 = ( GEOMETRIC_REPRESENTATION_CONTEXT(2) 
PARAMETRIC_REPRESENTATION_CONTEXT() REPRESENTATION_CONTEXT('2D SPACE',''
  ) );
#7197 = ADVANCED_FACE('',(#7198),#4557,.T.);
#7198 = FACE_BOUND('',#7199,.F.);
#7199 = EDGE_LOOP('',(#7200,#7201,#7202,#7203));
#7200 = ORIENTED_EDGE('',*,*,#7095,.T.);
#7201 = ORIENTED_EDGE('',*,*,#4541,.T.);
#7202 = ORIENTED_EDGE('',*,*,#4717,.F.);
#7203 = ORIENTED_EDGE('',*,*,#7204,.F.);
#7204 = EDGE_CURVE('',#7096,#4718,#7205,.T.);
#7205 = SURFACE_CURVE('',#7206,(#7210,#7217),.PCURVE_S1.);
#7206 = LINE('',#7207,#7208);
#7207 = CARTESIAN_POINT('',(53.,-0.2,4.7));
#7208 = VECTOR('',#7209,1.);
#7209 = DIRECTION('',(0.,0.,1.));
#7210 = PCURVE('',#4557,#7211);
#7211 = DEFINITIONAL_REPRESENTATION('',(#7212),#7216);
#7212 = LINE('',#7213,#7214);
#7213 = CARTESIAN_POINT('',(-0.,0.));
#7214 = VECTOR('',#7215,1.);
#7215 = DIRECTION('',(-0.,1.));
#7216 = ( GEOMETRIC_REPRESENTATION_CONTEXT(2) 
PARAMETRIC_REPRESENTATION_CONTEXT() REPRESENTATION_CONTEXT('2D SPACE',''
  ) );
#7217 = PCURVE('',#4761,#7218);
#7218 = DEFINITIONAL_REPRESENTATION('',(#7219),#7223);
#7219 = LINE('',#7220,#7221);
#7220 = CARTESIAN_POINT('',(0.,-3.55));
#7221 = VECTOR('',#7222,1.);
#7222 = DIRECTION('',(1.,0.));
#7223 = ( GEOMETRIC_REPRESENTATION_CONTEXT(2) 
PARAMETRIC_REPRESENTATION_CONTEXT() REPRESENTATION_CONTEXT('2D SPACE',''
  ) );
#7224 = ADVANCED_FACE('',(#7225),#4640,.T.);
#7225 = FACE_BOUND('',#7226,.T.);
#7226 = EDGE_LOOP('',(#7227,#7228,#7229,#7230));
#7227 = ORIENTED_EDGE('',*,*,#6941,.F.);
#7228 = ORIENTED_EDGE('',*,*,#7177,.F.);
#7229 = ORIENTED_EDGE('',*,*,#4624,.T.);
#7230 = ORIENTED_EDGE('',*,*,#7018,.T.);
#7231 = ADVANCED_FACE('',(#7232),#4693,.F.);
#7232 = FACE_BOUND('',#7233,.F.);
#7233 = EDGE_LOOP('',(#7234,#7235,#7256,#7257));
#7234 = ORIENTED_EDGE('',*,*,#6988,.F.);
#7235 = ORIENTED_EDGE('',*,*,#7236,.F.);
#7236 = EDGE_CURVE('',#4677,#6989,#7237,.T.);
#7237 = SEAM_CURVE('',#7238,(#7242,#7249),.PCURVE_S1.);
#7238 = LINE('',#7239,#7240);
#7239 = CARTESIAN_POINT('',(50.95,-2.32682891838E-16,-4.7));
#7240 = VECTOR('',#7241,1.);
#7241 = DIRECTION('',(0.,0.,1.));
#7242 = PCURVE('',#4693,#7243);
#7243 = DEFINITIONAL_REPRESENTATION('',(#7244),#7248);
#7244 = LINE('',#7245,#7246);
#7245 = CARTESIAN_POINT('',(6.28318530718,-0.));
#7246 = VECTOR('',#7247,1.);
#7247 = DIRECTION('',(0.,1.));
#7248 = ( GEOMETRIC_REPRESENTATION_CONTEXT(2) 
PARAMETRIC_REPRESENTATION_CONTEXT() REPRESENTATION_CONTEXT('2D SPACE',''
  ) );
#7249 = PCURVE('',#4693,#7250);
#7250 = DEFINITIONAL_REPRESENTATION('',(#7251),#7255);
#7251 = LINE('',#7252,#7253);
#7252 = CARTESIAN_POINT('',(0.,-0.));
#7253 = VECTOR('',#7254,1.);
#7254 = DIRECTION('',(0.,1.));
#7255 = ( GEOMETRIC_REPRESENTATION_CONTEXT(2) 
PARAMETRIC_REPRESENTATION_CONTEXT() REPRESENTATION_CONTEXT('2D SPACE',''
  ) );
#7256 = ORIENTED_EDGE('',*,*,#4676,.T.);
#7257 = ORIENTED_EDGE('',*,*,#7236,.T.);
#7258 = ADVANCED_FACE('',(#7259),#4761,.T.);
#7259 = FACE_BOUND('',#7260,.T.);
#7260 = EDGE_LOOP('',(#7261,#7262,#7263,#7264));
#7261 = ORIENTED_EDGE('',*,*,#4745,.F.);
#7262 = ORIENTED_EDGE('',*,*,#7204,.F.);
#7263 = ORIENTED_EDGE('',*,*,#7123,.T.);
#7264 = ORIENTED_EDGE('',*,*,#7068,.T.);
#7265 = ADVANCED_FACE('',(#7266),#4814,.F.);
#7266 = FACE_BOUND('',#7267,.F.);
#7267 = EDGE_LOOP('',(#7268,#7269,#7290,#7291));
#7268 = ORIENTED_EDGE('',*,*,#4797,.F.);
#7269 = ORIENTED_EDGE('',*,*,#7270,.F.);
#7270 = EDGE_CURVE('',#7148,#4798,#7271,.T.);
#7271 = SEAM_CURVE('',#7272,(#7276,#7283),.PCURVE_S1.);
#7272 = LINE('',#7273,#7274);
#7273 = CARTESIAN_POINT('',(50.95,-2.32682891838E-16,-4.7));
#7274 = VECTOR('',#7275,1.);
#7275 = DIRECTION('',(0.,0.,1.));
#7276 = PCURVE('',#4814,#7277);
#7277 = DEFINITIONAL_REPRESENTATION('',(#7278),#7282);
#7278 = LINE('',#7279,#7280);
#7279 = CARTESIAN_POINT('',(6.28318530718,-0.));
#7280 = VECTOR('',#7281,1.);
#7281 = DIRECTION('',(0.,1.));
#7282 = ( GEOMETRIC_REPRESENTATION_CONTEXT(2) 
PARAMETRIC_REPRESENTATION_CONTEXT() REPRESENTATION_CONTEXT('2D SPACE',''
  ) );
#7283 = PCURVE('',#4814,#7284);
#7284 = DEFINITIONAL_REPRESENTATION('',(#7285),#7289);
#7285 = LINE('',#7286,#7287);
#7286 = CARTESIAN_POINT('',(0.,-0.));
#7287 = VECTOR('',#7288,1.);
#7288 = DIRECTION('',(0.,1.));
#7289 = ( GEOMETRIC_REPRESENTATION_CONTEXT(2) 
PARAMETRIC_REPRESENTATION_CONTEXT() REPRESENTATION_CONTEXT('2D SPACE',''
  ) );
#7290 = ORIENTED_EDGE('',*,*,#7147,.T.);
#7291 = ORIENTED_EDGE('',*,*,#7270,.T.);
#7292 = ADVANCED_FACE('',(#7293),#4897,.F.);
#7293 = FACE_BOUND('',#7294,.F.);
#7294 = EDGE_LOOP('',(#7295,#7328,#7550,#7551,#7552,#7553,#7554,#7587,
    #7843,#7958,#8214,#8245,#8246,#8247,#8248,#8281,#8503,#8504,#8505,
    #8506,#8507,#8508,#8759,#8874,#9123,#9124,#9125,#9126));
#7295 = ORIENTED_EDGE('',*,*,#7296,.F.);
#7296 = EDGE_CURVE('',#7297,#6530,#7299,.T.);
#7297 = VERTEX_POINT('',#7298);
#7298 = CARTESIAN_POINT('',(70.320508075689,0.,-28.5));
#7299 = SEAM_CURVE('',#7300,(#7314,#7321),.PCURVE_S1.);
#7300 = ( BOUNDED_CURVE() B_SPLINE_CURVE(7,(#7301,#7302,#7303,#7304,
    #7305,#7306,#7307,#7308,#7309,#7310,#7311,#7312,#7313),
.UNSPECIFIED.,.F.,.F.) B_SPLINE_CURVE_WITH_KNOTS((8,5,8),(0.,0.5,1.),
.UNSPECIFIED.) CURVE() GEOMETRIC_REPRESENTATION_ITEM() 
RATIONAL_B_SPLINE_CURVE((1.,1.,1.000000000001,0.999999999999,
    1.000000000001,1.,1.,1.,1.,0.999999999999,1.,1.,1.)) 
REPRESENTATION_ITEM('') );
#7301 = CARTESIAN_POINT('',(70.320508075689,0.,-28.5));
#7302 = CARTESIAN_POINT('',(70.320508075724,9.71445146547E-18,
    -24.21428571429));
#7303 = CARTESIAN_POINT('',(58.196152422628,-9.665218361095E-17,
    -19.92857142854));
#7304 = CARTESIAN_POINT('',(74.131019852451,2.443303496035E-16,
    -15.64285714288));
#7305 = CARTESIAN_POINT('',(49.189488223296,-2.494849565031E-16,
    -11.35714285713));
#7306 = CARTESIAN_POINT('',(65.124355652999,1.072918209304E-16,
    -7.071428571431));
#7307 = CARTESIAN_POINT('',(40.875644347008,-1.35047396546E-16,1.5));
#7308 = CARTESIAN_POINT('',(65.124355652992,1.072918209304E-16,
    10.071428571429));
#7309 = CARTESIAN_POINT('',(49.189488223333,-2.494849565032E-16,
    14.357142857139));
#7310 = CARTESIAN_POINT('',(74.13101985237,2.443303496034E-16,
    18.642857142865));
#7311 = CARTESIAN_POINT('',(58.196152422692,-9.665218361099E-17,
    22.928571428564));
#7312 = CARTESIAN_POINT('',(70.320508075696,9.714451465467E-18,
    27.214285714289));
#7313 = CARTESIAN_POINT('',(70.320508075689,0.,31.5));
#7314 = PCURVE('',#4897,#7315);
#7315 = DEFINITIONAL_REPRESENTATION('',(#7316),#7320);
#7316 = LINE('',#7317,#7318);
#7317 = CARTESIAN_POINT('',(0.,0.));
#7318 = VECTOR('',#7319,1.);
#7319 = DIRECTION('',(0.,1.));
#7320 = ( GEOMETRIC_REPRESENTATION_CONTEXT(2) 
PARAMETRIC_REPRESENTATION_CONTEXT() REPRESENTATION_CONTEXT('2D SPACE',''
  ) );
#7321 = PCURVE('',#4897,#7322);
#7322 = DEFINITIONAL_REPRESENTATION('',(#7323),#7327);
#7323 = LINE('',#7324,#7325);
#7324 = CARTESIAN_POINT('',(1.,0.));
#7325 = VECTOR('',#7326,1.);
#7326 = DIRECTION('',(0.,1.));
#7327 = ( GEOMETRIC_REPRESENTATION_CONTEXT(2) 
PARAMETRIC_REPRESENTATION_CONTEXT() REPRESENTATION_CONTEXT('2D SPACE',''
  ) );
#7328 = ORIENTED_EDGE('',*,*,#7329,.T.);
#7329 = EDGE_CURVE('',#7297,#7297,#7330,.T.);
#7330 = SURFACE_CURVE('',#7331,(#7433,#7440),.PCURVE_S1.);
#7331 = B_SPLINE_CURVE_WITH_KNOTS('',3,(#7332,#7333,#7334,#7335,#7336,
    #7337,#7338,#7339,#7340,#7341,#7342,#7343,#7344,#7345,#7346,#7347,
    #7348,#7349,#7350,#7351,#7352,#7353,#7354,#7355,#7356,#7357,#7358,
    #7359,#7360,#7361,#7362,#7363,#7364,#7365,#7366,#7367,#7368,#7369,
    #7370,#7371,#7372,#7373,#7374,#7375,#7376,#7377,#7378,#7379,#7380,
    #7381,#7382,#7383,#7384,#7385,#7386,#7387,#7388,#7389,#7390,#7391,
    #7392,#7393,#7394,#7395,#7396,#7397,#7398,#7399,#7400,#7401,#7402,
    #7403,#7404,#7405,#7406,#7407,#7408,#7409,#7410,#7411,#7412,#7413,
    #7414,#7415,#7416,#7417,#7418,#7419,#7420,#7421,#7422,#7423,#7424,
    #7425,#7426,#7427,#7428,#7429,#7430,#7431,#7432),.UNSPECIFIED.,.T.,
  .F.,(4,1,1,1,1,1,1,1,1,1,1,1,1,1,1,1,1,1,1,1,1,1,1,1,1,1,1,1,1,1,1,1,1
    ,1,1,1,1,1,1,1,1,1,1,1,1,1,1,1,1,1,1,1,1,1,1,1,1,1,1,1,1,1,1,1,1,1,1
    ,1,1,1,1,1,1,1,1,1,1,1,1,1,1,1,1,1,1,1,1,1,1,1,1,1,1,1,1,1,1,1,4),(
    0.,4.723282016847E-03,9.514454336009E-03,1.455684604926E-02,
    2.000091975438E-02,2.595818016451E-02,3.250479129167E-02,
    3.96887894112E-02,4.753708013963E-02,5.606092810048E-02,
    6.525988994889E-02,7.512451417629E-02,8.563815405804E-02,
    9.677817025697E-02,0.108516725585,0.120821316956,0.133655148333,
    0.146977418882,0.16074357851,0.174905585911,0.189412190531,
    0.204209248955,0.219240077706,0.234445838157,0.249765945186,
    0.26513848898,0.28050065887,0.295789158863,0.310940606169,
    0.325891906261,0.340580600428,0.354945184105,0.368925396403,
    0.382462482971,0.395499435671,0.407981213444,0.419854949216,
    0.431070147802,0.441578879446,0.451335972959,0.460299211368,
    0.468429531632,0.47569122832,0.482052159426,0.487483950692,
    0.491962193245,0.49546662814,0.497981310719,0.499494747627,0.5,
    0.500505252373,0.502018689281,0.50453337186,0.508037806755,
    0.512516049308,0.517947840574,0.52430877168,0.531570468368,
    0.539700788632,0.548664027041,0.558421120554,0.568929852198,
    0.580145050784,0.592018786556,0.604500564329,0.617537517029,
    0.631074603597,0.645054815895,0.659419399572,0.674108093739,
    0.689059393831,0.704210841137,0.71949934113,0.73486151102,
    0.750234054814,0.765554161843,0.780759922294,0.795790751045,
    0.810587809469,0.825094414089,0.83925642149,0.853022581118,
    0.866344851667,0.879178683044,0.891483274415,0.903221829743,
    0.914361845942,0.924875485824,0.934740110051,0.9439390719,
    0.95246291986,0.960311210589,0.967495208708,0.974041819835,
    0.979999080246,0.985443153951,0.990485545664,0.995276717983,1.),
  .UNSPECIFIED.);
#7332 = CARTESIAN_POINT('',(70.320508075689,0.,-28.5));
#7333 = CARTESIAN_POINT('',(70.320217271557,4.243924044844E-02,-28.5));
#7334 = CARTESIAN_POINT('',(70.329476184625,0.127398841277,-28.5));
#7335 = CARTESIAN_POINT('',(70.369869179368,0.25204732539,-28.5));
#7336 = CARTESIAN_POINT('',(70.437057686039,0.371761434061,-28.5));
#7337 = CARTESIAN_POINT('',(70.529947013813,0.486369663497,-28.5));
#7338 = CARTESIAN_POINT('',(70.647969575178,0.59561768775,-28.5));
#7339 = CARTESIAN_POINT('',(70.790551761294,0.699240763595,-28.5));
#7340 = CARTESIAN_POINT('',(70.957151119799,0.796832837821,-28.5));
#7341 = CARTESIAN_POINT('',(71.147142783163,0.887902278854,-28.5));
#7342 = CARTESIAN_POINT('',(71.359805621863,0.971912241177,-28.5));
#7343 = CARTESIAN_POINT('',(71.594312404311,1.048326260332,-28.5));
#7344 = CARTESIAN_POINT('',(71.849734226816,1.116642432156,-28.5));
#7345 = CARTESIAN_POINT('',(72.125046170635,1.176421135998,-28.5));
#7346 = CARTESIAN_POINT('',(72.419134155384,1.227306277771,-28.5));
#7347 = CARTESIAN_POINT('',(72.73080164772,1.269041097511,-28.5));
#7348 = CARTESIAN_POINT('',(73.058776277429,1.301478749521,-28.5));
#7349 = CARTESIAN_POINT('',(73.401716320548,1.324587887397,-28.5));
#7350 = CARTESIAN_POINT('',(73.758217117146,1.338453488469,-28.5));
#7351 = CARTESIAN_POINT('',(74.126817464744,1.343273291563,-28.5));
#7352 = CARTESIAN_POINT('',(74.506006023591,1.339350371983,-28.5));
#7353 = CARTESIAN_POINT('',(74.894227758419,1.3270825233,-28.5));
#7354 = CARTESIAN_POINT('',(75.289890434375,1.30694922923,-28.5));
#7355 = CARTESIAN_POINT('',(75.691371178394,1.279497079702,-28.5));
#7356 = CARTESIAN_POINT('',(76.097023111425,1.245324506391,-28.5));
#7357 = CARTESIAN_POINT('',(76.505182050885,1.205066683444,-28.5));
#7358 = CARTESIAN_POINT('',(76.914173276531,1.15938136118,-28.5));
#7359 = CARTESIAN_POINT('',(77.322318346899,1.108936280239,-28.5));
#7360 = CARTESIAN_POINT('',(77.727941947871,1.054398659447,-28.5));
#7361 = CARTESIAN_POINT('',(78.129378750109,0.996427073167,-28.5));
#7362 = CARTESIAN_POINT('',(78.524980248358,0.935665845128,-28.5));
#7363 = CARTESIAN_POINT('',(78.913121552921,0.872741898237,-28.5));
#7364 = CARTESIAN_POINT('',(79.292208102401,0.808263825851,-28.5));
#7365 = CARTESIAN_POINT('',(79.66068226522,0.742822800763,-28.5));
#7366 = CARTESIAN_POINT('',(80.017029801714,0.676994822941,-28.5));
#7367 = CARTESIAN_POINT('',(80.359786144945,0.61134373287,-28.5));
#7368 = CARTESIAN_POINT('',(80.687542510408,0.546424388103,-28.5));
#7369 = CARTESIAN_POINT('',(80.998951666935,0.482785417179,-28.5));
#7370 = CARTESIAN_POINT('',(81.292733824525,0.420971025041,-28.5));
#7371 = CARTESIAN_POINT('',(81.567680953155,0.361521422418,-28.5));
#7372 = CARTESIAN_POINT('',(81.822665143312,0.304971579336,-28.5));
#7373 = CARTESIAN_POINT('',(82.056632095705,0.251848154072,-28.5));
#7374 = CARTESIAN_POINT('',(82.268642076835,0.20266459879,-28.5));
#7375 = CARTESIAN_POINT('',(82.457756094654,0.157914624877,-28.5));
#7376 = CARTESIAN_POINT('',(82.623409153051,0.118064269176,-28.5));
#7377 = CARTESIAN_POINT('',(82.764286789259,8.354318066014E-02,-28.5));
#7378 = CARTESIAN_POINT('',(82.881630110237,5.473504920414E-02,-28.5));
#7379 = CARTESIAN_POINT('',(82.970062478126,3.196940927653E-02,-28.5));
#7380 = CARTESIAN_POINT('',(83.041156786355,1.551090089671E-02,-28.5));
#7381 = CARTESIAN_POINT('',(83.070158945229,5.557379670426E-03,-28.5));
#7382 = CARTESIAN_POINT('',(83.105325662551,-5.992533391094E-16,-28.5));
#7383 = CARTESIAN_POINT('',(83.070158945229,-5.557379670425E-03,-28.5));
#7384 = CARTESIAN_POINT('',(83.041156786355,-1.551090089671E-02,-28.5));
#7385 = CARTESIAN_POINT('',(82.970062478126,-3.196940927653E-02,-28.5));
#7386 = CARTESIAN_POINT('',(82.881630110237,-5.473504920414E-02,-28.5));
#7387 = CARTESIAN_POINT('',(82.764286789259,-8.354318066014E-02,-28.5));
#7388 = CARTESIAN_POINT('',(82.623409153051,-0.118064269176,-28.5));
#7389 = CARTESIAN_POINT('',(82.457756094654,-0.157914624877,-28.5));
#7390 = CARTESIAN_POINT('',(82.268642076835,-0.20266459879,-28.5));
#7391 = CARTESIAN_POINT('',(82.056632095705,-0.251848154072,-28.5));
#7392 = CARTESIAN_POINT('',(81.822665143312,-0.304971579336,-28.5));
#7393 = CARTESIAN_POINT('',(81.567680953155,-0.361521422418,-28.5));
#7394 = CARTESIAN_POINT('',(81.292733824525,-0.420971025041,-28.5));
#7395 = CARTESIAN_POINT('',(80.998951666935,-0.482785417179,-28.5));
#7396 = CARTESIAN_POINT('',(80.687542510408,-0.546424388103,-28.5));
#7397 = CARTESIAN_POINT('',(80.359786144945,-0.61134373287,-28.5));
#7398 = CARTESIAN_POINT('',(80.017029801714,-0.676994822941,-28.5));
#7399 = CARTESIAN_POINT('',(79.66068226522,-0.742822800763,-28.5));
#7400 = CARTESIAN_POINT('',(79.292208102401,-0.808263825851,-28.5));
#7401 = CARTESIAN_POINT('',(78.913121552921,-0.872741898237,-28.5));
#7402 = CARTESIAN_POINT('',(78.524980248358,-0.935665845128,-28.5));
#7403 = CARTESIAN_POINT('',(78.129378750109,-0.996427073167,-28.5));
#7404 = CARTESIAN_POINT('',(77.727941947871,-1.054398659447,-28.5));
#7405 = CARTESIAN_POINT('',(77.322318346899,-1.108936280239,-28.5));
#7406 = CARTESIAN_POINT('',(76.914173276531,-1.15938136118,-28.5));
#7407 = CARTESIAN_POINT('',(76.505182050885,-1.205066683444,-28.5));
#7408 = CARTESIAN_POINT('',(76.097023111425,-1.245324506391,-28.5));
#7409 = CARTESIAN_POINT('',(75.691371178394,-1.279497079702,-28.5));
#7410 = CARTESIAN_POINT('',(75.289890434375,-1.30694922923,-28.5));
#7411 = CARTESIAN_POINT('',(74.894227758419,-1.3270825233,-28.5));
#7412 = CARTESIAN_POINT('',(74.506006023591,-1.339350371983,-28.5));
#7413 = CARTESIAN_POINT('',(74.126817464745,-1.343273291563,-28.5));
#7414 = CARTESIAN_POINT('',(73.758217117145,-1.338453488469,-28.5));
#7415 = CARTESIAN_POINT('',(73.401716320552,-1.324587887397,-28.5));
#7416 = CARTESIAN_POINT('',(73.058776277418,-1.301478749521,-28.5));
#7417 = CARTESIAN_POINT('',(72.73080164776,-1.269041097511,-28.5));
#7418 = CARTESIAN_POINT('',(72.419134155244,-1.227306277771,-28.5));
#7419 = CARTESIAN_POINT('',(72.125046171117,-1.176421135998,-28.5));
#7420 = CARTESIAN_POINT('',(71.849734225171,-1.116642432156,-28.5));
#7421 = CARTESIAN_POINT('',(71.594312409882,-1.048326260332,-28.5));
#7422 = CARTESIAN_POINT('',(71.35980560318,-0.971912241177,-28.5));
#7423 = CARTESIAN_POINT('',(71.147142845233,-0.887902278854,-28.5));
#7424 = CARTESIAN_POINT('',(70.957150915461,-0.796832837821,-28.5));
#7425 = CARTESIAN_POINT('',(70.790552428575,-0.699240763595,-28.5));
#7426 = CARTESIAN_POINT('',(70.6479674077,-0.59561768775,-28.5));
#7427 = CARTESIAN_POINT('',(70.529954056048,-0.486369663497,-28.5));
#7428 = CARTESIAN_POINT('',(70.437034572389,-0.371761434061,-28.5));
#7429 = CARTESIAN_POINT('',(70.369946971473,-0.25204732539,-28.5));
#7430 = CARTESIAN_POINT('',(70.329202814064,-0.127398841277,-28.5));
#7431 = CARTESIAN_POINT('',(70.32079887982,-4.243924044844E-02,-28.5));
#7432 = CARTESIAN_POINT('',(70.320508075689,2.775557561563E-17,-28.5));
#7433 = PCURVE('',#4897,#7434);
#7434 = DEFINITIONAL_REPRESENTATION('',(#7435),#7439);
#7435 = LINE('',#7436,#7437);
#7436 = CARTESIAN_POINT('',(0.,0.));
#7437 = VECTOR('',#7438,1.);
#7438 = DIRECTION('',(1.,0.));
#7439 = ( GEOMETRIC_REPRESENTATION_CONTEXT(2) 
PARAMETRIC_REPRESENTATION_CONTEXT() REPRESENTATION_CONTEXT('2D SPACE',''
  ) );
#7440 = PCURVE('',#7441,#7446);
#7441 = PLANE('',#7442);
#7442 = AXIS2_PLACEMENT_3D('',#7443,#7444,#7445);
#7443 = CARTESIAN_POINT('',(70.320508075689,0.,-28.5));
#7444 = DIRECTION('',(2.780384618192E-16,1.86391857321E-15,1.));
#7445 = DIRECTION('',(1.,-1.917585958567E-16,-2.780384618192E-16));
#7446 = DEFINITIONAL_REPRESENTATION('',(#7447),#7549);
#7447 = B_SPLINE_CURVE_WITH_KNOTS('',3,(#7448,#7449,#7450,#7451,#7452,
    #7453,#7454,#7455,#7456,#7457,#7458,#7459,#7460,#7461,#7462,#7463,
    #7464,#7465,#7466,#7467,#7468,#7469,#7470,#7471,#7472,#7473,#7474,
    #7475,#7476,#7477,#7478,#7479,#7480,#7481,#7482,#7483,#7484,#7485,
    #7486,#7487,#7488,#7489,#7490,#7491,#7492,#7493,#7494,#7495,#7496,
    #7497,#7498,#7499,#7500,#7501,#7502,#7503,#7504,#7505,#7506,#7507,
    #7508,#7509,#7510,#7511,#7512,#7513,#7514,#7515,#7516,#7517,#7518,
    #7519,#7520,#7521,#7522,#7523,#7524,#7525,#7526,#7527,#7528,#7529,
    #7530,#7531,#7532,#7533,#7534,#7535,#7536,#7537,#7538,#7539,#7540,
    #7541,#7542,#7543,#7544,#7545,#7546,#7547,#7548),.UNSPECIFIED.,.F.,
  .F.,(4,1,1,1,1,1,1,1,1,1,1,1,1,1,1,1,1,1,1,1,1,1,1,1,1,1,1,1,1,1,1,1,1
    ,1,1,1,1,1,1,1,1,1,1,1,1,1,1,1,1,1,1,1,1,1,1,1,1,1,1,1,1,1,1,1,1,1,1
    ,1,1,1,1,1,1,1,1,1,1,1,1,1,1,1,1,1,1,1,1,1,1,1,1,1,1,1,1,1,1,1,4),(
    0.,4.723282016847E-03,9.514454336009E-03,1.455684604926E-02,
    2.000091975438E-02,2.595818016451E-02,3.250479129167E-02,
    3.96887894112E-02,4.753708013963E-02,5.606092810048E-02,
    6.525988994889E-02,7.512451417629E-02,8.563815405804E-02,
    9.677817025697E-02,0.108516725585,0.120821316956,0.133655148333,
    0.146977418882,0.16074357851,0.174905585911,0.189412190531,
    0.204209248955,0.219240077706,0.234445838157,0.249765945186,
    0.26513848898,0.28050065887,0.295789158863,0.310940606169,
    0.325891906261,0.340580600428,0.354945184105,0.368925396403,
    0.382462482971,0.395499435671,0.407981213444,0.419854949216,
    0.431070147802,0.441578879446,0.451335972959,0.460299211368,
    0.468429531632,0.47569122832,0.482052159426,0.487483950692,
    0.491962193245,0.49546662814,0.497981310719,0.499494747627,0.5,
    0.500505252373,0.502018689281,0.50453337186,0.508037806755,
    0.512516049308,0.517947840574,0.52430877168,0.531570468368,
    0.539700788632,0.548664027041,0.558421120554,0.568929852198,
    0.580145050784,0.592018786556,0.604500564329,0.617537517029,
    0.631074603597,0.645054815895,0.659419399572,0.674108093739,
    0.689059393831,0.704210841137,0.71949934113,0.73486151102,
    0.750234054814,0.765554161843,0.780759922294,0.795790751045,
    0.810587809469,0.825094414089,0.83925642149,0.853022581118,
    0.866344851667,0.879178683044,0.891483274415,0.903221829743,
    0.914361845942,0.924875485824,0.934740110051,0.9439390719,
    0.95246291986,0.960311210589,0.967495208708,0.974041819835,
    0.979999080246,0.985443153951,0.990485545664,0.995276717983,1.),
  .UNSPECIFIED.);
#7448 = CARTESIAN_POINT('',(0.,0.));
#7449 = CARTESIAN_POINT('',(-2.908041315095E-04,4.243924044844E-02));
#7450 = CARTESIAN_POINT('',(8.968108936443E-03,0.127398841277));
#7451 = CARTESIAN_POINT('',(4.936110367947E-02,0.25204732539));
#7452 = CARTESIAN_POINT('',(0.116549610351,0.371761434061));
#7453 = CARTESIAN_POINT('',(0.209438938125,0.486369663497));
#7454 = CARTESIAN_POINT('',(0.327461499489,0.59561768775));
#7455 = CARTESIAN_POINT('',(0.470043685605,0.699240763595));
#7456 = CARTESIAN_POINT('',(0.63664304411,0.796832837821));
#7457 = CARTESIAN_POINT('',(0.826634707474,0.887902278854));
#7458 = CARTESIAN_POINT('',(1.039297546174,0.971912241177));
#7459 = CARTESIAN_POINT('',(1.273804328622,1.048326260332));
#7460 = CARTESIAN_POINT('',(1.529226151128,1.116642432156));
#7461 = CARTESIAN_POINT('',(1.804538094946,1.176421135998));
#7462 = CARTESIAN_POINT('',(2.098626079695,1.227306277771));
#7463 = CARTESIAN_POINT('',(2.410293572031,1.269041097511));
#7464 = CARTESIAN_POINT('',(2.738268201741,1.301478749521));
#7465 = CARTESIAN_POINT('',(3.081208244859,1.324587887397));
#7466 = CARTESIAN_POINT('',(3.437709041457,1.338453488469));
#7467 = CARTESIAN_POINT('',(3.806309389056,1.343273291563));
#7468 = CARTESIAN_POINT('',(4.185497947902,1.339350371983));
#7469 = CARTESIAN_POINT('',(4.57371968273,1.3270825233));
#7470 = CARTESIAN_POINT('',(4.969382358687,1.30694922923));
#7471 = CARTESIAN_POINT('',(5.370863102705,1.279497079702));
#7472 = CARTESIAN_POINT('',(5.776515035736,1.245324506391));
#7473 = CARTESIAN_POINT('',(6.184673975196,1.205066683444));
#7474 = CARTESIAN_POINT('',(6.593665200842,1.15938136118));
#7475 = CARTESIAN_POINT('',(7.00181027121,1.108936280239));
#7476 = CARTESIAN_POINT('',(7.407433872182,1.054398659447));
#7477 = CARTESIAN_POINT('',(7.80887067442,0.996427073167));
#7478 = CARTESIAN_POINT('',(8.20447217267,0.935665845128));
#7479 = CARTESIAN_POINT('',(8.592613477233,0.872741898237));
#7480 = CARTESIAN_POINT('',(8.971700026712,0.808263825851));
#7481 = CARTESIAN_POINT('',(9.340174189531,0.742822800763));
#7482 = CARTESIAN_POINT('',(9.696521726026,0.676994822941));
#7483 = CARTESIAN_POINT('',(10.039278069256,0.61134373287));
#7484 = CARTESIAN_POINT('',(10.36703443472,0.546424388103));
#7485 = CARTESIAN_POINT('',(10.678443591246,0.482785417179));
#7486 = CARTESIAN_POINT('',(10.972225748836,0.420971025041));
#7487 = CARTESIAN_POINT('',(11.247172877466,0.361521422418));
#7488 = CARTESIAN_POINT('',(11.502157067623,0.304971579336));
#7489 = CARTESIAN_POINT('',(11.736124020016,0.251848154072));
#7490 = CARTESIAN_POINT('',(11.948134001146,0.20266459879));
#7491 = CARTESIAN_POINT('',(12.137248018965,0.157914624877));
#7492 = CARTESIAN_POINT('',(12.302901077362,0.118064269176));
#7493 = CARTESIAN_POINT('',(12.44377871357,8.354318066014E-02));
#7494 = CARTESIAN_POINT('',(12.561122034548,5.473504920415E-02));
#7495 = CARTESIAN_POINT('',(12.649554402437,3.196940927653E-02));
#7496 = CARTESIAN_POINT('',(12.720648710666,1.551090089671E-02));
#7497 = CARTESIAN_POINT('',(12.749650869541,5.557379670429E-03));
#7498 = CARTESIAN_POINT('',(12.784817586862,1.852345329631E-15));
#7499 = CARTESIAN_POINT('',(12.749650869541,-5.557379670423E-03));
#7500 = CARTESIAN_POINT('',(12.720648710666,-1.551090089671E-02));
#7501 = CARTESIAN_POINT('',(12.649554402437,-3.196940927653E-02));
#7502 = CARTESIAN_POINT('',(12.561122034548,-5.473504920414E-02));
#7503 = CARTESIAN_POINT('',(12.44377871357,-8.354318066014E-02));
#7504 = CARTESIAN_POINT('',(12.302901077362,-0.118064269176));
#7505 = CARTESIAN_POINT('',(12.137248018965,-0.157914624877));
#7506 = CARTESIAN_POINT('',(11.948134001146,-0.20266459879));
#7507 = CARTESIAN_POINT('',(11.736124020016,-0.251848154072));
#7508 = CARTESIAN_POINT('',(11.502157067623,-0.304971579336));
#7509 = CARTESIAN_POINT('',(11.247172877466,-0.361521422418));
#7510 = CARTESIAN_POINT('',(10.972225748836,-0.420971025041));
#7511 = CARTESIAN_POINT('',(10.678443591246,-0.482785417179));
#7512 = CARTESIAN_POINT('',(10.36703443472,-0.546424388103));
#7513 = CARTESIAN_POINT('',(10.039278069256,-0.61134373287));
#7514 = CARTESIAN_POINT('',(9.696521726026,-0.676994822941));
#7515 = CARTESIAN_POINT('',(9.340174189531,-0.742822800763));
#7516 = CARTESIAN_POINT('',(8.971700026712,-0.808263825851));
#7517 = CARTESIAN_POINT('',(8.592613477233,-0.872741898237));
#7518 = CARTESIAN_POINT('',(8.20447217267,-0.935665845128));
#7519 = CARTESIAN_POINT('',(7.80887067442,-0.996427073167));
#7520 = CARTESIAN_POINT('',(7.407433872182,-1.054398659447));
#7521 = CARTESIAN_POINT('',(7.00181027121,-1.108936280239));
#7522 = CARTESIAN_POINT('',(6.593665200842,-1.15938136118));
#7523 = CARTESIAN_POINT('',(6.184673975196,-1.205066683444));
#7524 = CARTESIAN_POINT('',(5.776515035736,-1.245324506391));
#7525 = CARTESIAN_POINT('',(5.370863102705,-1.279497079702));
#7526 = CARTESIAN_POINT('',(4.969382358687,-1.30694922923));
#7527 = CARTESIAN_POINT('',(4.57371968273,-1.3270825233));
#7528 = CARTESIAN_POINT('',(4.185497947902,-1.339350371983));
#7529 = CARTESIAN_POINT('',(3.806309389056,-1.343273291563));
#7530 = CARTESIAN_POINT('',(3.437709041456,-1.338453488469));
#7531 = CARTESIAN_POINT('',(3.081208244863,-1.324587887397));
#7532 = CARTESIAN_POINT('',(2.738268201729,-1.301478749521));
#7533 = CARTESIAN_POINT('',(2.410293572071,-1.269041097511));
#7534 = CARTESIAN_POINT('',(2.098626079555,-1.227306277771));
#7535 = CARTESIAN_POINT('',(1.804538095428,-1.176421135998));
#7536 = CARTESIAN_POINT('',(1.529226149482,-1.116642432156));
#7537 = CARTESIAN_POINT('',(1.273804334193,-1.048326260332));
#7538 = CARTESIAN_POINT('',(1.039297527492,-0.971912241177));
#7539 = CARTESIAN_POINT('',(0.826634769544,-0.887902278854));
#7540 = CARTESIAN_POINT('',(0.636642839772,-0.796832837821));
#7541 = CARTESIAN_POINT('',(0.470044352886,-0.699240763595));
#7542 = CARTESIAN_POINT('',(0.327459332012,-0.59561768775));
#7543 = CARTESIAN_POINT('',(0.209445980359,-0.486369663497));
#7544 = CARTESIAN_POINT('',(0.116526496701,-0.371761434061));
#7545 = CARTESIAN_POINT('',(4.943889578449E-02,-0.25204732539));
#7546 = CARTESIAN_POINT('',(8.694738374999E-03,-0.127398841277));
#7547 = CARTESIAN_POINT('',(2.908041315095E-04,-4.243924044844E-02));
#7548 = CARTESIAN_POINT('',(0.,2.775557561563E-17));
#7549 = ( GEOMETRIC_REPRESENTATION_CONTEXT(2) 
PARAMETRIC_REPRESENTATION_CONTEXT() REPRESENTATION_CONTEXT('2D SPACE',''
  ) );
#7550 = ORIENTED_EDGE('',*,*,#7296,.T.);
#7551 = ORIENTED_EDGE('',*,*,#6529,.T.);
#7552 = ORIENTED_EDGE('',*,*,#6613,.T.);
#7553 = ORIENTED_EDGE('',*,*,#6720,.F.);
#7554 = ORIENTED_EDGE('',*,*,#7555,.T.);
#7555 = EDGE_CURVE('',#6721,#7556,#7558,.T.);
#7556 = VERTEX_POINT('',#7557);
#7557 = CARTESIAN_POINT('',(54.328170819932,-4.326517816662E-18,-1.3));
#7558 = SEAM_CURVE('',#7559,(#7573,#7580),.PCURVE_S1.);
#7559 = ( BOUNDED_CURVE() B_SPLINE_CURVE(7,(#7560,#7561,#7562,#7563,
    #7564,#7565,#7566,#7567,#7568,#7569,#7570,#7571,#7572),
.UNSPECIFIED.,.F.,.F.) B_SPLINE_CURVE_WITH_KNOTS((8,5,8),(0.,0.5,1.),
.UNSPECIFIED.) CURVE() GEOMETRIC_REPRESENTATION_ITEM() 
RATIONAL_B_SPLINE_CURVE((1.,1.,1.000000000001,0.999999999999,
    1.000000000001,1.,1.,1.,1.,0.999999999999,1.,1.,1.)) 
REPRESENTATION_ITEM('') );
#7560 = CARTESIAN_POINT('',(70.320508075689,0.,-28.5));
#7561 = CARTESIAN_POINT('',(70.320508075724,9.71445146547E-18,
    -24.21428571429));
#7562 = CARTESIAN_POINT('',(58.196152422628,-9.665218361095E-17,
    -19.92857142854));
#7563 = CARTESIAN_POINT('',(74.131019852451,2.443303496035E-16,
    -15.64285714288));
#7564 = CARTESIAN_POINT('',(49.189488223296,-2.494849565031E-16,
    -11.35714285713));
#7565 = CARTESIAN_POINT('',(65.124355652999,1.072918209304E-16,
    -7.071428571431));
#7566 = CARTESIAN_POINT('',(40.875644347008,-1.35047396546E-16,1.5));
#7567 = CARTESIAN_POINT('',(65.124355652992,1.072918209304E-16,
    10.071428571429));
#7568 = CARTESIAN_POINT('',(49.189488223333,-2.494849565032E-16,
    14.357142857139));
#7569 = CARTESIAN_POINT('',(74.13101985237,2.443303496034E-16,
    18.642857142865));
#7570 = CARTESIAN_POINT('',(58.196152422692,-9.665218361099E-17,
    22.928571428564));
#7571 = CARTESIAN_POINT('',(70.320508075696,9.714451465467E-18,
    27.214285714289));
#7572 = CARTESIAN_POINT('',(70.320508075689,0.,31.5));
#7573 = PCURVE('',#4897,#7574);
#7574 = DEFINITIONAL_REPRESENTATION('',(#7575),#7579);
#7575 = LINE('',#7576,#7577);
#7576 = CARTESIAN_POINT('',(0.,0.));
#7577 = VECTOR('',#7578,1.);
#7578 = DIRECTION('',(0.,1.));
#7579 = ( GEOMETRIC_REPRESENTATION_CONTEXT(2) 
PARAMETRIC_REPRESENTATION_CONTEXT() REPRESENTATION_CONTEXT('2D SPACE',''
  ) );
#7580 = PCURVE('',#4897,#7581);
#7581 = DEFINITIONAL_REPRESENTATION('',(#7582),#7586);
#7582 = LINE('',#7583,#7584);
#7583 = CARTESIAN_POINT('',(1.,0.));
#7584 = VECTOR('',#7585,1.);
#7585 = DIRECTION('',(0.,1.));
#7586 = ( GEOMETRIC_REPRESENTATION_CONTEXT(2) 
PARAMETRIC_REPRESENTATION_CONTEXT() REPRESENTATION_CONTEXT('2D SPACE',''
  ) );
#7587 = ORIENTED_EDGE('',*,*,#7588,.T.);
#7588 = EDGE_CURVE('',#7556,#7589,#7591,.T.);
#7589 = VERTEX_POINT('',#7590);
#7590 = CARTESIAN_POINT('',(56.187508447655,-1.812497345023,-1.3));
#7591 = SURFACE_CURVE('',#7592,(#7672,#7755),.PCURVE_S1.);
#7592 = B_SPLINE_CURVE_WITH_KNOTS('',8,(#7593,#7594,#7595,#7596,#7597,
    #7598,#7599,#7600,#7601,#7602,#7603,#7604,#7605,#7606,#7607,#7608,
    #7609,#7610,#7611,#7612,#7613,#7614,#7615,#7616,#7617,#7618,#7619,
    #7620,#7621,#7622,#7623,#7624,#7625,#7626,#7627,#7628,#7629,#7630,
    #7631,#7632,#7633,#7634,#7635,#7636,#7637,#7638,#7639,#7640,#7641,
    #7642,#7643,#7644,#7645,#7646,#7647,#7648,#7649,#7650,#7651,#7652,
    #7653,#7654,#7655,#7656,#7657,#7658,#7659,#7660,#7661,#7662,#7663,
    #7664,#7665,#7666,#7667,#7668,#7669,#7670,#7671),.UNSPECIFIED.,.F.,
  .F.,(9,7,7,7,7,7,7,7,7,7,7,9),(0.,8.25507756819E-02,0.173453884568,
    0.231288418412,0.330449156682,0.404803270958,0.462631088037,
    0.553503243165,0.652637312355,0.735249530824,0.867429253073,1.),
  .UNSPECIFIED.);
#7593 = CARTESIAN_POINT('',(54.328170819932,0.,-1.3));
#7594 = CARTESIAN_POINT('',(54.328614819367,-6.479618668165E-02,-1.3));
#7595 = CARTESIAN_POINT('',(54.332678976072,-0.129366739575,-1.3));
#7596 = CARTESIAN_POINT('',(54.340362101049,-0.193506605767,-1.3));
#7597 = CARTESIAN_POINT('',(54.352227079091,-0.256998705722,-1.3));
#7598 = CARTESIAN_POINT('',(54.368502761329,-0.319651968395,-1.3));
#7599 = CARTESIAN_POINT('',(54.388795701934,-0.381282411479,-1.3));
#7600 = CARTESIAN_POINT('',(54.412411738966,-0.441637266775,-1.3));
#7601 = CARTESIAN_POINT('',(54.468882330911,-0.564818590777,-1.3));
#7602 = CARTESIAN_POINT('',(54.502423010692,-0.627519305159,-1.3));
#7603 = CARTESIAN_POINT('',(54.53949603507,-0.688252540003,-1.3));
#7604 = CARTESIAN_POINT('',(54.579737090663,-0.746930292356,-1.3));
#7605 = CARTESIAN_POINT('',(54.622807646705,-0.803525178819,-1.3));
#7606 = CARTESIAN_POINT('',(54.668356407485,-0.858085219248,-1.3));
#7607 = CARTESIAN_POINT('',(54.716033427416,-0.910708096114,-1.3));
#7608 = CARTESIAN_POINT('',(54.797175862143,-0.993743656188,-1.3));
#7609 = CARTESIAN_POINT('',(54.829504987011,-1.025268854575,-1.3));
#7610 = CARTESIAN_POINT('',(54.862548858503,-1.056055912461,-1.3));
#7611 = CARTESIAN_POINT('',(54.896249019931,-1.086127922032,-1.3));
#7612 = CARTESIAN_POINT('',(54.930551845263,-1.115507200552,-1.3));
#7613 = CARTESIAN_POINT('',(54.965408539113,-1.144215290365,-1.3));
#7614 = CARTESIAN_POINT('',(55.000775136748,-1.1722729589,-1.3));
#7615 = CARTESIAN_POINT('',(55.098057795799,-1.246725827866,-1.3));
#7616 = CARTESIAN_POINT('',(55.160906956238,-1.291910715048,-1.3));
#7617 = CARTESIAN_POINT('',(55.225016569922,-1.335318932697,-1.3));
#7618 = CARTESIAN_POINT('',(55.290151251552,-1.377168785387,-1.3));
#7619 = CARTESIAN_POINT('',(55.356215792211,-1.417494614517,-1.3));
#7620 = CARTESIAN_POINT('',(55.42315687953,-1.456308485747,-1.3));
#7621 = CARTESIAN_POINT('',(55.490842141549,-1.493783806878,-1.3));
#7622 = CARTESIAN_POINT('',(55.610499519159,-1.557126260378,-1.3));
#7623 = CARTESIAN_POINT('',(55.662155836542,-1.583549058352,-1.3));
#7624 = CARTESIAN_POINT('',(55.714166900893,-1.609272632809,-1.3));
#7625 = CARTESIAN_POINT('',(55.766506266631,-1.634323187582,-1.3));
#7626 = CARTESIAN_POINT('',(55.819148398063,-1.65872918908,-1.3));
#7627 = CARTESIAN_POINT('',(55.87206970953,-1.682518740014,-1.3));
#7628 = CARTESIAN_POINT('',(55.925249605561,-1.705716953132,-1.3));
#7629 = CARTESIAN_POINT('',(56.020219628824,-1.745940652302,-1.3));
#7630 = CARTESIAN_POINT('',(56.061913975823,-1.763190893671,-1.3));
#7631 = CARTESIAN_POINT('',(56.10374771726,-1.780102873134,-1.3));
#7632 = CARTESIAN_POINT('',(56.145714008377,-1.796685414783,-1.3));
#7633 = CARTESIAN_POINT('',(56.187806004416,-1.812947342709,-1.3));
#7634 = CARTESIAN_POINT('',(56.230016860618,-1.828897481003,-1.3));
#7635 = CARTESIAN_POINT('',(56.272339732224,-1.844544653758,-1.3));
#7636 = CARTESIAN_POINT('',(56.381440317761,-1.884023842905,-1.3));
#7637 = CARTESIAN_POINT('',(56.44837242544,-1.907424303004,-1.3));
#7638 = CARTESIAN_POINT('',(56.515547877375,-1.930122039889,-1.3));
#7639 = CARTESIAN_POINT('',(56.582949123028,-1.952145360922,-1.3));
#7640 = CARTESIAN_POINT('',(56.650561144631,-1.973514634076,-1.3));
#7641 = CARTESIAN_POINT('',(56.718367934464,-1.994254138551,-1.3));
#7642 = CARTESIAN_POINT('',(56.786350893258,-2.014397340539,-1.3));
#7643 = CARTESIAN_POINT('',(56.928841860145,-2.055288495149,-1.3));
#7644 = CARTESIAN_POINT('',(57.0033852522,-2.075927631729,-1.3));
#7645 = CARTESIAN_POINT('',(57.078114750314,-2.095892320511,-1.3));
#7646 = CARTESIAN_POINT('',(57.153013156997,-2.115213634204,-1.3));
#7647 = CARTESIAN_POINT('',(57.228074144993,-2.133893780635,-1.3));
#7648 = CARTESIAN_POINT('',(57.303275024329,-2.15199184708,-1.3));
#7649 = CARTESIAN_POINT('',(57.378613402606,-2.169496673638,-1.3));
#7650 = CARTESIAN_POINT('',(57.516965413811,-2.200549056308,-1.3));
#7651 = CARTESIAN_POINT('',(57.579942093374,-2.214269718666,-1.3));
#7652 = CARTESIAN_POINT('',(57.643002359624,-2.227605075299,-1.3));
#7653 = CARTESIAN_POINT('',(57.7061408513,-2.240565836457,-1.3));
#7654 = CARTESIAN_POINT('',(57.769352493338,-2.253162867179,-1.3));
#7655 = CARTESIAN_POINT('',(57.832632643966,-2.265405945939,-1.3));
#7656 = CARTESIAN_POINT('',(57.895977351324,-2.277303040021,-1.3));
#7657 = CARTESIAN_POINT('',(58.060834041374,-2.307351413987,-1.3));
#7658 = CARTESIAN_POINT('',(58.162442602993,-2.324972954737,-1.3));
#7659 = CARTESIAN_POINT('',(58.264193929799,-2.341761437927,-1.3));
#7660 = CARTESIAN_POINT('',(58.36607913505,-2.357725350976,-1.3));
#7661 = CARTESIAN_POINT('',(58.468076907276,-2.372946730509,-1.3));
#7662 = CARTESIAN_POINT('',(58.570185760445,-2.387394650769,-1.3));
#7663 = CARTESIAN_POINT('',(58.672391970853,-2.401121001904,-1.3));
#7664 = CARTESIAN_POINT('',(58.877287401644,-2.427201328425,-1.3));
#7665 = CARTESIAN_POINT('',(58.979976741559,-2.439551226467,-1.3));
#7666 = CARTESIAN_POINT('',(59.082747054574,-2.451220605041,-1.3));
#7667 = CARTESIAN_POINT('',(59.185590789336,-2.462227889276,-1.3));
#7668 = CARTESIAN_POINT('',(59.288501180166,-2.472589809215,-1.3));
#7669 = CARTESIAN_POINT('',(59.391471762304,-2.482325576219,-1.3));
#7670 = CARTESIAN_POINT('',(59.494496406048,-2.491456350536,-1.3));
#7671 = CARTESIAN_POINT('',(59.597569869807,-2.5,-1.3));
#7672 = PCURVE('',#4897,#7673);
#7673 = DEFINITIONAL_REPRESENTATION('',(#7674),#7754);
#7674 = B_SPLINE_CURVE_WITH_KNOTS('',8,(#7675,#7676,#7677,#7678,#7679,
    #7680,#7681,#7682,#7683,#7684,#7685,#7686,#7687,#7688,#7689,#7690,
    #7691,#7692,#7693,#7694,#7695,#7696,#7697,#7698,#7699,#7700,#7701,
    #7702,#7703,#7704,#7705,#7706,#7707,#7708,#7709,#7710,#7711,#7712,
    #7713,#7714,#7715,#7716,#7717,#7718,#7719,#7720,#7721,#7722,#7723,
    #7724,#7725,#7726,#7727,#7728,#7729,#7730,#7731,#7732,#7733,#7734,
    #7735,#7736,#7737,#7738,#7739,#7740,#7741,#7742,#7743,#7744,#7745,
    #7746,#7747,#7748,#7749,#7750,#7751,#7752,#7753),.UNSPECIFIED.,.F.,
  .F.,(9,7,7,7,7,7,7,7,7,7,7,9),(0.,8.25507756819E-02,0.173453884568,
    0.231288418412,0.330449156682,0.404803270958,0.462631088037,
    0.553503243165,0.652637312355,0.735249530824,0.867429253073,1.),
  .UNSPECIFIED.);
#7675 = CARTESIAN_POINT('',(1.,0.453333333333));
#7676 = CARTESIAN_POINT('',(0.99875016303,0.453333333333));
#7677 = CARTESIAN_POINT('',(0.997500215472,0.453333333333));
#7678 = CARTESIAN_POINT('',(0.996249357994,0.453333333333));
#7679 = CARTESIAN_POINT('',(0.994999496808,0.453333333333));
#7680 = CARTESIAN_POINT('',(0.993750802948,0.453333333333));
#7681 = CARTESIAN_POINT('',(0.992501051803,0.453333333333));
#7682 = CARTESIAN_POINT('',(0.991248742913,0.453333333333));
#7683 = CARTESIAN_POINT('',(0.988624911613,0.453333333333));
#7684 = CARTESIAN_POINT('',(0.987249035429,0.453333333333));
#7685 = CARTESIAN_POINT('',(0.985876438981,0.453333333333));
#7686 = CARTESIAN_POINT('',(0.98450038634,0.453333333333));
#7687 = CARTESIAN_POINT('',(0.983123667139,0.453333333333));
#7688 = CARTESIAN_POINT('',(0.981750256083,0.453333333333));
#7689 = CARTESIAN_POINT('',(0.980375246317,0.453333333333));
#7690 = CARTESIAN_POINT('',(0.978125038399,0.453333333333));
#7691 = CARTESIAN_POINT('',(0.977250064868,0.453333333333));
#7692 = CARTESIAN_POINT('',(0.976375061013,0.453333333333));
#7693 = CARTESIAN_POINT('',(0.975500023538,0.453333333333));
#7694 = CARTESIAN_POINT('',(0.974624964249,0.453333333333));
#7695 = CARTESIAN_POINT('',(0.973749910046,0.453333333333));
#7696 = CARTESIAN_POINT('',(0.97287490293,0.453333333333));
#7697 = CARTESIAN_POINT('',(0.970499927038,0.453333333333));
#7698 = CARTESIAN_POINT('',(0.96899981698,0.453333333333));
#7699 = CARTESIAN_POINT('',(0.967500537258,0.453333333333));
#7700 = CARTESIAN_POINT('',(0.96600002332,0.453333333333));
#7701 = CARTESIAN_POINT('',(0.964499407836,0.453333333333));
#7702 = CARTESIAN_POINT('',(0.963000070512,0.453333333333));
#7703 = CARTESIAN_POINT('',(0.96150026757,0.453333333333));
#7704 = CARTESIAN_POINT('',(0.958875048045,0.453333333333));
#7705 = CARTESIAN_POINT('',(0.957750006532,0.453333333333));
#7706 = CARTESIAN_POINT('',(0.956624984179,0.453333333333));
#7707 = CARTESIAN_POINT('',(0.95550000829,0.453333333333));
#7708 = CARTESIAN_POINT('',(0.954375055717,0.453333333333));
#7709 = CARTESIAN_POINT('',(0.953250083831,0.453333333333));
#7710 = CARTESIAN_POINT('',(0.952125061489,0.453333333333));
#7711 = CARTESIAN_POINT('',(0.950125,0.453333333333));
#7712 = CARTESIAN_POINT('',(0.94925,0.453333333333));
#7713 = CARTESIAN_POINT('',(0.948375,0.453333333333));
#7714 = CARTESIAN_POINT('',(0.9475,0.453333333333));
#7715 = CARTESIAN_POINT('',(0.946625,0.453333333333));
#7716 = CARTESIAN_POINT('',(0.94575,0.453333333333));
#7717 = CARTESIAN_POINT('',(0.944875,0.453333333333));
#7718 = CARTESIAN_POINT('',(0.94262500195,0.453333333333));
#7719 = CARTESIAN_POINT('',(0.941249996173,0.453333333333));
#7720 = CARTESIAN_POINT('',(0.939875004027,0.453333333333));
#7721 = CARTESIAN_POINT('',(0.938499991412,0.453333333333));
#7722 = CARTESIAN_POINT('',(0.937124998635,0.453333333333));
#7723 = CARTESIAN_POINT('',(0.935750025255,0.453333333333));
#7724 = CARTESIAN_POINT('',(0.934374979275,0.453333333333));
#7725 = CARTESIAN_POINT('',(0.931500010367,0.453333333333));
#7726 = CARTESIAN_POINT('',(0.929999995838,0.453333333333));
#7727 = CARTESIAN_POINT('',(0.928499993602,0.453333333333));
#7728 = CARTESIAN_POINT('',(0.926999963197,0.453333333333));
#7729 = CARTESIAN_POINT('',(0.925500065852,0.453333333333));
#7730 = CARTESIAN_POINT('',(0.92399998349,0.453333333333));
#7731 = CARTESIAN_POINT('',(0.922499985044,0.453333333333));
#7732 = CARTESIAN_POINT('',(0.919750004986,0.453333333333));
#7733 = CARTESIAN_POINT('',(0.91849999536,0.453333333333));
#7734 = CARTESIAN_POINT('',(0.917249995313,0.453333333333));
#7735 = CARTESIAN_POINT('',(0.916000001909,0.453333333333));
#7736 = CARTESIAN_POINT('',(0.914750005345,0.453333333333));
#7737 = CARTESIAN_POINT('',(0.913500001321,0.453333333333));
#7738 = CARTESIAN_POINT('',(0.912249995489,0.453333333333));
#7739 = CARTESIAN_POINT('',(0.909000004605,0.453333333333));
#7740 = CARTESIAN_POINT('',(0.907000019489,0.453333333333));
#7741 = CARTESIAN_POINT('',(0.905000011492,0.453333333333));
#7742 = CARTESIAN_POINT('',(0.90300015103,0.453333333333));
#7743 = CARTESIAN_POINT('',(0.900999995872,0.453333333333));
#7744 = CARTESIAN_POINT('',(0.899000027761,0.453333333333));
#7745 = CARTESIAN_POINT('',(0.897000012138,0.453333333333));
#7746 = CARTESIAN_POINT('',(0.892994071265,0.453333333333));
#7747 = CARTESIAN_POINT('',(0.890988151725,0.453333333333));
#7748 = CARTESIAN_POINT('',(0.888982190744,0.453333333333));
#7749 = CARTESIAN_POINT('',(0.886976216254,0.453333333333));
#7750 = CARTESIAN_POINT('',(0.88497025992,0.453333333333));
#7751 = CARTESIAN_POINT('',(0.882964322028,0.453333333333));
#7752 = CARTESIAN_POINT('',(0.880958376109,0.453333333333));
#7753 = CARTESIAN_POINT('',(0.878952413267,0.453333333333));
#7754 = ( GEOMETRIC_REPRESENTATION_CONTEXT(2) 
PARAMETRIC_REPRESENTATION_CONTEXT() REPRESENTATION_CONTEXT('2D SPACE',''
  ) );
#7755 = PCURVE('',#7756,#7761);
#7756 = PLANE('',#7757);
#7757 = AXIS2_PLACEMENT_3D('',#7758,#7759,#7760);
#7758 = CARTESIAN_POINT('',(50.,-2.5,-1.3));
#7759 = DIRECTION('',(0.,0.,1.));
#7760 = DIRECTION('',(1.,0.,0.));
#7761 = DEFINITIONAL_REPRESENTATION('',(#7762),#7842);
#7762 = B_SPLINE_CURVE_WITH_KNOTS('',8,(#7763,#7764,#7765,#7766,#7767,
    #7768,#7769,#7770,#7771,#7772,#7773,#7774,#7775,#7776,#7777,#7778,
    #7779,#7780,#7781,#7782,#7783,#7784,#7785,#7786,#7787,#7788,#7789,
    #7790,#7791,#7792,#7793,#7794,#7795,#7796,#7797,#7798,#7799,#7800,
    #7801,#7802,#7803,#7804,#7805,#7806,#7807,#7808,#7809,#7810,#7811,
    #7812,#7813,#7814,#7815,#7816,#7817,#7818,#7819,#7820,#7821,#7822,
    #7823,#7824,#7825,#7826,#7827,#7828,#7829,#7830,#7831,#7832,#7833,
    #7834,#7835,#7836,#7837,#7838,#7839,#7840,#7841),.UNSPECIFIED.,.F.,
  .F.,(9,7,7,7,7,7,7,7,7,7,7,9),(0.,8.25507756819E-02,0.173453884568,
    0.231288418412,0.330449156682,0.404803270958,0.462631088037,
    0.553503243165,0.652637312355,0.735249530824,0.867429253073,1.),
  .UNSPECIFIED.);
#7763 = CARTESIAN_POINT('',(4.328170819932,2.5));
#7764 = CARTESIAN_POINT('',(4.328614819367,2.435203813318));
#7765 = CARTESIAN_POINT('',(4.332678976072,2.370633260425));
#7766 = CARTESIAN_POINT('',(4.340362101049,2.306493394233));
#7767 = CARTESIAN_POINT('',(4.352227079091,2.243001294278));
#7768 = CARTESIAN_POINT('',(4.368502761329,2.180348031605));
#7769 = CARTESIAN_POINT('',(4.388795701934,2.118717588521));
#7770 = CARTESIAN_POINT('',(4.412411738966,2.058362733225));
#7771 = CARTESIAN_POINT('',(4.468882330911,1.935181409223));
#7772 = CARTESIAN_POINT('',(4.502423010692,1.872480694841));
#7773 = CARTESIAN_POINT('',(4.53949603507,1.811747459997));
#7774 = CARTESIAN_POINT('',(4.579737090663,1.753069707644));
#7775 = CARTESIAN_POINT('',(4.622807646705,1.696474821181));
#7776 = CARTESIAN_POINT('',(4.668356407485,1.641914780752));
#7777 = CARTESIAN_POINT('',(4.716033427416,1.589291903886));
#7778 = CARTESIAN_POINT('',(4.797175862143,1.506256343812));
#7779 = CARTESIAN_POINT('',(4.829504987011,1.474731145425));
#7780 = CARTESIAN_POINT('',(4.862548858503,1.443944087539));
#7781 = CARTESIAN_POINT('',(4.896249019931,1.413872077968));
#7782 = CARTESIAN_POINT('',(4.930551845263,1.384492799448));
#7783 = CARTESIAN_POINT('',(4.965408539113,1.355784709635));
#7784 = CARTESIAN_POINT('',(5.000775136748,1.3277270411));
#7785 = CARTESIAN_POINT('',(5.098057795799,1.253274172134));
#7786 = CARTESIAN_POINT('',(5.160906956238,1.208089284952));
#7787 = CARTESIAN_POINT('',(5.225016569922,1.164681067303));
#7788 = CARTESIAN_POINT('',(5.290151251552,1.122831214613));
#7789 = CARTESIAN_POINT('',(5.356215792211,1.082505385483));
#7790 = CARTESIAN_POINT('',(5.42315687953,1.043691514253));
#7791 = CARTESIAN_POINT('',(5.490842141549,1.006216193122));
#7792 = CARTESIAN_POINT('',(5.610499519159,0.942873739622));
#7793 = CARTESIAN_POINT('',(5.662155836542,0.916450941648));
#7794 = CARTESIAN_POINT('',(5.714166900893,0.890727367191));
#7795 = CARTESIAN_POINT('',(5.766506266631,0.865676812418));
#7796 = CARTESIAN_POINT('',(5.819148398063,0.84127081092));
#7797 = CARTESIAN_POINT('',(5.87206970953,0.817481259986));
#7798 = CARTESIAN_POINT('',(5.925249605561,0.794283046868));
#7799 = CARTESIAN_POINT('',(6.020219628824,0.754059347698));
#7800 = CARTESIAN_POINT('',(6.061913975823,0.736809106329));
#7801 = CARTESIAN_POINT('',(6.10374771726,0.719897126866));
#7802 = CARTESIAN_POINT('',(6.145714008377,0.703314585217));
#7803 = CARTESIAN_POINT('',(6.187806004416,0.687052657291));
#7804 = CARTESIAN_POINT('',(6.230016860618,0.671102518997));
#7805 = CARTESIAN_POINT('',(6.272339732224,0.655455346242));
#7806 = CARTESIAN_POINT('',(6.381440317761,0.615976157095));
#7807 = CARTESIAN_POINT('',(6.44837242544,0.592575696996));
#7808 = CARTESIAN_POINT('',(6.515547877375,0.569877960111));
#7809 = CARTESIAN_POINT('',(6.582949123028,0.547854639078));
#7810 = CARTESIAN_POINT('',(6.650561144631,0.526485365924));
#7811 = CARTESIAN_POINT('',(6.718367934464,0.505745861449));
#7812 = CARTESIAN_POINT('',(6.786350893258,0.485602659461));
#7813 = CARTESIAN_POINT('',(6.928841860145,0.444711504851));
#7814 = CARTESIAN_POINT('',(7.0033852522,0.424072368271));
#7815 = CARTESIAN_POINT('',(7.078114750314,0.404107679489));
#7816 = CARTESIAN_POINT('',(7.153013156997,0.384786365796));
#7817 = CARTESIAN_POINT('',(7.228074144993,0.366106219365));
#7818 = CARTESIAN_POINT('',(7.303275024329,0.34800815292));
#7819 = CARTESIAN_POINT('',(7.378613402606,0.330503326362));
#7820 = CARTESIAN_POINT('',(7.516965413811,0.299450943692));
#7821 = CARTESIAN_POINT('',(7.579942093374,0.285730281334));
#7822 = CARTESIAN_POINT('',(7.643002359624,0.272394924701));
#7823 = CARTESIAN_POINT('',(7.7061408513,0.259434163543));
#7824 = CARTESIAN_POINT('',(7.769352493338,0.246837132821));
#7825 = CARTESIAN_POINT('',(7.832632643966,0.234594054061));
#7826 = CARTESIAN_POINT('',(7.895977351324,0.222696959979));
#7827 = CARTESIAN_POINT('',(8.060834041374,0.192648586013));
#7828 = CARTESIAN_POINT('',(8.162442602993,0.175027045263));
#7829 = CARTESIAN_POINT('',(8.264193929799,0.158238562073));
#7830 = CARTESIAN_POINT('',(8.36607913505,0.142274649024));
#7831 = CARTESIAN_POINT('',(8.468076907276,0.127053269491));
#7832 = CARTESIAN_POINT('',(8.570185760445,0.112605349231));
#7833 = CARTESIAN_POINT('',(8.672391970853,9.887899809626E-02));
#7834 = CARTESIAN_POINT('',(8.877287401644,7.279867157513E-02));
#7835 = CARTESIAN_POINT('',(8.979976741559,6.044877353273E-02));
#7836 = CARTESIAN_POINT('',(9.082747054574,4.877939495923E-02));
#7837 = CARTESIAN_POINT('',(9.185590789336,3.777211072351E-02));
#7838 = CARTESIAN_POINT('',(9.288501180166,2.741019078534E-02));
#7839 = CARTESIAN_POINT('',(9.391471762304,1.767442378113E-02));
#7840 = CARTESIAN_POINT('',(9.494496406048,8.543649464274E-03));
#7841 = CARTESIAN_POINT('',(9.597569869807,-8.881784197001E-16));
#7842 = ( GEOMETRIC_REPRESENTATION_CONTEXT(2) 
PARAMETRIC_REPRESENTATION_CONTEXT() REPRESENTATION_CONTEXT('2D SPACE',''
  ) );
#7843 = ORIENTED_EDGE('',*,*,#7844,.T.);
#7844 = EDGE_CURVE('',#7589,#7845,#7847,.T.);
#7845 = VERTEX_POINT('',#7846);
#7846 = CARTESIAN_POINT('',(56.187508447655,-1.812497345023,4.3));
#7847 = SURFACE_CURVE('',#7848,(#7881,#7917),.PCURVE_S1.);
#7848 = B_SPLINE_CURVE_WITH_KNOTS('',7,(#7849,#7850,#7851,#7852,#7853,
    #7854,#7855,#7856,#7857,#7858,#7859,#7860,#7861,#7862,#7863,#7864,
    #7865,#7866,#7867,#7868,#7869,#7870,#7871,#7872,#7873,#7874,#7875,
    #7876,#7877,#7878,#7879,#7880),.UNSPECIFIED.,.F.,.F.,(8,6,6,6,6,8),(
    0.,0.226824724428,0.499320035787,0.62811268443,0.776737298177,1.),
  .UNSPECIFIED.);
#7849 = CARTESIAN_POINT('',(56.187508447655,-1.812497345023,-1.3));
#7850 = CARTESIAN_POINT('',(56.113928329709,-1.835622524948,
    -1.126244640849));
#7851 = CARTESIAN_POINT('',(56.04160600223,-1.858352399299,
    -0.951928086252));
#7852 = CARTESIAN_POINT('',(55.970900279587,-1.880574197844,
    -0.776861307391));
#7853 = CARTESIAN_POINT('',(55.902238618666,-1.902153576991,
    -0.600871463699));
#7854 = CARTESIAN_POINT('',(55.836185279646,-1.922913197826,
    -0.423776038179));
#7855 = CARTESIAN_POINT('',(55.773418983111,-1.942639748165,
    -0.245387548912));
#7856 = CARTESIAN_POINT('',(55.644414081994,-1.983184145659,
    0.150644916335));
#7857 = CARTESIAN_POINT('',(55.580121566942,-2.003390364675,
    0.368653425636));
#7858 = CARTESIAN_POINT('',(55.523299333485,-2.021248780905,
    0.589302218644));
#7859 = CARTESIAN_POINT('',(55.475971853967,-2.03612313161,
    0.812827912331));
#7860 = CARTESIAN_POINT('',(55.440835323233,-2.04716604127,
    1.038958093453));
#7861 = CARTESIAN_POINT('',(55.421333349498,-2.053295233015,
    1.266927983227));
#7862 = CARTESIAN_POINT('',(55.420841859161,-2.053449701407,
    1.603334809464));
#7863 = CARTESIAN_POINT('',(55.424986247146,-2.052147179468,
    1.71129797531));
#7864 = CARTESIAN_POINT('',(55.433078828252,-2.049603796835,
    1.819048743428));
#7865 = CARTESIAN_POINT('',(55.444736556884,-2.045939939265,
    1.926430104667));
#7866 = CARTESIAN_POINT('',(55.45961104694,-2.041265099533,2.03333878557
    ));
#7867 = CARTESIAN_POINT('',(55.477371240878,-2.035683324296,2.1397155898
    ));
#7868 = CARTESIAN_POINT('',(55.521227944316,-2.021899788929,
    2.367684530711));
#7869 = CARTESIAN_POINT('',(55.548182119489,-2.013428476732,
    2.489073712831));
#7870 = CARTESIAN_POINT('',(55.578150460676,-2.004009855216,
    2.609702064659));
#7871 = CARTESIAN_POINT('',(55.610745539741,-1.99376568751,
    2.729571806269));
#7872 = CARTESIAN_POINT('',(55.645632709759,-1.982801148361,
    2.848705569321));
#7873 = CARTESIAN_POINT('',(55.682526267742,-1.971206030138,
    2.967147551936));
#7874 = CARTESIAN_POINT('',(55.779259382086,-1.940804194201,
    3.261948608044));
#7875 = CARTESIAN_POINT('',(55.841302982934,-1.921304776792,
    3.43747778415));
#7876 = CARTESIAN_POINT('',(55.90649200467,-1.900816798532,
    3.611764453141));
#7877 = CARTESIAN_POINT('',(55.974183974207,-1.879542179535,
    3.784988456496));
#7878 = CARTESIAN_POINT('',(56.043844853633,-1.857648760287,
    3.957323444736));
#7879 = CARTESIAN_POINT('',(56.115067308815,-1.835264560087,
    4.128934276707));
#7880 = CARTESIAN_POINT('',(56.187508447655,-1.812497345023,4.3));
#7881 = PCURVE('',#4897,#7882);
#7882 = DEFINITIONAL_REPRESENTATION('',(#7883),#7916);
#7883 = B_SPLINE_CURVE_WITH_KNOTS('',7,(#7884,#7885,#7886,#7887,#7888,
    #7889,#7890,#7891,#7892,#7893,#7894,#7895,#7896,#7897,#7898,#7899,
    #7900,#7901,#7902,#7903,#7904,#7905,#7906,#7907,#7908,#7909,#7910,
    #7911,#7912,#7913,#7914,#7915),.UNSPECIFIED.,.F.,.F.,(8,6,6,6,6,8),(
    0.,0.226824724428,0.499320035787,0.62811268443,0.776737298177,1.),
  .UNSPECIFIED.);
#7884 = CARTESIAN_POINT('',(0.94663350515,0.453333333333));
#7885 = CARTESIAN_POINT('',(0.94574421346,0.456229255986));
#7886 = CARTESIAN_POINT('',(0.944862572194,0.459134531896));
#7887 = CARTESIAN_POINT('',(0.943993223702,0.462052311543));
#7888 = CARTESIAN_POINT('',(0.943142333049,0.464985475605));
#7889 = CARTESIAN_POINT('',(0.942317283621,0.46793706603));
#7890 = CARTESIAN_POINT('',(0.941527629842,0.470910207518));
#7891 = CARTESIAN_POINT('',(0.939894356656,0.477510748606));
#7892 = CARTESIAN_POINT('',(0.939073157053,0.481144223761));
#7893 = CARTESIAN_POINT('',(0.93834148325,0.484821703644));
#7894 = CARTESIAN_POINT('',(0.937727747565,0.488547131872));
#7895 = CARTESIAN_POINT('',(0.937269821789,0.492315968224));
#7896 = CARTESIAN_POINT('',(0.937015644982,0.496115466387));
#7897 = CARTESIAN_POINT('',(0.937009239154,0.501722246824));
#7898 = CARTESIAN_POINT('',(0.937063254877,0.503521632922));
#7899 = CARTESIAN_POINT('',(0.937168733078,0.505317479057));
#7900 = CARTESIAN_POINT('',(0.937320533648,0.507107168411));
#7901 = CARTESIAN_POINT('',(0.937513889954,0.508888979759));
#7902 = CARTESIAN_POINT('',(0.937744237275,0.510661926497));
#7903 = CARTESIAN_POINT('',(0.938311525701,0.514461408845));
#7904 = CARTESIAN_POINT('',(0.938659357863,0.516484561881));
#7905 = CARTESIAN_POINT('',(0.939044914291,0.518495034411));
#7906 = CARTESIAN_POINT('',(0.939462761995,0.520492863438));
#7907 = CARTESIAN_POINT('',(0.939908187028,0.522478426155));
#7908 = CARTESIAN_POINT('',(0.940377159953,0.524452459199));
#7909 = CARTESIAN_POINT('',(0.941601085524,0.529365810134));
#7910 = CARTESIAN_POINT('',(0.942381191644,0.532291296403));
#7911 = CARTESIAN_POINT('',(0.943195031906,0.535196074219));
#7912 = CARTESIAN_POINT('',(0.944033593385,0.538083140942));
#7913 = CARTESIAN_POINT('',(0.944889862622,0.540955390746));
#7914 = CARTESIAN_POINT('',(0.945757979198,0.543815571278));
#7915 = CARTESIAN_POINT('',(0.94663350515,0.546666666667));
#7916 = ( GEOMETRIC_REPRESENTATION_CONTEXT(2) 
PARAMETRIC_REPRESENTATION_CONTEXT() REPRESENTATION_CONTEXT('2D SPACE',''
  ) );
#7917 = PCURVE('',#7918,#7923);
#7918 = PLANE('',#7919);
#7919 = AXIS2_PLACEMENT_3D('',#7920,#7921,#7922);
#7920 = CARTESIAN_POINT('',(57.5,-1.4,-1.3));
#7921 = DIRECTION('',(-0.29982659674,0.953993716901,0.));
#7922 = DIRECTION('',(-0.,-0.,-1.));
#7923 = DEFINITIONAL_REPRESENTATION('',(#7924),#7957);
#7924 = B_SPLINE_CURVE_WITH_KNOTS('',7,(#7925,#7926,#7927,#7928,#7929,
    #7930,#7931,#7932,#7933,#7934,#7935,#7936,#7937,#7938,#7939,#7940,
    #7941,#7942,#7943,#7944,#7945,#7946,#7947,#7948,#7949,#7950,#7951,
    #7952,#7953,#7954,#7955,#7956),.UNSPECIFIED.,.F.,.F.,(8,6,6,6,6,8),(
    0.,0.226824724428,0.499320035787,0.62811268443,0.776737298177,1.),
  .UNSPECIFIED.);
#7925 = CARTESIAN_POINT('',(0.,1.375786369546));
#7926 = CARTESIAN_POINT('',(-0.173755359151,1.452914883751));
#7927 = CARTESIAN_POINT('',(-0.348071913748,1.528724950629));
#7928 = CARTESIAN_POINT('',(-0.523138692609,1.60284045201));
#7929 = CARTESIAN_POINT('',(-0.699128536301,1.67481331693));
#7930 = CARTESIAN_POINT('',(-0.876223961821,1.7440520738));
#7931 = CARTESIAN_POINT('',(-1.054612451088,1.809845270781));
#7932 = CARTESIAN_POINT('',(-1.450644916335,1.945071424614));
#7933 = CARTESIAN_POINT('',(-1.668653425636,2.012464441898));
#7934 = CARTESIAN_POINT('',(-1.889302218644,2.072026923757));
#7935 = CARTESIAN_POINT('',(-2.112827912331,2.121636767806));
#7936 = CARTESIAN_POINT('',(-2.338958093453,2.15846775538));
#7937 = CARTESIAN_POINT('',(-2.566927983227,2.178910210492));
#7938 = CARTESIAN_POINT('',(-2.903334809464,2.179425402919));
#7939 = CARTESIAN_POINT('',(-3.01129797531,2.1750811521));
#7940 = CARTESIAN_POINT('',(-3.119048743428,2.166598306812));
#7941 = CARTESIAN_POINT('',(-3.226430104667,2.154378384998));
#7942 = CARTESIAN_POINT('',(-3.33333878557,2.138786573655));
#7943 = CARTESIAN_POINT('',(-3.4397155898,2.120169895554));
#7944 = CARTESIAN_POINT('',(-3.667684530711,2.074198205531));
#7945 = CARTESIAN_POINT('',(-3.789073712831,2.045944167065));
#7946 = CARTESIAN_POINT('',(-3.909702064659,2.014530604632));
#7947 = CARTESIAN_POINT('',(-4.029571806269,1.980363630062));
#7948 = CARTESIAN_POINT('',(-4.148705569321,1.943794028606));
#7949 = CARTESIAN_POINT('',(-4.267147551936,1.905121281261));
#7950 = CARTESIAN_POINT('',(-4.561948608044,1.803723218957));
#7951 = CARTESIAN_POINT('',(-4.73747778415,1.738687569614));
#7952 = CARTESIAN_POINT('',(-4.911764453141,1.670354811671));
#7953 = CARTESIAN_POINT('',(-5.084988456496,1.599398401437));
#7954 = CARTESIAN_POINT('',(-5.257323444736,1.526378130767));
#7955 = CARTESIAN_POINT('',(-5.428934276707,1.451720977454));
#7956 = CARTESIAN_POINT('',(-5.6,1.375786369546));
#7957 = ( GEOMETRIC_REPRESENTATION_CONTEXT(2) 
PARAMETRIC_REPRESENTATION_CONTEXT() REPRESENTATION_CONTEXT('2D SPACE',''
  ) );
#7958 = ORIENTED_EDGE('',*,*,#7959,.F.);
#7959 = EDGE_CURVE('',#7960,#7845,#7962,.T.);
#7960 = VERTEX_POINT('',#7961);
#7961 = CARTESIAN_POINT('',(54.328170819931,-4.326517816662E-18,4.3));
#7962 = SURFACE_CURVE('',#7963,(#8043,#8126),.PCURVE_S1.);
#7963 = B_SPLINE_CURVE_WITH_KNOTS('',8,(#7964,#7965,#7966,#7967,#7968,
    #7969,#7970,#7971,#7972,#7973,#7974,#7975,#7976,#7977,#7978,#7979,
    #7980,#7981,#7982,#7983,#7984,#7985,#7986,#7987,#7988,#7989,#7990,
    #7991,#7992,#7993,#7994,#7995,#7996,#7997,#7998,#7999,#8000,#8001,
    #8002,#8003,#8004,#8005,#8006,#8007,#8008,#8009,#8010,#8011,#8012,
    #8013,#8014,#8015,#8016,#8017,#8018,#8019,#8020,#8021,#8022,#8023,
    #8024,#8025,#8026,#8027,#8028,#8029,#8030,#8031,#8032,#8033,#8034,
    #8035,#8036,#8037,#8038,#8039,#8040,#8041,#8042),.UNSPECIFIED.,.F.,
  .F.,(9,7,7,7,7,7,7,7,7,7,7,9),(0.,8.255077568224E-02,0.17345388457,
    0.231288418413,0.330449156684,0.404803270962,0.462631088041,
    0.553503243169,0.652637312358,0.735249530825,0.867429253073,1.),
  .UNSPECIFIED.);
#7964 = CARTESIAN_POINT('',(54.328170819931,-4.440892098501E-16,4.3));
#7965 = CARTESIAN_POINT('',(54.328614819366,-6.479618668168E-02,4.3));
#7966 = CARTESIAN_POINT('',(54.332678976072,-0.129366739575,4.3));
#7967 = CARTESIAN_POINT('',(54.340362101049,-0.193506605767,4.3));
#7968 = CARTESIAN_POINT('',(54.35222707909,-0.256998705722,4.3));
#7969 = CARTESIAN_POINT('',(54.368502761329,-0.319651968395,4.3));
#7970 = CARTESIAN_POINT('',(54.388795701934,-0.381282411479,4.3));
#7971 = CARTESIAN_POINT('',(54.412411738966,-0.441637266775,4.3));
#7972 = CARTESIAN_POINT('',(54.46888233091,-0.564818590777,4.3));
#7973 = CARTESIAN_POINT('',(54.502423010692,-0.627519305159,4.3));
#7974 = CARTESIAN_POINT('',(54.539496035069,-0.688252540004,4.3));
#7975 = CARTESIAN_POINT('',(54.579737090662,-0.746930292356,4.3));
#7976 = CARTESIAN_POINT('',(54.622807646704,-0.803525178819,4.3));
#7977 = CARTESIAN_POINT('',(54.668356407485,-0.858085219248,4.3));
#7978 = CARTESIAN_POINT('',(54.716033427416,-0.910708096114,4.3));
#7979 = CARTESIAN_POINT('',(54.797175862142,-0.993743656188,4.3));
#7980 = CARTESIAN_POINT('',(54.829504987011,-1.025268854575,4.3));
#7981 = CARTESIAN_POINT('',(54.862548858502,-1.056055912461,4.3));
#7982 = CARTESIAN_POINT('',(54.896249019931,-1.086127922032,4.3));
#7983 = CARTESIAN_POINT('',(54.930551845262,-1.115507200552,4.3));
#7984 = CARTESIAN_POINT('',(54.965408539112,-1.144215290366,4.3));
#7985 = CARTESIAN_POINT('',(55.000775136748,-1.1722729589,4.3));
#7986 = CARTESIAN_POINT('',(55.098057795798,-1.246725827866,4.3));
#7987 = CARTESIAN_POINT('',(55.160906956238,-1.291910715048,4.3));
#7988 = CARTESIAN_POINT('',(55.225016569922,-1.335318932697,4.3));
#7989 = CARTESIAN_POINT('',(55.290151251551,-1.377168785387,4.3));
#7990 = CARTESIAN_POINT('',(55.35621579221,-1.417494614516,4.3));
#7991 = CARTESIAN_POINT('',(55.423156879529,-1.456308485747,4.3));
#7992 = CARTESIAN_POINT('',(55.490842141549,-1.493783806878,4.3));
#7993 = CARTESIAN_POINT('',(55.610499519158,-1.557126260378,4.3));
#7994 = CARTESIAN_POINT('',(55.662155836542,-1.583549058352,4.3));
#7995 = CARTESIAN_POINT('',(55.714166900892,-1.609272632809,4.3));
#7996 = CARTESIAN_POINT('',(55.766506266631,-1.634323187582,4.3));
#7997 = CARTESIAN_POINT('',(55.819148398063,-1.65872918908,4.3));
#7998 = CARTESIAN_POINT('',(55.87206970953,-1.682518740014,4.3));
#7999 = CARTESIAN_POINT('',(55.925249605561,-1.705716953132,4.3));
#8000 = CARTESIAN_POINT('',(56.020219628824,-1.745940652302,4.3));
#8001 = CARTESIAN_POINT('',(56.061913975822,-1.763190893671,4.3));
#8002 = CARTESIAN_POINT('',(56.103747717259,-1.780102873134,4.3));
#8003 = CARTESIAN_POINT('',(56.145714008377,-1.796685414783,4.3));
#8004 = CARTESIAN_POINT('',(56.187806004416,-1.812947342709,4.3));
#8005 = CARTESIAN_POINT('',(56.230016860618,-1.828897481003,4.3));
#8006 = CARTESIAN_POINT('',(56.272339732224,-1.844544653758,4.3));
#8007 = CARTESIAN_POINT('',(56.38144031776,-1.884023842905,4.3));
#8008 = CARTESIAN_POINT('',(56.448372425438,-1.907424303004,4.3));
#8009 = CARTESIAN_POINT('',(56.515547877375,-1.930122039888,4.3));
#8010 = CARTESIAN_POINT('',(56.582949123027,-1.952145360922,4.3));
#8011 = CARTESIAN_POINT('',(56.65056114463,-1.973514634076,4.3));
#8012 = CARTESIAN_POINT('',(56.718367934463,-1.994254138551,4.3));
#8013 = CARTESIAN_POINT('',(56.786350893257,-2.014397340539,4.3));
#8014 = CARTESIAN_POINT('',(56.928841860143,-2.055288495149,4.3));
#8015 = CARTESIAN_POINT('',(57.003385252203,-2.075927631729,4.3));
#8016 = CARTESIAN_POINT('',(57.078114750307,-2.09589232051,4.3));
#8017 = CARTESIAN_POINT('',(57.153013157003,-2.115213634206,4.3));
#8018 = CARTESIAN_POINT('',(57.228074144988,-2.133893780633,4.3));
#8019 = CARTESIAN_POINT('',(57.30327502433,-2.151991847081,4.3));
#8020 = CARTESIAN_POINT('',(57.378613402605,-2.169496673638,4.3));
#8021 = CARTESIAN_POINT('',(57.516965413811,-2.200549056308,4.3));
#8022 = CARTESIAN_POINT('',(57.579942093374,-2.214269718666,4.3));
#8023 = CARTESIAN_POINT('',(57.643002359623,-2.227605075299,4.3));
#8024 = CARTESIAN_POINT('',(57.7061408513,-2.240565836457,4.3));
#8025 = CARTESIAN_POINT('',(57.769352493337,-2.253162867179,4.3));
#8026 = CARTESIAN_POINT('',(57.832632643966,-2.265405945938,4.3));
#8027 = CARTESIAN_POINT('',(57.895977351324,-2.277303040021,4.3));
#8028 = CARTESIAN_POINT('',(58.060834041375,-2.307351413987,4.3));
#8029 = CARTESIAN_POINT('',(58.162442602988,-2.324972954736,4.3));
#8030 = CARTESIAN_POINT('',(58.264193929807,-2.341761437929,4.3));
#8031 = CARTESIAN_POINT('',(58.366079135041,-2.357725350974,4.3));
#8032 = CARTESIAN_POINT('',(58.468076907281,-2.37294673051,4.3));
#8033 = CARTESIAN_POINT('',(58.570185760443,-2.387394650769,4.3));
#8034 = CARTESIAN_POINT('',(58.672391970853,-2.401121001904,4.3));
#8035 = CARTESIAN_POINT('',(58.877287401643,-2.427201328425,4.3));
#8036 = CARTESIAN_POINT('',(58.979976741558,-2.439551226467,4.3));
#8037 = CARTESIAN_POINT('',(59.082747054574,-2.451220605041,4.3));
#8038 = CARTESIAN_POINT('',(59.185590789335,-2.462227889276,4.3));
#8039 = CARTESIAN_POINT('',(59.288501180165,-2.472589809215,4.3));
#8040 = CARTESIAN_POINT('',(59.391471762303,-2.482325576219,4.3));
#8041 = CARTESIAN_POINT('',(59.494496406048,-2.491456350536,4.3));
#8042 = CARTESIAN_POINT('',(59.597569869806,-2.5,4.3));
#8043 = PCURVE('',#4897,#8044);
#8044 = DEFINITIONAL_REPRESENTATION('',(#8045),#8125);
#8045 = B_SPLINE_CURVE_WITH_KNOTS('',8,(#8046,#8047,#8048,#8049,#8050,
    #8051,#8052,#8053,#8054,#8055,#8056,#8057,#8058,#8059,#8060,#8061,
    #8062,#8063,#8064,#8065,#8066,#8067,#8068,#8069,#8070,#8071,#8072,
    #8073,#8074,#8075,#8076,#8077,#8078,#8079,#8080,#8081,#8082,#8083,
    #8084,#8085,#8086,#8087,#8088,#8089,#8090,#8091,#8092,#8093,#8094,
    #8095,#8096,#8097,#8098,#8099,#8100,#8101,#8102,#8103,#8104,#8105,
    #8106,#8107,#8108,#8109,#8110,#8111,#8112,#8113,#8114,#8115,#8116,
    #8117,#8118,#8119,#8120,#8121,#8122,#8123,#8124),.UNSPECIFIED.,.F.,
  .F.,(9,7,7,7,7,7,7,7,7,7,7,9),(0.,8.255077568224E-02,0.17345388457,
    0.231288418413,0.330449156684,0.404803270962,0.462631088041,
    0.553503243169,0.652637312358,0.735249530825,0.867429253073,1.),
  .UNSPECIFIED.);
#8046 = CARTESIAN_POINT('',(1.,0.546666666667));
#8047 = CARTESIAN_POINT('',(0.99875016303,0.546666666667));
#8048 = CARTESIAN_POINT('',(0.997500215472,0.546666666667));
#8049 = CARTESIAN_POINT('',(0.996249357994,0.546666666667));
#8050 = CARTESIAN_POINT('',(0.994999496808,0.546666666667));
#8051 = CARTESIAN_POINT('',(0.993750802948,0.546666666667));
#8052 = CARTESIAN_POINT('',(0.992501051803,0.546666666667));
#8053 = CARTESIAN_POINT('',(0.991248742913,0.546666666667));
#8054 = CARTESIAN_POINT('',(0.988624911613,0.546666666667));
#8055 = CARTESIAN_POINT('',(0.987249035429,0.546666666667));
#8056 = CARTESIAN_POINT('',(0.985876438981,0.546666666667));
#8057 = CARTESIAN_POINT('',(0.98450038634,0.546666666667));
#8058 = CARTESIAN_POINT('',(0.983123667139,0.546666666667));
#8059 = CARTESIAN_POINT('',(0.981750256083,0.546666666667));
#8060 = CARTESIAN_POINT('',(0.980375246317,0.546666666667));
#8061 = CARTESIAN_POINT('',(0.978125038399,0.546666666667));
#8062 = CARTESIAN_POINT('',(0.977250064868,0.546666666667));
#8063 = CARTESIAN_POINT('',(0.976375061013,0.546666666667));
#8064 = CARTESIAN_POINT('',(0.975500023538,0.546666666667));
#8065 = CARTESIAN_POINT('',(0.974624964249,0.546666666667));
#8066 = CARTESIAN_POINT('',(0.973749910046,0.546666666667));
#8067 = CARTESIAN_POINT('',(0.97287490293,0.546666666667));
#8068 = CARTESIAN_POINT('',(0.970499927038,0.546666666667));
#8069 = CARTESIAN_POINT('',(0.96899981698,0.546666666667));
#8070 = CARTESIAN_POINT('',(0.967500537258,0.546666666667));
#8071 = CARTESIAN_POINT('',(0.96600002332,0.546666666667));
#8072 = CARTESIAN_POINT('',(0.964499407836,0.546666666667));
#8073 = CARTESIAN_POINT('',(0.963000070512,0.546666666667));
#8074 = CARTESIAN_POINT('',(0.96150026757,0.546666666667));
#8075 = CARTESIAN_POINT('',(0.958875048045,0.546666666667));
#8076 = CARTESIAN_POINT('',(0.957750006532,0.546666666667));
#8077 = CARTESIAN_POINT('',(0.956624984179,0.546666666667));
#8078 = CARTESIAN_POINT('',(0.95550000829,0.546666666667));
#8079 = CARTESIAN_POINT('',(0.954375055717,0.546666666667));
#8080 = CARTESIAN_POINT('',(0.953250083831,0.546666666667));
#8081 = CARTESIAN_POINT('',(0.952125061489,0.546666666667));
#8082 = CARTESIAN_POINT('',(0.950125,0.546666666667));
#8083 = CARTESIAN_POINT('',(0.94925,0.546666666667));
#8084 = CARTESIAN_POINT('',(0.948375,0.546666666667));
#8085 = CARTESIAN_POINT('',(0.9475,0.546666666667));
#8086 = CARTESIAN_POINT('',(0.946625,0.546666666667));
#8087 = CARTESIAN_POINT('',(0.94575,0.546666666667));
#8088 = CARTESIAN_POINT('',(0.944875,0.546666666667));
#8089 = CARTESIAN_POINT('',(0.94262500195,0.546666666667));
#8090 = CARTESIAN_POINT('',(0.941249996173,0.546666666667));
#8091 = CARTESIAN_POINT('',(0.939875004027,0.546666666667));
#8092 = CARTESIAN_POINT('',(0.938499991412,0.546666666667));
#8093 = CARTESIAN_POINT('',(0.937124998635,0.546666666667));
#8094 = CARTESIAN_POINT('',(0.935750025255,0.546666666667));
#8095 = CARTESIAN_POINT('',(0.934374979275,0.546666666667));
#8096 = CARTESIAN_POINT('',(0.931500010367,0.546666666667));
#8097 = CARTESIAN_POINT('',(0.929999995838,0.546666666667));
#8098 = CARTESIAN_POINT('',(0.928499993602,0.546666666667));
#8099 = CARTESIAN_POINT('',(0.926999963196,0.546666666667));
#8100 = CARTESIAN_POINT('',(0.925500065853,0.546666666667));
#8101 = CARTESIAN_POINT('',(0.92399998349,0.546666666667));
#8102 = CARTESIAN_POINT('',(0.922499985044,0.546666666667));
#8103 = CARTESIAN_POINT('',(0.919750004986,0.546666666667));
#8104 = CARTESIAN_POINT('',(0.91849999536,0.546666666667));
#8105 = CARTESIAN_POINT('',(0.917249995313,0.546666666667));
#8106 = CARTESIAN_POINT('',(0.916000001909,0.546666666667));
#8107 = CARTESIAN_POINT('',(0.914750005345,0.546666666667));
#8108 = CARTESIAN_POINT('',(0.913500001321,0.546666666667));
#8109 = CARTESIAN_POINT('',(0.912249995489,0.546666666667));
#8110 = CARTESIAN_POINT('',(0.909000004605,0.546666666667));
#8111 = CARTESIAN_POINT('',(0.907000019489,0.546666666667));
#8112 = CARTESIAN_POINT('',(0.905000011492,0.546666666667));
#8113 = CARTESIAN_POINT('',(0.90300015103,0.546666666667));
#8114 = CARTESIAN_POINT('',(0.900999995872,0.546666666667));
#8115 = CARTESIAN_POINT('',(0.899000027761,0.546666666667));
#8116 = CARTESIAN_POINT('',(0.897000012138,0.546666666667));
#8117 = CARTESIAN_POINT('',(0.892994071265,0.546666666667));
#8118 = CARTESIAN_POINT('',(0.890988151725,0.546666666667));
#8119 = CARTESIAN_POINT('',(0.888982190744,0.546666666667));
#8120 = CARTESIAN_POINT('',(0.886976216254,0.546666666667));
#8121 = CARTESIAN_POINT('',(0.88497025992,0.546666666667));
#8122 = CARTESIAN_POINT('',(0.882964322028,0.546666666667));
#8123 = CARTESIAN_POINT('',(0.880958376109,0.546666666667));
#8124 = CARTESIAN_POINT('',(0.878952413267,0.546666666667));
#8125 = ( GEOMETRIC_REPRESENTATION_CONTEXT(2) 
PARAMETRIC_REPRESENTATION_CONTEXT() REPRESENTATION_CONTEXT('2D SPACE',''
  ) );
#8126 = PCURVE('',#8127,#8132);
#8127 = PLANE('',#8128);
#8128 = AXIS2_PLACEMENT_3D('',#8129,#8130,#8131);
#8129 = CARTESIAN_POINT('',(50.,-2.5,4.3));
#8130 = DIRECTION('',(0.,0.,1.));
#8131 = DIRECTION('',(1.,0.,0.));
#8132 = DEFINITIONAL_REPRESENTATION('',(#8133),#8213);
#8133 = B_SPLINE_CURVE_WITH_KNOTS('',8,(#8134,#8135,#8136,#8137,#8138,
    #8139,#8140,#8141,#8142,#8143,#8144,#8145,#8146,#8147,#8148,#8149,
    #8150,#8151,#8152,#8153,#8154,#8155,#8156,#8157,#8158,#8159,#8160,
    #8161,#8162,#8163,#8164,#8165,#8166,#8167,#8168,#8169,#8170,#8171,
    #8172,#8173,#8174,#8175,#8176,#8177,#8178,#8179,#8180,#8181,#8182,
    #8183,#8184,#8185,#8186,#8187,#8188,#8189,#8190,#8191,#8192,#8193,
    #8194,#8195,#8196,#8197,#8198,#8199,#8200,#8201,#8202,#8203,#8204,
    #8205,#8206,#8207,#8208,#8209,#8210,#8211,#8212),.UNSPECIFIED.,.F.,
  .F.,(9,7,7,7,7,7,7,7,7,7,7,9),(0.,8.255077568224E-02,0.17345388457,
    0.231288418413,0.330449156684,0.404803270962,0.462631088041,
    0.553503243169,0.652637312358,0.735249530825,0.867429253073,1.),
  .UNSPECIFIED.);
#8134 = CARTESIAN_POINT('',(4.328170819931,2.5));
#8135 = CARTESIAN_POINT('',(4.328614819366,2.435203813318));
#8136 = CARTESIAN_POINT('',(4.332678976072,2.370633260425));
#8137 = CARTESIAN_POINT('',(4.340362101049,2.306493394233));
#8138 = CARTESIAN_POINT('',(4.35222707909,2.243001294278));
#8139 = CARTESIAN_POINT('',(4.368502761329,2.180348031605));
#8140 = CARTESIAN_POINT('',(4.388795701934,2.118717588521));
#8141 = CARTESIAN_POINT('',(4.412411738966,2.058362733225));
#8142 = CARTESIAN_POINT('',(4.46888233091,1.935181409223));
#8143 = CARTESIAN_POINT('',(4.502423010692,1.872480694841));
#8144 = CARTESIAN_POINT('',(4.539496035069,1.811747459996));
#8145 = CARTESIAN_POINT('',(4.579737090662,1.753069707644));
#8146 = CARTESIAN_POINT('',(4.622807646704,1.696474821181));
#8147 = CARTESIAN_POINT('',(4.668356407485,1.641914780752));
#8148 = CARTESIAN_POINT('',(4.716033427416,1.589291903886));
#8149 = CARTESIAN_POINT('',(4.797175862142,1.506256343812));
#8150 = CARTESIAN_POINT('',(4.829504987011,1.474731145425));
#8151 = CARTESIAN_POINT('',(4.862548858502,1.443944087539));
#8152 = CARTESIAN_POINT('',(4.896249019931,1.413872077968));
#8153 = CARTESIAN_POINT('',(4.930551845262,1.384492799448));
#8154 = CARTESIAN_POINT('',(4.965408539112,1.355784709634));
#8155 = CARTESIAN_POINT('',(5.000775136748,1.3277270411));
#8156 = CARTESIAN_POINT('',(5.098057795798,1.253274172134));
#8157 = CARTESIAN_POINT('',(5.160906956238,1.208089284952));
#8158 = CARTESIAN_POINT('',(5.225016569922,1.164681067303));
#8159 = CARTESIAN_POINT('',(5.290151251551,1.122831214613));
#8160 = CARTESIAN_POINT('',(5.35621579221,1.082505385484));
#8161 = CARTESIAN_POINT('',(5.423156879529,1.043691514253));
#8162 = CARTESIAN_POINT('',(5.490842141549,1.006216193122));
#8163 = CARTESIAN_POINT('',(5.610499519158,0.942873739622));
#8164 = CARTESIAN_POINT('',(5.662155836542,0.916450941648));
#8165 = CARTESIAN_POINT('',(5.714166900892,0.890727367191));
#8166 = CARTESIAN_POINT('',(5.766506266631,0.865676812418));
#8167 = CARTESIAN_POINT('',(5.819148398063,0.84127081092));
#8168 = CARTESIAN_POINT('',(5.87206970953,0.817481259986));
#8169 = CARTESIAN_POINT('',(5.925249605561,0.794283046868));
#8170 = CARTESIAN_POINT('',(6.020219628824,0.754059347698));
#8171 = CARTESIAN_POINT('',(6.061913975822,0.736809106329));
#8172 = CARTESIAN_POINT('',(6.103747717259,0.719897126866));
#8173 = CARTESIAN_POINT('',(6.145714008377,0.703314585217));
#8174 = CARTESIAN_POINT('',(6.187806004416,0.687052657291));
#8175 = CARTESIAN_POINT('',(6.230016860618,0.671102518997));
#8176 = CARTESIAN_POINT('',(6.272339732224,0.655455346242));
#8177 = CARTESIAN_POINT('',(6.38144031776,0.615976157095));
#8178 = CARTESIAN_POINT('',(6.448372425438,0.592575696996));
#8179 = CARTESIAN_POINT('',(6.515547877375,0.569877960112));
#8180 = CARTESIAN_POINT('',(6.582949123027,0.547854639078));
#8181 = CARTESIAN_POINT('',(6.65056114463,0.526485365924));
#8182 = CARTESIAN_POINT('',(6.718367934463,0.505745861449));
#8183 = CARTESIAN_POINT('',(6.786350893257,0.485602659461));
#8184 = CARTESIAN_POINT('',(6.928841860143,0.444711504851));
#8185 = CARTESIAN_POINT('',(7.003385252203,0.424072368271));
#8186 = CARTESIAN_POINT('',(7.078114750307,0.40410767949));
#8187 = CARTESIAN_POINT('',(7.153013157003,0.384786365794));
#8188 = CARTESIAN_POINT('',(7.228074144988,0.366106219367));
#8189 = CARTESIAN_POINT('',(7.30327502433,0.348008152919));
#8190 = CARTESIAN_POINT('',(7.378613402605,0.330503326362));
#8191 = CARTESIAN_POINT('',(7.516965413811,0.299450943692));
#8192 = CARTESIAN_POINT('',(7.579942093374,0.285730281334));
#8193 = CARTESIAN_POINT('',(7.643002359623,0.272394924701));
#8194 = CARTESIAN_POINT('',(7.7061408513,0.259434163543));
#8195 = CARTESIAN_POINT('',(7.769352493337,0.246837132821));
#8196 = CARTESIAN_POINT('',(7.832632643966,0.234594054062));
#8197 = CARTESIAN_POINT('',(7.895977351324,0.222696959979));
#8198 = CARTESIAN_POINT('',(8.060834041375,0.192648586013));
#8199 = CARTESIAN_POINT('',(8.162442602988,0.175027045264));
#8200 = CARTESIAN_POINT('',(8.264193929807,0.158238562071));
#8201 = CARTESIAN_POINT('',(8.366079135041,0.142274649026));
#8202 = CARTESIAN_POINT('',(8.468076907281,0.12705326949));
#8203 = CARTESIAN_POINT('',(8.570185760443,0.112605349231));
#8204 = CARTESIAN_POINT('',(8.672391970853,9.887899809626E-02));
#8205 = CARTESIAN_POINT('',(8.877287401643,7.279867157517E-02));
#8206 = CARTESIAN_POINT('',(8.979976741558,6.044877353279E-02));
#8207 = CARTESIAN_POINT('',(9.082747054574,4.877939495926E-02));
#8208 = CARTESIAN_POINT('',(9.185590789335,3.777211072351E-02));
#8209 = CARTESIAN_POINT('',(9.288501180165,2.741019078536E-02));
#8210 = CARTESIAN_POINT('',(9.391471762303,1.767442378118E-02));
#8211 = CARTESIAN_POINT('',(9.494496406048,8.543649464265E-03));
#8212 = CARTESIAN_POINT('',(9.597569869806,-8.881784197001E-16));
#8213 = ( GEOMETRIC_REPRESENTATION_CONTEXT(2) 
PARAMETRIC_REPRESENTATION_CONTEXT() REPRESENTATION_CONTEXT('2D SPACE',''
  ) );
#8214 = ORIENTED_EDGE('',*,*,#8215,.T.);
#8215 = EDGE_CURVE('',#7960,#4878,#8216,.T.);
#8216 = SEAM_CURVE('',#8217,(#8231,#8238),.PCURVE_S1.);
#8217 = ( BOUNDED_CURVE() B_SPLINE_CURVE(7,(#8218,#8219,#8220,#8221,
    #8222,#8223,#8224,#8225,#8226,#8227,#8228,#8229,#8230),
.UNSPECIFIED.,.F.,.F.) B_SPLINE_CURVE_WITH_KNOTS((8,5,8),(0.,0.5,1.),
.UNSPECIFIED.) CURVE() GEOMETRIC_REPRESENTATION_ITEM() 
RATIONAL_B_SPLINE_CURVE((1.,1.,1.000000000001,0.999999999999,
    1.000000000001,1.,1.,1.,1.,0.999999999999,1.,1.,1.)) 
REPRESENTATION_ITEM('') );
#8218 = CARTESIAN_POINT('',(70.320508075689,0.,-28.5));
#8219 = CARTESIAN_POINT('',(70.320508075724,9.71445146547E-18,
    -24.21428571429));
#8220 = CARTESIAN_POINT('',(58.196152422628,-9.665218361095E-17,
    -19.92857142854));
#8221 = CARTESIAN_POINT('',(74.131019852451,2.443303496035E-16,
    -15.64285714288));
#8222 = CARTESIAN_POINT('',(49.189488223296,-2.494849565031E-16,
    -11.35714285713));
#8223 = CARTESIAN_POINT('',(65.124355652999,1.072918209304E-16,
    -7.071428571431));
#8224 = CARTESIAN_POINT('',(40.875644347008,-1.35047396546E-16,1.5));
#8225 = CARTESIAN_POINT('',(65.124355652992,1.072918209304E-16,
    10.071428571429));
#8226 = CARTESIAN_POINT('',(49.189488223333,-2.494849565032E-16,
    14.357142857139));
#8227 = CARTESIAN_POINT('',(74.13101985237,2.443303496034E-16,
    18.642857142865));
#8228 = CARTESIAN_POINT('',(58.196152422692,-9.665218361099E-17,
    22.928571428564));
#8229 = CARTESIAN_POINT('',(70.320508075696,9.714451465467E-18,
    27.214285714289));
#8230 = CARTESIAN_POINT('',(70.320508075689,0.,31.5));
#8231 = PCURVE('',#4897,#8232);
#8232 = DEFINITIONAL_REPRESENTATION('',(#8233),#8237);
#8233 = LINE('',#8234,#8235);
#8234 = CARTESIAN_POINT('',(0.,0.));
#8235 = VECTOR('',#8236,1.);
#8236 = DIRECTION('',(0.,1.));
#8237 = ( GEOMETRIC_REPRESENTATION_CONTEXT(2) 
PARAMETRIC_REPRESENTATION_CONTEXT() REPRESENTATION_CONTEXT('2D SPACE',''
  ) );
#8238 = PCURVE('',#4897,#8239);
#8239 = DEFINITIONAL_REPRESENTATION('',(#8240),#8244);
#8240 = LINE('',#8241,#8242);
#8241 = CARTESIAN_POINT('',(1.,0.));
#8242 = VECTOR('',#8243,1.);
#8243 = DIRECTION('',(0.,1.));
#8244 = ( GEOMETRIC_REPRESENTATION_CONTEXT(2) 
PARAMETRIC_REPRESENTATION_CONTEXT() REPRESENTATION_CONTEXT('2D SPACE',''
  ) );
#8245 = ORIENTED_EDGE('',*,*,#4877,.T.);
#8246 = ORIENTED_EDGE('',*,*,#6275,.T.);
#8247 = ORIENTED_EDGE('',*,*,#6358,.F.);
#8248 = ORIENTED_EDGE('',*,*,#8249,.T.);
#8249 = EDGE_CURVE('',#6359,#8250,#8252,.T.);
#8250 = VERTEX_POINT('',#8251);
#8251 = CARTESIAN_POINT('',(70.320508075689,0.,31.5));
#8252 = SEAM_CURVE('',#8253,(#8267,#8274),.PCURVE_S1.);
#8253 = ( BOUNDED_CURVE() B_SPLINE_CURVE(7,(#8254,#8255,#8256,#8257,
    #8258,#8259,#8260,#8261,#8262,#8263,#8264,#8265,#8266),
.UNSPECIFIED.,.F.,.F.) B_SPLINE_CURVE_WITH_KNOTS((8,5,8),(0.,0.5,1.),
.UNSPECIFIED.) CURVE() GEOMETRIC_REPRESENTATION_ITEM() 
RATIONAL_B_SPLINE_CURVE((1.,1.,1.000000000001,0.999999999999,
    1.000000000001,1.,1.,1.,1.,0.999999999999,1.,1.,1.)) 
REPRESENTATION_ITEM('') );
#8254 = CARTESIAN_POINT('',(70.320508075689,0.,-28.5));
#8255 = CARTESIAN_POINT('',(70.320508075724,9.71445146547E-18,
    -24.21428571429));
#8256 = CARTESIAN_POINT('',(58.196152422628,-9.665218361095E-17,
    -19.92857142854));
#8257 = CARTESIAN_POINT('',(74.131019852451,2.443303496035E-16,
    -15.64285714288));
#8258 = CARTESIAN_POINT('',(49.189488223296,-2.494849565031E-16,
    -11.35714285713));
#8259 = CARTESIAN_POINT('',(65.124355652999,1.072918209304E-16,
    -7.071428571431));
#8260 = CARTESIAN_POINT('',(40.875644347008,-1.35047396546E-16,1.5));
#8261 = CARTESIAN_POINT('',(65.124355652992,1.072918209304E-16,
    10.071428571429));
#8262 = CARTESIAN_POINT('',(49.189488223333,-2.494849565032E-16,
    14.357142857139));
#8263 = CARTESIAN_POINT('',(74.13101985237,2.443303496034E-16,
    18.642857142865));
#8264 = CARTESIAN_POINT('',(58.196152422692,-9.665218361099E-17,
    22.928571428564));
#8265 = CARTESIAN_POINT('',(70.320508075696,9.714451465467E-18,
    27.214285714289));
#8266 = CARTESIAN_POINT('',(70.320508075689,0.,31.5));
#8267 = PCURVE('',#4897,#8268);
#8268 = DEFINITIONAL_REPRESENTATION('',(#8269),#8273);
#8269 = LINE('',#8270,#8271);
#8270 = CARTESIAN_POINT('',(0.,0.));
#8271 = VECTOR('',#8272,1.);
#8272 = DIRECTION('',(0.,1.));
#8273 = ( GEOMETRIC_REPRESENTATION_CONTEXT(2) 
PARAMETRIC_REPRESENTATION_CONTEXT() REPRESENTATION_CONTEXT('2D SPACE',''
  ) );
#8274 = PCURVE('',#4897,#8275);
#8275 = DEFINITIONAL_REPRESENTATION('',(#8276),#8280);
#8276 = LINE('',#8277,#8278);
#8277 = CARTESIAN_POINT('',(1.,0.));
#8278 = VECTOR('',#8279,1.);
#8279 = DIRECTION('',(0.,1.));
#8280 = ( GEOMETRIC_REPRESENTATION_CONTEXT(2) 
PARAMETRIC_REPRESENTATION_CONTEXT() REPRESENTATION_CONTEXT('2D SPACE',''
  ) );
#8281 = ORIENTED_EDGE('',*,*,#8282,.F.);
#8282 = EDGE_CURVE('',#8250,#8250,#8283,.T.);
#8283 = SURFACE_CURVE('',#8284,(#8386,#8393),.PCURVE_S1.);
#8284 = B_SPLINE_CURVE_WITH_KNOTS('',3,(#8285,#8286,#8287,#8288,#8289,
    #8290,#8291,#8292,#8293,#8294,#8295,#8296,#8297,#8298,#8299,#8300,
    #8301,#8302,#8303,#8304,#8305,#8306,#8307,#8308,#8309,#8310,#8311,
    #8312,#8313,#8314,#8315,#8316,#8317,#8318,#8319,#8320,#8321,#8322,
    #8323,#8324,#8325,#8326,#8327,#8328,#8329,#8330,#8331,#8332,#8333,
    #8334,#8335,#8336,#8337,#8338,#8339,#8340,#8341,#8342,#8343,#8344,
    #8345,#8346,#8347,#8348,#8349,#8350,#8351,#8352,#8353,#8354,#8355,
    #8356,#8357,#8358,#8359,#8360,#8361,#8362,#8363,#8364,#8365,#8366,
    #8367,#8368,#8369,#8370,#8371,#8372,#8373,#8374,#8375,#8376,#8377,
    #8378,#8379,#8380,#8381,#8382,#8383,#8384,#8385),.UNSPECIFIED.,.T.,
  .F.,(4,1,1,1,1,1,1,1,1,1,1,1,1,1,1,1,1,1,1,1,1,1,1,1,1,1,1,1,1,1,1,1,1
    ,1,1,1,1,1,1,1,1,1,1,1,1,1,1,1,1,1,1,1,1,1,1,1,1,1,1,1,1,1,1,1,1,1,1
    ,1,1,1,1,1,1,1,1,1,1,1,1,1,1,1,1,1,1,1,1,1,1,1,1,1,1,1,1,1,1,1,4),(
    0.,4.723282016847E-03,9.514454336009E-03,1.455684604926E-02,
    2.000091975438E-02,2.595818016451E-02,3.250479129167E-02,
    3.96887894112E-02,4.753708013963E-02,5.606092810048E-02,
    6.525988994889E-02,7.512451417629E-02,8.563815405804E-02,
    9.677817025697E-02,0.108516725585,0.120821316956,0.133655148333,
    0.146977418882,0.16074357851,0.174905585911,0.189412190531,
    0.204209248955,0.219240077706,0.234445838157,0.249765945186,
    0.26513848898,0.28050065887,0.295789158863,0.310940606169,
    0.325891906261,0.340580600428,0.354945184105,0.368925396403,
    0.382462482971,0.395499435671,0.407981213444,0.419854949216,
    0.431070147802,0.441578879446,0.451335972959,0.460299211368,
    0.468429531632,0.47569122832,0.482052159426,0.487483950692,
    0.491962193245,0.49546662814,0.497981310719,0.499494747627,0.5,
    0.500505252373,0.502018689281,0.50453337186,0.508037806755,
    0.512516049308,0.517947840574,0.52430877168,0.531570468368,
    0.539700788632,0.548664027041,0.558421120554,0.568929852198,
    0.580145050784,0.592018786556,0.604500564329,0.617537517029,
    0.631074603597,0.645054815895,0.659419399572,0.674108093739,
    0.689059393831,0.704210841137,0.71949934113,0.73486151102,
    0.750234054814,0.765554161843,0.780759922294,0.795790751045,
    0.810587809469,0.825094414089,0.83925642149,0.853022581118,
    0.866344851667,0.879178683044,0.891483274415,0.903221829743,
    0.914361845942,0.924875485824,0.934740110051,0.9439390719,
    0.95246291986,0.960311210589,0.967495208708,0.974041819835,
    0.979999080246,0.985443153951,0.990485545664,0.995276717983,1.),
  .UNSPECIFIED.);
#8285 = CARTESIAN_POINT('',(70.320508075689,0.,31.5));
#8286 = CARTESIAN_POINT('',(70.320217271557,4.243924044844E-02,31.5));
#8287 = CARTESIAN_POINT('',(70.329476184625,0.127398841277,31.5));
#8288 = CARTESIAN_POINT('',(70.369869179368,0.25204732539,31.5));
#8289 = CARTESIAN_POINT('',(70.437057686039,0.371761434061,31.5));
#8290 = CARTESIAN_POINT('',(70.529947013813,0.486369663497,31.5));
#8291 = CARTESIAN_POINT('',(70.647969575178,0.59561768775,31.5));
#8292 = CARTESIAN_POINT('',(70.790551761294,0.699240763595,31.5));
#8293 = CARTESIAN_POINT('',(70.957151119799,0.796832837821,31.5));
#8294 = CARTESIAN_POINT('',(71.147142783163,0.887902278854,31.5));
#8295 = CARTESIAN_POINT('',(71.359805621863,0.971912241177,31.5));
#8296 = CARTESIAN_POINT('',(71.594312404311,1.048326260332,31.5));
#8297 = CARTESIAN_POINT('',(71.849734226816,1.116642432156,31.5));
#8298 = CARTESIAN_POINT('',(72.125046170635,1.176421135998,31.5));
#8299 = CARTESIAN_POINT('',(72.419134155384,1.227306277771,31.5));
#8300 = CARTESIAN_POINT('',(72.73080164772,1.269041097511,31.5));
#8301 = CARTESIAN_POINT('',(73.058776277429,1.301478749521,31.5));
#8302 = CARTESIAN_POINT('',(73.401716320548,1.324587887397,31.5));
#8303 = CARTESIAN_POINT('',(73.758217117146,1.338453488469,31.5));
#8304 = CARTESIAN_POINT('',(74.126817464744,1.343273291563,31.5));
#8305 = CARTESIAN_POINT('',(74.506006023591,1.339350371983,31.5));
#8306 = CARTESIAN_POINT('',(74.894227758419,1.3270825233,31.5));
#8307 = CARTESIAN_POINT('',(75.289890434375,1.30694922923,31.5));
#8308 = CARTESIAN_POINT('',(75.691371178394,1.279497079702,31.5));
#8309 = CARTESIAN_POINT('',(76.097023111425,1.245324506391,31.5));
#8310 = CARTESIAN_POINT('',(76.505182050885,1.205066683444,31.5));
#8311 = CARTESIAN_POINT('',(76.914173276531,1.15938136118,31.5));
#8312 = CARTESIAN_POINT('',(77.322318346899,1.108936280239,31.5));
#8313 = CARTESIAN_POINT('',(77.727941947871,1.054398659447,31.5));
#8314 = CARTESIAN_POINT('',(78.129378750109,0.996427073167,31.5));
#8315 = CARTESIAN_POINT('',(78.524980248358,0.935665845128,31.5));
#8316 = CARTESIAN_POINT('',(78.913121552921,0.872741898237,31.5));
#8317 = CARTESIAN_POINT('',(79.292208102401,0.808263825851,31.5));
#8318 = CARTESIAN_POINT('',(79.66068226522,0.742822800763,31.5));
#8319 = CARTESIAN_POINT('',(80.017029801714,0.676994822941,31.5));
#8320 = CARTESIAN_POINT('',(80.359786144945,0.61134373287,31.5));
#8321 = CARTESIAN_POINT('',(80.687542510408,0.546424388103,31.5));
#8322 = CARTESIAN_POINT('',(80.998951666935,0.482785417179,31.5));
#8323 = CARTESIAN_POINT('',(81.292733824525,0.420971025041,31.5));
#8324 = CARTESIAN_POINT('',(81.567680953155,0.361521422418,31.5));
#8325 = CARTESIAN_POINT('',(81.822665143312,0.304971579336,31.5));
#8326 = CARTESIAN_POINT('',(82.056632095705,0.251848154072,31.5));
#8327 = CARTESIAN_POINT('',(82.268642076835,0.20266459879,31.5));
#8328 = CARTESIAN_POINT('',(82.457756094654,0.157914624877,31.5));
#8329 = CARTESIAN_POINT('',(82.623409153051,0.118064269176,31.5));
#8330 = CARTESIAN_POINT('',(82.764286789259,8.354318066014E-02,31.5));
#8331 = CARTESIAN_POINT('',(82.881630110237,5.473504920414E-02,31.5));
#8332 = CARTESIAN_POINT('',(82.970062478126,3.196940927653E-02,31.5));
#8333 = CARTESIAN_POINT('',(83.041156786355,1.551090089671E-02,31.5));
#8334 = CARTESIAN_POINT('',(83.070158945229,5.557379670426E-03,31.5));
#8335 = CARTESIAN_POINT('',(83.105325662551,-5.992533391094E-16,31.5));
#8336 = CARTESIAN_POINT('',(83.070158945229,-5.557379670425E-03,31.5));
#8337 = CARTESIAN_POINT('',(83.041156786355,-1.551090089671E-02,31.5));
#8338 = CARTESIAN_POINT('',(82.970062478126,-3.196940927653E-02,31.5));
#8339 = CARTESIAN_POINT('',(82.881630110237,-5.473504920414E-02,31.5));
#8340 = CARTESIAN_POINT('',(82.764286789259,-8.354318066014E-02,31.5));
#8341 = CARTESIAN_POINT('',(82.623409153051,-0.118064269176,31.5));
#8342 = CARTESIAN_POINT('',(82.457756094654,-0.157914624877,31.5));
#8343 = CARTESIAN_POINT('',(82.268642076835,-0.20266459879,31.5));
#8344 = CARTESIAN_POINT('',(82.056632095705,-0.251848154072,31.5));
#8345 = CARTESIAN_POINT('',(81.822665143312,-0.304971579336,31.5));
#8346 = CARTESIAN_POINT('',(81.567680953155,-0.361521422418,31.5));
#8347 = CARTESIAN_POINT('',(81.292733824525,-0.420971025041,31.5));
#8348 = CARTESIAN_POINT('',(80.998951666935,-0.482785417179,31.5));
#8349 = CARTESIAN_POINT('',(80.687542510408,-0.546424388103,31.5));
#8350 = CARTESIAN_POINT('',(80.359786144945,-0.61134373287,31.5));
#8351 = CARTESIAN_POINT('',(80.017029801714,-0.676994822941,31.5));
#8352 = CARTESIAN_POINT('',(79.66068226522,-0.742822800763,31.5));
#8353 = CARTESIAN_POINT('',(79.292208102401,-0.808263825851,31.5));
#8354 = CARTESIAN_POINT('',(78.913121552921,-0.872741898237,31.5));
#8355 = CARTESIAN_POINT('',(78.524980248358,-0.935665845128,31.5));
#8356 = CARTESIAN_POINT('',(78.129378750109,-0.996427073167,31.5));
#8357 = CARTESIAN_POINT('',(77.727941947871,-1.054398659447,31.5));
#8358 = CARTESIAN_POINT('',(77.322318346899,-1.108936280239,31.5));
#8359 = CARTESIAN_POINT('',(76.914173276531,-1.15938136118,31.5));
#8360 = CARTESIAN_POINT('',(76.505182050885,-1.205066683444,31.5));
#8361 = CARTESIAN_POINT('',(76.097023111425,-1.245324506391,31.5));
#8362 = CARTESIAN_POINT('',(75.691371178394,-1.279497079702,31.5));
#8363 = CARTESIAN_POINT('',(75.289890434375,-1.30694922923,31.5));
#8364 = CARTESIAN_POINT('',(74.894227758419,-1.3270825233,31.5));
#8365 = CARTESIAN_POINT('',(74.506006023591,-1.339350371983,31.5));
#8366 = CARTESIAN_POINT('',(74.126817464745,-1.343273291563,31.5));
#8367 = CARTESIAN_POINT('',(73.758217117145,-1.338453488469,31.5));
#8368 = CARTESIAN_POINT('',(73.401716320552,-1.324587887397,31.5));
#8369 = CARTESIAN_POINT('',(73.058776277418,-1.301478749521,31.5));
#8370 = CARTESIAN_POINT('',(72.73080164776,-1.269041097511,31.5));
#8371 = CARTESIAN_POINT('',(72.419134155244,-1.227306277771,31.5));
#8372 = CARTESIAN_POINT('',(72.125046171117,-1.176421135998,31.5));
#8373 = CARTESIAN_POINT('',(71.849734225171,-1.116642432156,31.5));
#8374 = CARTESIAN_POINT('',(71.594312409882,-1.048326260332,31.5));
#8375 = CARTESIAN_POINT('',(71.35980560318,-0.971912241177,31.5));
#8376 = CARTESIAN_POINT('',(71.147142845233,-0.887902278854,31.5));
#8377 = CARTESIAN_POINT('',(70.957150915461,-0.796832837821,31.5));
#8378 = CARTESIAN_POINT('',(70.790552428575,-0.699240763595,31.5));
#8379 = CARTESIAN_POINT('',(70.6479674077,-0.59561768775,31.5));
#8380 = CARTESIAN_POINT('',(70.529954056048,-0.486369663497,31.5));
#8381 = CARTESIAN_POINT('',(70.437034572389,-0.371761434061,31.5));
#8382 = CARTESIAN_POINT('',(70.369946971473,-0.25204732539,31.5));
#8383 = CARTESIAN_POINT('',(70.329202814064,-0.127398841277,31.5));
#8384 = CARTESIAN_POINT('',(70.32079887982,-4.243924044844E-02,31.5));
#8385 = CARTESIAN_POINT('',(70.320508075689,2.775557561563E-17,31.5));
#8386 = PCURVE('',#4897,#8387);
#8387 = DEFINITIONAL_REPRESENTATION('',(#8388),#8392);
#8388 = LINE('',#8389,#8390);
#8389 = CARTESIAN_POINT('',(0.,1.));
#8390 = VECTOR('',#8391,1.);
#8391 = DIRECTION('',(1.,0.));
#8392 = ( GEOMETRIC_REPRESENTATION_CONTEXT(2) 
PARAMETRIC_REPRESENTATION_CONTEXT() REPRESENTATION_CONTEXT('2D SPACE',''
  ) );
#8393 = PCURVE('',#8394,#8399);
#8394 = PLANE('',#8395);
#8395 = AXIS2_PLACEMENT_3D('',#8396,#8397,#8398);
#8396 = CARTESIAN_POINT('',(70.320508075689,0.,31.5));
#8397 = DIRECTION('',(-2.780384618192E-16,7.838748290702E-16,1.));
#8398 = DIRECTION('',(1.,-1.917585958567E-16,2.780384618192E-16));
#8399 = DEFINITIONAL_REPRESENTATION('',(#8400),#8502);
#8400 = B_SPLINE_CURVE_WITH_KNOTS('',3,(#8401,#8402,#8403,#8404,#8405,
    #8406,#8407,#8408,#8409,#8410,#8411,#8412,#8413,#8414,#8415,#8416,
    #8417,#8418,#8419,#8420,#8421,#8422,#8423,#8424,#8425,#8426,#8427,
    #8428,#8429,#8430,#8431,#8432,#8433,#8434,#8435,#8436,#8437,#8438,
    #8439,#8440,#8441,#8442,#8443,#8444,#8445,#8446,#8447,#8448,#8449,
    #8450,#8451,#8452,#8453,#8454,#8455,#8456,#8457,#8458,#8459,#8460,
    #8461,#8462,#8463,#8464,#8465,#8466,#8467,#8468,#8469,#8470,#8471,
    #8472,#8473,#8474,#8475,#8476,#8477,#8478,#8479,#8480,#8481,#8482,
    #8483,#8484,#8485,#8486,#8487,#8488,#8489,#8490,#8491,#8492,#8493,
    #8494,#8495,#8496,#8497,#8498,#8499,#8500,#8501),.UNSPECIFIED.,.F.,
  .F.,(4,1,1,1,1,1,1,1,1,1,1,1,1,1,1,1,1,1,1,1,1,1,1,1,1,1,1,1,1,1,1,1,1
    ,1,1,1,1,1,1,1,1,1,1,1,1,1,1,1,1,1,1,1,1,1,1,1,1,1,1,1,1,1,1,1,1,1,1
    ,1,1,1,1,1,1,1,1,1,1,1,1,1,1,1,1,1,1,1,1,1,1,1,1,1,1,1,1,1,1,1,4),(
    0.,4.723282016847E-03,9.514454336009E-03,1.455684604926E-02,
    2.000091975438E-02,2.595818016451E-02,3.250479129167E-02,
    3.96887894112E-02,4.753708013963E-02,5.606092810048E-02,
    6.525988994889E-02,7.512451417629E-02,8.563815405804E-02,
    9.677817025697E-02,0.108516725585,0.120821316956,0.133655148333,
    0.146977418882,0.16074357851,0.174905585911,0.189412190531,
    0.204209248955,0.219240077706,0.234445838157,0.249765945186,
    0.26513848898,0.28050065887,0.295789158863,0.310940606169,
    0.325891906261,0.340580600428,0.354945184105,0.368925396403,
    0.382462482971,0.395499435671,0.407981213444,0.419854949216,
    0.431070147802,0.441578879446,0.451335972959,0.460299211368,
    0.468429531632,0.47569122832,0.482052159426,0.487483950692,
    0.491962193245,0.49546662814,0.497981310719,0.499494747627,0.5,
    0.500505252373,0.502018689281,0.50453337186,0.508037806755,
    0.512516049308,0.517947840574,0.52430877168,0.531570468368,
    0.539700788632,0.548664027041,0.558421120554,0.568929852198,
    0.580145050784,0.592018786556,0.604500564329,0.617537517029,
    0.631074603597,0.645054815895,0.659419399572,0.674108093739,
    0.689059393831,0.704210841137,0.71949934113,0.73486151102,
    0.750234054814,0.765554161843,0.780759922294,0.795790751045,
    0.810587809469,0.825094414089,0.83925642149,0.853022581118,
    0.866344851667,0.879178683044,0.891483274415,0.903221829743,
    0.914361845942,0.924875485824,0.934740110051,0.9439390719,
    0.95246291986,0.960311210589,0.967495208708,0.974041819835,
    0.979999080246,0.985443153951,0.990485545664,0.995276717983,1.),
  .UNSPECIFIED.);
#8401 = CARTESIAN_POINT('',(0.,0.));
#8402 = CARTESIAN_POINT('',(-2.908041315095E-04,4.243924044844E-02));
#8403 = CARTESIAN_POINT('',(8.968108936443E-03,0.127398841277));
#8404 = CARTESIAN_POINT('',(4.936110367947E-02,0.25204732539));
#8405 = CARTESIAN_POINT('',(0.116549610351,0.371761434061));
#8406 = CARTESIAN_POINT('',(0.209438938125,0.486369663497));
#8407 = CARTESIAN_POINT('',(0.327461499489,0.59561768775));
#8408 = CARTESIAN_POINT('',(0.470043685605,0.699240763595));
#8409 = CARTESIAN_POINT('',(0.63664304411,0.796832837821));
#8410 = CARTESIAN_POINT('',(0.826634707474,0.887902278854));
#8411 = CARTESIAN_POINT('',(1.039297546174,0.971912241177));
#8412 = CARTESIAN_POINT('',(1.273804328622,1.048326260332));
#8413 = CARTESIAN_POINT('',(1.529226151128,1.116642432156));
#8414 = CARTESIAN_POINT('',(1.804538094946,1.176421135998));
#8415 = CARTESIAN_POINT('',(2.098626079695,1.227306277771));
#8416 = CARTESIAN_POINT('',(2.410293572031,1.269041097511));
#8417 = CARTESIAN_POINT('',(2.738268201741,1.301478749521));
#8418 = CARTESIAN_POINT('',(3.081208244859,1.324587887397));
#8419 = CARTESIAN_POINT('',(3.437709041457,1.338453488469));
#8420 = CARTESIAN_POINT('',(3.806309389056,1.343273291563));
#8421 = CARTESIAN_POINT('',(4.185497947902,1.339350371983));
#8422 = CARTESIAN_POINT('',(4.57371968273,1.3270825233));
#8423 = CARTESIAN_POINT('',(4.969382358687,1.30694922923));
#8424 = CARTESIAN_POINT('',(5.370863102705,1.279497079702));
#8425 = CARTESIAN_POINT('',(5.776515035736,1.245324506391));
#8426 = CARTESIAN_POINT('',(6.184673975196,1.205066683444));
#8427 = CARTESIAN_POINT('',(6.593665200842,1.15938136118));
#8428 = CARTESIAN_POINT('',(7.00181027121,1.108936280239));
#8429 = CARTESIAN_POINT('',(7.407433872182,1.054398659447));
#8430 = CARTESIAN_POINT('',(7.80887067442,0.996427073167));
#8431 = CARTESIAN_POINT('',(8.20447217267,0.935665845128));
#8432 = CARTESIAN_POINT('',(8.592613477233,0.872741898237));
#8433 = CARTESIAN_POINT('',(8.971700026712,0.808263825851));
#8434 = CARTESIAN_POINT('',(9.340174189531,0.742822800763));
#8435 = CARTESIAN_POINT('',(9.696521726026,0.676994822941));
#8436 = CARTESIAN_POINT('',(10.039278069256,0.61134373287));
#8437 = CARTESIAN_POINT('',(10.36703443472,0.546424388103));
#8438 = CARTESIAN_POINT('',(10.678443591246,0.482785417179));
#8439 = CARTESIAN_POINT('',(10.972225748836,0.420971025041));
#8440 = CARTESIAN_POINT('',(11.247172877466,0.361521422418));
#8441 = CARTESIAN_POINT('',(11.502157067623,0.304971579336));
#8442 = CARTESIAN_POINT('',(11.736124020016,0.251848154072));
#8443 = CARTESIAN_POINT('',(11.948134001146,0.20266459879));
#8444 = CARTESIAN_POINT('',(12.137248018965,0.157914624877));
#8445 = CARTESIAN_POINT('',(12.302901077362,0.118064269176));
#8446 = CARTESIAN_POINT('',(12.44377871357,8.354318066014E-02));
#8447 = CARTESIAN_POINT('',(12.561122034548,5.473504920415E-02));
#8448 = CARTESIAN_POINT('',(12.649554402437,3.196940927653E-02));
#8449 = CARTESIAN_POINT('',(12.720648710666,1.551090089671E-02));
#8450 = CARTESIAN_POINT('',(12.749650869541,5.557379670429E-03));
#8451 = CARTESIAN_POINT('',(12.784817586862,1.852345329631E-15));
#8452 = CARTESIAN_POINT('',(12.749650869541,-5.557379670423E-03));
#8453 = CARTESIAN_POINT('',(12.720648710666,-1.551090089671E-02));
#8454 = CARTESIAN_POINT('',(12.649554402437,-3.196940927653E-02));
#8455 = CARTESIAN_POINT('',(12.561122034548,-5.473504920414E-02));
#8456 = CARTESIAN_POINT('',(12.44377871357,-8.354318066014E-02));
#8457 = CARTESIAN_POINT('',(12.302901077362,-0.118064269176));
#8458 = CARTESIAN_POINT('',(12.137248018965,-0.157914624877));
#8459 = CARTESIAN_POINT('',(11.948134001146,-0.20266459879));
#8460 = CARTESIAN_POINT('',(11.736124020016,-0.251848154072));
#8461 = CARTESIAN_POINT('',(11.502157067623,-0.304971579336));
#8462 = CARTESIAN_POINT('',(11.247172877466,-0.361521422418));
#8463 = CARTESIAN_POINT('',(10.972225748836,-0.420971025041));
#8464 = CARTESIAN_POINT('',(10.678443591246,-0.482785417179));
#8465 = CARTESIAN_POINT('',(10.36703443472,-0.546424388103));
#8466 = CARTESIAN_POINT('',(10.039278069256,-0.61134373287));
#8467 = CARTESIAN_POINT('',(9.696521726026,-0.676994822941));
#8468 = CARTESIAN_POINT('',(9.340174189531,-0.742822800763));
#8469 = CARTESIAN_POINT('',(8.971700026712,-0.808263825851));
#8470 = CARTESIAN_POINT('',(8.592613477233,-0.872741898237));
#8471 = CARTESIAN_POINT('',(8.20447217267,-0.935665845128));
#8472 = CARTESIAN_POINT('',(7.80887067442,-0.996427073167));
#8473 = CARTESIAN_POINT('',(7.407433872182,-1.054398659447));
#8474 = CARTESIAN_POINT('',(7.00181027121,-1.108936280239));
#8475 = CARTESIAN_POINT('',(6.593665200842,-1.15938136118));
#8476 = CARTESIAN_POINT('',(6.184673975196,-1.205066683444));
#8477 = CARTESIAN_POINT('',(5.776515035736,-1.245324506391));
#8478 = CARTESIAN_POINT('',(5.370863102705,-1.279497079702));
#8479 = CARTESIAN_POINT('',(4.969382358687,-1.30694922923));
#8480 = CARTESIAN_POINT('',(4.57371968273,-1.3270825233));
#8481 = CARTESIAN_POINT('',(4.185497947902,-1.339350371983));
#8482 = CARTESIAN_POINT('',(3.806309389056,-1.343273291563));
#8483 = CARTESIAN_POINT('',(3.437709041456,-1.338453488469));
#8484 = CARTESIAN_POINT('',(3.081208244863,-1.324587887397));
#8485 = CARTESIAN_POINT('',(2.738268201729,-1.301478749521));
#8486 = CARTESIAN_POINT('',(2.410293572071,-1.269041097511));
#8487 = CARTESIAN_POINT('',(2.098626079555,-1.227306277771));
#8488 = CARTESIAN_POINT('',(1.804538095428,-1.176421135998));
#8489 = CARTESIAN_POINT('',(1.529226149482,-1.116642432156));
#8490 = CARTESIAN_POINT('',(1.273804334193,-1.048326260332));
#8491 = CARTESIAN_POINT('',(1.039297527492,-0.971912241177));
#8492 = CARTESIAN_POINT('',(0.826634769544,-0.887902278854));
#8493 = CARTESIAN_POINT('',(0.636642839772,-0.796832837821));
#8494 = CARTESIAN_POINT('',(0.470044352886,-0.699240763595));
#8495 = CARTESIAN_POINT('',(0.327459332012,-0.59561768775));
#8496 = CARTESIAN_POINT('',(0.209445980359,-0.486369663497));
#8497 = CARTESIAN_POINT('',(0.116526496701,-0.371761434061));
#8498 = CARTESIAN_POINT('',(4.943889578449E-02,-0.25204732539));
#8499 = CARTESIAN_POINT('',(8.694738374999E-03,-0.127398841277));
#8500 = CARTESIAN_POINT('',(2.908041315095E-04,-4.243924044844E-02));
#8501 = CARTESIAN_POINT('',(0.,2.775557561563E-17));
#8502 = ( GEOMETRIC_REPRESENTATION_CONTEXT(2) 
PARAMETRIC_REPRESENTATION_CONTEXT() REPRESENTATION_CONTEXT('2D SPACE',''
  ) );
#8503 = ORIENTED_EDGE('',*,*,#8249,.F.);
#8504 = ORIENTED_EDGE('',*,*,#6387,.F.);
#8505 = ORIENTED_EDGE('',*,*,#6424,.F.);
#8506 = ORIENTED_EDGE('',*,*,#6220,.T.);
#8507 = ORIENTED_EDGE('',*,*,#8215,.F.);
#8508 = ORIENTED_EDGE('',*,*,#8509,.F.);
#8509 = EDGE_CURVE('',#8510,#7960,#8512,.T.);
#8510 = VERTEX_POINT('',#8511);
#8511 = CARTESIAN_POINT('',(56.187508434715,1.812497349089,4.3));
#8512 = SURFACE_CURVE('',#8513,(#8593,#8676),.PCURVE_S1.);
#8513 = B_SPLINE_CURVE_WITH_KNOTS('',8,(#8514,#8515,#8516,#8517,#8518,
    #8519,#8520,#8521,#8522,#8523,#8524,#8525,#8526,#8527,#8528,#8529,
    #8530,#8531,#8532,#8533,#8534,#8535,#8536,#8537,#8538,#8539,#8540,
    #8541,#8542,#8543,#8544,#8545,#8546,#8547,#8548,#8549,#8550,#8551,
    #8552,#8553,#8554,#8555,#8556,#8557,#8558,#8559,#8560,#8561,#8562,
    #8563,#8564,#8565,#8566,#8567,#8568,#8569,#8570,#8571,#8572,#8573,
    #8574,#8575,#8576,#8577,#8578,#8579,#8580,#8581,#8582,#8583,#8584,
    #8585,#8586,#8587,#8588,#8589,#8590,#8591,#8592),.UNSPECIFIED.,.F.,
  .F.,(9,7,7,7,7,7,7,7,7,7,7,9),(0.,0.1328506339,0.240095711104,
    0.314343134851,0.372090945152,0.462837185714,0.561835637655,
    0.619587557259,0.718603227609,0.817639051217,0.908449278612,1.),
  .UNSPECIFIED.);
#8514 = CARTESIAN_POINT('',(59.597569869806,2.5,4.3));
#8515 = CARTESIAN_POINT('',(59.494133585573,2.491426276734,4.3));
#8516 = CARTESIAN_POINT('',(59.390746463129,2.482261300499,4.3));
#8517 = CARTESIAN_POINT('',(59.287413810664,2.472486967015,4.3));
#8518 = CARTESIAN_POINT('',(59.184141814669,2.462081930446,4.3));
#8519 = CARTESIAN_POINT('',(59.080937005596,2.451026806836,4.3));
#8520 = CARTESIAN_POINT('',(58.97780623287,2.439304667898,4.3));
#8521 = CARTESIAN_POINT('',(58.874757149282,2.426896825154,4.3));
#8522 = CARTESIAN_POINT('',(58.688685316707,2.403180288107,4.3));
#8523 = CARTESIAN_POINT('',(58.605630968169,2.392120885723,4.3));
#8524 = CARTESIAN_POINT('',(58.522640362383,2.380585303156,4.3));
#8525 = CARTESIAN_POINT('',(58.439719403467,2.368554509708,4.3));
#8526 = CARTESIAN_POINT('',(58.356872513442,2.356021652485,4.3));
#8527 = CARTESIAN_POINT('',(58.274105048168,2.342976932427,4.3));
#8528 = CARTESIAN_POINT('',(58.19142522969,2.32939484996,4.3));
#8529 = CARTESIAN_POINT('',(58.051664144737,2.3054778266,4.3));
#8530 = CARTESIAN_POINT('',(57.994534467641,2.295429675689,4.3));
#8531 = CARTESIAN_POINT('',(57.937452611746,2.285111413208,4.3));
#8532 = CARTESIAN_POINT('',(57.88042073415,2.274517823901,4.3));
#8533 = CARTESIAN_POINT('',(57.823441169203,2.263643984091,4.3));
#8534 = CARTESIAN_POINT('',(57.766516579149,2.252484506248,4.3));
#8535 = CARTESIAN_POINT('',(57.70965010477,2.24103278356,4.3));
#8536 = CARTESIAN_POINT('',(57.608664311482,2.220139392451,4.3));
#8537 = CARTESIAN_POINT('',(57.564520710054,2.210816808449,4.3));
#8538 = CARTESIAN_POINT('',(57.520416437581,2.201309056838,4.3));
#8539 = CARTESIAN_POINT('',(57.47635321991,2.191612711959,4.3));
#8540 = CARTESIAN_POINT('',(57.432332782885,2.181724348152,4.3));
#8541 = CARTESIAN_POINT('',(57.388356852349,2.171640539757,4.3));
#8542 = CARTESIAN_POINT('',(57.344427154148,2.161357861114,4.3));
#8543 = CARTESIAN_POINT('',(57.2315886361,2.134396555811,4.3));
#8544 = CARTESIAN_POINT('',(57.162749034763,2.117420949538,4.3));
#8545 = CARTESIAN_POINT('',(57.094036253197,2.099932119998,4.3));
#8546 = CARTESIAN_POINT('',(57.025460983962,2.081909074165,4.3));
#8547 = CARTESIAN_POINT('',(56.957033638611,2.063334124932,4.3));
#8548 = CARTESIAN_POINT('',(56.888764287148,2.044190998782,4.3));
#8549 = CARTESIAN_POINT('',(56.820663150099,2.024460712813,4.3));
#8550 = CARTESIAN_POINT('',(56.678642043093,1.981940503155,4.3));
#8551 = CARTESIAN_POINT('',(56.604759167844,1.959036700647,4.3));
#8552 = CARTESIAN_POINT('',(56.531114495687,1.93537056771,4.3));
#8553 = CARTESIAN_POINT('',(56.457714006886,1.910944525356,4.3));
#8554 = CARTESIAN_POINT('',(56.384606244498,1.885657669298,4.3));
#8555 = CARTESIAN_POINT('',(56.311780853061,1.859564410986,4.3));
#8556 = CARTESIAN_POINT('',(56.239287628637,1.83257645037,4.3));
#8557 = CARTESIAN_POINT('',(56.125074787695,1.78836860784,4.3));
#8558 = CARTESIAN_POINT('',(56.083118561396,1.771762752216,4.3));
#8559 = CARTESIAN_POINT('',(56.041291647287,1.754831111257,4.3));
#8560 = CARTESIAN_POINT('',(55.999600637073,1.737565506891,4.3));
#8561 = CARTESIAN_POINT('',(55.958052889705,1.719957115338,4.3));
#8562 = CARTESIAN_POINT('',(55.916656531374,1.701996467109,4.3));
#8563 = CARTESIAN_POINT('',(55.875420455515,1.683673447008,4.3));
#8564 = CARTESIAN_POINT('',(55.763946435297,1.632922738662,4.3));
#8565 = CARTESIAN_POINT('',(55.694047280733,1.599763274994,4.3));
#8566 = CARTESIAN_POINT('',(55.624685019863,1.565471468172,4.3));
#8567 = CARTESIAN_POINT('',(55.555985601448,1.529854079982,4.3));
#8568 = CARTESIAN_POINT('',(55.487875565432,1.493098591952,4.3));
#8569 = CARTESIAN_POINT('',(55.420574465902,1.454902639959,4.3));
#8570 = CARTESIAN_POINT('',(55.354118427537,1.415266201655,4.3));
#8571 = CARTESIAN_POINT('',(55.223122766868,1.332901093292,4.3));
#8572 = CARTESIAN_POINT('',(55.158602943811,1.290182266762,4.3));
#8573 = CARTESIAN_POINT('',(55.095126357685,1.245870106816,4.3));
#8574 = CARTESIAN_POINT('',(55.032889957772,1.199813371956,4.3));
#8575 = CARTESIAN_POINT('',(54.972096109254,1.151789649454,4.3));
#8576 = CARTESIAN_POINT('',(54.912769923281,1.101983176905,4.3));
#8577 = CARTESIAN_POINT('',(54.855339227279,1.050031090712,4.3));
#8578 = CARTESIAN_POINT('',(54.749312260619,0.946243127837,4.3));
#8579 = CARTESIAN_POINT('',(54.700412055019,0.894760401861,4.3));
#8580 = CARTESIAN_POINT('',(54.653492072242,0.841382710172,4.3));
#8581 = CARTESIAN_POINT('',(54.608885538582,0.7860029098,4.3));
#8582 = CARTESIAN_POINT('',(54.56691168558,0.728563812479,4.3));
#8583 = CARTESIAN_POINT('',(54.527894791091,0.669075188044,4.3));
#8584 = CARTESIAN_POINT('',(54.492231019493,0.607588641828,4.3));
#8585 = CARTESIAN_POINT('',(54.42820599373,0.480235349989,4.3));
#8586 = CARTESIAN_POINT('',(54.400448008835,0.415450328187,4.3));
#8587 = CARTESIAN_POINT('',(54.376847843072,0.348807709271,4.3));
#8588 = CARTESIAN_POINT('',(54.357219469586,0.280085215715,4.3));
#8589 = CARTESIAN_POINT('',(54.342048337737,0.209571010576,4.3));
#8590 = CARTESIAN_POINT('',(54.332109892528,0.138139566606,4.3));
#8591 = CARTESIAN_POINT('',(54.3277086688,6.744520049204E-02,4.3));
#8592 = CARTESIAN_POINT('',(54.328170819931,0.,4.3));
#8593 = PCURVE('',#4897,#8594);
#8594 = DEFINITIONAL_REPRESENTATION('',(#8595),#8675);
#8595 = B_SPLINE_CURVE_WITH_KNOTS('',8,(#8596,#8597,#8598,#8599,#8600,
    #8601,#8602,#8603,#8604,#8605,#8606,#8607,#8608,#8609,#8610,#8611,
    #8612,#8613,#8614,#8615,#8616,#8617,#8618,#8619,#8620,#8621,#8622,
    #8623,#8624,#8625,#8626,#8627,#8628,#8629,#8630,#8631,#8632,#8633,
    #8634,#8635,#8636,#8637,#8638,#8639,#8640,#8641,#8642,#8643,#8644,
    #8645,#8646,#8647,#8648,#8649,#8650,#8651,#8652,#8653,#8654,#8655,
    #8656,#8657,#8658,#8659,#8660,#8661,#8662,#8663,#8664,#8665,#8666,
    #8667,#8668,#8669,#8670,#8671,#8672,#8673,#8674),.UNSPECIFIED.,.F.,
  .F.,(9,7,7,7,7,7,7,7,7,7,7,9),(0.,0.1328506339,0.240095711104,
    0.314343134851,0.372090945152,0.462837185714,0.561835637655,
    0.619587557259,0.718603227609,0.817639051217,0.908449278612,1.),
  .UNSPECIFIED.);
#8596 = CARTESIAN_POINT('',(0.121047586733,0.546666666667));
#8597 = CARTESIAN_POINT('',(0.119034562866,0.546666666667));
#8598 = CARTESIAN_POINT('',(0.117021556126,0.546666666667));
#8599 = CARTESIAN_POINT('',(0.115008557231,0.546666666667));
#8600 = CARTESIAN_POINT('',(0.11299553969,0.546666666667));
#8601 = CARTESIAN_POINT('',(0.110982504071,0.546666666667));
#8602 = CARTESIAN_POINT('',(0.108969482369,0.546666666667));
#8603 = CARTESIAN_POINT('',(0.106956502478,0.546666666667));
#8604 = CARTESIAN_POINT('',(0.103318505589,0.546666666667));
#8605 = CARTESIAN_POINT('',(0.101693496579,0.546666666667));
#8606 = CARTESIAN_POINT('',(0.100068499854,0.546666666667));
#8607 = CARTESIAN_POINT('',(9.844346292462E-02,0.546666666667));
#8608 = CARTESIAN_POINT('',(9.681844408803E-02,0.546666666667));
#8609 = CARTESIAN_POINT('',(9.519348473312E-02,0.546666666667));
#8610 = CARTESIAN_POINT('',(9.356850019492E-02,0.546666666667));
#8611 = CARTESIAN_POINT('',(9.081850889009E-02,0.546666666667));
#8612 = CARTESIAN_POINT('',(8.969351503598E-02,0.546666666667));
#8613 = CARTESIAN_POINT('',(8.856851678443E-02,0.546666666667));
#8614 = CARTESIAN_POINT('',(8.744351294454E-02,0.546666666667));
#8615 = CARTESIAN_POINT('',(8.631850898621E-02,0.546666666667));
#8616 = CARTESIAN_POINT('',(8.519351045772E-02,0.546666666667));
#8617 = CARTESIAN_POINT('',(8.406851640333E-02,0.546666666667));
#8618 = CARTESIAN_POINT('',(8.206851278084E-02,0.546666666667));
#8619 = CARTESIAN_POINT('',(8.119351278084E-02,0.546666666667));
#8620 = CARTESIAN_POINT('',(8.031851278084E-02,0.546666666667));
#8621 = CARTESIAN_POINT('',(7.944351278084E-02,0.546666666667));
#8622 = CARTESIAN_POINT('',(7.856851278084E-02,0.546666666667));
#8623 = CARTESIAN_POINT('',(7.769351278084E-02,0.546666666667));
#8624 = CARTESIAN_POINT('',(7.681851278084E-02,0.546666666667));
#8625 = CARTESIAN_POINT('',(7.45685176065E-02,0.546666666667));
#8626 = CARTESIAN_POINT('',(7.319350509665E-02,0.546666666667));
#8627 = CARTESIAN_POINT('',(7.181851562023E-02,0.546666666667));
#8628 = CARTESIAN_POINT('',(7.044351585463E-02,0.546666666667));
#8629 = CARTESIAN_POINT('',(6.906850942219E-02,0.546666666667));
#8630 = CARTESIAN_POINT('',(6.769351331406E-02,0.546666666667));
#8631 = CARTESIAN_POINT('',(6.63185134572E-02,0.546666666667));
#8632 = CARTESIAN_POINT('',(6.344347335734E-02,0.546666666667));
#8633 = CARTESIAN_POINT('',(6.194350210408E-02,0.546666666667));
#8634 = CARTESIAN_POINT('',(6.044343245138E-02,0.546666666667));
#8635 = CARTESIAN_POINT('',(5.894357922286E-02,0.546666666667));
#8636 = CARTESIAN_POINT('',(5.744326264524E-02,0.546666666667));
#8637 = CARTESIAN_POINT('',(5.594337945782E-02,0.546666666667));
#8638 = CARTESIAN_POINT('',(5.444345808863E-02,0.546666666667));
#8639 = CARTESIAN_POINT('',(5.206850191828E-02,0.546666666667));
#8640 = CARTESIAN_POINT('',(5.119347850466E-02,0.546666666667));
#8641 = CARTESIAN_POINT('',(5.031845195107E-02,0.546666666667));
#8642 = CARTESIAN_POINT('',(4.944343040156E-02,0.546666666667));
#8643 = CARTESIAN_POINT('',(4.856842073322E-02,0.546666666667));
#8644 = CARTESIAN_POINT('',(4.76934285561E-02,0.546666666667));
#8645 = CARTESIAN_POINT('',(4.681845821328E-02,0.546666666667));
#8646 = CARTESIAN_POINT('',(4.444341877343E-02,0.546666666667));
#8647 = CARTESIAN_POINT('',(4.294336120249E-02,0.546666666667));
#8648 = CARTESIAN_POINT('',(4.144368522102E-02,0.546666666667));
#8649 = CARTESIAN_POINT('',(3.994254356268E-02,0.546666666667));
#8650 = CARTESIAN_POINT('',(3.844348358371E-02,0.546666666667));
#8651 = CARTESIAN_POINT('',(3.69434465937E-02,0.546666666667));
#8652 = CARTESIAN_POINT('',(3.544349277361E-02,0.546666666667));
#8653 = CARTESIAN_POINT('',(3.244322748807E-02,0.546666666667));
#8654 = CARTESIAN_POINT('',(3.094330552642E-02,0.546666666667));
#8655 = CARTESIAN_POINT('',(2.944393994567E-02,0.546666666667));
#8656 = CARTESIAN_POINT('',(2.794456617292E-02,0.546666666667));
#8657 = CARTESIAN_POINT('',(2.644188197614E-02,0.546666666667));
#8658 = CARTESIAN_POINT('',(2.494388029962E-02,0.546666666667));
#8659 = CARTESIAN_POINT('',(2.34437473682E-02,0.546666666667));
#8660 = CARTESIAN_POINT('',(2.056788284149E-02,0.546666666667));
#8661 = CARTESIAN_POINT('',(1.919174107601E-02,0.546666666667));
#8662 = CARTESIAN_POINT('',(1.781913303242E-02,0.546666666667));
#8663 = CARTESIAN_POINT('',(1.644262931887E-02,0.546666666667));
#8664 = CARTESIAN_POINT('',(1.506572191382E-02,0.546666666667));
#8665 = CARTESIAN_POINT('',(1.369295467902E-02,0.546666666667));
#8666 = CARTESIAN_POINT('',(1.231845241277E-02,0.546666666667));
#8667 = CARTESIAN_POINT('',(9.557361476313E-03,0.546666666667));
#8668 = CARTESIAN_POINT('',(8.194484378544E-03,0.546666666667));
#8669 = CARTESIAN_POINT('',(6.832007689031E-03,0.546666666667));
#8670 = CARTESIAN_POINT('',(5.454841248282E-03,0.546666666667));
#8671 = CARTESIAN_POINT('',(4.062798623381E-03,0.546666666667));
#8672 = CARTESIAN_POINT('',(2.669555266708E-03,0.546666666667));
#8673 = CARTESIAN_POINT('',(1.300933115254E-03,0.546666666667));
#8674 = CARTESIAN_POINT('',(0.,0.546666666667));
#8675 = ( GEOMETRIC_REPRESENTATION_CONTEXT(2) 
PARAMETRIC_REPRESENTATION_CONTEXT() REPRESENTATION_CONTEXT('2D SPACE',''
  ) );
#8676 = PCURVE('',#8127,#8677);
#8677 = DEFINITIONAL_REPRESENTATION('',(#8678),#8758);
#8678 = B_SPLINE_CURVE_WITH_KNOTS('',8,(#8679,#8680,#8681,#8682,#8683,
    #8684,#8685,#8686,#8687,#8688,#8689,#8690,#8691,#8692,#8693,#8694,
    #8695,#8696,#8697,#8698,#8699,#8700,#8701,#8702,#8703,#8704,#8705,
    #8706,#8707,#8708,#8709,#8710,#8711,#8712,#8713,#8714,#8715,#8716,
    #8717,#8718,#8719,#8720,#8721,#8722,#8723,#8724,#8725,#8726,#8727,
    #8728,#8729,#8730,#8731,#8732,#8733,#8734,#8735,#8736,#8737,#8738,
    #8739,#8740,#8741,#8742,#8743,#8744,#8745,#8746,#8747,#8748,#8749,
    #8750,#8751,#8752,#8753,#8754,#8755,#8756,#8757),.UNSPECIFIED.,.F.,
  .F.,(9,7,7,7,7,7,7,7,7,7,7,9),(0.,0.1328506339,0.240095711104,
    0.314343134851,0.372090945152,0.462837185714,0.561835637655,
    0.619587557259,0.718603227609,0.817639051217,0.908449278612,1.),
  .UNSPECIFIED.);
#8679 = CARTESIAN_POINT('',(9.597569869806,5.));
#8680 = CARTESIAN_POINT('',(9.494133585573,4.991426276734));
#8681 = CARTESIAN_POINT('',(9.390746463129,4.982261300499));
#8682 = CARTESIAN_POINT('',(9.287413810664,4.972486967015));
#8683 = CARTESIAN_POINT('',(9.184141814669,4.962081930446));
#8684 = CARTESIAN_POINT('',(9.080937005596,4.951026806836));
#8685 = CARTESIAN_POINT('',(8.97780623287,4.939304667898));
#8686 = CARTESIAN_POINT('',(8.874757149282,4.926896825154));
#8687 = CARTESIAN_POINT('',(8.688685316707,4.903180288107));
#8688 = CARTESIAN_POINT('',(8.605630968169,4.892120885723));
#8689 = CARTESIAN_POINT('',(8.522640362383,4.880585303156));
#8690 = CARTESIAN_POINT('',(8.439719403467,4.868554509708));
#8691 = CARTESIAN_POINT('',(8.356872513442,4.856021652485));
#8692 = CARTESIAN_POINT('',(8.274105048168,4.842976932427));
#8693 = CARTESIAN_POINT('',(8.19142522969,4.82939484996));
#8694 = CARTESIAN_POINT('',(8.051664144737,4.8054778266));
#8695 = CARTESIAN_POINT('',(7.994534467641,4.795429675689));
#8696 = CARTESIAN_POINT('',(7.937452611746,4.785111413208));
#8697 = CARTESIAN_POINT('',(7.88042073415,4.774517823901));
#8698 = CARTESIAN_POINT('',(7.823441169203,4.763643984091));
#8699 = CARTESIAN_POINT('',(7.766516579149,4.752484506248));
#8700 = CARTESIAN_POINT('',(7.70965010477,4.74103278356));
#8701 = CARTESIAN_POINT('',(7.608664311482,4.720139392451));
#8702 = CARTESIAN_POINT('',(7.564520710054,4.710816808449));
#8703 = CARTESIAN_POINT('',(7.520416437581,4.701309056838));
#8704 = CARTESIAN_POINT('',(7.47635321991,4.691612711959));
#8705 = CARTESIAN_POINT('',(7.432332782885,4.681724348152));
#8706 = CARTESIAN_POINT('',(7.388356852349,4.671640539757));
#8707 = CARTESIAN_POINT('',(7.344427154148,4.661357861114));
#8708 = CARTESIAN_POINT('',(7.2315886361,4.634396555811));
#8709 = CARTESIAN_POINT('',(7.162749034763,4.617420949538));
#8710 = CARTESIAN_POINT('',(7.094036253197,4.599932119998));
#8711 = CARTESIAN_POINT('',(7.025460983962,4.581909074165));
#8712 = CARTESIAN_POINT('',(6.957033638611,4.563334124932));
#8713 = CARTESIAN_POINT('',(6.888764287148,4.544190998782));
#8714 = CARTESIAN_POINT('',(6.820663150099,4.524460712813));
#8715 = CARTESIAN_POINT('',(6.678642043093,4.481940503155));
#8716 = CARTESIAN_POINT('',(6.604759167844,4.459036700647));
#8717 = CARTESIAN_POINT('',(6.531114495687,4.43537056771));
#8718 = CARTESIAN_POINT('',(6.457714006886,4.410944525356));
#8719 = CARTESIAN_POINT('',(6.384606244498,4.385657669298));
#8720 = CARTESIAN_POINT('',(6.311780853061,4.359564410986));
#8721 = CARTESIAN_POINT('',(6.239287628637,4.33257645037));
#8722 = CARTESIAN_POINT('',(6.125074787695,4.28836860784));
#8723 = CARTESIAN_POINT('',(6.083118561396,4.271762752216));
#8724 = CARTESIAN_POINT('',(6.041291647287,4.254831111257));
#8725 = CARTESIAN_POINT('',(5.999600637073,4.237565506891));
#8726 = CARTESIAN_POINT('',(5.958052889705,4.219957115338));
#8727 = CARTESIAN_POINT('',(5.916656531374,4.201996467109));
#8728 = CARTESIAN_POINT('',(5.875420455515,4.183673447008));
#8729 = CARTESIAN_POINT('',(5.763946435297,4.132922738662));
#8730 = CARTESIAN_POINT('',(5.694047280733,4.099763274994));
#8731 = CARTESIAN_POINT('',(5.624685019863,4.065471468172));
#8732 = CARTESIAN_POINT('',(5.555985601448,4.029854079982));
#8733 = CARTESIAN_POINT('',(5.487875565432,3.993098591952));
#8734 = CARTESIAN_POINT('',(5.420574465902,3.954902639959));
#8735 = CARTESIAN_POINT('',(5.354118427537,3.915266201655));
#8736 = CARTESIAN_POINT('',(5.223122766868,3.832901093292));
#8737 = CARTESIAN_POINT('',(5.158602943811,3.790182266762));
#8738 = CARTESIAN_POINT('',(5.095126357685,3.745870106816));
#8739 = CARTESIAN_POINT('',(5.032889957772,3.699813371956));
#8740 = CARTESIAN_POINT('',(4.972096109254,3.651789649454));
#8741 = CARTESIAN_POINT('',(4.912769923281,3.601983176905));
#8742 = CARTESIAN_POINT('',(4.855339227279,3.550031090712));
#8743 = CARTESIAN_POINT('',(4.749312260619,3.446243127837));
#8744 = CARTESIAN_POINT('',(4.700412055019,3.394760401861));
#8745 = CARTESIAN_POINT('',(4.653492072242,3.341382710172));
#8746 = CARTESIAN_POINT('',(4.608885538582,3.2860029098));
#8747 = CARTESIAN_POINT('',(4.56691168558,3.228563812479));
#8748 = CARTESIAN_POINT('',(4.527894791091,3.169075188044));
#8749 = CARTESIAN_POINT('',(4.492231019493,3.107588641828));
#8750 = CARTESIAN_POINT('',(4.42820599373,2.980235349989));
#8751 = CARTESIAN_POINT('',(4.400448008835,2.915450328187));
#8752 = CARTESIAN_POINT('',(4.376847843072,2.848807709271));
#8753 = CARTESIAN_POINT('',(4.357219469586,2.780085215715));
#8754 = CARTESIAN_POINT('',(4.342048337737,2.709571010576));
#8755 = CARTESIAN_POINT('',(4.332109892528,2.638139566606));
#8756 = CARTESIAN_POINT('',(4.3277086688,2.567445200492));
#8757 = CARTESIAN_POINT('',(4.328170819931,2.5));
#8758 = ( GEOMETRIC_REPRESENTATION_CONTEXT(2) 
PARAMETRIC_REPRESENTATION_CONTEXT() REPRESENTATION_CONTEXT('2D SPACE',''
  ) );
#8759 = ORIENTED_EDGE('',*,*,#8760,.T.);
#8760 = EDGE_CURVE('',#8510,#8761,#8763,.T.);
#8761 = VERTEX_POINT('',#8762);
#8762 = CARTESIAN_POINT('',(56.187508434716,1.812497349089,-1.3));
#8763 = SURFACE_CURVE('',#8764,(#8797,#8833),.PCURVE_S1.);
#8764 = B_SPLINE_CURVE_WITH_KNOTS('',7,(#8765,#8766,#8767,#8768,#8769,
    #8770,#8771,#8772,#8773,#8774,#8775,#8776,#8777,#8778,#8779,#8780,
    #8781,#8782,#8783,#8784,#8785,#8786,#8787,#8788,#8789,#8790,#8791,
    #8792,#8793,#8794,#8795,#8796),.UNSPECIFIED.,.F.,.F.,(8,6,6,6,6,8),(
    0.,0.226826533843,0.499321749064,0.628117784163,0.776742584747,1.),
  .UNSPECIFIED.);
#8765 = CARTESIAN_POINT('',(56.187508434715,1.812497349089,4.3));
#8766 = CARTESIAN_POINT('',(56.113927734009,1.835622712168,
    4.126243254563));
#8767 = CARTESIAN_POINT('',(56.041604844497,1.858352763158,
    3.951925305207));
#8768 = CARTESIAN_POINT('',(55.970898588989,1.880574729175,
    3.776857117879));
#8769 = CARTESIAN_POINT('',(55.902236431494,1.902154264388,3.60086584914
    ));
#8770 = CARTESIAN_POINT('',(55.836182650727,1.922914024057,
    3.423768976488));
#8771 = CARTESIAN_POINT('',(55.773415985751,1.942640690192,
    3.245379013972));
#8772 = CARTESIAN_POINT('',(55.64441108266,1.983185088307,2.849345035849
    ));
#8773 = CARTESIAN_POINT('',(55.580118878905,2.003391209487,
    2.631336510884));
#8774 = CARTESIAN_POINT('',(55.523297012361,2.021249510401,
    2.410687693841));
#8775 = CARTESIAN_POINT('',(55.475969969883,2.036123723751,
    2.187161973954));
#8776 = CARTESIAN_POINT('',(55.440833962801,2.047166468834,
    1.961031777581));
#8777 = CARTESIAN_POINT('',(55.421332615919,2.053295463568,
    1.733061904134));
#8778 = CARTESIAN_POINT('',(55.420842184293,2.053449599222,
    1.396652317216));
#8779 = CARTESIAN_POINT('',(55.424987119966,2.052146905154,
    1.288686326068));
#8780 = CARTESIAN_POINT('',(55.433080404979,2.049603301292,
    1.180932764432));
#8781 = CARTESIAN_POINT('',(55.444739002177,2.045939170745,1.07354863982
    ));
#8782 = CARTESIAN_POINT('',(55.45961446351,2.041264025754,0.966637238182
    ));
#8783 = CARTESIAN_POINT('',(55.477375732088,2.035681912772,
    0.860257747428));
#8784 = CARTESIAN_POINT('',(55.521234330118,2.021897781963,0.63228615069
    ));
#8785 = CARTESIAN_POINT('',(55.548189179258,2.013426257947,
    0.510896973612));
#8786 = CARTESIAN_POINT('',(55.578158132862,2.004007443958,
    0.390268629252));
#8787 = CARTESIAN_POINT('',(55.610753769176,1.993763101116,
    0.270398893188));
#8788 = CARTESIAN_POINT('',(55.64564144728,1.982798402283,0.151265130807
    ));
#8789 = CARTESIAN_POINT('',(55.682535469458,1.97120313817,
    3.282314230966E-02));
#8790 = CARTESIAN_POINT('',(55.77926819778,1.940801423555,
    -0.261973532975));
#8791 = CARTESIAN_POINT('',(55.841310701226,1.921302351043,
    -0.437498406592));
#8792 = CARTESIAN_POINT('',(55.906498415006,1.900814783855,
    -0.611780848478));
#8793 = CARTESIAN_POINT('',(55.974188919819,1.8795406252,-0.785000688889
    ));
#8794 = CARTESIAN_POINT('',(56.043848220072,1.857647702263,
    -0.957331565877));
#8795 = CARTESIAN_POINT('',(56.115069014557,1.835264023996,
    -1.128938325304));
#8796 = CARTESIAN_POINT('',(56.187508434716,1.812497349089,-1.3));
#8797 = PCURVE('',#4897,#8798);
#8798 = DEFINITIONAL_REPRESENTATION('',(#8799),#8832);
#8799 = B_SPLINE_CURVE_WITH_KNOTS('',7,(#8800,#8801,#8802,#8803,#8804,
    #8805,#8806,#8807,#8808,#8809,#8810,#8811,#8812,#8813,#8814,#8815,
    #8816,#8817,#8818,#8819,#8820,#8821,#8822,#8823,#8824,#8825,#8826,
    #8827,#8828,#8829,#8830,#8831),.UNSPECIFIED.,.F.,.F.,(8,6,6,6,6,8),(
    0.,0.226826533843,0.499321749064,0.628117784163,0.776742584747,1.),
  .UNSPECIFIED.);
#8800 = CARTESIAN_POINT('',(5.336649507017E-02,0.546666666667));
#8801 = CARTESIAN_POINT('',(5.425579378552E-02,0.543770720909));
#8802 = CARTESIAN_POINT('',(5.513744194173E-02,0.540865421753));
#8803 = CARTESIAN_POINT('',(5.600679707909E-02,0.537947618631));
#8804 = CARTESIAN_POINT('',(5.685769403688E-02,0.535014430819));
#8805 = CARTESIAN_POINT('',(5.768274918835E-02,0.532062816275));
#8806 = CARTESIAN_POINT('',(5.847240783495E-02,0.529089650233));
#8807 = CARTESIAN_POINT('',(6.010568156796E-02,0.522489083931));
#8808 = CARTESIAN_POINT('',(6.092687744226E-02,0.518855608515));
#8809 = CARTESIAN_POINT('',(6.165854672228E-02,0.515178128231));
#8810 = CARTESIAN_POINT('',(6.227227688831E-02,0.511452699566));
#8811 = CARTESIAN_POINT('',(6.273019591986E-02,0.50768386296));
#8812 = CARTESIAN_POINT('',(6.298436456065E-02,0.503884365069));
#8813 = CARTESIAN_POINT('',(6.299075658982E-02,0.49827753862));
#8814 = CARTESIAN_POINT('',(6.293673372718E-02,0.496478105434));
#8815 = CARTESIAN_POINT('',(6.283124635815E-02,0.494682212741));
#8816 = CARTESIAN_POINT('',(6.267943450298E-02,0.49289247733));
#8817 = CARTESIAN_POINT('',(6.248606562397E-02,0.491110620636));
#8818 = CARTESIAN_POINT('',(6.225570445947E-02,0.489337629124));
#8819 = CARTESIAN_POINT('',(6.168839183917E-02,0.485538102512));
#8820 = CARTESIAN_POINT('',(6.134055120317E-02,0.48351494956));
#8821 = CARTESIAN_POINT('',(6.095498717529E-02,0.481504477154));
#8822 = CARTESIAN_POINT('',(6.053713266013E-02,0.47950664822));
#8823 = CARTESIAN_POINT('',(6.009170152132E-02,0.477521085513));
#8824 = CARTESIAN_POINT('',(5.962272312144E-02,0.475547052372));
#8825 = CARTESIAN_POINT('',(5.839880359969E-02,0.47063377445));
#8826 = CARTESIAN_POINT('',(5.761871197043E-02,0.46770835989));
#8827 = CARTESIAN_POINT('',(5.680488866874E-02,0.464803652525));
#8828 = CARTESIAN_POINT('',(5.596634581685E-02,0.461916655185));
#8829 = CARTESIAN_POINT('',(5.511009636865E-02,0.459044473902));
#8830 = CARTESIAN_POINT('',(5.424200023211E-02,0.456184361245));
#8831 = CARTESIAN_POINT('',(5.336649507017E-02,0.453333333333));
#8832 = ( GEOMETRIC_REPRESENTATION_CONTEXT(2) 
PARAMETRIC_REPRESENTATION_CONTEXT() REPRESENTATION_CONTEXT('2D SPACE',''
  ) );
#8833 = PCURVE('',#8834,#8839);
#8834 = PLANE('',#8835);
#8835 = AXIS2_PLACEMENT_3D('',#8836,#8837,#8838);
#8836 = CARTESIAN_POINT('',(57.5,1.4,-1.3));
#8837 = DIRECTION('',(0.29982659674,0.953993716901,0.));
#8838 = DIRECTION('',(-0.,0.,-1.));
#8839 = DEFINITIONAL_REPRESENTATION('',(#8840),#8873);
#8840 = B_SPLINE_CURVE_WITH_KNOTS('',7,(#8841,#8842,#8843,#8844,#8845,
    #8846,#8847,#8848,#8849,#8850,#8851,#8852,#8853,#8854,#8855,#8856,
    #8857,#8858,#8859,#8860,#8861,#8862,#8863,#8864,#8865,#8866,#8867,
    #8868,#8869,#8870,#8871,#8872),.UNSPECIFIED.,.F.,.F.,(8,6,6,6,6,8),(
    0.,0.226826533843,0.499321749064,0.628117784163,0.776742584747,1.),
  .UNSPECIFIED.);
#8841 = CARTESIAN_POINT('',(-5.6,1.375786383109));
#8842 = CARTESIAN_POINT('',(-5.426243254563,1.452915508178));
#8843 = CARTESIAN_POINT('',(-5.251925305207,1.528726164193));
#8844 = CARTESIAN_POINT('',(-5.076857117879,1.602842224137));
#8845 = CARTESIAN_POINT('',(-4.90086584914,1.674815609578));
#8846 = CARTESIAN_POINT('',(-4.723768976488,1.744054829499));
#8847 = CARTESIAN_POINT('',(-4.545379013972,1.809848412689));
#8848 = CARTESIAN_POINT('',(-4.149345035849,1.945074568591));
#8849 = CARTESIAN_POINT('',(-3.931336510884,2.012467259565));
#8850 = CARTESIAN_POINT('',(-3.710687693841,2.072029356818));
#8851 = CARTESIAN_POINT('',(-3.487161973954,2.121638742749));
#8852 = CARTESIAN_POINT('',(-3.261031777581,2.15846918142));
#8853 = CARTESIAN_POINT('',(-3.033061904134,2.178910979449));
#8854 = CARTESIAN_POINT('',(-2.696652317216,2.179425062106));
#8855 = CARTESIAN_POINT('',(-2.588686326068,2.175080237189));
#8856 = CARTESIAN_POINT('',(-2.480932764432,2.166596654048));
#8857 = CARTESIAN_POINT('',(-2.37354863982,2.154375821781));
#8858 = CARTESIAN_POINT('',(-2.266637238182,2.138782992321));
#8859 = CARTESIAN_POINT('',(-2.160257747428,2.120165187756));
#8860 = CARTESIAN_POINT('',(-1.93228615069,2.074191511774));
#8861 = CARTESIAN_POINT('',(-1.810896973612,2.045936766839));
#8862 = CARTESIAN_POINT('',(-1.690268629252,2.014522562455));
#8863 = CARTESIAN_POINT('',(-1.570398893188,1.980355003763));
#8864 = CARTESIAN_POINT('',(-1.451265130807,1.943784869719));
#8865 = CARTESIAN_POINT('',(-1.33282314231,1.905111635793));
#8866 = CARTESIAN_POINT('',(-1.038026467025,1.803713978127));
#8867 = CARTESIAN_POINT('',(-0.862501593408,1.738679479108));
#8868 = CARTESIAN_POINT('',(-0.688219151522,1.670348092197));
#8869 = CARTESIAN_POINT('',(-0.514999311111,1.599393217323));
#8870 = CARTESIAN_POINT('',(-0.342668434123,1.526374601981));
#8871 = CARTESIAN_POINT('',(-0.171061674696,1.451719189453));
#8872 = CARTESIAN_POINT('',(0.,1.375786383109));
#8873 = ( GEOMETRIC_REPRESENTATION_CONTEXT(2) 
PARAMETRIC_REPRESENTATION_CONTEXT() REPRESENTATION_CONTEXT('2D SPACE',''
  ) );
#8874 = ORIENTED_EDGE('',*,*,#8875,.T.);
#8875 = EDGE_CURVE('',#8761,#7556,#8876,.T.);
#8876 = SURFACE_CURVE('',#8877,(#8957,#9040),.PCURVE_S1.);
#8877 = B_SPLINE_CURVE_WITH_KNOTS('',8,(#8878,#8879,#8880,#8881,#8882,
    #8883,#8884,#8885,#8886,#8887,#8888,#8889,#8890,#8891,#8892,#8893,
    #8894,#8895,#8896,#8897,#8898,#8899,#8900,#8901,#8902,#8903,#8904,
    #8905,#8906,#8907,#8908,#8909,#8910,#8911,#8912,#8913,#8914,#8915,
    #8916,#8917,#8918,#8919,#8920,#8921,#8922,#8923,#8924,#8925,#8926,
    #8927,#8928,#8929,#8930,#8931,#8932,#8933,#8934,#8935,#8936,#8937,
    #8938,#8939,#8940,#8941,#8942,#8943,#8944,#8945,#8946,#8947,#8948,
    #8949,#8950,#8951,#8952,#8953,#8954,#8955,#8956),.UNSPECIFIED.,.F.,
  .F.,(9,7,7,7,7,7,7,7,7,7,7,9),(0.,0.132850633903,0.240095711109,
    0.314343134857,0.372090945159,0.462837185721,0.561835637662,
    0.619587557265,0.718603227615,0.817639051221,0.908449278614,1.),
  .UNSPECIFIED.);
#8878 = CARTESIAN_POINT('',(59.597569869806,2.5,-1.3));
#8879 = CARTESIAN_POINT('',(59.494133585573,2.491426276734,-1.3));
#8880 = CARTESIAN_POINT('',(59.390746463129,2.482261300499,-1.3));
#8881 = CARTESIAN_POINT('',(59.287413810664,2.472486967015,-1.3));
#8882 = CARTESIAN_POINT('',(59.18414181467,2.462081930446,-1.3));
#8883 = CARTESIAN_POINT('',(59.080937005596,2.451026806836,-1.3));
#8884 = CARTESIAN_POINT('',(58.97780623287,2.439304667898,-1.3));
#8885 = CARTESIAN_POINT('',(58.874757149282,2.426896825154,-1.3));
#8886 = CARTESIAN_POINT('',(58.688685316707,2.403180288107,-1.3));
#8887 = CARTESIAN_POINT('',(58.605630968168,2.392120885723,-1.3));
#8888 = CARTESIAN_POINT('',(58.522640362384,2.380585303156,-1.3));
#8889 = CARTESIAN_POINT('',(58.439719403467,2.368554509708,-1.3));
#8890 = CARTESIAN_POINT('',(58.356872513442,2.356021652485,-1.3));
#8891 = CARTESIAN_POINT('',(58.274105048169,2.342976932427,-1.3));
#8892 = CARTESIAN_POINT('',(58.19142522969,2.32939484996,-1.3));
#8893 = CARTESIAN_POINT('',(58.051664144738,2.3054778266,-1.3));
#8894 = CARTESIAN_POINT('',(57.994534467641,2.295429675689,-1.3));
#8895 = CARTESIAN_POINT('',(57.937452611747,2.285111413208,-1.3));
#8896 = CARTESIAN_POINT('',(57.880420734151,2.274517823901,-1.3));
#8897 = CARTESIAN_POINT('',(57.823441169203,2.263643984091,-1.3));
#8898 = CARTESIAN_POINT('',(57.766516579149,2.252484506248,-1.3));
#8899 = CARTESIAN_POINT('',(57.70965010477,2.24103278356,-1.3));
#8900 = CARTESIAN_POINT('',(57.608664311483,2.220139392451,-1.3));
#8901 = CARTESIAN_POINT('',(57.564520710054,2.210816808449,-1.3));
#8902 = CARTESIAN_POINT('',(57.520416437582,2.201309056838,-1.3));
#8903 = CARTESIAN_POINT('',(57.476353219911,2.191612711959,-1.3));
#8904 = CARTESIAN_POINT('',(57.432332782885,2.181724348152,-1.3));
#8905 = CARTESIAN_POINT('',(57.38835685235,2.171640539757,-1.3));
#8906 = CARTESIAN_POINT('',(57.344427154148,2.161357861114,-1.3));
#8907 = CARTESIAN_POINT('',(57.231588636102,2.134396555811,-1.3));
#8908 = CARTESIAN_POINT('',(57.162749034763,2.117420949538,-1.3));
#8909 = CARTESIAN_POINT('',(57.094036253199,2.099932119998,-1.3));
#8910 = CARTESIAN_POINT('',(57.025460983962,2.081909074165,-1.3));
#8911 = CARTESIAN_POINT('',(56.957033638611,2.063334124931,-1.3));
#8912 = CARTESIAN_POINT('',(56.88876428715,2.044190998782,-1.3));
#8913 = CARTESIAN_POINT('',(56.8206631501,2.024460712813,-1.3));
#8914 = CARTESIAN_POINT('',(56.678642043094,1.981940503155,-1.3));
#8915 = CARTESIAN_POINT('',(56.604759167845,1.959036700647,-1.3));
#8916 = CARTESIAN_POINT('',(56.53111449569,1.93537056771,-1.3));
#8917 = CARTESIAN_POINT('',(56.457714006883,1.910944525355,-1.3));
#8918 = CARTESIAN_POINT('',(56.384606244502,1.885657669298,-1.3));
#8919 = CARTESIAN_POINT('',(56.31178085306,1.859564410986,-1.3));
#8920 = CARTESIAN_POINT('',(56.239287628638,1.83257645037,-1.3));
#8921 = CARTESIAN_POINT('',(56.125074787696,1.78836860784,-1.3));
#8922 = CARTESIAN_POINT('',(56.083118561397,1.771762752216,-1.3));
#8923 = CARTESIAN_POINT('',(56.041291647288,1.754831111257,-1.3));
#8924 = CARTESIAN_POINT('',(55.999600637074,1.737565506891,-1.3));
#8925 = CARTESIAN_POINT('',(55.958052889706,1.719957115338,-1.3));
#8926 = CARTESIAN_POINT('',(55.916656531375,1.701996467109,-1.3));
#8927 = CARTESIAN_POINT('',(55.875420455516,1.683673447008,-1.3));
#8928 = CARTESIAN_POINT('',(55.763946435299,1.632922738662,-1.3));
#8929 = CARTESIAN_POINT('',(55.694047280732,1.599763274993,-1.3));
#8930 = CARTESIAN_POINT('',(55.624685019866,1.565471468174,-1.3));
#8931 = CARTESIAN_POINT('',(55.555985601446,1.52985407998,-1.3));
#8932 = CARTESIAN_POINT('',(55.487875565434,1.493098591953,-1.3));
#8933 = CARTESIAN_POINT('',(55.420574465902,1.454902639958,-1.3));
#8934 = CARTESIAN_POINT('',(55.354118427538,1.415266201655,-1.3));
#8935 = CARTESIAN_POINT('',(55.223122766869,1.332901093292,-1.3));
#8936 = CARTESIAN_POINT('',(55.15860294381,1.290182266762,-1.3));
#8937 = CARTESIAN_POINT('',(55.095126357687,1.245870106817,-1.3));
#8938 = CARTESIAN_POINT('',(55.03288995777,1.199813371953,-1.3));
#8939 = CARTESIAN_POINT('',(54.972096109256,1.151789649457,-1.3));
#8940 = CARTESIAN_POINT('',(54.912769923279,1.101983176904,-1.3));
#8941 = CARTESIAN_POINT('',(54.85533922728,1.050031090713,-1.3));
#8942 = CARTESIAN_POINT('',(54.749312260619,0.946243127837,-1.3));
#8943 = CARTESIAN_POINT('',(54.70041205502,0.894760401861,-1.3));
#8944 = CARTESIAN_POINT('',(54.653492072243,0.841382710172,-1.3));
#8945 = CARTESIAN_POINT('',(54.608885538582,0.786002909799,-1.3));
#8946 = CARTESIAN_POINT('',(54.566911685581,0.728563812479,-1.3));
#8947 = CARTESIAN_POINT('',(54.527894791091,0.669075188043,-1.3));
#8948 = CARTESIAN_POINT('',(54.492231019493,0.607588641828,-1.3));
#8949 = CARTESIAN_POINT('',(54.428205993731,0.480235349989,-1.3));
#8950 = CARTESIAN_POINT('',(54.400448008835,0.415450328187,-1.3));
#8951 = CARTESIAN_POINT('',(54.376847843073,0.348807709271,-1.3));
#8952 = CARTESIAN_POINT('',(54.357219469586,0.280085215715,-1.3));
#8953 = CARTESIAN_POINT('',(54.342048337736,0.209571010575,-1.3));
#8954 = CARTESIAN_POINT('',(54.332109892528,0.138139566606,-1.3));
#8955 = CARTESIAN_POINT('',(54.327708668801,6.744520049191E-02,-1.3));
#8956 = CARTESIAN_POINT('',(54.328170819932,1.7763568394E-15,-1.3));
#8957 = PCURVE('',#4897,#8958);
#8958 = DEFINITIONAL_REPRESENTATION('',(#8959),#9039);
#8959 = B_SPLINE_CURVE_WITH_KNOTS('',8,(#8960,#8961,#8962,#8963,#8964,
    #8965,#8966,#8967,#8968,#8969,#8970,#8971,#8972,#8973,#8974,#8975,
    #8976,#8977,#8978,#8979,#8980,#8981,#8982,#8983,#8984,#8985,#8986,
    #8987,#8988,#8989,#8990,#8991,#8992,#8993,#8994,#8995,#8996,#8997,
    #8998,#8999,#9000,#9001,#9002,#9003,#9004,#9005,#9006,#9007,#9008,
    #9009,#9010,#9011,#9012,#9013,#9014,#9015,#9016,#9017,#9018,#9019,
    #9020,#9021,#9022,#9023,#9024,#9025,#9026,#9027,#9028,#9029,#9030,
    #9031,#9032,#9033,#9034,#9035,#9036,#9037,#9038),.UNSPECIFIED.,.F.,
  .F.,(9,7,7,7,7,7,7,7,7,7,7,9),(0.,0.132850633903,0.240095711109,
    0.314343134857,0.372090945159,0.462837185721,0.561835637662,
    0.619587557265,0.718603227615,0.817639051221,0.908449278614,1.),
  .UNSPECIFIED.);
#8960 = CARTESIAN_POINT('',(0.121047586733,0.453333333333));
#8961 = CARTESIAN_POINT('',(0.119034562866,0.453333333333));
#8962 = CARTESIAN_POINT('',(0.117021556126,0.453333333333));
#8963 = CARTESIAN_POINT('',(0.115008557231,0.453333333333));
#8964 = CARTESIAN_POINT('',(0.11299553969,0.453333333333));
#8965 = CARTESIAN_POINT('',(0.110982504071,0.453333333333));
#8966 = CARTESIAN_POINT('',(0.108969482369,0.453333333333));
#8967 = CARTESIAN_POINT('',(0.106956502478,0.453333333333));
#8968 = CARTESIAN_POINT('',(0.103318505589,0.453333333333));
#8969 = CARTESIAN_POINT('',(0.101693496579,0.453333333333));
#8970 = CARTESIAN_POINT('',(0.100068499854,0.453333333333));
#8971 = CARTESIAN_POINT('',(9.844346292462E-02,0.453333333333));
#8972 = CARTESIAN_POINT('',(9.681844408802E-02,0.453333333333));
#8973 = CARTESIAN_POINT('',(9.519348473313E-02,0.453333333333));
#8974 = CARTESIAN_POINT('',(9.356850019492E-02,0.453333333333));
#8975 = CARTESIAN_POINT('',(9.081850889009E-02,0.453333333333));
#8976 = CARTESIAN_POINT('',(8.969351503598E-02,0.453333333333));
#8977 = CARTESIAN_POINT('',(8.856851678443E-02,0.453333333333));
#8978 = CARTESIAN_POINT('',(8.744351294454E-02,0.453333333333));
#8979 = CARTESIAN_POINT('',(8.631850898621E-02,0.453333333333));
#8980 = CARTESIAN_POINT('',(8.519351045772E-02,0.453333333333));
#8981 = CARTESIAN_POINT('',(8.406851640333E-02,0.453333333333));
#8982 = CARTESIAN_POINT('',(8.206851278084E-02,0.453333333333));
#8983 = CARTESIAN_POINT('',(8.119351278084E-02,0.453333333333));
#8984 = CARTESIAN_POINT('',(8.031851278084E-02,0.453333333333));
#8985 = CARTESIAN_POINT('',(7.944351278084E-02,0.453333333333));
#8986 = CARTESIAN_POINT('',(7.856851278084E-02,0.453333333333));
#8987 = CARTESIAN_POINT('',(7.769351278084E-02,0.453333333333));
#8988 = CARTESIAN_POINT('',(7.681851278084E-02,0.453333333333));
#8989 = CARTESIAN_POINT('',(7.456851760653E-02,0.453333333333));
#8990 = CARTESIAN_POINT('',(7.319350509659E-02,0.453333333333));
#8991 = CARTESIAN_POINT('',(7.181851562028E-02,0.453333333333));
#8992 = CARTESIAN_POINT('',(7.044351585464E-02,0.453333333333));
#8993 = CARTESIAN_POINT('',(6.906850942214E-02,0.453333333333));
#8994 = CARTESIAN_POINT('',(6.769351331409E-02,0.453333333333));
#8995 = CARTESIAN_POINT('',(6.63185134572E-02,0.453333333333));
#8996 = CARTESIAN_POINT('',(6.344347335734E-02,0.453333333333));
#8997 = CARTESIAN_POINT('',(6.194350210408E-02,0.453333333333));
#8998 = CARTESIAN_POINT('',(6.044343245141E-02,0.453333333333));
#8999 = CARTESIAN_POINT('',(5.894357922281E-02,0.453333333333));
#9000 = CARTESIAN_POINT('',(5.744326264529E-02,0.453333333333));
#9001 = CARTESIAN_POINT('',(5.594337945779E-02,0.453333333333));
#9002 = CARTESIAN_POINT('',(5.444345808864E-02,0.453333333333));
#9003 = CARTESIAN_POINT('',(5.206850191828E-02,0.453333333333));
#9004 = CARTESIAN_POINT('',(5.119347850466E-02,0.453333333333));
#9005 = CARTESIAN_POINT('',(5.031845195107E-02,0.453333333333));
#9006 = CARTESIAN_POINT('',(4.944343040156E-02,0.453333333333));
#9007 = CARTESIAN_POINT('',(4.856842073321E-02,0.453333333333));
#9008 = CARTESIAN_POINT('',(4.76934285561E-02,0.453333333333));
#9009 = CARTESIAN_POINT('',(4.681845821328E-02,0.453333333333));
#9010 = CARTESIAN_POINT('',(4.444341877344E-02,0.453333333333));
#9011 = CARTESIAN_POINT('',(4.294336120245E-02,0.453333333333));
#9012 = CARTESIAN_POINT('',(4.144368522107E-02,0.453333333333));
#9013 = CARTESIAN_POINT('',(3.994254356263E-02,0.453333333333));
#9014 = CARTESIAN_POINT('',(3.844348358372E-02,0.453333333333));
#9015 = CARTESIAN_POINT('',(3.694344659369E-02,0.453333333333));
#9016 = CARTESIAN_POINT('',(3.544349277361E-02,0.453333333333));
#9017 = CARTESIAN_POINT('',(3.244322748807E-02,0.453333333333));
#9018 = CARTESIAN_POINT('',(3.094330552641E-02,0.453333333333));
#9019 = CARTESIAN_POINT('',(2.94439399457E-02,0.453333333333));
#9020 = CARTESIAN_POINT('',(2.794456617287E-02,0.453333333333));
#9021 = CARTESIAN_POINT('',(2.64418819762E-02,0.453333333333));
#9022 = CARTESIAN_POINT('',(2.494388029958E-02,0.453333333333));
#9023 = CARTESIAN_POINT('',(2.344374736821E-02,0.453333333333));
#9024 = CARTESIAN_POINT('',(2.056788284148E-02,0.453333333333));
#9025 = CARTESIAN_POINT('',(1.919174107601E-02,0.453333333333));
#9026 = CARTESIAN_POINT('',(1.781913303241E-02,0.453333333333));
#9027 = CARTESIAN_POINT('',(1.644262931886E-02,0.453333333333));
#9028 = CARTESIAN_POINT('',(1.506572191382E-02,0.453333333333));
#9029 = CARTESIAN_POINT('',(1.369295467901E-02,0.453333333333));
#9030 = CARTESIAN_POINT('',(1.231845241277E-02,0.453333333333));
#9031 = CARTESIAN_POINT('',(9.557361476317E-03,0.453333333333));
#9032 = CARTESIAN_POINT('',(8.19448437854E-03,0.453333333333));
#9033 = CARTESIAN_POINT('',(6.832007689035E-03,0.453333333333));
#9034 = CARTESIAN_POINT('',(5.45484124828E-03,0.453333333333));
#9035 = CARTESIAN_POINT('',(4.062798623376E-03,0.453333333333));
#9036 = CARTESIAN_POINT('',(2.669555266716E-03,0.453333333333));
#9037 = CARTESIAN_POINT('',(1.300933115251E-03,0.453333333333));
#9038 = CARTESIAN_POINT('',(0.,0.453333333333));
#9039 = ( GEOMETRIC_REPRESENTATION_CONTEXT(2) 
PARAMETRIC_REPRESENTATION_CONTEXT() REPRESENTATION_CONTEXT('2D SPACE',''
  ) );
#9040 = PCURVE('',#7756,#9041);
#9041 = DEFINITIONAL_REPRESENTATION('',(#9042),#9122);
#9042 = B_SPLINE_CURVE_WITH_KNOTS('',8,(#9043,#9044,#9045,#9046,#9047,
    #9048,#9049,#9050,#9051,#9052,#9053,#9054,#9055,#9056,#9057,#9058,
    #9059,#9060,#9061,#9062,#9063,#9064,#9065,#9066,#9067,#9068,#9069,
    #9070,#9071,#9072,#9073,#9074,#9075,#9076,#9077,#9078,#9079,#9080,
    #9081,#9082,#9083,#9084,#9085,#9086,#9087,#9088,#9089,#9090,#9091,
    #9092,#9093,#9094,#9095,#9096,#9097,#9098,#9099,#9100,#9101,#9102,
    #9103,#9104,#9105,#9106,#9107,#9108,#9109,#9110,#9111,#9112,#9113,
    #9114,#9115,#9116,#9117,#9118,#9119,#9120,#9121),.UNSPECIFIED.,.F.,
  .F.,(9,7,7,7,7,7,7,7,7,7,7,9),(0.,0.132850633903,0.240095711109,
    0.314343134857,0.372090945159,0.462837185721,0.561835637662,
    0.619587557265,0.718603227615,0.817639051221,0.908449278614,1.),
  .UNSPECIFIED.);
#9043 = CARTESIAN_POINT('',(9.597569869806,5.));
#9044 = CARTESIAN_POINT('',(9.494133585573,4.991426276734));
#9045 = CARTESIAN_POINT('',(9.390746463129,4.982261300499));
#9046 = CARTESIAN_POINT('',(9.287413810664,4.972486967015));
#9047 = CARTESIAN_POINT('',(9.18414181467,4.962081930446));
#9048 = CARTESIAN_POINT('',(9.080937005596,4.951026806836));
#9049 = CARTESIAN_POINT('',(8.97780623287,4.939304667898));
#9050 = CARTESIAN_POINT('',(8.874757149282,4.926896825154));
#9051 = CARTESIAN_POINT('',(8.688685316707,4.903180288107));
#9052 = CARTESIAN_POINT('',(8.605630968168,4.892120885723));
#9053 = CARTESIAN_POINT('',(8.522640362384,4.880585303156));
#9054 = CARTESIAN_POINT('',(8.439719403467,4.868554509708));
#9055 = CARTESIAN_POINT('',(8.356872513442,4.856021652485));
#9056 = CARTESIAN_POINT('',(8.274105048169,4.842976932427));
#9057 = CARTESIAN_POINT('',(8.19142522969,4.82939484996));
#9058 = CARTESIAN_POINT('',(8.051664144738,4.8054778266));
#9059 = CARTESIAN_POINT('',(7.994534467641,4.795429675689));
#9060 = CARTESIAN_POINT('',(7.937452611747,4.785111413208));
#9061 = CARTESIAN_POINT('',(7.880420734151,4.774517823901));
#9062 = CARTESIAN_POINT('',(7.823441169203,4.763643984091));
#9063 = CARTESIAN_POINT('',(7.766516579149,4.752484506248));
#9064 = CARTESIAN_POINT('',(7.70965010477,4.74103278356));
#9065 = CARTESIAN_POINT('',(7.608664311483,4.720139392451));
#9066 = CARTESIAN_POINT('',(7.564520710054,4.710816808449));
#9067 = CARTESIAN_POINT('',(7.520416437582,4.701309056838));
#9068 = CARTESIAN_POINT('',(7.476353219911,4.691612711959));
#9069 = CARTESIAN_POINT('',(7.432332782885,4.681724348152));
#9070 = CARTESIAN_POINT('',(7.38835685235,4.671640539757));
#9071 = CARTESIAN_POINT('',(7.344427154148,4.661357861114));
#9072 = CARTESIAN_POINT('',(7.231588636102,4.634396555811));
#9073 = CARTESIAN_POINT('',(7.162749034763,4.617420949538));
#9074 = CARTESIAN_POINT('',(7.094036253199,4.599932119998));
#9075 = CARTESIAN_POINT('',(7.025460983962,4.581909074165));
#9076 = CARTESIAN_POINT('',(6.957033638611,4.563334124931));
#9077 = CARTESIAN_POINT('',(6.88876428715,4.544190998782));
#9078 = CARTESIAN_POINT('',(6.8206631501,4.524460712813));
#9079 = CARTESIAN_POINT('',(6.678642043094,4.481940503155));
#9080 = CARTESIAN_POINT('',(6.604759167845,4.459036700647));
#9081 = CARTESIAN_POINT('',(6.53111449569,4.43537056771));
#9082 = CARTESIAN_POINT('',(6.457714006883,4.410944525355));
#9083 = CARTESIAN_POINT('',(6.384606244502,4.385657669298));
#9084 = CARTESIAN_POINT('',(6.31178085306,4.359564410986));
#9085 = CARTESIAN_POINT('',(6.239287628638,4.33257645037));
#9086 = CARTESIAN_POINT('',(6.125074787696,4.28836860784));
#9087 = CARTESIAN_POINT('',(6.083118561397,4.271762752216));
#9088 = CARTESIAN_POINT('',(6.041291647288,4.254831111257));
#9089 = CARTESIAN_POINT('',(5.999600637074,4.237565506891));
#9090 = CARTESIAN_POINT('',(5.958052889706,4.219957115338));
#9091 = CARTESIAN_POINT('',(5.916656531375,4.201996467109));
#9092 = CARTESIAN_POINT('',(5.875420455516,4.183673447008));
#9093 = CARTESIAN_POINT('',(5.763946435299,4.132922738662));
#9094 = CARTESIAN_POINT('',(5.694047280732,4.099763274993));
#9095 = CARTESIAN_POINT('',(5.624685019866,4.065471468174));
#9096 = CARTESIAN_POINT('',(5.555985601446,4.02985407998));
#9097 = CARTESIAN_POINT('',(5.487875565434,3.993098591953));
#9098 = CARTESIAN_POINT('',(5.420574465902,3.954902639958));
#9099 = CARTESIAN_POINT('',(5.354118427538,3.915266201655));
#9100 = CARTESIAN_POINT('',(5.223122766869,3.832901093292));
#9101 = CARTESIAN_POINT('',(5.15860294381,3.790182266762));
#9102 = CARTESIAN_POINT('',(5.095126357687,3.745870106817));
#9103 = CARTESIAN_POINT('',(5.03288995777,3.699813371953));
#9104 = CARTESIAN_POINT('',(4.972096109256,3.651789649457));
#9105 = CARTESIAN_POINT('',(4.912769923279,3.601983176904));
#9106 = CARTESIAN_POINT('',(4.85533922728,3.550031090713));
#9107 = CARTESIAN_POINT('',(4.749312260619,3.446243127837));
#9108 = CARTESIAN_POINT('',(4.70041205502,3.394760401861));
#9109 = CARTESIAN_POINT('',(4.653492072243,3.341382710172));
#9110 = CARTESIAN_POINT('',(4.608885538582,3.286002909799));
#9111 = CARTESIAN_POINT('',(4.566911685581,3.228563812479));
#9112 = CARTESIAN_POINT('',(4.527894791091,3.169075188043));
#9113 = CARTESIAN_POINT('',(4.492231019493,3.107588641828));
#9114 = CARTESIAN_POINT('',(4.428205993731,2.980235349989));
#9115 = CARTESIAN_POINT('',(4.400448008835,2.915450328187));
#9116 = CARTESIAN_POINT('',(4.376847843073,2.848807709271));
#9117 = CARTESIAN_POINT('',(4.357219469586,2.780085215715));
#9118 = CARTESIAN_POINT('',(4.342048337736,2.709571010575));
#9119 = CARTESIAN_POINT('',(4.332109892528,2.638139566606));
#9120 = CARTESIAN_POINT('',(4.327708668801,2.567445200492));
#9121 = CARTESIAN_POINT('',(4.328170819932,2.5));
#9122 = ( GEOMETRIC_REPRESENTATION_CONTEXT(2) 
PARAMETRIC_REPRESENTATION_CONTEXT() REPRESENTATION_CONTEXT('2D SPACE',''
  ) );
#9123 = ORIENTED_EDGE('',*,*,#7555,.F.);
#9124 = ORIENTED_EDGE('',*,*,#6749,.F.);
#9125 = ORIENTED_EDGE('',*,*,#6782,.F.);
#9126 = ORIENTED_EDGE('',*,*,#6558,.T.);
#9127 = ADVANCED_FACE('',(#9128,#9430),#7756,.F.);
#9128 = FACE_BOUND('',#9129,.F.);
#9129 = EDGE_LOOP('',(#9130,#9160,#9189,#9217,#9245,#9273,#9301,#9329,
    #9358,#9386,#9407,#9408,#9409));
#9130 = ORIENTED_EDGE('',*,*,#9131,.F.);
#9131 = EDGE_CURVE('',#9132,#9134,#9136,.T.);
#9132 = VERTEX_POINT('',#9133);
#9133 = CARTESIAN_POINT('',(52.07665596573,2.5,-1.3));
#9134 = VERTEX_POINT('',#9135);
#9135 = CARTESIAN_POINT('',(54.,2.5,-1.3));
#9136 = SURFACE_CURVE('',#9137,(#9141,#9148),.PCURVE_S1.);
#9137 = LINE('',#9138,#9139);
#9138 = CARTESIAN_POINT('',(50.,2.5,-1.3));
#9139 = VECTOR('',#9140,1.);
#9140 = DIRECTION('',(1.,0.,0.));
#9141 = PCURVE('',#7756,#9142);
#9142 = DEFINITIONAL_REPRESENTATION('',(#9143),#9147);
#9143 = LINE('',#9144,#9145);
#9144 = CARTESIAN_POINT('',(0.,5.));
#9145 = VECTOR('',#9146,1.);
#9146 = DIRECTION('',(1.,0.));
#9147 = ( GEOMETRIC_REPRESENTATION_CONTEXT(2) 
PARAMETRIC_REPRESENTATION_CONTEXT() REPRESENTATION_CONTEXT('2D SPACE',''
  ) );
#9148 = PCURVE('',#9149,#9154);
#9149 = PLANE('',#9150);
#9150 = AXIS2_PLACEMENT_3D('',#9151,#9152,#9153);
#9151 = CARTESIAN_POINT('',(50.,2.5,-1.3));
#9152 = DIRECTION('',(0.,1.,0.));
#9153 = DIRECTION('',(0.,0.,1.));
#9154 = DEFINITIONAL_REPRESENTATION('',(#9155),#9159);
#9155 = LINE('',#9156,#9157);
#9156 = CARTESIAN_POINT('',(0.,0.));
#9157 = VECTOR('',#9158,1.);
#9158 = DIRECTION('',(0.,1.));
#9159 = ( GEOMETRIC_REPRESENTATION_CONTEXT(2) 
PARAMETRIC_REPRESENTATION_CONTEXT() REPRESENTATION_CONTEXT('2D SPACE',''
  ) );
#9160 = ORIENTED_EDGE('',*,*,#9161,.T.);
#9161 = EDGE_CURVE('',#9132,#9162,#9164,.T.);
#9162 = VERTEX_POINT('',#9163);
#9163 = CARTESIAN_POINT('',(47.8,2.392174742781,-1.3));
#9164 = SURFACE_CURVE('',#9165,(#9170,#9177),.PCURVE_S1.);
#9165 = CIRCLE('',#9166,3.25);
#9166 = AXIS2_PLACEMENT_3D('',#9167,#9168,#9169);
#9167 = CARTESIAN_POINT('',(50.,0.,-1.3));
#9168 = DIRECTION('',(0.,0.,1.));
#9169 = DIRECTION('',(1.,0.,0.));
#9170 = PCURVE('',#7756,#9171);
#9171 = DEFINITIONAL_REPRESENTATION('',(#9172),#9176);
#9172 = CIRCLE('',#9173,3.25);
#9173 = AXIS2_PLACEMENT_2D('',#9174,#9175);
#9174 = CARTESIAN_POINT('',(0.,2.5));
#9175 = DIRECTION('',(1.,0.));
#9176 = ( GEOMETRIC_REPRESENTATION_CONTEXT(2) 
PARAMETRIC_REPRESENTATION_CONTEXT() REPRESENTATION_CONTEXT('2D SPACE',''
  ) );
#9177 = PCURVE('',#9178,#9183);
#9178 = CYLINDRICAL_SURFACE('',#9179,3.25);
#9179 = AXIS2_PLACEMENT_3D('',#9180,#9181,#9182);
#9180 = CARTESIAN_POINT('',(50.,0.,-1.3));
#9181 = DIRECTION('',(0.,0.,1.));
#9182 = DIRECTION('',(1.,0.,0.));
#9183 = DEFINITIONAL_REPRESENTATION('',(#9184),#9188);
#9184 = LINE('',#9185,#9186);
#9185 = CARTESIAN_POINT('',(0.,0.));
#9186 = VECTOR('',#9187,1.);
#9187 = DIRECTION('',(1.,0.));
#9188 = ( GEOMETRIC_REPRESENTATION_CONTEXT(2) 
PARAMETRIC_REPRESENTATION_CONTEXT() REPRESENTATION_CONTEXT('2D SPACE',''
  ) );
#9189 = ORIENTED_EDGE('',*,*,#9190,.T.);
#9190 = EDGE_CURVE('',#9162,#9191,#9193,.T.);
#9191 = VERTEX_POINT('',#9192);
#9192 = CARTESIAN_POINT('',(47.8,5.5,-1.3));
#9193 = SURFACE_CURVE('',#9194,(#9198,#9205),.PCURVE_S1.);
#9194 = LINE('',#9195,#9196);
#9195 = CARTESIAN_POINT('',(47.8,-5.5,-1.3));
#9196 = VECTOR('',#9197,1.);
#9197 = DIRECTION('',(0.,1.,0.));
#9198 = PCURVE('',#7756,#9199);
#9199 = DEFINITIONAL_REPRESENTATION('',(#9200),#9204);
#9200 = LINE('',#9201,#9202);
#9201 = CARTESIAN_POINT('',(-2.2,-3.));
#9202 = VECTOR('',#9203,1.);
#9203 = DIRECTION('',(0.,1.));
#9204 = ( GEOMETRIC_REPRESENTATION_CONTEXT(2) 
PARAMETRIC_REPRESENTATION_CONTEXT() REPRESENTATION_CONTEXT('2D SPACE',''
  ) );
#9205 = PCURVE('',#9206,#9211);
#9206 = PLANE('',#9207);
#9207 = AXIS2_PLACEMENT_3D('',#9208,#9209,#9210);
#9208 = CARTESIAN_POINT('',(47.8,-5.5,-1.3));
#9209 = DIRECTION('',(1.,0.,0.));
#9210 = DIRECTION('',(0.,0.,1.));
#9211 = DEFINITIONAL_REPRESENTATION('',(#9212),#9216);
#9212 = LINE('',#9213,#9214);
#9213 = CARTESIAN_POINT('',(0.,0.));
#9214 = VECTOR('',#9215,1.);
#9215 = DIRECTION('',(0.,-1.));
#9216 = ( GEOMETRIC_REPRESENTATION_CONTEXT(2) 
PARAMETRIC_REPRESENTATION_CONTEXT() REPRESENTATION_CONTEXT('2D SPACE',''
  ) );
#9217 = ORIENTED_EDGE('',*,*,#9218,.F.);
#9218 = EDGE_CURVE('',#9219,#9191,#9221,.T.);
#9219 = VERTEX_POINT('',#9220);
#9220 = CARTESIAN_POINT('',(45.8,5.5,-1.3));
#9221 = SURFACE_CURVE('',#9222,(#9226,#9233),.PCURVE_S1.);
#9222 = LINE('',#9223,#9224);
#9223 = CARTESIAN_POINT('',(45.8,5.5,-1.3));
#9224 = VECTOR('',#9225,1.);
#9225 = DIRECTION('',(1.,0.,0.));
#9226 = PCURVE('',#7756,#9227);
#9227 = DEFINITIONAL_REPRESENTATION('',(#9228),#9232);
#9228 = LINE('',#9229,#9230);
#9229 = CARTESIAN_POINT('',(-4.2,8.));
#9230 = VECTOR('',#9231,1.);
#9231 = DIRECTION('',(1.,0.));
#9232 = ( GEOMETRIC_REPRESENTATION_CONTEXT(2) 
PARAMETRIC_REPRESENTATION_CONTEXT() REPRESENTATION_CONTEXT('2D SPACE',''
  ) );
#9233 = PCURVE('',#9234,#9239);
#9234 = PLANE('',#9235);
#9235 = AXIS2_PLACEMENT_3D('',#9236,#9237,#9238);
#9236 = CARTESIAN_POINT('',(45.8,5.5,-1.3));
#9237 = DIRECTION('',(0.,1.,0.));
#9238 = DIRECTION('',(0.,0.,1.));
#9239 = DEFINITIONAL_REPRESENTATION('',(#9240),#9244);
#9240 = LINE('',#9241,#9242);
#9241 = CARTESIAN_POINT('',(0.,0.));
#9242 = VECTOR('',#9243,1.);
#9243 = DIRECTION('',(0.,1.));
#9244 = ( GEOMETRIC_REPRESENTATION_CONTEXT(2) 
PARAMETRIC_REPRESENTATION_CONTEXT() REPRESENTATION_CONTEXT('2D SPACE',''
  ) );
#9245 = ORIENTED_EDGE('',*,*,#9246,.F.);
#9246 = EDGE_CURVE('',#9247,#9219,#9249,.T.);
#9247 = VERTEX_POINT('',#9248);
#9248 = CARTESIAN_POINT('',(45.8,-5.5,-1.3));
#9249 = SURFACE_CURVE('',#9250,(#9254,#9261),.PCURVE_S1.);
#9250 = LINE('',#9251,#9252);
#9251 = CARTESIAN_POINT('',(45.8,-5.5,-1.3));
#9252 = VECTOR('',#9253,1.);
#9253 = DIRECTION('',(0.,1.,0.));
#9254 = PCURVE('',#7756,#9255);
#9255 = DEFINITIONAL_REPRESENTATION('',(#9256),#9260);
#9256 = LINE('',#9257,#9258);
#9257 = CARTESIAN_POINT('',(-4.2,-3.));
#9258 = VECTOR('',#9259,1.);
#9259 = DIRECTION('',(0.,1.));
#9260 = ( GEOMETRIC_REPRESENTATION_CONTEXT(2) 
PARAMETRIC_REPRESENTATION_CONTEXT() REPRESENTATION_CONTEXT('2D SPACE',''
  ) );
#9261 = PCURVE('',#9262,#9267);
#9262 = PLANE('',#9263);
#9263 = AXIS2_PLACEMENT_3D('',#9264,#9265,#9266);
#9264 = CARTESIAN_POINT('',(45.8,-5.5,-1.3));
#9265 = DIRECTION('',(1.,0.,0.));
#9266 = DIRECTION('',(0.,0.,1.));
#9267 = DEFINITIONAL_REPRESENTATION('',(#9268),#9272);
#9268 = LINE('',#9269,#9270);
#9269 = CARTESIAN_POINT('',(0.,0.));
#9270 = VECTOR('',#9271,1.);
#9271 = DIRECTION('',(0.,-1.));
#9272 = ( GEOMETRIC_REPRESENTATION_CONTEXT(2) 
PARAMETRIC_REPRESENTATION_CONTEXT() REPRESENTATION_CONTEXT('2D SPACE',''
  ) );
#9273 = ORIENTED_EDGE('',*,*,#9274,.T.);
#9274 = EDGE_CURVE('',#9247,#9275,#9277,.T.);
#9275 = VERTEX_POINT('',#9276);
#9276 = CARTESIAN_POINT('',(47.8,-5.5,-1.3));
#9277 = SURFACE_CURVE('',#9278,(#9282,#9289),.PCURVE_S1.);
#9278 = LINE('',#9279,#9280);
#9279 = CARTESIAN_POINT('',(45.8,-5.5,-1.3));
#9280 = VECTOR('',#9281,1.);
#9281 = DIRECTION('',(1.,0.,0.));
#9282 = PCURVE('',#7756,#9283);
#9283 = DEFINITIONAL_REPRESENTATION('',(#9284),#9288);
#9284 = LINE('',#9285,#9286);
#9285 = CARTESIAN_POINT('',(-4.2,-3.));
#9286 = VECTOR('',#9287,1.);
#9287 = DIRECTION('',(1.,0.));
#9288 = ( GEOMETRIC_REPRESENTATION_CONTEXT(2) 
PARAMETRIC_REPRESENTATION_CONTEXT() REPRESENTATION_CONTEXT('2D SPACE',''
  ) );
#9289 = PCURVE('',#9290,#9295);
#9290 = PLANE('',#9291);
#9291 = AXIS2_PLACEMENT_3D('',#9292,#9293,#9294);
#9292 = CARTESIAN_POINT('',(45.8,-5.5,-1.3));
#9293 = DIRECTION('',(0.,1.,0.));
#9294 = DIRECTION('',(0.,0.,1.));
#9295 = DEFINITIONAL_REPRESENTATION('',(#9296),#9300);
#9296 = LINE('',#9297,#9298);
#9297 = CARTESIAN_POINT('',(0.,0.));
#9298 = VECTOR('',#9299,1.);
#9299 = DIRECTION('',(0.,1.));
#9300 = ( GEOMETRIC_REPRESENTATION_CONTEXT(2) 
PARAMETRIC_REPRESENTATION_CONTEXT() REPRESENTATION_CONTEXT('2D SPACE',''
  ) );
#9301 = ORIENTED_EDGE('',*,*,#9302,.T.);
#9302 = EDGE_CURVE('',#9275,#9303,#9305,.T.);
#9303 = VERTEX_POINT('',#9304);
#9304 = CARTESIAN_POINT('',(47.8,-2.392174742781,-1.3));
#9305 = SURFACE_CURVE('',#9306,(#9310,#9317),.PCURVE_S1.);
#9306 = LINE('',#9307,#9308);
#9307 = CARTESIAN_POINT('',(47.8,-5.5,-1.3));
#9308 = VECTOR('',#9309,1.);
#9309 = DIRECTION('',(0.,1.,0.));
#9310 = PCURVE('',#7756,#9311);
#9311 = DEFINITIONAL_REPRESENTATION('',(#9312),#9316);
#9312 = LINE('',#9313,#9314);
#9313 = CARTESIAN_POINT('',(-2.2,-3.));
#9314 = VECTOR('',#9315,1.);
#9315 = DIRECTION('',(0.,1.));
#9316 = ( GEOMETRIC_REPRESENTATION_CONTEXT(2) 
PARAMETRIC_REPRESENTATION_CONTEXT() REPRESENTATION_CONTEXT('2D SPACE',''
  ) );
#9317 = PCURVE('',#9318,#9323);
#9318 = PLANE('',#9319);
#9319 = AXIS2_PLACEMENT_3D('',#9320,#9321,#9322);
#9320 = CARTESIAN_POINT('',(47.8,-5.5,-1.3));
#9321 = DIRECTION('',(1.,0.,0.));
#9322 = DIRECTION('',(0.,0.,1.));
#9323 = DEFINITIONAL_REPRESENTATION('',(#9324),#9328);
#9324 = LINE('',#9325,#9326);
#9325 = CARTESIAN_POINT('',(0.,0.));
#9326 = VECTOR('',#9327,1.);
#9327 = DIRECTION('',(0.,-1.));
#9328 = ( GEOMETRIC_REPRESENTATION_CONTEXT(2) 
PARAMETRIC_REPRESENTATION_CONTEXT() REPRESENTATION_CONTEXT('2D SPACE',''
  ) );
#9329 = ORIENTED_EDGE('',*,*,#9330,.T.);
#9330 = EDGE_CURVE('',#9303,#9331,#9333,.T.);
#9331 = VERTEX_POINT('',#9332);
#9332 = CARTESIAN_POINT('',(52.07665596573,-2.5,-1.3));
#9333 = SURFACE_CURVE('',#9334,(#9339,#9346),.PCURVE_S1.);
#9334 = CIRCLE('',#9335,3.25);
#9335 = AXIS2_PLACEMENT_3D('',#9336,#9337,#9338);
#9336 = CARTESIAN_POINT('',(50.,0.,-1.3));
#9337 = DIRECTION('',(0.,0.,1.));
#9338 = DIRECTION('',(1.,0.,0.));
#9339 = PCURVE('',#7756,#9340);
#9340 = DEFINITIONAL_REPRESENTATION('',(#9341),#9345);
#9341 = CIRCLE('',#9342,3.25);
#9342 = AXIS2_PLACEMENT_2D('',#9343,#9344);
#9343 = CARTESIAN_POINT('',(0.,2.5));
#9344 = DIRECTION('',(1.,0.));
#9345 = ( GEOMETRIC_REPRESENTATION_CONTEXT(2) 
PARAMETRIC_REPRESENTATION_CONTEXT() REPRESENTATION_CONTEXT('2D SPACE',''
  ) );
#9346 = PCURVE('',#9347,#9352);
#9347 = CYLINDRICAL_SURFACE('',#9348,3.25);
#9348 = AXIS2_PLACEMENT_3D('',#9349,#9350,#9351);
#9349 = CARTESIAN_POINT('',(50.,0.,-1.3));
#9350 = DIRECTION('',(0.,0.,1.));
#9351 = DIRECTION('',(1.,0.,0.));
#9352 = DEFINITIONAL_REPRESENTATION('',(#9353),#9357);
#9353 = LINE('',#9354,#9355);
#9354 = CARTESIAN_POINT('',(0.,0.));
#9355 = VECTOR('',#9356,1.);
#9356 = DIRECTION('',(1.,0.));
#9357 = ( GEOMETRIC_REPRESENTATION_CONTEXT(2) 
PARAMETRIC_REPRESENTATION_CONTEXT() REPRESENTATION_CONTEXT('2D SPACE',''
  ) );
#9358 = ORIENTED_EDGE('',*,*,#9359,.T.);
#9359 = EDGE_CURVE('',#9331,#9360,#9362,.T.);
#9360 = VERTEX_POINT('',#9361);
#9361 = CARTESIAN_POINT('',(54.,-2.5,-1.3));
#9362 = SURFACE_CURVE('',#9363,(#9367,#9374),.PCURVE_S1.);
#9363 = LINE('',#9364,#9365);
#9364 = CARTESIAN_POINT('',(50.,-2.5,-1.3));
#9365 = VECTOR('',#9366,1.);
#9366 = DIRECTION('',(1.,0.,0.));
#9367 = PCURVE('',#7756,#9368);
#9368 = DEFINITIONAL_REPRESENTATION('',(#9369),#9373);
#9369 = LINE('',#9370,#9371);
#9370 = CARTESIAN_POINT('',(0.,0.));
#9371 = VECTOR('',#9372,1.);
#9372 = DIRECTION('',(1.,0.));
#9373 = ( GEOMETRIC_REPRESENTATION_CONTEXT(2) 
PARAMETRIC_REPRESENTATION_CONTEXT() REPRESENTATION_CONTEXT('2D SPACE',''
  ) );
#9374 = PCURVE('',#9375,#9380);
#9375 = PLANE('',#9376);
#9376 = AXIS2_PLACEMENT_3D('',#9377,#9378,#9379);
#9377 = CARTESIAN_POINT('',(50.,-2.5,-1.3));
#9378 = DIRECTION('',(0.,1.,0.));
#9379 = DIRECTION('',(0.,0.,1.));
#9380 = DEFINITIONAL_REPRESENTATION('',(#9381),#9385);
#9381 = LINE('',#9382,#9383);
#9382 = CARTESIAN_POINT('',(0.,0.));
#9383 = VECTOR('',#9384,1.);
#9384 = DIRECTION('',(0.,1.));
#9385 = ( GEOMETRIC_REPRESENTATION_CONTEXT(2) 
PARAMETRIC_REPRESENTATION_CONTEXT() REPRESENTATION_CONTEXT('2D SPACE',''
  ) );
#9386 = ORIENTED_EDGE('',*,*,#9387,.F.);
#9387 = EDGE_CURVE('',#7589,#9360,#9388,.T.);
#9388 = SURFACE_CURVE('',#9389,(#9393,#9400),.PCURVE_S1.);
#9389 = LINE('',#9390,#9391);
#9390 = CARTESIAN_POINT('',(53.929791976226,-2.5220653789,-1.3));
#9391 = VECTOR('',#9392,1.);
#9392 = DIRECTION('',(-0.953993716901,-0.29982659674,0.));
#9393 = PCURVE('',#7756,#9394);
#9394 = DEFINITIONAL_REPRESENTATION('',(#9395),#9399);
#9395 = LINE('',#9396,#9397);
#9396 = CARTESIAN_POINT('',(3.929791976226,-2.206537890045E-02));
#9397 = VECTOR('',#9398,1.);
#9398 = DIRECTION('',(-0.953993716901,-0.29982659674));
#9399 = ( GEOMETRIC_REPRESENTATION_CONTEXT(2) 
PARAMETRIC_REPRESENTATION_CONTEXT() REPRESENTATION_CONTEXT('2D SPACE',''
  ) );
#9400 = PCURVE('',#7918,#9401);
#9401 = DEFINITIONAL_REPRESENTATION('',(#9402),#9406);
#9402 = LINE('',#9403,#9404);
#9403 = CARTESIAN_POINT('',(-0.,3.742381066587));
#9404 = VECTOR('',#9405,1.);
#9405 = DIRECTION('',(-0.,1.));
#9406 = ( GEOMETRIC_REPRESENTATION_CONTEXT(2) 
PARAMETRIC_REPRESENTATION_CONTEXT() REPRESENTATION_CONTEXT('2D SPACE',''
  ) );
#9407 = ORIENTED_EDGE('',*,*,#7588,.F.);
#9408 = ORIENTED_EDGE('',*,*,#8875,.F.);
#9409 = ORIENTED_EDGE('',*,*,#9410,.T.);
#9410 = EDGE_CURVE('',#8761,#9134,#9411,.T.);
#9411 = SURFACE_CURVE('',#9412,(#9416,#9423),.PCURVE_S1.);
#9412 = LINE('',#9413,#9414);
#9413 = CARTESIAN_POINT('',(54.644873699851,2.297325408618,-1.3));
#9414 = VECTOR('',#9415,1.);
#9415 = DIRECTION('',(-0.953993716901,0.29982659674,0.));
#9416 = PCURVE('',#7756,#9417);
#9417 = DEFINITIONAL_REPRESENTATION('',(#9418),#9422);
#9418 = LINE('',#9419,#9420);
#9419 = CARTESIAN_POINT('',(4.644873699851,4.797325408618));
#9420 = VECTOR('',#9421,1.);
#9421 = DIRECTION('',(-0.953993716901,0.29982659674));
#9422 = ( GEOMETRIC_REPRESENTATION_CONTEXT(2) 
PARAMETRIC_REPRESENTATION_CONTEXT() REPRESENTATION_CONTEXT('2D SPACE',''
  ) );
#9423 = PCURVE('',#8834,#9424);
#9424 = DEFINITIONAL_REPRESENTATION('',(#9425),#9429);
#9425 = LINE('',#9426,#9427);
#9426 = CARTESIAN_POINT('',(-0.,2.992814574736));
#9427 = VECTOR('',#9428,1.);
#9428 = DIRECTION('',(-0.,1.));
#9429 = ( GEOMETRIC_REPRESENTATION_CONTEXT(2) 
PARAMETRIC_REPRESENTATION_CONTEXT() REPRESENTATION_CONTEXT('2D SPACE',''
  ) );
#9430 = FACE_BOUND('',#9431,.F.);
#9431 = EDGE_LOOP('',(#9432));
#9432 = ORIENTED_EDGE('',*,*,#9433,.F.);
#9433 = EDGE_CURVE('',#9434,#9434,#9436,.T.);
#9434 = VERTEX_POINT('',#9435);
#9435 = CARTESIAN_POINT('',(50.95,-2.32682891838E-16,-1.3));
#9436 = SURFACE_CURVE('',#9437,(#9442,#9449),.PCURVE_S1.);
#9437 = CIRCLE('',#9438,0.95);
#9438 = AXIS2_PLACEMENT_3D('',#9439,#9440,#9441);
#9439 = CARTESIAN_POINT('',(50.,0.,-1.3));
#9440 = DIRECTION('',(0.,0.,1.));
#9441 = DIRECTION('',(1.,0.,-0.));
#9442 = PCURVE('',#7756,#9443);
#9443 = DEFINITIONAL_REPRESENTATION('',(#9444),#9448);
#9444 = CIRCLE('',#9445,0.95);
#9445 = AXIS2_PLACEMENT_2D('',#9446,#9447);
#9446 = CARTESIAN_POINT('',(0.,2.5));
#9447 = DIRECTION('',(1.,0.));
#9448 = ( GEOMETRIC_REPRESENTATION_CONTEXT(2) 
PARAMETRIC_REPRESENTATION_CONTEXT() REPRESENTATION_CONTEXT('2D SPACE',''
  ) );
#9449 = PCURVE('',#9450,#9455);
#9450 = CYLINDRICAL_SURFACE('',#9451,0.95);
#9451 = AXIS2_PLACEMENT_3D('',#9452,#9453,#9454);
#9452 = CARTESIAN_POINT('',(50.,0.,-4.7));
#9453 = DIRECTION('',(0.,0.,1.));
#9454 = DIRECTION('',(1.,0.,0.));
#9455 = DEFINITIONAL_REPRESENTATION('',(#9456),#9460);
#9456 = LINE('',#9457,#9458);
#9457 = CARTESIAN_POINT('',(0.,3.4));
#9458 = VECTOR('',#9459,1.);
#9459 = DIRECTION('',(1.,0.));
#9460 = ( GEOMETRIC_REPRESENTATION_CONTEXT(2) 
PARAMETRIC_REPRESENTATION_CONTEXT() REPRESENTATION_CONTEXT('2D SPACE',''
  ) );
#9461 = ADVANCED_FACE('',(#9462),#8834,.T.);
#9462 = FACE_BOUND('',#9463,.F.);
#9463 = EDGE_LOOP('',(#9464,#9465,#9466,#9489));
#9464 = ORIENTED_EDGE('',*,*,#9410,.F.);
#9465 = ORIENTED_EDGE('',*,*,#8760,.F.);
#9466 = ORIENTED_EDGE('',*,*,#9467,.T.);
#9467 = EDGE_CURVE('',#8510,#9468,#9470,.T.);
#9468 = VERTEX_POINT('',#9469);
#9469 = CARTESIAN_POINT('',(54.,2.5,4.3));
#9470 = SURFACE_CURVE('',#9471,(#9475,#9482),.PCURVE_S1.);
#9471 = LINE('',#9472,#9473);
#9472 = CARTESIAN_POINT('',(54.644873699851,2.297325408618,4.3));
#9473 = VECTOR('',#9474,1.);
#9474 = DIRECTION('',(-0.953993716901,0.29982659674,0.));
#9475 = PCURVE('',#8834,#9476);
#9476 = DEFINITIONAL_REPRESENTATION('',(#9477),#9481);
#9477 = LINE('',#9478,#9479);
#9478 = CARTESIAN_POINT('',(-5.6,2.992814574736));
#9479 = VECTOR('',#9480,1.);
#9480 = DIRECTION('',(-0.,1.));
#9481 = ( GEOMETRIC_REPRESENTATION_CONTEXT(2) 
PARAMETRIC_REPRESENTATION_CONTEXT() REPRESENTATION_CONTEXT('2D SPACE',''
  ) );
#9482 = PCURVE('',#8127,#9483);
#9483 = DEFINITIONAL_REPRESENTATION('',(#9484),#9488);
#9484 = LINE('',#9485,#9486);
#9485 = CARTESIAN_POINT('',(4.644873699851,4.797325408618));
#9486 = VECTOR('',#9487,1.);
#9487 = DIRECTION('',(-0.953993716901,0.29982659674));
#9488 = ( GEOMETRIC_REPRESENTATION_CONTEXT(2) 
PARAMETRIC_REPRESENTATION_CONTEXT() REPRESENTATION_CONTEXT('2D SPACE',''
  ) );
#9489 = ORIENTED_EDGE('',*,*,#9490,.F.);
#9490 = EDGE_CURVE('',#9134,#9468,#9491,.T.);
#9491 = SURFACE_CURVE('',#9492,(#9496,#9503),.PCURVE_S1.);
#9492 = LINE('',#9493,#9494);
#9493 = CARTESIAN_POINT('',(54.,2.5,-1.3));
#9494 = VECTOR('',#9495,1.);
#9495 = DIRECTION('',(0.,0.,1.));
#9496 = PCURVE('',#8834,#9497);
#9497 = DEFINITIONAL_REPRESENTATION('',(#9498),#9502);
#9498 = LINE('',#9499,#9500);
#9499 = CARTESIAN_POINT('',(-0.,3.668787265569));
#9500 = VECTOR('',#9501,1.);
#9501 = DIRECTION('',(-1.,0.));
#9502 = ( GEOMETRIC_REPRESENTATION_CONTEXT(2) 
PARAMETRIC_REPRESENTATION_CONTEXT() REPRESENTATION_CONTEXT('2D SPACE',''
  ) );
#9503 = PCURVE('',#9149,#9504);
#9504 = DEFINITIONAL_REPRESENTATION('',(#9505),#9509);
#9505 = LINE('',#9506,#9507);
#9506 = CARTESIAN_POINT('',(0.,4.));
#9507 = VECTOR('',#9508,1.);
#9508 = DIRECTION('',(1.,0.));
#9509 = ( GEOMETRIC_REPRESENTATION_CONTEXT(2) 
PARAMETRIC_REPRESENTATION_CONTEXT() REPRESENTATION_CONTEXT('2D SPACE',''
  ) );
#9510 = ADVANCED_FACE('',(#9511,#9746),#8127,.T.);
#9511 = FACE_BOUND('',#9512,.T.);
#9512 = EDGE_LOOP('',(#9513,#9536,#9560,#9583,#9606,#9629,#9652,#9675,
    #9699,#9722,#9743,#9744,#9745));
#9513 = ORIENTED_EDGE('',*,*,#9514,.F.);
#9514 = EDGE_CURVE('',#9515,#9468,#9517,.T.);
#9515 = VERTEX_POINT('',#9516);
#9516 = CARTESIAN_POINT('',(52.07665596573,2.5,4.3));
#9517 = SURFACE_CURVE('',#9518,(#9522,#9529),.PCURVE_S1.);
#9518 = LINE('',#9519,#9520);
#9519 = CARTESIAN_POINT('',(50.,2.5,4.3));
#9520 = VECTOR('',#9521,1.);
#9521 = DIRECTION('',(1.,0.,0.));
#9522 = PCURVE('',#8127,#9523);
#9523 = DEFINITIONAL_REPRESENTATION('',(#9524),#9528);
#9524 = LINE('',#9525,#9526);
#9525 = CARTESIAN_POINT('',(0.,5.));
#9526 = VECTOR('',#9527,1.);
#9527 = DIRECTION('',(1.,0.));
#9528 = ( GEOMETRIC_REPRESENTATION_CONTEXT(2) 
PARAMETRIC_REPRESENTATION_CONTEXT() REPRESENTATION_CONTEXT('2D SPACE',''
  ) );
#9529 = PCURVE('',#9149,#9530);
#9530 = DEFINITIONAL_REPRESENTATION('',(#9531),#9535);
#9531 = LINE('',#9532,#9533);
#9532 = CARTESIAN_POINT('',(5.6,0.));
#9533 = VECTOR('',#9534,1.);
#9534 = DIRECTION('',(0.,1.));
#9535 = ( GEOMETRIC_REPRESENTATION_CONTEXT(2) 
PARAMETRIC_REPRESENTATION_CONTEXT() REPRESENTATION_CONTEXT('2D SPACE',''
  ) );
#9536 = ORIENTED_EDGE('',*,*,#9537,.T.);
#9537 = EDGE_CURVE('',#9515,#9538,#9540,.T.);
#9538 = VERTEX_POINT('',#9539);
#9539 = CARTESIAN_POINT('',(47.8,2.392174742781,4.3));
#9540 = SURFACE_CURVE('',#9541,(#9546,#9553),.PCURVE_S1.);
#9541 = CIRCLE('',#9542,3.25);
#9542 = AXIS2_PLACEMENT_3D('',#9543,#9544,#9545);
#9543 = CARTESIAN_POINT('',(50.,0.,4.3));
#9544 = DIRECTION('',(0.,0.,1.));
#9545 = DIRECTION('',(1.,0.,0.));
#9546 = PCURVE('',#8127,#9547);
#9547 = DEFINITIONAL_REPRESENTATION('',(#9548),#9552);
#9548 = CIRCLE('',#9549,3.25);
#9549 = AXIS2_PLACEMENT_2D('',#9550,#9551);
#9550 = CARTESIAN_POINT('',(0.,2.5));
#9551 = DIRECTION('',(1.,0.));
#9552 = ( GEOMETRIC_REPRESENTATION_CONTEXT(2) 
PARAMETRIC_REPRESENTATION_CONTEXT() REPRESENTATION_CONTEXT('2D SPACE',''
  ) );
#9553 = PCURVE('',#9178,#9554);
#9554 = DEFINITIONAL_REPRESENTATION('',(#9555),#9559);
#9555 = LINE('',#9556,#9557);
#9556 = CARTESIAN_POINT('',(0.,5.6));
#9557 = VECTOR('',#9558,1.);
#9558 = DIRECTION('',(1.,0.));
#9559 = ( GEOMETRIC_REPRESENTATION_CONTEXT(2) 
PARAMETRIC_REPRESENTATION_CONTEXT() REPRESENTATION_CONTEXT('2D SPACE',''
  ) );
#9560 = ORIENTED_EDGE('',*,*,#9561,.T.);
#9561 = EDGE_CURVE('',#9538,#9562,#9564,.T.);
#9562 = VERTEX_POINT('',#9563);
#9563 = CARTESIAN_POINT('',(47.8,5.5,4.3));
#9564 = SURFACE_CURVE('',#9565,(#9569,#9576),.PCURVE_S1.);
#9565 = LINE('',#9566,#9567);
#9566 = CARTESIAN_POINT('',(47.8,-5.5,4.3));
#9567 = VECTOR('',#9568,1.);
#9568 = DIRECTION('',(0.,1.,0.));
#9569 = PCURVE('',#8127,#9570);
#9570 = DEFINITIONAL_REPRESENTATION('',(#9571),#9575);
#9571 = LINE('',#9572,#9573);
#9572 = CARTESIAN_POINT('',(-2.2,-3.));
#9573 = VECTOR('',#9574,1.);
#9574 = DIRECTION('',(0.,1.));
#9575 = ( GEOMETRIC_REPRESENTATION_CONTEXT(2) 
PARAMETRIC_REPRESENTATION_CONTEXT() REPRESENTATION_CONTEXT('2D SPACE',''
  ) );
#9576 = PCURVE('',#9206,#9577);
#9577 = DEFINITIONAL_REPRESENTATION('',(#9578),#9582);
#9578 = LINE('',#9579,#9580);
#9579 = CARTESIAN_POINT('',(5.6,0.));
#9580 = VECTOR('',#9581,1.);
#9581 = DIRECTION('',(0.,-1.));
#9582 = ( GEOMETRIC_REPRESENTATION_CONTEXT(2) 
PARAMETRIC_REPRESENTATION_CONTEXT() REPRESENTATION_CONTEXT('2D SPACE',''
  ) );
#9583 = ORIENTED_EDGE('',*,*,#9584,.F.);
#9584 = EDGE_CURVE('',#9585,#9562,#9587,.T.);
#9585 = VERTEX_POINT('',#9586);
#9586 = CARTESIAN_POINT('',(45.8,5.5,4.3));
#9587 = SURFACE_CURVE('',#9588,(#9592,#9599),.PCURVE_S1.);
#9588 = LINE('',#9589,#9590);
#9589 = CARTESIAN_POINT('',(45.8,5.5,4.3));
#9590 = VECTOR('',#9591,1.);
#9591 = DIRECTION('',(1.,0.,0.));
#9592 = PCURVE('',#8127,#9593);
#9593 = DEFINITIONAL_REPRESENTATION('',(#9594),#9598);
#9594 = LINE('',#9595,#9596);
#9595 = CARTESIAN_POINT('',(-4.2,8.));
#9596 = VECTOR('',#9597,1.);
#9597 = DIRECTION('',(1.,0.));
#9598 = ( GEOMETRIC_REPRESENTATION_CONTEXT(2) 
PARAMETRIC_REPRESENTATION_CONTEXT() REPRESENTATION_CONTEXT('2D SPACE',''
  ) );
#9599 = PCURVE('',#9234,#9600);
#9600 = DEFINITIONAL_REPRESENTATION('',(#9601),#9605);
#9601 = LINE('',#9602,#9603);
#9602 = CARTESIAN_POINT('',(5.6,0.));
#9603 = VECTOR('',#9604,1.);
#9604 = DIRECTION('',(0.,1.));
#9605 = ( GEOMETRIC_REPRESENTATION_CONTEXT(2) 
PARAMETRIC_REPRESENTATION_CONTEXT() REPRESENTATION_CONTEXT('2D SPACE',''
  ) );
#9606 = ORIENTED_EDGE('',*,*,#9607,.F.);
#9607 = EDGE_CURVE('',#9608,#9585,#9610,.T.);
#9608 = VERTEX_POINT('',#9609);
#9609 = CARTESIAN_POINT('',(45.8,-5.5,4.3));
#9610 = SURFACE_CURVE('',#9611,(#9615,#9622),.PCURVE_S1.);
#9611 = LINE('',#9612,#9613);
#9612 = CARTESIAN_POINT('',(45.8,-5.5,4.3));
#9613 = VECTOR('',#9614,1.);
#9614 = DIRECTION('',(0.,1.,0.));
#9615 = PCURVE('',#8127,#9616);
#9616 = DEFINITIONAL_REPRESENTATION('',(#9617),#9621);
#9617 = LINE('',#9618,#9619);
#9618 = CARTESIAN_POINT('',(-4.2,-3.));
#9619 = VECTOR('',#9620,1.);
#9620 = DIRECTION('',(0.,1.));
#9621 = ( GEOMETRIC_REPRESENTATION_CONTEXT(2) 
PARAMETRIC_REPRESENTATION_CONTEXT() REPRESENTATION_CONTEXT('2D SPACE',''
  ) );
#9622 = PCURVE('',#9262,#9623);
#9623 = DEFINITIONAL_REPRESENTATION('',(#9624),#9628);
#9624 = LINE('',#9625,#9626);
#9625 = CARTESIAN_POINT('',(5.6,0.));
#9626 = VECTOR('',#9627,1.);
#9627 = DIRECTION('',(0.,-1.));
#9628 = ( GEOMETRIC_REPRESENTATION_CONTEXT(2) 
PARAMETRIC_REPRESENTATION_CONTEXT() REPRESENTATION_CONTEXT('2D SPACE',''
  ) );
#9629 = ORIENTED_EDGE('',*,*,#9630,.T.);
#9630 = EDGE_CURVE('',#9608,#9631,#9633,.T.);
#9631 = VERTEX_POINT('',#9632);
#9632 = CARTESIAN_POINT('',(47.8,-5.5,4.3));
#9633 = SURFACE_CURVE('',#9634,(#9638,#9645),.PCURVE_S1.);
#9634 = LINE('',#9635,#9636);
#9635 = CARTESIAN_POINT('',(45.8,-5.5,4.3));
#9636 = VECTOR('',#9637,1.);
#9637 = DIRECTION('',(1.,0.,0.));
#9638 = PCURVE('',#8127,#9639);
#9639 = DEFINITIONAL_REPRESENTATION('',(#9640),#9644);
#9640 = LINE('',#9641,#9642);
#9641 = CARTESIAN_POINT('',(-4.2,-3.));
#9642 = VECTOR('',#9643,1.);
#9643 = DIRECTION('',(1.,0.));
#9644 = ( GEOMETRIC_REPRESENTATION_CONTEXT(2) 
PARAMETRIC_REPRESENTATION_CONTEXT() REPRESENTATION_CONTEXT('2D SPACE',''
  ) );
#9645 = PCURVE('',#9290,#9646);
#9646 = DEFINITIONAL_REPRESENTATION('',(#9647),#9651);
#9647 = LINE('',#9648,#9649);
#9648 = CARTESIAN_POINT('',(5.6,0.));
#9649 = VECTOR('',#9650,1.);
#9650 = DIRECTION('',(0.,1.));
#9651 = ( GEOMETRIC_REPRESENTATION_CONTEXT(2) 
PARAMETRIC_REPRESENTATION_CONTEXT() REPRESENTATION_CONTEXT('2D SPACE',''
  ) );
#9652 = ORIENTED_EDGE('',*,*,#9653,.T.);
#9653 = EDGE_CURVE('',#9631,#9654,#9656,.T.);
#9654 = VERTEX_POINT('',#9655);
#9655 = CARTESIAN_POINT('',(47.8,-2.392174742781,4.3));
#9656 = SURFACE_CURVE('',#9657,(#9661,#9668),.PCURVE_S1.);
#9657 = LINE('',#9658,#9659);
#9658 = CARTESIAN_POINT('',(47.8,-5.5,4.3));
#9659 = VECTOR('',#9660,1.);
#9660 = DIRECTION('',(0.,1.,0.));
#9661 = PCURVE('',#8127,#9662);
#9662 = DEFINITIONAL_REPRESENTATION('',(#9663),#9667);
#9663 = LINE('',#9664,#9665);
#9664 = CARTESIAN_POINT('',(-2.2,-3.));
#9665 = VECTOR('',#9666,1.);
#9666 = DIRECTION('',(0.,1.));
#9667 = ( GEOMETRIC_REPRESENTATION_CONTEXT(2) 
PARAMETRIC_REPRESENTATION_CONTEXT() REPRESENTATION_CONTEXT('2D SPACE',''
  ) );
#9668 = PCURVE('',#9318,#9669);
#9669 = DEFINITIONAL_REPRESENTATION('',(#9670),#9674);
#9670 = LINE('',#9671,#9672);
#9671 = CARTESIAN_POINT('',(5.6,0.));
#9672 = VECTOR('',#9673,1.);
#9673 = DIRECTION('',(0.,-1.));
#9674 = ( GEOMETRIC_REPRESENTATION_CONTEXT(2) 
PARAMETRIC_REPRESENTATION_CONTEXT() REPRESENTATION_CONTEXT('2D SPACE',''
  ) );
#9675 = ORIENTED_EDGE('',*,*,#9676,.T.);
#9676 = EDGE_CURVE('',#9654,#9677,#9679,.T.);
#9677 = VERTEX_POINT('',#9678);
#9678 = CARTESIAN_POINT('',(52.07665596573,-2.5,4.3));
#9679 = SURFACE_CURVE('',#9680,(#9685,#9692),.PCURVE_S1.);
#9680 = CIRCLE('',#9681,3.25);
#9681 = AXIS2_PLACEMENT_3D('',#9682,#9683,#9684);
#9682 = CARTESIAN_POINT('',(50.,0.,4.3));
#9683 = DIRECTION('',(0.,0.,1.));
#9684 = DIRECTION('',(1.,0.,0.));
#9685 = PCURVE('',#8127,#9686);
#9686 = DEFINITIONAL_REPRESENTATION('',(#9687),#9691);
#9687 = CIRCLE('',#9688,3.25);
#9688 = AXIS2_PLACEMENT_2D('',#9689,#9690);
#9689 = CARTESIAN_POINT('',(0.,2.5));
#9690 = DIRECTION('',(1.,0.));
#9691 = ( GEOMETRIC_REPRESENTATION_CONTEXT(2) 
PARAMETRIC_REPRESENTATION_CONTEXT() REPRESENTATION_CONTEXT('2D SPACE',''
  ) );
#9692 = PCURVE('',#9347,#9693);
#9693 = DEFINITIONAL_REPRESENTATION('',(#9694),#9698);
#9694 = LINE('',#9695,#9696);
#9695 = CARTESIAN_POINT('',(0.,5.6));
#9696 = VECTOR('',#9697,1.);
#9697 = DIRECTION('',(1.,0.));
#9698 = ( GEOMETRIC_REPRESENTATION_CONTEXT(2) 
PARAMETRIC_REPRESENTATION_CONTEXT() REPRESENTATION_CONTEXT('2D SPACE',''
  ) );
#9699 = ORIENTED_EDGE('',*,*,#9700,.T.);
#9700 = EDGE_CURVE('',#9677,#9701,#9703,.T.);
#9701 = VERTEX_POINT('',#9702);
#9702 = CARTESIAN_POINT('',(54.,-2.5,4.3));
#9703 = SURFACE_CURVE('',#9704,(#9708,#9715),.PCURVE_S1.);
#9704 = LINE('',#9705,#9706);
#9705 = CARTESIAN_POINT('',(50.,-2.5,4.3));
#9706 = VECTOR('',#9707,1.);
#9707 = DIRECTION('',(1.,0.,0.));
#9708 = PCURVE('',#8127,#9709);
#9709 = DEFINITIONAL_REPRESENTATION('',(#9710),#9714);
#9710 = LINE('',#9711,#9712);
#9711 = CARTESIAN_POINT('',(0.,0.));
#9712 = VECTOR('',#9713,1.);
#9713 = DIRECTION('',(1.,0.));
#9714 = ( GEOMETRIC_REPRESENTATION_CONTEXT(2) 
PARAMETRIC_REPRESENTATION_CONTEXT() REPRESENTATION_CONTEXT('2D SPACE',''
  ) );
#9715 = PCURVE('',#9375,#9716);
#9716 = DEFINITIONAL_REPRESENTATION('',(#9717),#9721);
#9717 = LINE('',#9718,#9719);
#9718 = CARTESIAN_POINT('',(5.6,0.));
#9719 = VECTOR('',#9720,1.);
#9720 = DIRECTION('',(0.,1.));
#9721 = ( GEOMETRIC_REPRESENTATION_CONTEXT(2) 
PARAMETRIC_REPRESENTATION_CONTEXT() REPRESENTATION_CONTEXT('2D SPACE',''
  ) );
#9722 = ORIENTED_EDGE('',*,*,#9723,.F.);
#9723 = EDGE_CURVE('',#7845,#9701,#9724,.T.);
#9724 = SURFACE_CURVE('',#9725,(#9729,#9736),.PCURVE_S1.);
#9725 = LINE('',#9726,#9727);
#9726 = CARTESIAN_POINT('',(53.929791976226,-2.5220653789,4.3));
#9727 = VECTOR('',#9728,1.);
#9728 = DIRECTION('',(-0.953993716901,-0.29982659674,0.));
#9729 = PCURVE('',#8127,#9730);
#9730 = DEFINITIONAL_REPRESENTATION('',(#9731),#9735);
#9731 = LINE('',#9732,#9733);
#9732 = CARTESIAN_POINT('',(3.929791976226,-2.206537890045E-02));
#9733 = VECTOR('',#9734,1.);
#9734 = DIRECTION('',(-0.953993716901,-0.29982659674));
#9735 = ( GEOMETRIC_REPRESENTATION_CONTEXT(2) 
PARAMETRIC_REPRESENTATION_CONTEXT() REPRESENTATION_CONTEXT('2D SPACE',''
  ) );
#9736 = PCURVE('',#7918,#9737);
#9737 = DEFINITIONAL_REPRESENTATION('',(#9738),#9742);
#9738 = LINE('',#9739,#9740);
#9739 = CARTESIAN_POINT('',(-5.6,3.742381066587));
#9740 = VECTOR('',#9741,1.);
#9741 = DIRECTION('',(-0.,1.));
#9742 = ( GEOMETRIC_REPRESENTATION_CONTEXT(2) 
PARAMETRIC_REPRESENTATION_CONTEXT() REPRESENTATION_CONTEXT('2D SPACE',''
  ) );
#9743 = ORIENTED_EDGE('',*,*,#7959,.F.);
#9744 = ORIENTED_EDGE('',*,*,#8509,.F.);
#9745 = ORIENTED_EDGE('',*,*,#9467,.T.);
#9746 = FACE_BOUND('',#9747,.T.);
#9747 = EDGE_LOOP('',(#9748));
#9748 = ORIENTED_EDGE('',*,*,#9749,.F.);
#9749 = EDGE_CURVE('',#9750,#9750,#9752,.T.);
#9750 = VERTEX_POINT('',#9751);
#9751 = CARTESIAN_POINT('',(50.95,-2.32682891838E-16,4.3));
#9752 = SURFACE_CURVE('',#9753,(#9758,#9765),.PCURVE_S1.);
#9753 = CIRCLE('',#9754,0.95);
#9754 = AXIS2_PLACEMENT_3D('',#9755,#9756,#9757);
#9755 = CARTESIAN_POINT('',(50.,0.,4.3));
#9756 = DIRECTION('',(0.,0.,1.));
#9757 = DIRECTION('',(1.,0.,-0.));
#9758 = PCURVE('',#8127,#9759);
#9759 = DEFINITIONAL_REPRESENTATION('',(#9760),#9764);
#9760 = CIRCLE('',#9761,0.95);
#9761 = AXIS2_PLACEMENT_2D('',#9762,#9763);
#9762 = CARTESIAN_POINT('',(0.,2.5));
#9763 = DIRECTION('',(1.,0.));
#9764 = ( GEOMETRIC_REPRESENTATION_CONTEXT(2) 
PARAMETRIC_REPRESENTATION_CONTEXT() REPRESENTATION_CONTEXT('2D SPACE',''
  ) );
#9765 = PCURVE('',#9450,#9766);
#9766 = DEFINITIONAL_REPRESENTATION('',(#9767),#9771);
#9767 = LINE('',#9768,#9769);
#9768 = CARTESIAN_POINT('',(0.,9.));
#9769 = VECTOR('',#9770,1.);
#9770 = DIRECTION('',(1.,0.));
#9771 = ( GEOMETRIC_REPRESENTATION_CONTEXT(2) 
PARAMETRIC_REPRESENTATION_CONTEXT() REPRESENTATION_CONTEXT('2D SPACE',''
  ) );
#9772 = ADVANCED_FACE('',(#9773),#8394,.T.);
#9773 = FACE_BOUND('',#9774,.F.);
#9774 = EDGE_LOOP('',(#9775));
#9775 = ORIENTED_EDGE('',*,*,#8282,.T.);
#9776 = ADVANCED_FACE('',(#9777),#7918,.F.);
#9777 = FACE_BOUND('',#9778,.T.);
#9778 = EDGE_LOOP('',(#9779,#9780,#9781,#9782));
#9779 = ORIENTED_EDGE('',*,*,#9387,.F.);
#9780 = ORIENTED_EDGE('',*,*,#7844,.T.);
#9781 = ORIENTED_EDGE('',*,*,#9723,.T.);
#9782 = ORIENTED_EDGE('',*,*,#9783,.F.);
#9783 = EDGE_CURVE('',#9360,#9701,#9784,.T.);
#9784 = SURFACE_CURVE('',#9785,(#9789,#9796),.PCURVE_S1.);
#9785 = LINE('',#9786,#9787);
#9786 = CARTESIAN_POINT('',(54.,-2.5,-1.3));
#9787 = VECTOR('',#9788,1.);
#9788 = DIRECTION('',(0.,0.,1.));
#9789 = PCURVE('',#7918,#9790);
#9790 = DEFINITIONAL_REPRESENTATION('',(#9791),#9795);
#9791 = LINE('',#9792,#9793);
#9792 = CARTESIAN_POINT('',(-0.,3.668787265569));
#9793 = VECTOR('',#9794,1.);
#9794 = DIRECTION('',(-1.,0.));
#9795 = ( GEOMETRIC_REPRESENTATION_CONTEXT(2) 
PARAMETRIC_REPRESENTATION_CONTEXT() REPRESENTATION_CONTEXT('2D SPACE',''
  ) );
#9796 = PCURVE('',#9375,#9797);
#9797 = DEFINITIONAL_REPRESENTATION('',(#9798),#9802);
#9798 = LINE('',#9799,#9800);
#9799 = CARTESIAN_POINT('',(0.,4.));
#9800 = VECTOR('',#9801,1.);
#9801 = DIRECTION('',(1.,0.));
#9802 = ( GEOMETRIC_REPRESENTATION_CONTEXT(2) 
PARAMETRIC_REPRESENTATION_CONTEXT() REPRESENTATION_CONTEXT('2D SPACE',''
  ) );
#9803 = ADVANCED_FACE('',(#9804),#7441,.F.);
#9804 = FACE_BOUND('',#9805,.F.);
#9805 = EDGE_LOOP('',(#9806));
#9806 = ORIENTED_EDGE('',*,*,#7329,.F.);
#9807 = ADVANCED_FACE('',(#9808),#9149,.T.);
#9808 = FACE_BOUND('',#9809,.T.);
#9809 = EDGE_LOOP('',(#9810,#9811,#9830,#9831));
#9810 = ORIENTED_EDGE('',*,*,#9131,.F.);
#9811 = ORIENTED_EDGE('',*,*,#9812,.T.);
#9812 = EDGE_CURVE('',#9132,#9515,#9813,.T.);
#9813 = SURFACE_CURVE('',#9814,(#9818,#9824),.PCURVE_S1.);
#9814 = LINE('',#9815,#9816);
#9815 = CARTESIAN_POINT('',(52.07665596573,2.5,-1.3));
#9816 = VECTOR('',#9817,1.);
#9817 = DIRECTION('',(0.,0.,1.));
#9818 = PCURVE('',#9149,#9819);
#9819 = DEFINITIONAL_REPRESENTATION('',(#9820),#9823);
#9820 = B_SPLINE_CURVE_WITH_KNOTS('',1,(#9821,#9822),.UNSPECIFIED.,.F.,
  .F.,(2,2),(-5.999999999062E-07,5.6000006),.PIECEWISE_BEZIER_KNOTS.);
#9821 = CARTESIAN_POINT('',(-5.999999999062E-07,2.07665596573));
#9822 = CARTESIAN_POINT('',(5.6000006,2.07665596573));
#9823 = ( GEOMETRIC_REPRESENTATION_CONTEXT(2) 
PARAMETRIC_REPRESENTATION_CONTEXT() REPRESENTATION_CONTEXT('2D SPACE',''
  ) );
#9824 = PCURVE('',#9178,#9825);
#9825 = DEFINITIONAL_REPRESENTATION('',(#9826),#9829);
#9826 = B_SPLINE_CURVE_WITH_KNOTS('',1,(#9827,#9828),.UNSPECIFIED.,.F.,
  .F.,(2,2),(-5.999999999062E-07,5.6000006),.PIECEWISE_BEZIER_KNOTS.);
#9827 = CARTESIAN_POINT('',(0.877636419218,-5.999999999062E-07));
#9828 = CARTESIAN_POINT('',(0.877636419218,5.6000006));
#9829 = ( GEOMETRIC_REPRESENTATION_CONTEXT(2) 
PARAMETRIC_REPRESENTATION_CONTEXT() REPRESENTATION_CONTEXT('2D SPACE',''
  ) );
#9830 = ORIENTED_EDGE('',*,*,#9514,.T.);
#9831 = ORIENTED_EDGE('',*,*,#9490,.F.);
#9832 = ADVANCED_FACE('',(#9833),#9178,.T.);
#9833 = FACE_BOUND('',#9834,.T.);
#9834 = EDGE_LOOP('',(#9835,#9836,#9837,#9838));
#9835 = ORIENTED_EDGE('',*,*,#9537,.F.);
#9836 = ORIENTED_EDGE('',*,*,#9812,.F.);
#9837 = ORIENTED_EDGE('',*,*,#9161,.T.);
#9838 = ORIENTED_EDGE('',*,*,#9839,.T.);
#9839 = EDGE_CURVE('',#9162,#9538,#9840,.T.);
#9840 = SURFACE_CURVE('',#9841,(#9845,#9851),.PCURVE_S1.);
#9841 = LINE('',#9842,#9843);
#9842 = CARTESIAN_POINT('',(47.8,2.392174742781,-1.3));
#9843 = VECTOR('',#9844,1.);
#9844 = DIRECTION('',(0.,0.,1.));
#9845 = PCURVE('',#9178,#9846);
#9846 = DEFINITIONAL_REPRESENTATION('',(#9847),#9850);
#9847 = B_SPLINE_CURVE_WITH_KNOTS('',1,(#9848,#9849),.UNSPECIFIED.,.F.,
  .F.,(2,2),(-5.999999999062E-07,5.6000006),.PIECEWISE_BEZIER_KNOTS.);
#9848 = CARTESIAN_POINT('',(2.314370585989,-5.999999999062E-07));
#9849 = CARTESIAN_POINT('',(2.314370585989,5.6000006));
#9850 = ( GEOMETRIC_REPRESENTATION_CONTEXT(2) 
PARAMETRIC_REPRESENTATION_CONTEXT() REPRESENTATION_CONTEXT('2D SPACE',''
  ) );
#9851 = PCURVE('',#9206,#9852);
#9852 = DEFINITIONAL_REPRESENTATION('',(#9853),#9856);
#9853 = B_SPLINE_CURVE_WITH_KNOTS('',1,(#9854,#9855),.UNSPECIFIED.,.F.,
  .F.,(2,2),(-5.999999999062E-07,5.6000006),.PIECEWISE_BEZIER_KNOTS.);
#9854 = CARTESIAN_POINT('',(-5.999999999062E-07,-7.892174742781));
#9855 = CARTESIAN_POINT('',(5.6000006,-7.892174742781));
#9856 = ( GEOMETRIC_REPRESENTATION_CONTEXT(2) 
PARAMETRIC_REPRESENTATION_CONTEXT() REPRESENTATION_CONTEXT('2D SPACE',''
  ) );
#9857 = ADVANCED_FACE('',(#9858),#9206,.T.);
#9858 = FACE_BOUND('',#9859,.T.);
#9859 = EDGE_LOOP('',(#9860,#9861,#9862,#9863));
#9860 = ORIENTED_EDGE('',*,*,#9561,.F.);
#9861 = ORIENTED_EDGE('',*,*,#9839,.F.);
#9862 = ORIENTED_EDGE('',*,*,#9190,.T.);
#9863 = ORIENTED_EDGE('',*,*,#9864,.T.);
#9864 = EDGE_CURVE('',#9191,#9562,#9865,.T.);
#9865 = SURFACE_CURVE('',#9866,(#9870,#9877),.PCURVE_S1.);
#9866 = LINE('',#9867,#9868);
#9867 = CARTESIAN_POINT('',(47.8,5.5,-1.3));
#9868 = VECTOR('',#9869,1.);
#9869 = DIRECTION('',(0.,0.,1.));
#9870 = PCURVE('',#9206,#9871);
#9871 = DEFINITIONAL_REPRESENTATION('',(#9872),#9876);
#9872 = LINE('',#9873,#9874);
#9873 = CARTESIAN_POINT('',(0.,-11.));
#9874 = VECTOR('',#9875,1.);
#9875 = DIRECTION('',(1.,0.));
#9876 = ( GEOMETRIC_REPRESENTATION_CONTEXT(2) 
PARAMETRIC_REPRESENTATION_CONTEXT() REPRESENTATION_CONTEXT('2D SPACE',''
  ) );
#9877 = PCURVE('',#9234,#9878);
#9878 = DEFINITIONAL_REPRESENTATION('',(#9879),#9883);
#9879 = LINE('',#9880,#9881);
#9880 = CARTESIAN_POINT('',(0.,2.));
#9881 = VECTOR('',#9882,1.);
#9882 = DIRECTION('',(1.,0.));
#9883 = ( GEOMETRIC_REPRESENTATION_CONTEXT(2) 
PARAMETRIC_REPRESENTATION_CONTEXT() REPRESENTATION_CONTEXT('2D SPACE',''
  ) );
#9884 = ADVANCED_FACE('',(#9885),#9234,.T.);
#9885 = FACE_BOUND('',#9886,.T.);
#9886 = EDGE_LOOP('',(#9887,#9888,#9909,#9910));
#9887 = ORIENTED_EDGE('',*,*,#9218,.F.);
#9888 = ORIENTED_EDGE('',*,*,#9889,.T.);
#9889 = EDGE_CURVE('',#9219,#9585,#9890,.T.);
#9890 = SURFACE_CURVE('',#9891,(#9895,#9902),.PCURVE_S1.);
#9891 = LINE('',#9892,#9893);
#9892 = CARTESIAN_POINT('',(45.8,5.5,-1.3));
#9893 = VECTOR('',#9894,1.);
#9894 = DIRECTION('',(0.,0.,1.));
#9895 = PCURVE('',#9234,#9896);
#9896 = DEFINITIONAL_REPRESENTATION('',(#9897),#9901);
#9897 = LINE('',#9898,#9899);
#9898 = CARTESIAN_POINT('',(0.,0.));
#9899 = VECTOR('',#9900,1.);
#9900 = DIRECTION('',(1.,0.));
#9901 = ( GEOMETRIC_REPRESENTATION_CONTEXT(2) 
PARAMETRIC_REPRESENTATION_CONTEXT() REPRESENTATION_CONTEXT('2D SPACE',''
  ) );
#9902 = PCURVE('',#9262,#9903);
#9903 = DEFINITIONAL_REPRESENTATION('',(#9904),#9908);
#9904 = LINE('',#9905,#9906);
#9905 = CARTESIAN_POINT('',(0.,-11.));
#9906 = VECTOR('',#9907,1.);
#9907 = DIRECTION('',(1.,0.));
#9908 = ( GEOMETRIC_REPRESENTATION_CONTEXT(2) 
PARAMETRIC_REPRESENTATION_CONTEXT() REPRESENTATION_CONTEXT('2D SPACE',''
  ) );
#9909 = ORIENTED_EDGE('',*,*,#9584,.T.);
#9910 = ORIENTED_EDGE('',*,*,#9864,.F.);
#9911 = ADVANCED_FACE('',(#9912),#9262,.F.);
#9912 = FACE_BOUND('',#9913,.F.);
#9913 = EDGE_LOOP('',(#9914,#9935,#9936,#9937));
#9914 = ORIENTED_EDGE('',*,*,#9915,.F.);
#9915 = EDGE_CURVE('',#9247,#9608,#9916,.T.);
#9916 = SURFACE_CURVE('',#9917,(#9921,#9928),.PCURVE_S1.);
#9917 = LINE('',#9918,#9919);
#9918 = CARTESIAN_POINT('',(45.8,-5.5,-1.3));
#9919 = VECTOR('',#9920,1.);
#9920 = DIRECTION('',(0.,0.,1.));
#9921 = PCURVE('',#9262,#9922);
#9922 = DEFINITIONAL_REPRESENTATION('',(#9923),#9927);
#9923 = LINE('',#9924,#9925);
#9924 = CARTESIAN_POINT('',(0.,0.));
#9925 = VECTOR('',#9926,1.);
#9926 = DIRECTION('',(1.,0.));
#9927 = ( GEOMETRIC_REPRESENTATION_CONTEXT(2) 
PARAMETRIC_REPRESENTATION_CONTEXT() REPRESENTATION_CONTEXT('2D SPACE',''
  ) );
#9928 = PCURVE('',#9290,#9929);
#9929 = DEFINITIONAL_REPRESENTATION('',(#9930),#9934);
#9930 = LINE('',#9931,#9932);
#9931 = CARTESIAN_POINT('',(0.,0.));
#9932 = VECTOR('',#9933,1.);
#9933 = DIRECTION('',(1.,0.));
#9934 = ( GEOMETRIC_REPRESENTATION_CONTEXT(2) 
PARAMETRIC_REPRESENTATION_CONTEXT() REPRESENTATION_CONTEXT('2D SPACE',''
  ) );
#9935 = ORIENTED_EDGE('',*,*,#9246,.T.);
#9936 = ORIENTED_EDGE('',*,*,#9889,.T.);
#9937 = ORIENTED_EDGE('',*,*,#9607,.F.);
#9938 = ADVANCED_FACE('',(#9939),#9290,.F.);
#9939 = FACE_BOUND('',#9940,.F.);
#9940 = EDGE_LOOP('',(#9941,#9942,#9943,#9944));
#9941 = ORIENTED_EDGE('',*,*,#9274,.F.);
#9942 = ORIENTED_EDGE('',*,*,#9915,.T.);
#9943 = ORIENTED_EDGE('',*,*,#9630,.T.);
#9944 = ORIENTED_EDGE('',*,*,#9945,.F.);
#9945 = EDGE_CURVE('',#9275,#9631,#9946,.T.);
#9946 = SURFACE_CURVE('',#9947,(#9951,#9958),.PCURVE_S1.);
#9947 = LINE('',#9948,#9949);
#9948 = CARTESIAN_POINT('',(47.8,-5.5,-1.3));
#9949 = VECTOR('',#9950,1.);
#9950 = DIRECTION('',(0.,0.,1.));
#9951 = PCURVE('',#9290,#9952);
#9952 = DEFINITIONAL_REPRESENTATION('',(#9953),#9957);
#9953 = LINE('',#9954,#9955);
#9954 = CARTESIAN_POINT('',(0.,2.));
#9955 = VECTOR('',#9956,1.);
#9956 = DIRECTION('',(1.,0.));
#9957 = ( GEOMETRIC_REPRESENTATION_CONTEXT(2) 
PARAMETRIC_REPRESENTATION_CONTEXT() REPRESENTATION_CONTEXT('2D SPACE',''
  ) );
#9958 = PCURVE('',#9318,#9959);
#9959 = DEFINITIONAL_REPRESENTATION('',(#9960),#9964);
#9960 = LINE('',#9961,#9962);
#9961 = CARTESIAN_POINT('',(0.,0.));
#9962 = VECTOR('',#9963,1.);
#9963 = DIRECTION('',(1.,0.));
#9964 = ( GEOMETRIC_REPRESENTATION_CONTEXT(2) 
PARAMETRIC_REPRESENTATION_CONTEXT() REPRESENTATION_CONTEXT('2D SPACE',''
  ) );
#9965 = ADVANCED_FACE('',(#9966),#9375,.F.);
#9966 = FACE_BOUND('',#9967,.F.);
#9967 = EDGE_LOOP('',(#9968,#9969,#9988,#9989));
#9968 = ORIENTED_EDGE('',*,*,#9359,.F.);
#9969 = ORIENTED_EDGE('',*,*,#9970,.T.);
#9970 = EDGE_CURVE('',#9331,#9677,#9971,.T.);
#9971 = SURFACE_CURVE('',#9972,(#9976,#9982),.PCURVE_S1.);
#9972 = LINE('',#9973,#9974);
#9973 = CARTESIAN_POINT('',(52.07665596573,-2.5,-1.3));
#9974 = VECTOR('',#9975,1.);
#9975 = DIRECTION('',(0.,0.,1.));
#9976 = PCURVE('',#9375,#9977);
#9977 = DEFINITIONAL_REPRESENTATION('',(#9978),#9981);
#9978 = B_SPLINE_CURVE_WITH_KNOTS('',1,(#9979,#9980),.UNSPECIFIED.,.F.,
  .F.,(2,2),(-5.999999999062E-07,5.6000006),.PIECEWISE_BEZIER_KNOTS.);
#9979 = CARTESIAN_POINT('',(-5.999999999062E-07,2.07665596573));
#9980 = CARTESIAN_POINT('',(5.6000006,2.07665596573));
#9981 = ( GEOMETRIC_REPRESENTATION_CONTEXT(2) 
PARAMETRIC_REPRESENTATION_CONTEXT() REPRESENTATION_CONTEXT('2D SPACE',''
  ) );
#9982 = PCURVE('',#9347,#9983);
#9983 = DEFINITIONAL_REPRESENTATION('',(#9984),#9987);
#9984 = B_SPLINE_CURVE_WITH_KNOTS('',1,(#9985,#9986),.UNSPECIFIED.,.F.,
  .F.,(2,2),(-5.999999999062E-07,5.6000006),.PIECEWISE_BEZIER_KNOTS.);
#9985 = CARTESIAN_POINT('',(5.405548887961,-5.999999999062E-07));
#9986 = CARTESIAN_POINT('',(5.405548887961,5.6000006));
#9987 = ( GEOMETRIC_REPRESENTATION_CONTEXT(2) 
PARAMETRIC_REPRESENTATION_CONTEXT() REPRESENTATION_CONTEXT('2D SPACE',''
  ) );
#9988 = ORIENTED_EDGE('',*,*,#9700,.T.);
#9989 = ORIENTED_EDGE('',*,*,#9783,.F.);
#9990 = ADVANCED_FACE('',(#9991),#9318,.T.);
#9991 = FACE_BOUND('',#9992,.T.);
#9992 = EDGE_LOOP('',(#9993,#9994,#9995,#9996));
#9993 = ORIENTED_EDGE('',*,*,#9653,.F.);
#9994 = ORIENTED_EDGE('',*,*,#9945,.F.);
#9995 = ORIENTED_EDGE('',*,*,#9302,.T.);
#9996 = ORIENTED_EDGE('',*,*,#9997,.T.);
#9997 = EDGE_CURVE('',#9303,#9654,#9998,.T.);
#9998 = SURFACE_CURVE('',#9999,(#10003,#10009),.PCURVE_S1.);
#9999 = LINE('',#10000,#10001);
#10000 = CARTESIAN_POINT('',(47.8,-2.392174742781,-1.3));
#10001 = VECTOR('',#10002,1.);
#10002 = DIRECTION('',(0.,0.,1.));
#10003 = PCURVE('',#9318,#10004);
#10004 = DEFINITIONAL_REPRESENTATION('',(#10005),#10008);
#10005 = B_SPLINE_CURVE_WITH_KNOTS('',1,(#10006,#10007),.UNSPECIFIED.,
  .F.,.F.,(2,2),(-5.999999999062E-07,5.6000006),
  .PIECEWISE_BEZIER_KNOTS.);
#10006 = CARTESIAN_POINT('',(-5.999999999062E-07,-3.107825257219));
#10007 = CARTESIAN_POINT('',(5.6000006,-3.107825257219));
#10008 = ( GEOMETRIC_REPRESENTATION_CONTEXT(2) 
PARAMETRIC_REPRESENTATION_CONTEXT() REPRESENTATION_CONTEXT('2D SPACE',''
  ) );
#10009 = PCURVE('',#9347,#10010);
#10010 = DEFINITIONAL_REPRESENTATION('',(#10011),#10014);
#10011 = B_SPLINE_CURVE_WITH_KNOTS('',1,(#10012,#10013),.UNSPECIFIED.,
  .F.,.F.,(2,2),(-5.999999999062E-07,5.6000006),
  .PIECEWISE_BEZIER_KNOTS.);
#10012 = CARTESIAN_POINT('',(3.968814721191,-5.999999999062E-07));
#10013 = CARTESIAN_POINT('',(3.968814721191,5.6000006));
#10014 = ( GEOMETRIC_REPRESENTATION_CONTEXT(2) 
PARAMETRIC_REPRESENTATION_CONTEXT() REPRESENTATION_CONTEXT('2D SPACE',''
  ) );
#10015 = ADVANCED_FACE('',(#10016),#9347,.T.);
#10016 = FACE_BOUND('',#10017,.T.);
#10017 = EDGE_LOOP('',(#10018,#10019,#10020,#10021));
#10018 = ORIENTED_EDGE('',*,*,#9676,.F.);
#10019 = ORIENTED_EDGE('',*,*,#9997,.F.);
#10020 = ORIENTED_EDGE('',*,*,#9330,.T.);
#10021 = ORIENTED_EDGE('',*,*,#9970,.T.);
#10022 = ADVANCED_FACE('',(#10023),#9450,.F.);
#10023 = FACE_BOUND('',#10024,.F.);
#10024 = EDGE_LOOP('',(#10025,#10026,#10047,#10048));
#10025 = ORIENTED_EDGE('',*,*,#9749,.F.);
#10026 = ORIENTED_EDGE('',*,*,#10027,.F.);
#10027 = EDGE_CURVE('',#9434,#9750,#10028,.T.);
#10028 = SEAM_CURVE('',#10029,(#10033,#10040),.PCURVE_S1.);
#10029 = LINE('',#10030,#10031);
#10030 = CARTESIAN_POINT('',(50.95,-2.32682891838E-16,-4.7));
#10031 = VECTOR('',#10032,1.);
#10032 = DIRECTION('',(0.,0.,1.));
#10033 = PCURVE('',#9450,#10034);
#10034 = DEFINITIONAL_REPRESENTATION('',(#10035),#10039);
#10035 = LINE('',#10036,#10037);
#10036 = CARTESIAN_POINT('',(6.28318530718,-0.));
#10037 = VECTOR('',#10038,1.);
#10038 = DIRECTION('',(0.,1.));
#10039 = ( GEOMETRIC_REPRESENTATION_CONTEXT(2) 
PARAMETRIC_REPRESENTATION_CONTEXT() REPRESENTATION_CONTEXT('2D SPACE',''
  ) );
#10040 = PCURVE('',#9450,#10041);
#10041 = DEFINITIONAL_REPRESENTATION('',(#10042),#10046);
#10042 = LINE('',#10043,#10044);
#10043 = CARTESIAN_POINT('',(0.,-0.));
#10044 = VECTOR('',#10045,1.);
#10045 = DIRECTION('',(0.,1.));
#10046 = ( GEOMETRIC_REPRESENTATION_CONTEXT(2) 
PARAMETRIC_REPRESENTATION_CONTEXT() REPRESENTATION_CONTEXT('2D SPACE',''
  ) );
#10047 = ORIENTED_EDGE('',*,*,#9433,.T.);
#10048 = ORIENTED_EDGE('',*,*,#10027,.T.);
#10049 = ( GEOMETRIC_REPRESENTATION_CONTEXT(3) 
GLOBAL_UNCERTAINTY_ASSIGNED_CONTEXT((#10053)) 
GLOBAL_UNIT_ASSIGNED_CONTEXT((#10050,#10051,#10052)) 
REPRESENTATION_CONTEXT('Context #1',
  '3D Context with UNIT and UNCERTAINTY') );
#10050 = ( LENGTH_UNIT() NAMED_UNIT(*) SI_UNIT(.MILLI.,.METRE.) );
#10051 = ( NAMED_UNIT(*) PLANE_ANGLE_UNIT() SI_UNIT($,.RADIAN.) );
#10052 = ( NAMED_UNIT(*) SI_UNIT($,.STERADIAN.) SOLID_ANGLE_UNIT() );
#10053 = UNCERTAINTY_MEASURE_WITH_UNIT(LENGTH_MEASURE(5.E-06),#10050,
  'distance_accuracy_value','confusion accuracy');
#10054 = CONTEXT_DEPENDENT_SHAPE_REPRESENTATION(#10055,#10057);
#10055 = ( REPRESENTATION_RELATIONSHIP('','',#36,#10) 
REPRESENTATION_RELATIONSHIP_WITH_TRANSFORMATION(#10056) 
SHAPE_REPRESENTATION_RELATIONSHIP() );
#10056 = ITEM_DEFINED_TRANSFORMATION('','',#11,#15);
#10057 = PRODUCT_DEFINITION_SHAPE('Placement','Placement of an item',
  #10058);
#10058 = NEXT_ASSEMBLY_USAGE_OCCURRENCE('1','fluke_straight_A2','',#5,
  #31,$);
#10059 = PRODUCT_RELATED_PRODUCT_CATEGORY('part',$,(#33));
#10060 = SHAPE_DEFINITION_REPRESENTATION(#10061,#10067);
#10061 = PRODUCT_DEFINITION_SHAPE('','',#10062);
#10062 = PRODUCT_DEFINITION('design','',#10063,#10066);
#10063 = PRODUCT_DEFINITION_FORMATION('','',#10064);
#10064 = PRODUCT('pin_filament_1.75','pin_filament_1.75','',(#10065));
#10065 = PRODUCT_CONTEXT('',#2,'mechanical');
#10066 = PRODUCT_DEFINITION_CONTEXT('part definition',#2,'design');
#10067 = ADVANCED_BREP_SHAPE_REPRESENTATION('',(#11,#10068),#10166);
#10068 = MANIFOLD_SOLID_BREP('',#10069);
#10069 = CLOSED_SHELL('',(#10070,#10158,#10162));
#10070 = ADVANCED_FACE('',(#10071),#10084,.T.);
#10071 = FACE_BOUND('',#10072,.T.);
#10072 = EDGE_LOOP('',(#10073,#10107,#10130,#10157));
#10073 = ORIENTED_EDGE('',*,*,#10074,.F.);
#10074 = EDGE_CURVE('',#10075,#10075,#10077,.T.);
#10075 = VERTEX_POINT('',#10076);
#10076 = CARTESIAN_POINT('',(50.875,-2.143131898508E-16,8.2));
#10077 = SURFACE_CURVE('',#10078,(#10083,#10095),.PCURVE_S1.);
#10078 = CIRCLE('',#10079,0.875);
#10079 = AXIS2_PLACEMENT_3D('',#10080,#10081,#10082);
#10080 = CARTESIAN_POINT('',(50.,0.,8.2));
#10081 = DIRECTION('',(0.,0.,1.));
#10082 = DIRECTION('',(1.,0.,0.));
#10083 = PCURVE('',#10084,#10089);
#10084 = CYLINDRICAL_SURFACE('',#10085,0.875);
#10085 = AXIS2_PLACEMENT_3D('',#10086,#10087,#10088);
#10086 = CARTESIAN_POINT('',(50.,0.,-5.2));
#10087 = DIRECTION('',(0.,0.,1.));
#10088 = DIRECTION('',(1.,0.,0.));
#10089 = DEFINITIONAL_REPRESENTATION('',(#10090),#10094);
#10090 = LINE('',#10091,#10092);
#10091 = CARTESIAN_POINT('',(0.,13.4));
#10092 = VECTOR('',#10093,1.);
#10093 = DIRECTION('',(1.,0.));
#10094 = ( GEOMETRIC_REPRESENTATION_CONTEXT(2) 
PARAMETRIC_REPRESENTATION_CONTEXT() REPRESENTATION_CONTEXT('2D SPACE',''
  ) );
#10095 = PCURVE('',#10096,#10101);
#10096 = PLANE('',#10097);
#10097 = AXIS2_PLACEMENT_3D('',#10098,#10099,#10100);
#10098 = CARTESIAN_POINT('',(50.,0.,8.2));
#10099 = DIRECTION('',(0.,0.,1.));
#10100 = DIRECTION('',(1.,0.,0.));
#10101 = DEFINITIONAL_REPRESENTATION('',(#10102),#10106);
#10102 = CIRCLE('',#10103,0.875);
#10103 = AXIS2_PLACEMENT_2D('',#10104,#10105);
#10104 = CARTESIAN_POINT('',(0.,0.));
#10105 = DIRECTION('',(1.,0.));
#10106 = ( GEOMETRIC_REPRESENTATION_CONTEXT(2) 
PARAMETRIC_REPRESENTATION_CONTEXT() REPRESENTATION_CONTEXT('2D SPACE',''
  ) );
#10107 = ORIENTED_EDGE('',*,*,#10108,.F.);
#10108 = EDGE_CURVE('',#10109,#10075,#10111,.T.);
#10109 = VERTEX_POINT('',#10110);
#10110 = CARTESIAN_POINT('',(50.875,-2.143131898508E-16,-5.2));
#10111 = SEAM_CURVE('',#10112,(#10116,#10123),.PCURVE_S1.);
#10112 = LINE('',#10113,#10114);
#10113 = CARTESIAN_POINT('',(50.875,-2.143131898508E-16,-5.2));
#10114 = VECTOR('',#10115,1.);
#10115 = DIRECTION('',(0.,0.,1.));
#10116 = PCURVE('',#10084,#10117);
#10117 = DEFINITIONAL_REPRESENTATION('',(#10118),#10122);
#10118 = LINE('',#10119,#10120);
#10119 = CARTESIAN_POINT('',(6.28318530718,-0.));
#10120 = VECTOR('',#10121,1.);
#10121 = DIRECTION('',(0.,1.));
#10122 = ( GEOMETRIC_REPRESENTATION_CONTEXT(2) 
PARAMETRIC_REPRESENTATION_CONTEXT() REPRESENTATION_CONTEXT('2D SPACE',''
  ) );
#10123 = PCURVE('',#10084,#10124);
#10124 = DEFINITIONAL_REPRESENTATION('',(#10125),#10129);
#10125 = LINE('',#10126,#10127);
#10126 = CARTESIAN_POINT('',(0.,-0.));
#10127 = VECTOR('',#10128,1.);
#10128 = DIRECTION('',(0.,1.));
#10129 = ( GEOMETRIC_REPRESENTATION_CONTEXT(2) 
PARAMETRIC_REPRESENTATION_CONTEXT() REPRESENTATION_CONTEXT('2D SPACE',''
  ) );
#10130 = ORIENTED_EDGE('',*,*,#10131,.T.);
#10131 = EDGE_CURVE('',#10109,#10109,#10132,.T.);
#10132 = SURFACE_CURVE('',#10133,(#10138,#10145),.PCURVE_S1.);
#10133 = CIRCLE('',#10134,0.875);
#10134 = AXIS2_PLACEMENT_3D('',#10135,#10136,#10137);
#10135 = CARTESIAN_POINT('',(50.,0.,-5.2));
#10136 = DIRECTION('',(0.,0.,1.));
#10137 = DIRECTION('',(1.,0.,0.));
#10138 = PCURVE('',#10084,#10139);
#10139 = DEFINITIONAL_REPRESENTATION('',(#10140),#10144);
#10140 = LINE('',#10141,#10142);
#10141 = CARTESIAN_POINT('',(0.,0.));
#10142 = VECTOR('',#10143,1.);
#10143 = DIRECTION('',(1.,0.));
#10144 = ( GEOMETRIC_REPRESENTATION_CONTEXT(2) 
PARAMETRIC_REPRESENTATION_CONTEXT() REPRESENTATION_CONTEXT('2D SPACE',''
  ) );
#10145 = PCURVE('',#10146,#10151);
#10146 = PLANE('',#10147);
#10147 = AXIS2_PLACEMENT_3D('',#10148,#10149,#10150);
#10148 = CARTESIAN_POINT('',(50.,0.,-5.2));
#10149 = DIRECTION('',(0.,0.,1.));
#10150 = DIRECTION('',(1.,0.,0.));
#10151 = DEFINITIONAL_REPRESENTATION('',(#10152),#10156);
#10152 = CIRCLE('',#10153,0.875);
#10153 = AXIS2_PLACEMENT_2D('',#10154,#10155);
#10154 = CARTESIAN_POINT('',(0.,0.));
#10155 = DIRECTION('',(1.,0.));
#10156 = ( GEOMETRIC_REPRESENTATION_CONTEXT(2) 
PARAMETRIC_REPRESENTATION_CONTEXT() REPRESENTATION_CONTEXT('2D SPACE',''
  ) );
#10157 = ORIENTED_EDGE('',*,*,#10108,.T.);
#10158 = ADVANCED_FACE('',(#10159),#10096,.T.);
#10159 = FACE_BOUND('',#10160,.T.);
#10160 = EDGE_LOOP('',(#10161));
#10161 = ORIENTED_EDGE('',*,*,#10074,.T.);
#10162 = ADVANCED_FACE('',(#10163),#10146,.F.);
#10163 = FACE_BOUND('',#10164,.T.);
#10164 = EDGE_LOOP('',(#10165));
#10165 = ORIENTED_EDGE('',*,*,#10131,.F.);
#10166 = ( GEOMETRIC_REPRESENTATION_CONTEXT(3) 
GLOBAL_UNCERTAINTY_ASSIGNED_CONTEXT((#10170)) 
GLOBAL_UNIT_ASSIGNED_CONTEXT((#10167,#10168,#10169)) 
REPRESENTATION_CONTEXT('Context #1',
  '3D Context with UNIT and UNCERTAINTY') );
#10167 = ( LENGTH_UNIT() NAMED_UNIT(*) SI_UNIT(.MILLI.,.METRE.) );
#10168 = ( NAMED_UNIT(*) PLANE_ANGLE_UNIT() SI_UNIT($,.RADIAN.) );
#10169 = ( NAMED_UNIT(*) SI_UNIT($,.STERADIAN.) SOLID_ANGLE_UNIT() );
#10170 = UNCERTAINTY_MEASURE_WITH_UNIT(LENGTH_MEASURE(1.E-07),#10167,
  'distance_accuracy_value','confusion accuracy');
#10171 = CONTEXT_DEPENDENT_SHAPE_REPRESENTATION(#10172,#10174);
#10172 = ( REPRESENTATION_RELATIONSHIP('','',#10067,#10) 
REPRESENTATION_RELATIONSHIP_WITH_TRANSFORMATION(#10173) 
SHAPE_REPRESENTATION_RELATIONSHIP() );
#10173 = ITEM_DEFINED_TRANSFORMATION('','',#11,#19);
#10174 = PRODUCT_DEFINITION_SHAPE('Placement','Placement of an item',
  #10175);
#10175 = NEXT_ASSEMBLY_USAGE_OCCURRENCE('2','pin_filament_1.75','',#5,
  #10062,$);
#10176 = PRODUCT_RELATED_PRODUCT_CATEGORY('part',$,(#10064));
#10177 = MECHANICAL_DESIGN_GEOMETRIC_PRESENTATION_REPRESENTATION('',(
    #10178),#10166);
#10178 = STYLED_ITEM('color',(#10179),#10068);
#10179 = PRESENTATION_STYLE_ASSIGNMENT((#10180));
#10180 = SURFACE_STYLE_USAGE(.BOTH.,#10181);
#10181 = SURFACE_SIDE_STYLE('',(#10182));
#10182 = SURFACE_STYLE_FILL_AREA(#10183);
#10183 = FILL_AREA_STYLE('',(#10184));
#10184 = FILL_AREA_STYLE_COLOUR('',#10185);
#10185 = COLOUR_RGB('',0.899999998185,0.199999998682,0.199999998682);
#10186 = MECHANICAL_DESIGN_GEOMETRIC_PRESENTATION_REPRESENTATION('',(
    #10187),#10049);
#10187 = STYLED_ITEM('color',(#10188),#37);
#10188 = PRESENTATION_STYLE_ASSIGNMENT((#10189));
#10189 = SURFACE_STYLE_USAGE(.BOTH.,#10190);
#10190 = SURFACE_SIDE_STYLE('',(#10191));
#10191 = SURFACE_STYLE_FILL_AREA(#10192);
#10192 = FILL_AREA_STYLE('',(#10193));
#10193 = FILL_AREA_STYLE_COLOUR('',#10194);
#10194 = COLOUR_RGB('',0.700000005816,0.700000005816,0.720000003324);
ENDSEC;
END-ISO-10303-21;
